,solar-utility,onwind,offwind,hydro
2023-01-01 00:00:00+01:00,0.0,0.0,0.0,0.0
2023-01-01 01:00:00+01:00,0.0,0.0,0.0,0.0
2023-01-01 02:00:00+01:00,0.0,0.0,0.0,0.0
2023-01-01 03:00:00+01:00,0.0,0.0,0.0,0.0
2023-01-01 04:00:00+01:00,0.0,0.0,0.0,0.0
2023-01-01 05:00:00+01:00,0.0,0.0,0.0,0.0
2023-01-01 06:00:00+01:00,0.0,0.0,0.0,0.0
2023-01-01 07:00:00+01:00,0.0,0.0,0.0,0.0
2023-01-01 08:00:00+01:00,0.0,0.0,0.0,0.0
2023-01-01 09:00:00+01:00,0.0,0.0,0.0,0.0
2023-01-01 10:00:00+01:00,0.0,0.0,0.0,0.0
2023-01-01 11:00:00+01:00,0.0,0.0,0.0,0.0
2023-01-01 12:00:00+01:00,0.0,0.0,0.0,0.0
2023-01-01 13:00:00+01:00,0.0,0.0,0.0,0.0
2023-01-01 14:00:00+01:00,0.0,0.0,0.0,0.0
2023-01-01 15:00:00+01:00,0.0,0.0,0.0,0.0
2023-01-01 16:00:00+01:00,0.0,0.0,0.0,0.0
2023-01-01 17:00:00+01:00,0.0,0.0,0.0,0.0
2023-01-01 18:00:00+01:00,0.0,0.0,0.0,0.0
2023-01-01 19:00:00+01:00,0.0,0.0,0.0,0.0
2023-01-01 20:00:00+01:00,0.0,0.0,0.0,0.0
2023-01-01 21:00:00+01:00,0.0,0.0,0.0,0.0
2023-01-01 22:00:00+01:00,0.0,0.0,0.0,0.0
2023-01-01 23:00:00+01:00,0.0,0.0,0.0,0.0
2023-01-02 00:00:00+01:00,0.0,0.5274950940173401,0.0,0.4920770821736612
2023-01-02 01:00:00+01:00,0.0,0.4990907738737831,0.0,0.44973542100491815
2023-01-02 02:00:00+01:00,0.0,0.47908300106996,0.0,0.44316887196502536
2023-01-02 03:00:00+01:00,0.0,0.44899937145845625,0.0,0.42161320984834405
2023-01-02 04:00:00+01:00,0.0,0.40538530556235275,0.0,0.4046667598869406
2023-01-02 05:00:00+01:00,0.0,0.3471372571598558,0.0,0.41755817127154987
2023-01-02 06:00:00+01:00,0.0,0.3148465351047649,0.0,0.5085762405033314
2023-01-02 07:00:00+01:00,0.0,0.2979094996137588,0.0,0.5761571757027214
2023-01-02 08:00:00+01:00,0.016804667598893076,0.26988902163430395,0.0,0.6102021783357177
2023-01-02 09:00:00+01:00,0.03791296958286853,0.2552550391279106,0.0,0.5749376221085627
2023-01-02 10:00:00+01:00,0.08894177729170238,0.2385579049894683,0.0,0.5746798730203203
2023-01-02 11:00:00+01:00,0.13887759849003914,0.23462352280742158,0.0,0.5725668492254082
2023-01-02 12:00:00+01:00,0.17685887972981373,0.24877770260868728,0.0,0.5622268592745938
2023-01-02 13:00:00+01:00,0.18683238163809987,0.2703688243394316,0.0,0.5281796305161717
2023-01-02 14:00:00+01:00,0.15021733353644665,0.2723839957009677,0.0,0.5436275281153496
2023-01-02 15:00:00+01:00,0.09160593191103909,0.25458331534073186,0.0,0.5400837857305839
2023-01-02 16:00:00+01:00,0.03654673644474714,0.2244037251882026,0.0,0.5976673667895682
2023-01-02 17:00:00+01:00,0.013935578008838162,0.2036282680561753,0.0,0.7093732021075427
2023-01-02 18:00:00+01:00,0.012432721556904634,0.20180501777669022,0.0,0.783403179560163
2023-01-02 19:00:00+01:00,0.0,0.21192885485488366,0.0,0.7124349291766374
2023-01-02 20:00:00+01:00,0.0,0.20689092645104332,0.0,0.625996540957381
2023-01-02 21:00:00+01:00,0.0,0.19748679343054135,0.0,0.5444282029033882
2023-01-02 22:00:00+01:00,0.0,0.1888983250087564,0.0,0.5186010221670483
2023-01-02 23:00:00+01:00,0.0,0.1872190155408096,0.0,0.4727898804957937
2023-01-03 00:00:00+01:00,0.0,0.18414827822799262,0.0,0.4572962668548124
2023-01-03 01:00:00+01:00,0.0,0.1964312274792605,0.0,0.4274437011904155
2023-01-03 02:00:00+01:00,0.0,0.2036282680561753,0.0,0.435089806534856
2023-01-03 03:00:00+01:00,0.0,0.21096924944462836,0.0,0.4080052648531028
2023-01-03 04:00:00+01:00,0.0,0.2158632370369304,0.0,0.41475023631820995
2023-01-03 05:00:00+01:00,0.0,0.21394402621641978,0.0,0.46817362770071136
2023-01-03 06:00:00+01:00,0.0,0.21994156003051543,0.0,0.5381086556058412
2023-01-03 07:00:00+01:00,0.0,0.23476746361895987,0.0,0.6453080812368163
2023-01-03 08:00:00+01:00,0.01755609582485984,0.24791405773945752,0.0,0.7378321162430075
2023-01-03 09:00:00+01:00,0.05362465067126449,0.24609080745997244,0.0,0.762353993866705
2023-01-03 10:00:00+01:00,0.142703051276779,0.24522716259074268,0.0,0.8419383078031046
2023-01-03 11:00:00+01:00,0.2392274224850551,0.24839386044458517,0.0,0.7673235125665349
2023-01-03 12:00:00+01:00,0.28403986941543663,0.2672980870266146,0.0,0.7269163302615052
2023-01-03 13:00:00+01:00,0.27980454668726035,0.2895609325445377,0.0,0.658278201500105
2023-01-03 14:00:00+01:00,0.22925392057676897,0.31839707512270954,0.0,0.6538972072903166
2023-01-03 15:00:00+01:00,0.15021733353644665,0.3398922363124283,0.0,0.6542804943617547
2023-01-03 16:00:00+01:00,0.05861140162540756,0.36004394992778965,0.0,0.6998350000074799
2023-01-03 17:00:00+01:00,0.015301811146959549,0.3896957571046785,0.0,0.7332608391993954
2023-01-03 18:00:00+01:00,0.013252461439777468,0.44098666628282446,0.0,0.791396245205453
2023-01-03 19:00:00+01:00,0.0,0.4963079181840427,0.0,0.6899812221023665
2023-01-03 20:00:00+01:00,0.0,0.5344042529711782,0.0,0.5889031522445658
2023-01-03 21:00:00+01:00,0.0,0.5611772439173012,0.0,0.5549118968499058
2023-01-03 22:00:00+01:00,0.0,0.566311132862167,0.0,0.49647141737272515
2023-01-03 23:00:00+01:00,0.0,0.5805612732044583,0.0,0.4576597848270923
2023-01-04 00:00:00+01:00,0.0,0.5961068808505942,0.0,0.4238019761061765
2023-01-04 01:00:00+01:00,0.0,0.6121322912018577,0.0,0.38034245600326694
2023-01-04 02:00:00+01:00,0.0,0.6189454896146704,0.0,0.3658737833777529
2023-01-04 03:00:00+01:00,0.0,0.61841770663903,0.0,0.3619067204448685
2023-01-04 04:00:00+01:00,0.0,0.6270061750608149,0.0,0.3736268931749282
2023-01-04 05:00:00+01:00,0.0,0.6271501158723533,0.0,0.3795684684482066
2023-01-04 06:00:00+01:00,0.0,0.6301248926441447,0.0,0.4061393653065209
2023-01-04 07:00:00+01:00,0.0,0.6515240932928379,0.0,0.45991169284890243
2023-01-04 08:00:00+01:00,0.02131323695469366,0.6540670476300144,0.0,0.5234377119774827
2023-01-04 09:00:00+01:00,0.07343503117402463,0.6543069489825784,0.0,0.5266210253117121
2023-01-04 10:00:00+01:00,0.1780201778972169,0.6531554224902719,0.0,0.5143521165563225
2023-01-04 11:00:00+01:00,0.25828637476184846,0.6495089219313018,0.0,0.4769018829930786
2023-01-04 12:00:00+01:00,0.2803510399425089,0.6486932573325848,0.0,0.44639283656028395
2023-01-04 13:00:00+01:00,0.2770037687541115,0.6505644878825826,0.0,0.4252548124265987
2023-01-04 14:00:00+01:00,0.2280926224093658,0.6498447838248912,0.0,0.4188702700120279
2023-01-04 15:00:00+01:00,0.14113188316793943,0.647829612463355,0.0,0.4266640310702325
2023-01-04 16:00:00+01:00,0.05396620895579484,0.638233558360802,0.0,0.4569719195628956
2023-01-04 17:00:00+01:00,0.015711681088395966,0.623935437747998,0.0,0.5115538211405928
2023-01-04 18:00:00+01:00,0.013389084753589606,0.6063266784698131,0.0,0.6597322733892246
2023-01-04 19:00:00+01:00,0.0,0.5833441288941986,0.0,0.615325653098783
2023-01-04 20:00:00+01:00,0.0,0.5788339834659988,0.0,0.5168951340212045
2023-01-04 21:00:00+01:00,0.0,0.5915487551518815,0.0,0.428579848643074
2023-01-04 22:00:00+01:00,0.0,0.5731723115454924,0.0,0.4361070891261701
2023-01-04 23:00:00+01:00,0.0,0.5527327163070545,0.0,0.41201705852548853
2023-01-05 00:00:00+01:00,0.0,0.5309016932237464,0.0,0.35168003529626024
2023-01-05 01:00:00+01:00,0.0,0.5010579649648065,0.0,0.3243185932114552
2023-01-05 02:00:00+01:00,0.0,0.47217384211612184,0.0,0.31478447058986436
2023-01-05 03:00:00+01:00,0.0,0.4405548438482096,0.0,0.30371200714133634
2023-01-05 04:00:00+01:00,0.0,0.4130141685738824,0.0,0.3034554936217913
2023-01-05 05:00:00+01:00,0.0,0.3774607881239234,0.0,0.31072337667556765
2023-01-05 06:00:00+01:00,0.0,0.343634697412424,0.0,0.3931272357075212
2023-01-05 07:00:00+01:00,0.0,0.3170536275483521,0.0,0.4778465120432158
2023-01-05 08:00:00+01:00,0.020356873758008688,0.27483098949711876,0.0,0.5335976764164321
2023-01-05 09:00:00+01:00,0.07056594158396971,0.22829012709973656,0.0,0.5337964857251533
2023-01-05 10:00:00+01:00,0.1641529115452848,0.2024767415638689,0.0,0.5833715565301303
2023-01-05 11:00:00+01:00,0.2360850862673759,0.2011332939895115,0.0,0.5919909540167166
2023-01-05 12:00:00+01:00,0.2675767601010739,0.21591121730744317,0.0,0.5803654300524179
2023-01-05 13:00:00+01:00,0.26299987908836725,0.2314088446830663,0.0,0.5575629093242511
2023-01-05 14:00:00+01:00,0.22563340276074728,0.22790628493563445,0.0,0.5901035545239149
2023-01-05 15:00:00+01:00,0.1442742193856186,0.23097702224845143,0.0,0.6053533831047049
2023-01-05 16:00:00+01:00,0.053351404043640215,0.22334815923692175,0.0,0.6693952731821499
2023-01-05 17:00:00+01:00,0.015028564519335272,0.22291633680230688,0.0,0.7333500504120025
2023-01-05 18:00:00+01:00,0.012774279841434982,0.24273218852407888,0.0,0.8155914269058234
2023-01-05 19:00:00+01:00,0.0,0.2549191772343212,0.0,0.7689553890965202
2023-01-05 20:00:00+01:00,0.0,0.2548232166932957,0.0,0.655138505842664
2023-01-05 21:00:00+01:00,0.0,0.26393946809072105,0.0,0.5804227614908619
2023-01-05 22:00:00+01:00,0.0,0.2582777961702148,0.0,0.548993552369909
2023-01-05 23:00:00+01:00,0.0,0.2768461608586549,0.0,0.5139867452309965
2023-01-06 00:00:00+01:00,0.0,0.2933513739150461,0.0,0.42322803342853466
2023-01-06 01:00:00+01:00,0.0,0.3117278175214352,0.0,0.3742980782617102
2023-01-06 02:00:00+01:00,0.0,0.32026830567270737,0.0,0.34518169280111904
2023-01-06 03:00:00+01:00,0.0,0.3277532278726987,0.0,0.34112912536171963
2023-01-06 04:00:00+01:00,0.0,0.3371573608932007,0.0,0.33702614461769625
2023-01-06 05:00:00+01:00,0.0,0.33859676900858365,0.0,0.3483588282918615
2023-01-06 06:00:00+01:00,0.0,0.3306800243739774,0.0,0.39599324238963823
2023-01-06 07:00:00+01:00,0.0,0.32842495165987745,0.0,0.4583768137160886
2023-01-06 08:00:00+01:00,0.020766743699445103,0.3169096867368138,0.0,0.5676153740321015
2023-01-06 09:00:00+01:00,0.06653555382651162,0.2973337363676056,0.0,0.6291321623907766
2023-01-06 10:00:00+01:00,0.15575057774583828,0.29138418282402273,0.0,0.6043847829709531
2023-01-06 11:00:00+01:00,0.23348924330494528,0.2928235909394057,0.0,0.6117055504667481
2023-01-06 12:00:00+01:00,0.27065078466184705,0.29291955148043125,0.0,0.5784185955017307
2023-01-06 13:00:00+01:00,0.2647759821679251,0.29234378823427803,0.0,0.5398204765832032
2023-01-06 14:00:00+01:00,0.2113562664673788,0.2762703976125017,0.0,0.5182113122401545
2023-01-06 15:00:00+01:00,0.13990227334363017,0.2705607454214827,0.0,0.5417285132259072
2023-01-06 16:00:00+01:00,0.05731348014419224,0.26868951487148485,0.0,0.5593449127053952
2023-01-06 17:00:00+01:00,0.015506746117677758,0.28092448385223995,0.0,0.6492978796846178
2023-01-06 18:00:00+01:00,0.01297921481215319,0.2953185650060695,0.0,0.7482728102970855
2023-01-06 19:00:00+01:00,0.0,0.3189728383688627,0.0,0.7135797256101777
2023-01-06 20:00:00+01:00,0.0,0.33888465063166023,0.0,0.6231447433152839
2023-01-06 21:00:00+01:00,0.0,0.3512635604239536,0.0,0.5544123385605025
2023-01-06 22:00:00+01:00,0.0,0.35284690935087487,0.0,0.5084264811701257
2023-01-06 23:00:00+01:00,0.0,0.353230751514977,0.0,0.4943878022145815
2023-01-07 00:00:00+01:00,0.0,0.35207922502267064,0.0,0.4515698135497167
2023-01-07 01:00:00+01:00,0.0,0.3612434566906088,0.0,0.43352898045939703
2023-01-07 02:00:00+01:00,0.0,0.3818749730110978,0.0,0.4043830638560531
2023-01-07 03:00:00+01:00,0.0,0.4051454042097889,0.0,0.3696479698334342
2023-01-07 04:00:00+01:00,0.0,0.42601682188284173,0.0,0.3639117544847439
2023-01-07 05:00:00+01:00,0.0,0.4491912925405073,0.0,0.3645674949628085
2023-01-07 06:00:00+01:00,0.0,0.4694389666968942,0.0,0.36986506766064736
2023-01-07 07:00:00+01:00,0.0,0.5049443668763404,0.0,0.39805622565230625
2023-01-07 08:00:00+01:00,0.020083627130384408,0.5347401148647676,0.0,0.4508128789444509
2023-01-07 09:00:00+01:00,0.07241035632043358,0.5577706447108949,0.0,0.5158181766144626
2023-01-07 10:00:00+01:00,0.17002771403920677,0.5697177320685733,0.0,0.5212480829233327
2023-01-07 11:00:00+01:00,0.2385443059159944,0.5970185059903367,0.0,0.49336088534008377
2023-01-07 12:00:00+01:00,0.2565102716822907,0.6205768188121045,0.0,0.47029876217062855
2023-01-07 13:00:00+01:00,0.23997885071102187,0.6310365177838873,0.0,0.42721326237392665
2023-01-07 14:00:00+01:00,0.18847186140384553,0.6313243994069638,0.0,0.45442680373299876
2023-01-07 15:00:00+01:00,0.10991345596186569,0.631708241571066,0.0,0.4936552114653101
2023-01-07 16:00:00+01:00,0.04180673402651448,0.6324759258992702,0.0,0.49759336103979046
2023-01-07 17:00:00+01:00,0.014618694577898855,0.648453355980021,0.0,0.5201210797299203
2023-01-07 18:00:00+01:00,0.01297921481215319,0.6569938441312931,0.0,0.5525419920174954
2023-01-07 19:00:00+01:00,0.0,0.6402007494518254,0.0,0.5328323378422534
2023-01-07 20:00:00+01:00,0.0,0.629837011021068,0.0,0.4806057645389934
2023-01-07 21:00:00+01:00,0.0,0.6085817511839131,0.0,0.39437038761291454
2023-01-07 22:00:00+01:00,0.0,0.5684702450352415,0.0,0.35420995678383527
2023-01-07 23:00:00+01:00,0.0,0.5562352760544863,0.0,0.37020103034920493
2023-01-08 00:00:00+01:00,0.0,0.5304698707891314,0.0,0.3699875167220995
2023-01-08 01:00:00+01:00,0.0,0.526679429418623,0.0,0.3327937966784007
2023-01-08 02:00:00+01:00,0.0,0.5052802287699297,0.0,0.3114035835156112
2023-01-08 03:00:00+01:00,0.0,0.49554023385583845,0.0,0.31497315033703766
2023-01-08 04:00:00+01:00,0.0,0.4867598443520024,0.0,0.3089835103905457
2023-01-08 05:00:00+01:00,0.0,0.4770678297084239,0.0,0.31905772005658467
2023-01-08 06:00:00+01:00,0.0,0.4786511786353451,0.0,0.33534534061818
2023-01-08 07:00:00+01:00,0.0,0.4801865472917536,0.0,0.3515191610992048
2023-01-08 08:00:00+01:00,0.017009602569611284,0.5015377676699341,0.0,0.439115319223324
2023-01-08 09:00:00+01:00,0.04583712178397258,0.4882952130084109,0.0,0.4734141192265017
2023-01-08 10:00:00+01:00,0.1051999516353469,0.4780754153891919,0.0,0.4803504865881457
2023-01-08 11:00:00+01:00,0.1424981163060608,0.49141393059174066,0.0,0.49436346361301364
2023-01-08 12:00:00+01:00,0.16244512012263307,0.52975016673144,0.0,0.5069418928359515
2023-01-08 13:00:00+01:00,0.14727993228948566,0.5200581520878614,0.0,0.4910577012173322
2023-01-08 14:00:00+01:00,0.12282435911711281,0.5033610179494191,0.0,0.5346848963995595
2023-01-08 15:00:00+01:00,0.06844828021988156,0.4983230895455788,0.0,0.5249387407315295
2023-01-08 16:00:00+01:00,0.032311413716570835,0.4776915732250898,0.0,0.479674604238543
2023-01-08 17:00:00+01:00,0.014345447950274579,0.4858482192122599,0.0,0.554406410983411
2023-01-08 18:00:00+01:00,0.012774279841434982,0.49731550386481077,0.0,0.6780556947021453
2023-01-08 19:00:00+01:00,0.0,0.4799946262097025,0.0,0.754534291120282
2023-01-08 20:00:00+01:00,0.0,0.4852724559661067,0.0,0.6871872564315042
2023-01-08 21:00:00+01:00,0.0,0.5145404209788934,0.0,0.5006969749386118
2023-01-08 22:00:00+01:00,0.0,0.5513412884621843,0.0,0.5088978716458846
2023-01-08 23:00:00+01:00,0.0,0.6004251051967431,0.0,0.4522733736890262
2023-01-09 00:00:00+01:00,0.0,0.6346830183428573,0.0,0.4242655803973712
2023-01-09 01:00:00+01:00,0.0,0.6542109884415528,0.0,0.4343549896601587
2023-01-09 02:00:00+01:00,0.0,0.6609762065838527,0.0,0.43395452713294164
2023-01-09 03:00:00+01:00,0.0,0.6770016169351162,0.0,0.41992140823653573
2023-01-09 04:00:00+01:00,0.0,0.6765218142299886,0.0,0.41285035863245
2023-01-09 05:00:00+01:00,0.0,0.6730192544825567,0.0,0.4271614909946209
2023-01-09 06:00:00+01:00,0.0,0.649892764095404,0.0,0.5115614848191726
2023-01-09 07:00:00+01:00,0.0,0.639864887558236,0.0,0.6337788143793559
2023-01-09 08:00:00+01:00,0.021996353523754352,0.6156828312198024,0.0,0.7451544920798798
2023-01-09 09:00:00+01:00,0.07746541893148272,0.6173141604172364,0.0,0.7707559260081249
2023-01-09 10:00:00+01:00,0.17364823185522846,0.61841770663903,0.0,0.7166090828811715
2023-01-09 11:00:00+01:00,0.24558040657731955,0.6187535685326193,0.0,0.670730352449514
2023-01-09 12:00:00+01:00,0.29025623019388896,0.6350668605069595,0.0,0.6512009740525324
2023-01-09 13:00:00+01:00,0.2966092142861534,0.6354986829415744,0.0,0.6229096072359743
2023-01-09 14:00:00+01:00,0.23389911324638168,0.6332436102274744,0.0,0.6342938172774765
2023-01-09 15:00:00+01:00,0.14837291879998277,0.6369860713274701,0.0,0.623302656351007
2023-01-09 16:00:00+01:00,0.05915789488065611,0.6087736722659642,0.0,0.7061547975714224
2023-01-09 17:00:00+01:00,0.0165314209712688,0.5821926024018923,0.0,0.8572176675266474
2023-01-09 18:00:00+01:00,0.013320773096683537,0.5701015742326755,0.0,0.9580374930178412
2023-01-09 19:00:00+01:00,0.0,0.5492781368301354,0.0,1.0
2023-01-09 20:00:00+01:00,0.0,0.5005781622596788,0.0,0.9075845191268125
2023-01-09 21:00:00+01:00,0.0,0.4559565106828072,0.0,0.711010883708635
2023-01-09 22:00:00+01:00,0.0,0.4494791741635839,0.0,0.6128694982150978
2023-01-09 23:00:00+01:00,0.0,0.44002706087256915,0.0,0.5219270489402522
2023-01-10 00:00:00+01:00,0.0,0.4091757469328612,0.0,0.49622849510885136
2023-01-10 01:00:00+01:00,0.0,0.36431419400342574,0.0,0.5066303912549461
2023-01-10 02:00:00+01:00,0.0,0.3541903569252323,0.0,0.5527753972497433
2023-01-10 03:00:00+01:00,0.0,0.3423392301085793,0.0,0.5214981683329953
2023-01-10 04:00:00+01:00,0.0,0.32525825380603496,0.0,0.5430635924932713
2023-01-10 05:00:00+01:00,0.0,0.3201243648611691,0.0,0.5758257825165736
2023-01-10 06:00:00+01:00,0.0,0.32156377297655203,0.0,0.7254417489828944
2023-01-10 07:00:00+01:00,0.0,0.32482643137142003,0.0,1.0
2023-01-10 08:00:00+01:00,0.021586483582317937,0.3443544014701155,0.0,1.0
2023-01-10 09:00:00+01:00,0.07855840544197983,0.369783944841881,0.0,1.0
2023-01-10 10:00:00+01:00,0.1847147202740117,0.4052893450213272,0.0,0.9500450451568998
2023-01-10 11:00:00+01:00,0.2718803944861563,0.4648328607276688,0.0,0.8640027949744196
2023-01-10 12:00:00+01:00,0.31184271377620687,0.5356517400045101,0.0,0.795862248643392
2023-01-10 13:00:00+01:00,0.3127307653159858,0.5666949750262692,0.0,0.7496082623368294
2023-01-10 14:00:00+01:00,0.272563511055217,0.586750728100605,0.0,0.7200330923538487
2023-01-10 15:00:00+01:00,0.17617576316075303,0.6048872703544302,0.0,0.7282486933795058
2023-01-10 16:00:00+01:00,0.06878983850441191,0.6152510087851875,0.0,0.8092276441471393
2023-01-10 17:00:00+01:00,0.017214537540329495,0.6273420369544043,0.0,0.8275889953172992
2023-01-10 18:00:00+01:00,0.013662331381213883,0.6390012426890063,0.0,0.8406060671910884
2023-01-10 19:00:00+01:00,0.0,0.6521958170800166,0.0,0.8064026562440049
2023-01-10 20:00:00+01:00,0.0,0.6702843790633292,0.0,0.6389635722989262
2023-01-10 21:00:00+01:00,0.0,0.6743627020569142,0.0,0.5794460076545928
2023-01-10 22:00:00+01:00,0.0,0.6595367984684697,0.0,0.5705178299907913
2023-01-10 23:00:00+01:00,0.0,0.6520518762684784,0.0,0.5627110954612642
2023-01-11 00:00:00+01:00,0.0,0.6427916840595147,0.0,0.5309627263351527
2023-01-11 01:00:00+01:00,0.0,0.6395290256646466,0.0,0.5274927505542768
2023-01-11 02:00:00+01:00,0.0,0.6259026288390214,0.0,0.5430889216515676
2023-01-11 03:00:00+01:00,0.0,0.613091896612113,0.0,0.5211340325763667
2023-01-11 04:00:00+01:00,0.0,0.5979301311300793,0.0,0.5052918502934587
2023-01-11 05:00:00+01:00,0.0,0.5389143983993782,0.0,0.49868835669862865
2023-01-11 06:00:00+01:00,0.0,0.47946684323406213,0.0,0.5437833375316312
2023-01-11 07:00:00+01:00,0.0,0.45398931959178385,0.0,0.7186561262567579
2023-01-11 08:00:00+01:00,0.02028856210110262,0.4317264740738608,0.0,0.8176509484743681
2023-01-11 09:00:00+01:00,0.06236854275524138,0.40447368042261017,0.0,0.7774924935043193
2023-01-11 10:00:00+01:00,0.13853604020550878,0.3890240333174998,0.0,0.7565181874774641
2023-01-11 11:00:00+01:00,0.1922973141905854,0.4031302328482528,0.0,0.6970706827309283
2023-01-11 12:00:00+01:00,0.23068846537179644,0.4636333539648496,0.0,0.6247661175113414
2023-01-11 13:00:00+01:00,0.23868092922980655,0.5132449536750487,0.0,0.5723171313336988
2023-01-11 14:00:00+01:00,0.19776224674307097,0.5321491802570782,0.0,0.571014299358451
2023-01-11 15:00:00+01:00,0.13751136535191774,0.5392502602929675,0.0,0.6072662342617874
2023-01-11 16:00:00+01:00,0.0571768568303801,0.5343082924301527,0.0,0.6600032409607582
2023-01-11 17:00:00+01:00,0.016804667598893076,0.5435684846391163,0.0,0.728899118810401
2023-01-11 18:00:00+01:00,0.013457396410495676,0.575091522366003,0.0,0.7631050008948794
2023-01-11 19:00:00+01:00,0.0,0.6045514084608409,0.0,0.71345739905471
2023-01-11 20:00:00+01:00,0.0,0.6146272652685215,0.0,0.6310351289982801
2023-01-11 21:00:00+01:00,0.0,0.6383774991723403,0.0,0.5500160222479814
2023-01-11 22:00:00+01:00,0.0,0.6442790724454104,0.0,0.5253834334654569
2023-01-11 23:00:00+01:00,0.0,0.6483094151684827,0.0,0.51269750451142
2023-01-12 00:00:00+01:00,0.0,0.6583852719761634,0.0,0.5069459670599967
2023-01-12 01:00:00+01:00,0.0,0.6653424112005143,0.0,0.49177608292658365
2023-01-12 02:00:00+01:00,0.0,0.6624156146992356,0.0,0.48833687385715796
2023-01-12 03:00:00+01:00,0.0,0.6605443841492378,0.0,0.5137308494958002
2023-01-12 04:00:00+01:00,0.0,0.6680293063492292,0.0,0.4902996482949267
2023-01-12 05:00:00+01:00,0.0,0.6743147217864014,0.0,0.47180929744744793
2023-01-12 06:00:00+01:00,0.0,0.6789688080261396,0.0,0.5505805756544084
2023-01-12 07:00:00+01:00,0.0,0.6950901789184287,0.0,0.5920889367161899
2023-01-12 08:00:00+01:00,0.02117661364088152,0.691971461335099,0.0,0.7589964600917177
2023-01-12 09:00:00+01:00,0.07691892567623416,0.682567328314597,0.0,0.7706176595655756
2023-01-12 10:00:00+01:00,0.1713256355204221,0.6787289066735758,0.0,0.6597361026013011
2023-01-12 11:00:00+01:00,0.26573234536461005,0.6748425047620418,0.0,0.548655241049941
2023-01-12 12:00:00+01:00,0.2818538963944424,0.6707641817684568,0.0,0.5648148524909459
2023-01-12 13:00:00+01:00,0.2705141613480349,0.6678373852671781,0.0,0.5431251259161718
2023-01-12 14:00:00+01:00,0.20992172167235132,0.6702363987928164,0.0,0.5479755294882618
2023-01-12 15:00:00+01:00,0.12542020207954346,0.674410682327427,0.0,0.5509952472216454
2023-01-12 16:00:00+01:00,0.0495942629138064,0.6758021101722971,0.0,0.5708377302862828
2023-01-12 17:00:00+01:00,0.015779992745302035,0.6820875256094694,0.0,0.6603476076182287
2023-01-12 18:00:00+01:00,0.013594019724307814,0.6773374788287055,0.0,0.7098170320451527
2023-01-12 19:00:00+01:00,0.0,0.6748425047620418,0.0,0.6944337567906185
2023-01-12 20:00:00+01:00,0.0,0.6626555160517995,0.0,0.6146983307007582
2023-01-12 21:00:00+01:00,0.0,0.6489331586851487,0.0,0.502983846401902
2023-01-12 22:00:00+01:00,0.0,0.625566766945432,0.0,0.48277537422758976
2023-01-12 23:00:00+01:00,0.0,0.6116524884967302,0.0,0.5024566103227919
2023-01-13 00:00:00+01:00,0.0,0.5958669794980304,0.0,0.5102225710853053
2023-01-13 01:00:00+01:00,0.0,0.5911649129877794,0.0,0.4724267352958937
2023-01-13 02:00:00+01:00,0.0,0.6015286514185366,0.0,0.4737788675130523
2023-01-13 03:00:00+01:00,0.0,0.6058948560351983,0.0,0.46399823842747995
2023-01-13 04:00:00+01:00,0.0,0.6004730854672559,0.0,0.46795109232034443
2023-01-13 05:00:00+01:00,0.0,0.5998013616800771,0.0,0.47919518256625115
2023-01-13 06:00:00+01:00,0.0,0.5916926959634198,0.0,0.5533929576041735
2023-01-13 07:00:00+01:00,0.0,0.6030160398044324,0.0,0.7134079763068145
2023-01-13 08:00:00+01:00,0.019468822218229785,0.6072862838800684,0.0,0.8429159244356913
2023-01-13 09:00:00+01:00,0.056698675232037615,0.5977382100480282,0.0,0.7762106661969271
2023-01-13 10:00:00+01:00,0.1514469433607559,0.5870865899941944,0.0,0.7292080214936004
2023-01-13 11:00:00+01:00,0.2365632678657184,0.5891497416262432,0.0,0.6621160197437015
2023-01-13 12:00:00+01:00,0.2938084363530046,0.6000412630326409,0.0,0.5896283348360795
2023-01-13 13:00:00+01:00,0.3196302426634988,0.6183697263685172,0.0,0.544732536084178
2023-01-13 14:00:00+01:00,0.2906661001353254,0.6087736722659642,0.0,0.5525127058867114
2023-01-13 15:00:00+01:00,0.19960666147953485,0.581232996991637,0.0,0.5561863107451136
2023-01-13 16:00:00+01:00,0.07323009620330642,0.5339724305365633,0.0,0.6487367879723143
2023-01-13 17:00:00+01:00,0.01776103079557805,0.49664378007763205,0.0,0.7511640236315144
2023-01-13 18:00:00+01:00,0.013252461439777468,0.4756764018635537,0.0,0.8485329021506574
2023-01-13 19:00:00+01:00,0.0,0.44031494249564573,0.0,0.7915546482651138
2023-01-13 20:00:00+01:00,0.0,0.40145092338030597,0.0,0.6972368719751533
2023-01-13 21:00:00+01:00,0.0,0.3847058089713509,0.0,0.6286114716731067
2023-01-13 22:00:00+01:00,0.0,0.36297074642906835,0.0,0.5814834114925689
2023-01-13 23:00:00+01:00,0.0,0.35222316583420893,0.0,0.5969030135176915
2023-01-14 00:00:00+01:00,0.0,0.350783757718826,0.0,0.6301066901016198
2023-01-14 01:00:00+01:00,0.0,0.3443544014701155,0.0,0.5331439566748165
2023-01-14 02:00:00+01:00,0.0,0.36517783887265554,0.0,0.5357027915207956
2023-01-14 03:00:00+01:00,0.0,0.3909432441380104,0.0,0.534222772689031
2023-01-14 04:00:00+01:00,0.0,0.45202212850076046,0.0,0.4870602390909508
2023-01-14 05:00:00+01:00,0.0,0.5172273161276083,0.0,0.4714210681012203
2023-01-14 06:00:00+01:00,0.0,0.5715889626185712,0.0,0.49796478244819226
2023-01-14 07:00:00+01:00,0.0,0.6211046017877448,0.0,0.5371188057922651
2023-01-14 08:00:00+01:00,0.02213297683756649,0.6561301992620634,0.0,0.6252876710253287
2023-01-14 09:00:00+01:00,0.06892646181822404,0.6770016169351162,0.0,0.6666864339909961
2023-01-14 10:00:00+01:00,0.15049058016407094,0.6942265340491989,0.0,0.665573022053255
2023-01-14 11:00:00+01:00,0.21094639652594235,0.7030549038235477,0.0,0.5866571770542738
2023-01-14 12:00:00+01:00,0.2501572875900262,0.7081887927684136,0.0,0.5614002322894835
2023-01-14 13:00:00+01:00,0.2503622225607444,0.7093403192607199,0.0,0.5047934050667684
2023-01-14 14:00:00+01:00,0.20650613882704785,0.7090044573671306,0.0,0.48759105937016856
2023-01-14 15:00:00+01:00,0.12542020207954346,0.7016154957081647,0.0,0.5439608971605281
2023-01-14 16:00:00+01:00,0.047681536520436454,0.690532053219716,0.0,0.4829518207937736
2023-01-14 17:00:00+01:00,0.01639479765745666,0.6663979771517952,0.0,0.5885087450548513
2023-01-14 18:00:00+01:00,0.013867266351932092,0.6467260662415614,0.0,0.6548254011750081
2023-01-14 19:00:00+01:00,0.0,0.6156348509492896,0.0,0.6595232067585444
2023-01-14 20:00:00+01:00,0.0,0.5750435420954902,0.0,0.5599964511990035
2023-01-14 21:00:00+01:00,0.0,0.5299420878134911,0.0,0.5014698494309592
2023-01-14 22:00:00+01:00,0.0,0.5296062259199017,0.0,0.5023961899626045
2023-01-14 23:00:00+01:00,0.0,0.49179777275584274,0.0,0.49015495899692163
2023-01-15 00:00:00+01:00,0.0,0.43911543573282663,0.0,0.5213447075481241
2023-01-15 01:00:00+01:00,0.0,0.4163248072392632,0.0,0.506300856676271
2023-01-15 02:00:00+01:00,0.0,0.4048575225867123,0.0,0.5080477688555239
2023-01-15 03:00:00+01:00,0.0,0.43801188951103304,0.0,0.44548046005668984
2023-01-15 04:00:00+01:00,0.0,0.47649206646227066,0.0,0.38131253671768495
2023-01-15 05:00:00+01:00,0.0,0.5047044655237766,0.0,0.3734836844575893
2023-01-15 06:00:00+01:00,0.0,0.5198662310058104,0.0,0.39371686800584915
2023-01-15 07:00:00+01:00,0.0,0.5613211847288395,0.0,0.3925511894104379
2023-01-15 08:00:00+01:00,0.019742068845854062,0.5891497416262432,0.0,0.42398595859052907
2023-01-15 09:00:00+01:00,0.055878935349164785,0.6190894304262087,0.0,0.4791138800441926
2023-01-15 10:00:00+01:00,0.15001239856572846,0.639049222959519,0.0,0.6578871334985293
2023-01-15 11:00:00+01:00,0.26655208524748286,0.6642868452492334,0.0,0.5484556914508867
2023-01-15 12:00:00+01:00,0.3261198500695754,0.6971053502799648,0.0,0.543737621489828
2023-01-15 13:00:00+01:00,0.30876868921543377,0.7084286941209774,0.0,0.5310251278087974
2023-01-15 14:00:00+01:00,0.23198638685301173,0.7042064303158541,0.0,0.44965053428275187
2023-01-15 15:00:00+01:00,0.15260824152815908,0.6802162950594715,0.0,0.44520121102222754
2023-01-15 16:00:00+01:00,0.06510100903148415,0.6486932573325848,0.0,0.5283774545225909
2023-01-15 17:00:00+01:00,0.01755609582485984,0.6283496226351724,0.0,0.5961539876029742
2023-01-15 18:00:00+01:00,0.013184149782871397,0.6305567150787595,0.0,0.6686074441050227
2023-01-15 19:00:00+01:00,0.0,0.6273420369544043,0.0,0.741124042371049
2023-01-15 20:00:00+01:00,0.0,0.6283496226351724,0.0,0.6049007764258022
2023-01-15 21:00:00+01:00,0.0,0.6236475561249214,0.0,0.5440742019627343
2023-01-15 22:00:00+01:00,0.0,0.6103570211928855,0.0,0.52022289164147
2023-01-15 23:00:00+01:00,0.0,0.6018165330416132,0.0,0.5079090071346104
2023-01-16 00:00:00+01:00,0.0,0.6136196795877534,0.0,0.473305628938674
2023-01-16 01:00:00+01:00,0.0,0.6401527691813126,0.0,0.4618204697819395
2023-01-16 02:00:00+01:00,0.0,0.6591529563043675,0.0,0.4627647260596969
2023-01-16 03:00:00+01:00,0.0,0.6856860458979267,0.0,0.45359547948506773
2023-01-16 04:00:00+01:00,0.0,0.6874613159068991,0.0,0.44987825694987715
2023-01-16 05:00:00+01:00,0.0,0.6935548102620203,0.0,0.46131683201406426
2023-01-16 06:00:00+01:00,0.0,0.6853981642748501,0.0,0.6593932217789236
2023-01-16 07:00:00+01:00,0.0,0.6537791660069379,0.0,0.9083186009656034
2023-01-16 08:00:00+01:00,0.019127263933699436,0.6030160398044324,0.0,0.9940933400162466
2023-01-16 09:00:00+01:00,0.04815971811877894,0.5626166520326841,0.0,1.0
2023-01-16 10:00:00+01:00,0.11093813081545674,0.5509094660275694,0.0,1.0
2023-01-16 11:00:00+01:00,0.16428953485909695,0.572452607487801,0.0,0.9300630653354423
2023-01-16 12:00:00+01:00,0.1947565338392039,0.6165464760890321,0.0,0.7735583009023266
2023-01-16 13:00:00+01:00,0.2099900333292574,0.620864700435181,0.0,0.7647759255992432
2023-01-16 14:00:00+01:00,0.1706425189513614,0.6442790724454104,0.0,0.7136580669709038
2023-01-16 15:00:00+01:00,0.11694955662319084,0.652339757891555,0.0,0.6796423452142649
2023-01-16 16:00:00+01:00,0.04214829231104483,0.6046473690018664,0.0,0.7252129132530561
2023-01-16 17:00:00+01:00,0.015916616059114173,0.5292223837557996,0.0,0.8301671039840722
2023-01-16 18:00:00+01:00,0.013594019724307814,0.45825956366741993,0.0,0.9383869011281047
2023-01-16 19:00:00+01:00,0.0,0.38125122949443185,0.0,0.9664444899400351
2023-01-16 20:00:00+01:00,0.0,0.30640200749451824,0.0,0.8853054052656791
2023-01-16 21:00:00+01:00,0.0,0.2554949404804744,0.0,0.6682655485849471
2023-01-16 22:00:00+01:00,0.0,0.19455999692926268,0.0,0.6282496845478885
2023-01-16 23:00:00+01:00,0.0,0.1585747940446888,0.0,0.5989837900204872
2023-01-17 00:00:00+01:00,0.0,0.13583214582163813,0.0,0.5484644629377529
2023-01-17 01:00:00+01:00,0.0,0.12186988710242347,0.0,0.5431693613773088
2023-01-17 02:00:00+01:00,0.0,0.10018280483065363,0.0,0.5566273020273755
2023-01-17 03:00:00+01:00,0.0,0.0863165066524645,0.0,0.5569962575528092
2023-01-17 04:00:00+01:00,0.0,0.08343769042169859,0.0,0.5066941508032724
2023-01-17 05:00:00+01:00,0.0,0.09557669886142818,0.0,0.6071157398926752
2023-01-17 06:00:00+01:00,0.0,0.11270565543448534,0.0,0.7884653711667233
2023-01-17 07:00:00+01:00,0.0,0.1381831790767636,0.0,0.943976946598124
2023-01-17 08:00:00+01:00,0.020766743699445103,0.1548803132152059,0.0,1.0
2023-01-17 09:00:00+01:00,0.05348802735745235,0.16524405164596317,0.0,1.0
2023-01-17 10:00:00+01:00,0.11988695787015183,0.16471626867032274,0.0,1.0
2023-01-17 11:00:00+01:00,0.17146225883423424,0.1595343994549441,0.0,0.9932379221787164
2023-01-17 12:00:00+01:00,0.2106731498983181,0.16706730192544825,0.0,0.9562736556492046
2023-01-17 13:00:00+01:00,0.20500328237511434,0.18083763956261184,0.0,0.8500622264787597
2023-01-17 14:00:00+01:00,0.16968615575467644,0.18203714632543097,0.0,0.917954663259155
2023-01-17 15:00:00+01:00,0.11701786828009691,0.18045379739850972,0.0,0.9338339126029847
2023-01-17 16:00:00+01:00,0.045154005214911884,0.19820649748823282,0.0,0.9351713405017592
2023-01-17 17:00:00+01:00,0.016668044285080938,0.20833033456642627,0.0,0.9834707618428309
2023-01-17 18:00:00+01:00,0.013662331381213883,0.21787840839846653,0.0,1.0
2023-01-17 19:00:00+01:00,0.0,0.22195673139205158,0.0,1.0
2023-01-17 20:00:00+01:00,0.0,0.223300178966409,0.0,1.0
2023-01-17 21:00:00+01:00,0.0,0.22910579169845358,0.0,0.8962489967972992
2023-01-17 22:00:00+01:00,0.0,0.22262845517923027,0.0,0.7898790368067825
2023-01-17 23:00:00+01:00,0.0,0.22473958708179195,0.0,0.7792893289642586
2023-01-18 00:00:00+01:00,0.0,0.20895407808309222,0.0,0.775767581804077
2023-01-18 01:00:00+01:00,0.0,0.20122925453053703,0.0,0.6201880448398935
2023-01-18 02:00:00+01:00,0.0,0.1993580239805392,0.0,0.5678953633568968
2023-01-18 03:00:00+01:00,0.0,0.18870640392670532,0.0,0.521243385660512
2023-01-18 04:00:00+01:00,0.0,0.17853458657799912,0.0,0.4937738260602591
2023-01-18 05:00:00+01:00,0.0,0.15670356349469097,0.0,0.5645987452204614
2023-01-18 06:00:00+01:00,0.0,0.14941056237675068,0.0,0.7880961706293208
2023-01-18 07:00:00+01:00,0.0,0.1416377585536827,0.0,0.975885204618989
2023-01-18 08:00:00+01:00,0.023772456603312158,0.1342008166242041,0.0,1.0
2023-01-18 09:00:00+01:00,0.09010307545910556,0.12829924335113402,0.0,1.0
2023-01-18 10:00:00+01:00,0.22884405063533256,0.1412539163895806,0.0,1.0
2023-01-18 11:00:00+01:00,0.32154296905686874,0.13400889554215306,0.0,1.0
2023-01-18 12:00:00+01:00,0.35166840975244534,0.1427413047754763,0.0,0.906623460165656
2023-01-18 13:00:00+01:00,0.33424893724139765,0.16193341298058236,0.0,0.8533094218672999
2023-01-18 14:00:00+01:00,0.2827419479342213,0.18630739040106706,0.0,0.831358239498191
2023-01-18 15:00:00+01:00,0.17761030795578048,0.19993378722669236,0.0,0.8490489008599332
2023-01-18 16:00:00+01:00,0.06496438571767202,0.20713082780360714,0.0,0.8757151867743418
2023-01-18 17:00:00+01:00,0.017146225883423422,0.22814618628819827,0.0,0.9428132438617431
2023-01-18 18:00:00+01:00,0.013457396410495676,0.23107298278947694,0.0,1.0
2023-01-18 19:00:00+01:00,0.0,0.2316967263061429,0.0,1.0
2023-01-18 20:00:00+01:00,0.0,0.22464362654076642,0.0,0.9996832577258545
2023-01-18 21:00:00+01:00,0.0,0.2096737821407837,0.0,0.8728347207858094
2023-01-18 22:00:00+01:00,0.0,0.2040121102202774,0.0,0.9072795734161005
2023-01-18 23:00:00+01:00,0.0,0.19489585882285204,0.0,0.9176378518854069
2023-01-19 00:00:00+01:00,0.0,0.17464818466646514,0.0,0.7886696180285984
2023-01-19 01:00:00+01:00,0.0,0.1686506508523695,0.0,0.6919031002671371
2023-01-19 02:00:00+01:00,0.0,0.15977430080750793,0.0,0.7271613561448207
2023-01-19 03:00:00+01:00,0.0,0.14629184479342094,0.0,0.7370305786586515
2023-01-19 04:00:00+01:00,0.0,0.1330972704024105,0.0,0.7607071732607935
2023-01-19 05:00:00+01:00,0.0,0.12153402520883412,0.0,0.7881589396209187
2023-01-19 06:00:00+01:00,0.0,0.11899107087165757,0.0,0.90793778503156
2023-01-19 07:00:00+01:00,0.0,0.11692791923960867,0.0,1.0
2023-01-19 08:00:00+01:00,0.025002066427621407,0.11735974167422356,0.0,1.0
2023-01-19 09:00:00+01:00,0.08456983124971394,0.11121826704858961,0.0,1.0
2023-01-19 10:00:00+01:00,0.18246043559611141,0.10761974676013222,0.0,1.0
2023-01-19 11:00:00+01:00,0.2461268998325681,0.10512477269346844,0.0,1.0
2023-01-19 12:00:00+01:00,0.2626583208038369,0.10675610189090246,0.0,1.0
2023-01-19 13:00:00+01:00,0.25159183238505367,0.10680408216141522,0.0,0.9897426172395443
2023-01-19 14:00:00+01:00,0.20151938787290477,0.10713994405500457,0.0,1.0
2023-01-19 15:00:00+01:00,0.12760617510053768,0.10776368757167053,0.0,0.9863074876485906
2023-01-19 16:00:00+01:00,0.049525951256900326,0.09941512050244938,0.0,1.0
2023-01-19 17:00:00+01:00,0.017351160854141633,0.09001098748194741,0.0,1.0
2023-01-19 18:00:00+01:00,0.014823629548617065,0.08358163123323689,0.0,1.0
2023-01-19 19:00:00+01:00,0.0,0.0885235990960517,0.0,1.0
2023-01-19 20:00:00+01:00,0.0,0.07935936742811356,0.0,1.0
2023-01-19 21:00:00+01:00,0.0,0.08166242041272628,0.0,0.9655363154208975
2023-01-19 22:00:00+01:00,0.0,0.0860286250293879,0.0,0.9496153017533254
2023-01-19 23:00:00+01:00,0.0,0.09327364587681544,0.0,0.9110879830229288
2023-01-20 00:00:00+01:00,0.0,0.09999088374860257,0.0,0.8168046801505107
2023-01-20 01:00:00+01:00,0.0,0.09965502185501321,0.0,0.7546057090927616
2023-01-20 02:00:00+01:00,0.0,0.10037472591270469,0.0,0.7490041759865127
2023-01-20 03:00:00+01:00,0.0,0.10430910809475143,0.0,0.7055817229445247
2023-01-20 04:00:00+01:00,0.0,0.11141018813064067,0.0,0.7039461397084474
2023-01-20 05:00:00+01:00,0.0,0.11635215599345548,0.0,0.7396696029639762
2023-01-20 06:00:00+01:00,0.0,0.12067038033960435,0.0,1.0
2023-01-20 07:00:00+01:00,0.0,0.12378909792293408,0.0,1.0
2023-01-20 08:00:00+01:00,0.026641546193367074,0.12287747278319154,0.0,1.0
2023-01-20 09:00:00+01:00,0.09604618960993361,0.1266679141537,0.0,1.0
2023-01-20 10:00:00+01:00,0.2190754836977646,0.13731953420753384,0.0,1.0
2023-01-20 11:00:00+01:00,0.3051481713994121,0.14254938369342526,0.0,1.0
2023-01-20 12:00:00+01:00,0.35849957544305233,0.1503221875164932,0.0,1.0
2023-01-20 13:00:00+01:00,0.3772852810922214,0.16529203191647593,0.0,0.9996444598178713
2023-01-20 14:00:00+01:00,0.35849957544305233,0.1875068971638862,0.0,0.9476246045138812
2023-01-20 15:00:00+01:00,0.26054065943974875,0.1867871931061947,0.0,0.9887936689533927
2023-01-20 16:00:00+01:00,0.1132607271502631,0.1799260144228693,0.0,1.0
2023-01-20 17:00:00+01:00,0.025275313055245684,0.1756557703472332,0.0,1.0
2023-01-20 18:00:00+01:00,0.014891941205523134,0.19806255667669453,0.0,1.0
2023-01-20 19:00:00+01:00,0.0,0.22805022574717274,0.0,1.0
2023-01-20 20:00:00+01:00,0.0,0.25050499234714685,0.0,1.0
2023-01-20 21:00:00+01:00,0.0,0.24182056338433636,0.0,0.9897338457526781
2023-01-20 22:00:00+01:00,0.0,0.23409573983178117,0.0,0.9361043541552556
2023-01-20 23:00:00+01:00,0.0,0.24834588017407241,0.0,0.8162296244101559
2023-01-21 00:00:00+01:00,0.0,0.26768192919071676,0.0,0.7215933058993856
2023-01-21 01:00:00+01:00,0.0,0.28711393874838664,0.0,0.6730361354700714
2023-01-21 02:00:00+01:00,0.0,0.2987251642124758,0.0,0.6140291267274333
2023-01-21 03:00:00+01:00,0.0,0.31547027862143084,0.0,0.5691671836087255
2023-01-21 04:00:00+01:00,0.0,0.31940466080347757,0.0,0.4779037209756754
2023-01-21 05:00:00+01:00,0.0,0.32276327973937113,0.0,0.46241146540937594
2023-01-21 06:00:00+01:00,0.0,0.32564209597013705,0.0,0.49047832098653654
2023-01-21 07:00:00+01:00,0.0,0.3431548947072963,0.0,0.545034770899953
2023-01-21 08:00:00+01:00,0.028622584243643088,0.3684884775380363,0.0,0.6381049482880949
2023-01-21 09:00:00+01:00,0.10970852099114749,0.3813471900354574,0.0,0.7573836176249843
2023-01-21 10:00:00+01:00,0.2512502741005233,0.3561575480162557,0.0,0.8024855165918068
2023-01-21 11:00:00+01:00,0.34879932016239046,0.32453854974834345,0.0,0.7276670922777109
2023-01-21 12:00:00+01:00,0.3981203364485726,0.3090409223727203,0.0,0.7259285840673706
2023-01-21 13:00:00+01:00,0.3832283952430494,0.30347521099323954,0.0,0.632949471244882
2023-01-21 14:00:00+01:00,0.3362299752916737,0.30937678426630966,0.0,0.5847867080052822
2023-01-21 15:00:00+01:00,0.2378611893469337,0.32353096406757537,0.0,0.5851151347756711
2023-01-21 16:00:00+01:00,0.10280904364363447,0.3330790378996157,0.0,0.6599132947122446
2023-01-21 17:00:00+01:00,0.02472881979999713,0.3415715457803751,0.0,0.8606144997424088
2023-01-21 18:00:00+01:00,0.014960252862429203,0.371415274039315,0.0,1.0
2023-01-21 19:00:00+01:00,0.0,0.38033960435468933,0.0,1.0
2023-01-21 20:00:00+01:00,0.0,0.36503389806111725,0.0,0.9187664634198967
2023-01-21 21:00:00+01:00,0.0,0.3453140068803708,0.0,0.7848759127401543
2023-01-21 22:00:00+01:00,0.0,0.32050820702527116,0.0,0.7267424825931272
2023-01-21 23:00:00+01:00,0.0,0.2926796501278674,0.0,0.741137266108767
2023-01-22 00:00:00+01:00,0.0,0.28269975386121227,0.0,0.727182733585056
2023-01-22 01:00:00+01:00,0.0,0.27487896976763154,0.0,0.6587007870123172
2023-01-22 02:00:00+01:00,0.0,0.25751011184201056,0.0,0.6634053882236891
2023-01-22 03:00:00+01:00,0.0,0.24829789990355963,0.0,0.5884655054048695
2023-01-22 04:00:00+01:00,0.0,0.2429720898766427,0.0,0.5050074192266647
2023-01-22 05:00:00+01:00,0.0,0.2443635177215129,0.0,0.5192557825972377
2023-01-22 06:00:00+01:00,0.0,0.25060095288817236,0.0,0.5322850876520164
2023-01-22 07:00:00+01:00,0.0,0.2542474534471425,0.0,0.5113712019853487
2023-01-22 08:00:00+01:00,0.02711972779170956,0.2567424275138063,0.0,0.5275740583307621
2023-01-22 09:00:00+01:00,0.09577294298230933,0.2563106050791914,0.0,0.5897643804076296
2023-01-22 10:00:00+01:00,0.20186094615743513,0.24086095797408105,0.0,0.7751935166204507
2023-01-22 11:00:00+01:00,0.26771338341488604,0.22507544897538131,0.0,0.8047102421022745
2023-01-22 12:00:00+01:00,0.2904611651646072,0.21149703242026877,0.0,0.8897515223529022
2023-01-22 13:00:00+01:00,0.2843131160430609,0.20146915588310085,0.0,0.7925808353581317
2023-01-22 14:00:00+01:00,0.24387261515466782,0.1945120166587499,0.0,0.8172341837965429
2023-01-22 15:00:00+01:00,0.16927628581324003,0.18808266041003938,0.0,0.7718162137463054
2023-01-22 16:00:00+01:00,0.07739710727457665,0.18126946199722674,0.0,0.824743135761147
2023-01-22 17:00:00+01:00,0.02131323695469366,0.1711456249190333,0.0,0.9597769970393366
2023-01-22 18:00:00+01:00,0.014823629548617065,0.17023399977929074,0.0,1.0
2023-01-22 19:00:00+01:00,0.0,0.17407242142031196,0.0,1.0
2023-01-22 20:00:00+01:00,0.0,0.17296887519851836,0.0,1.0
2023-01-22 21:00:00+01:00,0.0,0.17258503303441625,0.0,0.9069041950352111
2023-01-22 22:00:00+01:00,0.0,0.16730720327801207,0.0,0.8607565953970346
2023-01-22 23:00:00+01:00,0.0,0.1635647421780164,0.0,0.761405295846949
2023-01-23 00:00:00+01:00,0.0,0.16567587408057804,0.0,0.6693956459545298
2023-01-23 01:00:00+01:00,0.0,0.16716326246647378,0.0,0.5854447971147573
2023-01-23 02:00:00+01:00,0.0,0.17128956573057158,0.0,0.6183138690848099
2023-01-23 03:00:00+01:00,0.0,0.17407242142031196,0.0,0.5948070479270006
2023-01-23 04:00:00+01:00,0.0,0.18054975793953526,0.0,0.5563142026141463
2023-01-23 05:00:00+01:00,0.0,0.18755487743439897,0.0,0.6413180430314726
2023-01-23 06:00:00+01:00,0.0,0.18952206852542233,0.0,0.8828397438592215
2023-01-23 07:00:00+01:00,0.0,0.19830245802925836,0.0,1.0
2023-01-23 08:00:00+01:00,0.026299987908836725,0.2107773283625773,0.0,1.0
2023-01-23 09:00:00+01:00,0.07343503117402463,0.21869407299718355,0.0,1.0
2023-01-23 10:00:00+01:00,0.15445265626462296,0.22214865247410262,0.0,1.0
2023-01-23 11:00:00+01:00,0.2088287351618542,0.22517140951640685,0.0,1.0
2023-01-23 12:00:00+01:00,0.22501859784859266,0.242300366089464,0.0,1.0
2023-01-23 13:00:00+01:00,0.21811912050107965,0.26777788973174227,0.0,1.0
2023-01-23 14:00:00+01:00,0.1822555006253932,0.30347521099323954,0.0,1.0
2023-01-23 15:00:00+01:00,0.11633475171103622,0.3402280982060177,0.0,1.0
2023-01-23 16:00:00+01:00,0.05109711936573993,0.35879646289445777,0.0,1.0
2023-01-23 17:00:00+01:00,0.01864908233535695,0.3849457103239148,0.0,1.0
2023-01-23 18:00:00+01:00,0.015096876176241341,0.3896957571046785,0.0,1.0
2023-01-23 19:00:00+01:00,0.0,0.37534965622136174,0.0,1.0
2023-01-23 20:00:00+01:00,0.0,0.37520571540982345,0.0,1.0
2023-01-23 21:00:00+01:00,0.0,0.3666172469880385,0.0,0.8924158758165233
2023-01-23 22:00:00+01:00,0.0,0.37520571540982345,0.0,0.770524746901303
2023-01-23 23:00:00+01:00,0.0,0.38211487436366165,0.0,0.737082722810337
2023-01-24 00:00:00+01:00,0.0,0.37386226783546606,0.0,0.5841481429829966
2023-01-24 01:00:00+01:00,0.0,0.3747259127046958,0.0,0.5281509674241629
2023-01-24 02:00:00+01:00,0.0,0.3712713332277767,0.0,0.5262618370842996
2023-01-24 03:00:00+01:00,0.0,0.35898838397650884,0.0,0.48958435550741874
2023-01-24 04:00:00+01:00,0.0,0.32952849788167105,0.0,0.4967654984859827
2023-01-24 05:00:00+01:00,0.0,0.31244752157912664,0.0,0.542873559925843
2023-01-24 06:00:00+01:00,0.0,0.30692979047015867,0.0,0.7697776968456163
2023-01-24 07:00:00+01:00,0.0,0.304818658567597,0.0,1.0
2023-01-24 08:00:00+01:00,0.026641546193367074,0.28816950469966746,0.0,1.0
2023-01-24 09:00:00+01:00,0.0793098336679466,0.27281581813558264,0.0,1.0
2023-01-24 10:00:00+01:00,0.17610745150384696,0.24983326855996812,0.0,1.0
2023-01-24 11:00:00+01:00,0.24202820041820394,0.22665879790230256,0.0,1.0
2023-01-24 12:00:00+01:00,0.28403986941543663,0.20377220886771358,0.0,1.0
2023-01-24 13:00:00+01:00,0.28246870130659707,0.18947408825490958,0.0,1.0
2023-01-24 14:00:00+01:00,0.2374513194054973,0.17364059898569706,0.0,1.0
2023-01-24 15:00:00+01:00,0.1646310931436273,0.15713538592930587,0.0,1.0
2023-01-24 16:00:00+01:00,0.07562100419501884,0.1437009101857316,0.0,1.0
2023-01-24 17:00:00+01:00,0.02110830198397545,0.14034229124983805,0.0,1.0
2023-01-24 18:00:00+01:00,0.014960252862429203,0.13967056746265935,0.0,1.0
2023-01-24 19:00:00+01:00,0.0,0.13357707310753816,0.0,1.0
2023-01-24 20:00:00+01:00,0.0,0.1300745133601063,0.0,1.0
2023-01-24 21:00:00+01:00,0.0,0.12364515711139579,0.0,0.9982120156353826
2023-01-24 22:00:00+01:00,0.0,0.11587235328832783,0.0,0.9041026881917535
2023-01-24 23:00:00+01:00,0.0,0.1105465432614109,0.0,0.8337167844547828
2023-01-25 00:00:00+01:00,0.0,0.10507679242295567,0.0,0.7224460075875521
2023-01-25 01:00:00+01:00,0.0,0.09634438318963241,0.0,0.6580172462385613
2023-01-25 02:00:00+01:00,0.0,0.09145039559733037,0.0,0.6193989854484958
2023-01-25 03:00:00+01:00,0.0,0.08698823043964321,0.0,0.5836761399773156
2023-01-25 04:00:00+01:00,0.0,0.08953118477681976,0.0,0.5741248418999458
2023-01-25 05:00:00+01:00,0.0,0.09519285669732605,0.0,0.5771340572994017
2023-01-25 06:00:00+01:00,0.0,0.09792773211655367,0.0,0.8115509753958556
2023-01-25 07:00:00+01:00,0.0,0.10095048915885788,0.0,1.0
2023-01-25 08:00:00+01:00,0.028827519214361295,0.10167019321654935,0.0,1.0
2023-01-25 09:00:00+01:00,0.08368177970993504,0.09893531779732173,0.0,1.0
2023-01-25 10:00:00+01:00,0.16353810663313018,0.09476103426271117,0.0,1.0
2023-01-25 11:00:00+01:00,0.2200318468944496,0.08929128342425594,0.0,1.0
2023-01-25 12:00:00+01:00,0.24175495379057968,0.08526094070118367,0.0,1.0
2023-01-25 13:00:00+01:00,0.23915911082814903,0.08079877554349651,0.0,1.0
2023-01-25 14:00:00+01:00,0.20677938545467212,0.07216232685119878,0.0,1.0
2023-01-25 15:00:00+01:00,0.13607682055689027,0.07014715548966265,0.0,1.0
2023-01-25 16:00:00+01:00,0.05915789488065611,0.08195030203580288,0.0,1.0
2023-01-25 17:00:00+01:00,0.01981038050276013,0.08953118477681976,0.0,1.0
2023-01-25 18:00:00+01:00,0.014891941205523134,0.08622054611143896,0.0,1.0
2023-01-25 19:00:00+01:00,0.0,0.0923620207370729,0.0,1.0
2023-01-25 20:00:00+01:00,0.0,0.08420537474990283,0.0,0.9936701419741123
2023-01-25 21:00:00+01:00,0.0,0.07048301738325201,0.0,0.9197545823864111
2023-01-25 22:00:00+01:00,0.0,0.06347789788838828,0.0,0.8970558546832514
2023-01-25 23:00:00+01:00,0.0,0.06376577951146488,0.0,0.8249648030907698
2023-01-26 00:00:00+01:00,0.0,0.06664459574223079,0.0,0.7548470282699847
2023-01-26 01:00:00+01:00,0.0,0.07528104443452852,0.0,0.6729219678715477
2023-01-26 02:00:00+01:00,0.0,0.0860286250293879,0.0,0.6045299728017491
2023-01-26 03:00:00+01:00,0.0,0.0874200528742581,0.0,0.596297569092693
2023-01-26 04:00:00+01:00,0.0,0.09274586290117504,0.0,0.6018472083136517
2023-01-26 05:00:00+01:00,0.0,0.09778379130501537,0.0,0.6330174327776648
2023-01-26 06:00:00+01:00,0.0,0.12067038033960435,0.0,0.7906819429746736
2023-01-26 07:00:00+01:00,0.0,0.14518829857162735,0.0,0.9800402070087135
2023-01-26 08:00:00+01:00,0.03046699898010696,0.16783498625365248,0.0,1.0
2023-01-26 09:00:00+01:00,0.09467995647181221,0.17752700089723106,0.0,1.0
2023-01-26 10:00:00+01:00,0.19284380744583396,0.19153723988695848,0.0,1.0
2023-01-26 11:00:00+01:00,0.24619521148947418,0.20281260345745827,0.0,1.0
2023-01-26 12:00:00+01:00,0.2777551969800783,0.21744658596385164,0.0,0.9262544107166453
2023-01-26 13:00:00+01:00,0.2783700018922329,0.23160076576511737,0.0,0.9176867846093646
2023-01-26 14:00:00+01:00,0.24161833047676753,0.25160853856894044,0.0,0.904941298091458
2023-01-26 15:00:00+01:00,0.17357992019832238,0.2727198575945571,0.0,0.8829341423585869
2023-01-26 16:00:00+01:00,0.07958308029557087,0.28365935927146757,0.0,0.934675861690828
2023-01-26 17:00:00+01:00,0.022679470092815047,0.30390703342785447,0.0,1.0
2023-01-26 18:00:00+01:00,0.015506746117677758,0.30899294210220757,0.0,1.0
2023-01-26 19:00:00+01:00,0.0,0.3148945153752777,0.0,1.0
2023-01-26 20:00:00+01:00,0.0,0.319932443779118,0.0,0.9245094743964227
2023-01-26 21:00:00+01:00,0.0,0.3237708654201392,0.0,0.7607187886574343
2023-01-26 22:00:00+01:00,0.0,0.2968059533919652,0.0,0.7283045494917102
2023-01-26 23:00:00+01:00,0.0,0.28893718902787174,0.0,0.6776923044902765
2023-01-27 00:00:00+01:00,0.0,0.29824536150734815,0.0,0.6299822704355639
2023-01-27 01:00:00+01:00,0.0,0.3231471219034733,0.0,0.561136805890545
2023-01-27 02:00:00+01:00,0.0,0.34277105254319423,0.0,0.5459970706842334
2023-01-27 03:00:00+01:00,0.0,0.34574582931498565,0.0,0.4942087672594452
2023-01-27 04:00:00+01:00,0.0,0.33883667036114745,0.0,0.4592604046216897
2023-01-27 05:00:00+01:00,0.0,0.3363416962944837,0.0,0.506274664721657
2023-01-27 06:00:00+01:00,0.0,0.3464655333726771,0.0,0.7179973021113765
2023-01-27 07:00:00+01:00,0.0,0.37189507674444267,0.0,0.8931076980532077
2023-01-27 08:00:00+01:00,0.032106478745852624,0.38931191494057643,0.0,1.0
2023-01-27 09:00:00+01:00,0.09912021417070672,0.38758462520211684,0.0,1.0
2023-01-27 10:00:00+01:00,0.20794068362207532,0.3810593084123808,0.0,1.0
2023-01-27 11:00:00+01:00,0.2838349344447184,0.3851856116764786,0.0,1.0
2023-01-27 12:00:00+01:00,0.3042601198596332,0.3898396979162168,0.0,0.9487118244970085
2023-01-27 13:00:00+01:00,0.2903928535077011,0.38086738733032977,0.0,0.9634755635380821
2023-01-27 14:00:00+01:00,0.24551209492041348,0.36388237156881087,0.0,0.9297434153063462
2023-01-27 15:00:00+01:00,0.1679783643320247,0.34257913146114316,0.0,0.9362245823457085
2023-01-27 16:00:00+01:00,0.07562100419501884,0.3373972622457645,0.0,1.0
2023-01-27 17:00:00+01:00,0.021928041866848283,0.32708150408552,0.0,1.0
2023-01-27 18:00:00+01:00,0.014960252862429203,0.3313517481611561,0.0,1.0
2023-01-27 19:00:00+01:00,0.0,0.32357894433808815,0.0,1.0
2023-01-27 20:00:00+01:00,0.0,0.32261933892783284,0.0,0.9946653068348579
2023-01-27 21:00:00+01:00,0.0,0.322187516493218,0.0,0.7800346534273104
2023-01-27 22:00:00+01:00,0.0,0.29483876230094186,0.0,0.7048900284682514
2023-01-27 23:00:00+01:00,0.0,0.27089660731507204,0.0,0.7060421158079916
2023-01-28 00:00:00+01:00,0.0,0.2570782894073957,0.0,0.6269673724709854
2023-01-28 01:00:00+01:00,0.0,0.24426755718048737,0.0,0.5520534365948109
2023-01-28 02:00:00+01:00,0.0,0.25199238073304253,0.0,0.48316608522006543
2023-01-28 03:00:00+01:00,0.0,0.261300553212519,0.0,0.46039186006595406
2023-01-28 04:00:00+01:00,0.0,0.2537196704715021,0.0,0.4015805717102937
2023-01-28 05:00:00+01:00,0.0,0.2538636112830404,0.0,0.40431300921268204
2023-01-28 06:00:00+01:00,0.0,0.26686626459199975,0.0,0.4194035666830671
2023-01-28 07:00:00+01:00,0.0,0.2730077392176337,0.0,0.4976600870038758
2023-01-28 08:00:00+01:00,0.027597909390052047,0.2434039123112576,0.0,0.5833912083777307
2023-01-28 09:00:00+01:00,0.07732879561767059,0.23131288414204076,0.0,0.7468304868194444
2023-01-28 10:00:00+01:00,0.16189862686738452,0.21950973759590056,0.0,0.812056466516777
2023-01-28 11:00:00+01:00,0.2325328801082603,0.22809820601768552,0.0,0.8231799610542776
2023-01-28 12:00:00+01:00,0.2796679233734482,0.2395175103997236,0.0,0.791727893912423
2023-01-28 13:00:00+01:00,0.2617019576071519,0.26096469131892963,0.0,0.6700119759946892
2023-01-28 14:00:00+01:00,0.21224431800715768,0.2643233102548232,0.0,0.6129290662878211
2023-01-28 15:00:00+01:00,0.14365941447346398,0.2374543587676747,0.0,0.7114198832196026
2023-01-28 16:00:00+01:00,0.06414464583479919,0.19465595747028822,0.0,0.7783548399845226
2023-01-28 17:00:00+01:00,0.020835055356351172,0.16380464353058022,0.0,0.9208873959053574
2023-01-28 18:00:00+01:00,0.014755317891710994,0.15358484591136123,0.0,1.0
2023-01-28 19:00:00+01:00,0.0,0.14182967963573379,0.0,1.0
2023-01-28 20:00:00+01:00,0.0,0.14269332450496355,0.0,0.9125158629574344
2023-01-28 21:00:00+01:00,0.0,0.1342487968947169,0.0,0.716547309700729
2023-01-28 22:00:00+01:00,0.0,0.12330929521780642,0.0,0.7226758338741189
2023-01-28 23:00:00+01:00,0.0,0.11121826704858961,0.0,0.7393133811523229
2023-01-29 00:00:00+01:00,0.0,0.09538477777937711,0.0,0.6771917608985714
2023-01-29 01:00:00+01:00,0.0,0.08540488151272196,0.0,0.6296194980080437
2023-01-29 02:00:00+01:00,0.0,0.08449325637297943,0.0,0.5157189636007187
2023-01-29 03:00:00+01:00,0.0,0.08482911826656878,0.0,0.3974926680570344
2023-01-29 04:00:00+01:00,0.0,0.07470528118837534,0.0,0.3677896114594478
2023-01-29 05:00:00+01:00,0.0,0.06741228007043504,0.0,0.3706709402442976
2023-01-29 06:00:00+01:00,0.0,0.06688449709479462,0.0,0.3948297951740795
2023-01-29 07:00:00+01:00,0.0,0.07081887927684136,0.0,0.40941535680190744
2023-01-29 08:00:00+01:00,0.033814270168504364,0.0653971087088989,0.0,0.47808375699639366
2023-01-29 09:00:00+01:00,0.12186799592042784,0.06366981897043936,0.0,0.6004258842494394
2023-01-29 10:00:00+01:00,0.255895466770136,0.05431366622045015,0.0,0.6603793753952608
2023-01-29 11:00:00+01:00,0.36328139142647714,0.05364194243327144,0.0,0.6385180220231079
2023-01-29 12:00:00+01:00,0.4282457771441492,0.058296028673009655,0.0,0.5362479538548711
2023-01-29 13:00:00+01:00,0.426059804123155,0.06693247736530739,0.0,0.4847282746246328
2023-01-29 14:00:00+01:00,0.37154710191211154,0.07729621579606465,0.0,0.39632328275553097
2023-01-29 15:00:00+01:00,0.26709857850273144,0.08540488151272196,0.0,0.40904306734276147
2023-01-29 16:00:00+01:00,0.12097994438064893,0.09423325128707075,0.0,0.4611869800492811
2023-01-29 17:00:00+01:00,0.027871156017676323,0.10723590459603011,0.0,0.6302415053588992
2023-01-29 18:00:00+01:00,0.014687006234804924,0.13208968472164245,0.0,0.8392670414600901
2023-01-29 19:00:00+01:00,0.0,0.16346878163699086,0.0,0.8910075252236337
2023-01-29 20:00:00+01:00,0.0,0.1935524112484946,0.0,0.8123842755028172
2023-01-29 21:00:00+01:00,0.0,0.21855013218564526,0.0,0.6624051638365962
2023-01-29 22:00:00+01:00,0.0,0.22497948843435578,0.0,0.5810746832657033
2023-01-29 23:00:00+01:00,0.0,0.24095691851510656,0.0,0.49547836664027445
2023-01-30 00:00:00+01:00,0.0,0.2581818356291893,0.0,0.5105466838741066
2023-01-30 01:00:00+01:00,0.0,0.28063660222916337,0.0,0.4034913297567879
2023-01-30 02:00:00+01:00,0.0,0.30721767209323525,0.0,0.3476855500944912
2023-01-30 03:00:00+01:00,0.0,0.3149904759163032,0.0,0.31268492079906574
2023-01-30 04:00:00+01:00,0.0,0.30856111966759264,0.0,0.3124678229718526
2023-01-30 05:00:00+01:00,0.0,0.3178213118765563,0.0,0.37424421377181616
2023-01-30 06:00:00+01:00,0.0,0.3333189392521795,0.0,0.601746264452846
2023-01-30 07:00:00+01:00,0.0,0.3361497752124326,0.0,0.7973322709284465
2023-01-30 08:00:00+01:00,0.03593193153259251,0.31441471267015003,0.0,0.9258050207198971
2023-01-30 09:00:00+01:00,0.13081682297512293,0.3050585599201608,0.0,0.9375187653400745
2023-01-30 10:00:00+01:00,0.2629315674314612,0.28912911010992276,0.0,0.9648128689308721
2023-01-30 11:00:00+01:00,0.3437442575513413,0.27492695003814427,0.0,0.813160238916908
2023-01-30 12:00:00+01:00,0.3967541033104512,0.27200015353686563,0.0,0.7210858441738603
2023-01-30 13:00:00+01:00,0.4089818898966376,0.26571473809969337,0.0,0.6799668255210195
2023-01-30 14:00:00+01:00,0.3842530700966405,0.26772990946122954,0.0,0.667112236185363
2023-01-30 15:00:00+01:00,0.2827419479342213,0.25587878264457653,0.0,0.728177408421864
2023-01-30 16:00:00+01:00,0.13423240582042642,0.21490363162667508,0.0,0.8762358827464383
2023-01-30 17:00:00+01:00,0.033131153599443665,0.18155734362030332,0.0,1.0
2023-01-30 18:00:00+01:00,0.014891941205523134,0.16087784702930155,0.0,1.0
2023-01-30 19:00:00+01:00,0.0,0.14917066102418686,0.0,1.0
2023-01-30 20:00:00+01:00,0.0,0.13938268583958274,0.0,1.0
2023-01-30 21:00:00+01:00,0.0,0.1232133346767809,0.0,0.9087738065423119
2023-01-30 22:00:00+01:00,0.0,0.10857935217038753,0.0,0.8830105078602826
2023-01-30 23:00:00+01:00,0.0,0.0986954164447579,0.0,0.844101755411494
2023-01-31 00:00:00+01:00,0.0,0.09456911318066011,0.0,0.6937396016858038
2023-01-31 01:00:00+01:00,0.0,0.09879137698578344,0.0,0.5896781408652081
2023-01-31 02:00:00+01:00,0.0,0.11155412894217896,0.0,0.5490266782216229
2023-01-31 03:00:00+01:00,0.0,0.12738761821139147,0.0,0.4794203220988506
2023-01-31 04:00:00+01:00,0.0,0.13703165258445726,0.0,0.4699282088129708
2023-01-31 05:00:00+01:00,0.0,0.14758731209726558,0.0,0.5198324466786698
2023-01-31 06:00:00+01:00,0.0,0.16274907757929938,0.0,0.6809737282843902
2023-01-31 07:00:00+01:00,0.0,0.17685527711005233,0.0,0.8884367074630606
2023-01-31 08:00:00+01:00,0.035795308218780374,0.17594365197030978,0.0,0.998003199271098
2023-01-31 09:00:00+01:00,0.13027032971987437,0.1735926187151843,0.0,0.9767183822199661
2023-01-31 10:00:00+01:00,0.26853312329775886,0.1867871931061947,0.0,0.851504933237634
2023-01-31 11:00:00+01:00,0.3567234723634945,0.2087141767305284,0.0,0.6573320971237282
2023-01-31 12:00:00+01:00,0.4045416321977431,0.24786607746894476,0.0,0.5795213878539865
2023-01-31 13:00:00+01:00,0.40303877574580954,0.28337147764839093,0.0,0.5258855959070926
2023-01-31 14:00:00+01:00,0.33588841700714334,0.294598860948378,0.0,0.5216822838321856
2023-01-31 15:00:00+01:00,0.23307937336350887,0.288265465240693,0.0,0.6179467721668489
2023-01-31 16:00:00+01:00,0.11086981915855067,0.26758596864969125,0.0,0.6795680938408641
2023-01-31 17:00:00+01:00,0.028964142528173434,0.2540075520945787,0.0,0.7962258996305096
2023-01-31 18:00:00+01:00,0.014687006234804924,0.25228026235611917,0.0,0.8622027585956056
2023-01-31 19:00:00+01:00,0.0,0.2610606518599552,0.0,0.936698316198451
2023-01-31 20:00:00+01:00,0.0,0.27099256785609754,0.0,0.8402939583345879
2023-01-31 21:00:00+01:00,0.0,0.2741112854394273,0.0,0.7924084682704198
2023-01-31 22:00:00+01:00,0.0,0.2768461608586549,0.0,0.7093729623500007
2023-01-31 23:00:00+01:00,0.0,0.2937352160791482,0.0,0.6647102013123939
2023-02-01 00:00:00+01:00,0.0,0.3147505745637394,0.0,0.5641530671842321
2023-02-01 01:00:00+01:00,0.0,0.31945264107399035,0.0,0.4987117205067479
2023-02-01 02:00:00+01:00,0.0,0.3275133265201349,0.0,0.49396029019085974
2023-02-01 03:00:00+01:00,0.0,0.32957647815218377,0.0,0.38223740192309064
2023-02-01 04:00:00+01:00,0.0,0.32348298379706264,0.0,0.40629716109068625
2023-02-01 05:00:00+01:00,0.0,0.3229552008214222,0.0,0.4263026219718208
2023-02-01 06:00:00+01:00,0.0,0.3097606264304118,0.0,0.5214465299685274
2023-02-01 07:00:00+01:00,0.0,0.31024042913553945,0.0,0.7223995512554158
2023-02-01 08:00:00+01:00,0.032311413716570835,0.31254348212015215,0.0,0.8259696074891256
2023-02-01 09:00:00+01:00,0.11196280566904777,0.3120636794150245,0.0,0.8400869953233492
2023-02-01 10:00:00+01:00,0.23547028135522127,0.2991569866470907,0.0,0.8249632000041192
2023-02-01 11:00:00+01:00,0.3268029666386361,0.32319510217398606,0.0,0.7556525280812552
2023-02-01 12:00:00+01:00,0.3843896934104526,0.3583166601893301,0.0,0.6411380175196075
2023-02-01 13:00:00+01:00,0.38807852288338035,0.3805315254367404,0.0,0.5360104691441511
2023-02-01 14:00:00+01:00,0.34524711400327485,0.3968927976815933,0.0,0.5044969910853805
2023-02-01 15:00:00+01:00,0.2546658569458268,0.4084560428751697,0.0,0.5096376413042247
2023-02-01 16:00:00+01:00,0.13382253587898998,0.3931983168521104,0.0,0.5365320226581385
2023-02-01 17:00:00+01:00,0.034838945022095405,0.3744380310816192,0.0,0.6371231349254785
2023-02-01 18:00:00+01:00,0.014891941205523134,0.3814431505764829,0.0,0.8889699988796731
2023-02-01 19:00:00+01:00,0.0,0.39267053387646994,0.0,0.9813395825442646
2023-02-01 20:00:00+01:00,0.0,0.3745819718931575,0.0,0.8129207783471575
2023-02-01 21:00:00+01:00,0.0,0.3585085812713812,0.0,0.6741642569806235
2023-02-01 22:00:00+01:00,0.0,0.3565413901803578,0.0,0.6258568044430188
2023-02-01 23:00:00+01:00,0.0,0.35361459367907916,0.0,0.5900876251456867
2023-02-02 00:00:00+01:00,0.0,0.3473771585124197,0.0,0.45291824956963656
2023-02-02 01:00:00+01:00,0.0,0.3303921427509008,0.0,0.38401545358617384
2023-02-02 02:00:00+01:00,0.0,0.30611412587144166,0.0,0.35299535597331955
2023-02-02 03:00:00+01:00,0.0,0.2968059533919652,0.0,0.3057344669033862
2023-02-02 04:00:00+01:00,0.0,0.2807325627701889,0.0,0.30073900126091124
2023-02-02 05:00:00+01:00,0.0,0.26950517947020186,0.0,0.33383764925113524
2023-02-02 06:00:00+01:00,0.0,0.2644192707958487,0.0,0.4662402724085643
2023-02-02 07:00:00+01:00,0.015575057774583827,0.26696222513302525,0.0,0.652222714149125
2023-02-02 08:00:00+01:00,0.038664397808835294,0.264371290525336,0.0,0.6885393939030895
2023-02-02 09:00:00+01:00,0.1459136991513643,0.24997720937150641,0.0,0.6786104913194044
2023-02-02 10:00:00+01:00,0.26764507175797997,0.23721445741511088,0.0,0.6524168261950255
2023-02-02 11:00:00+01:00,0.39743721987951186,0.2542474534471425,0.0,0.589475992368348
2023-02-02 12:00:00+01:00,0.44484550977232407,0.26787385027276783,0.0,0.5716213678878068
2023-02-02 13:00:00+01:00,0.4586444644673501,0.2824598525086484,0.0,0.5040632907093184
2023-02-02 14:00:00+01:00,0.4099382530933226,0.2973337363676056,0.0,0.49671237428642184
2023-02-02 15:00:00+01:00,0.30706089779278206,0.290520537954793,0.0,0.524801347594151
2023-02-02 16:00:00+01:00,0.16811498764583685,0.2862023136086441,0.0,0.5883795108744168
2023-02-02 17:00:00+01:00,0.04529062852872402,0.2867300965842845,0.0,0.7434095662685107
2023-02-02 18:00:00+01:00,0.01748778416795377,0.2977175785317077,0.0,0.8518491773891199
2023-02-02 19:00:00+01:00,0.0,0.29853324313042473,0.0,0.8511816990084302
2023-02-02 20:00:00+01:00,0.0,0.29718979555606734,0.0,0.7152689440874601
2023-02-02 21:00:00+01:00,0.0,0.31024042913553945,0.0,0.5547937827877478
2023-02-02 22:00:00+01:00,0.0,0.2976216179906822,0.0,0.44326463904792596
2023-02-02 23:00:00+01:00,0.0,0.2855785700919782,0.0,0.43234588665066465
2023-02-03 00:00:00+01:00,0.0,0.2853866490099271,0.0,0.35495664457599546
2023-02-03 01:00:00+01:00,0.0,0.29301551202145676,0.0,0.3045251706311865
2023-02-03 02:00:00+01:00,0.0,0.3109121529227182,0.0,0.2537148566113647
2023-02-03 03:00:00+01:00,0.0,0.29306349229196954,0.0,0.2079044552304432
2023-02-03 04:00:00+01:00,0.0,0.28087650358172717,0.0,0.19845595962135182
2023-02-03 05:00:00+01:00,0.0,0.2672501067561019,0.0,0.20705744136182608
2023-02-03 06:00:00+01:00,0.0,0.28198004980352076,0.0,0.3211942249111738
2023-02-03 07:00:00+01:00,0.01755609582485984,0.2873058598304377,0.0,0.4780899348398806
2023-02-03 08:00:00+01:00,0.04488075858728761,0.2873058598304377,0.0,0.6308353396416835
2023-02-03 09:00:00+01:00,0.17720043801434407,0.27775778599839746,0.0,0.5926028370604508
2023-02-03 10:00:00+01:00,0.35214659135078785,0.2795330560073698,0.0,0.5718137490866456
2023-02-03 11:00:00+01:00,0.4439574582325452,0.2917680249881249,0.0,0.47794635335016183
2023-02-03 12:00:00+01:00,0.48528601066071714,0.3058262442483651,0.0,0.38208752008390057
2023-02-03 13:00:00+01:00,0.49375665611706976,0.31657382484322444,0.0,0.3185868301136167
2023-02-03 14:00:00+01:00,0.44771459936237895,0.29402309770222484,0.0,0.2741652604928222
2023-02-03 15:00:00+01:00,0.34613516554305374,0.27579059490737406,0.0,0.2764030819805968
2023-02-03 16:00:00+01:00,0.1885401730607516,0.26374754700867004,0.0,0.3330663778454384
2023-02-03 17:00:00+01:00,0.05089218439502172,0.2583257764407276,0.0,0.413267384085524
2023-02-03 18:00:00+01:00,0.01981038050276013,0.24637868908304902,0.0,0.6027345059253448
2023-02-03 19:00:00+01:00,0.0,0.22862598899332592,0.0,0.6766407987478156
2023-02-03 20:00:00+01:00,0.0,0.21178491404334537,0.0,0.6061220661214493
2023-02-03 21:00:00+01:00,0.0,0.19921408316900088,0.0,0.514995634362251
2023-02-03 22:00:00+01:00,0.0,0.18069369875107355,0.0,0.4840142121513955
2023-02-03 23:00:00+01:00,0.0,0.16327686055493978,0.0,0.4436660921318715
2023-02-04 00:00:00+01:00,0.0,0.1515696745498251,0.0,0.35357003894129446
2023-02-04 01:00:00+01:00,0.0,0.1477312529088039,0.0,0.28374831583837073
2023-02-04 02:00:00+01:00,0.0,0.1437009101857316,0.0,0.2245370602338576
2023-02-04 03:00:00+01:00,0.0,0.14043825179086358,0.0,0.20501694860210642
2023-02-04 04:00:00+01:00,0.0,0.13468061932933176,0.0,0.20652835192966995
2023-02-04 05:00:00+01:00,0.0,0.12791540118703187,0.0,0.21310107881304974
2023-02-04 06:00:00+01:00,0.0,0.12244565034857666,0.0,0.2340396758536651
2023-02-04 07:00:00+01:00,0.020425185414914757,0.12105422250370647,0.0,0.30156389739895983
2023-02-04 08:00:00+01:00,0.045017381901099746,0.11457688598448318,0.0,0.4011355062039864
2023-02-04 09:00:00+01:00,0.15506746117677758,0.10819551000628541,0.0,0.4870504875562095
2023-02-04 10:00:00+01:00,0.28977804859554646,0.10152625240501105,0.0,0.5039643174531167
2023-02-04 11:00:00+01:00,0.3586361987568644,0.0969201464357856,0.0,0.40861455425345783
2023-02-04 12:00:00+01:00,0.3947047536032691,0.09821561373963025,0.0,0.41292277241608477
2023-02-04 13:00:00+01:00,0.3973005965656997,0.10464496998834079,0.0,0.3976943212755302
2023-02-04 14:00:00+01:00,0.3681315190668081,0.11188999083576832,0.0,0.30954164094151704
2023-02-04 15:00:00+01:00,0.2828102595911274,0.11515264923063635,0.0,0.28376067152534457
2023-02-04 16:00:00+01:00,0.1498757752519163,0.12273353197165325,0.0,0.31640597254633285
2023-02-04 17:00:00+01:00,0.04194335734032662,0.12786742091651912,0.0,0.46676763099365876
2023-02-04 18:00:00+01:00,0.019742068845854062,0.13549628392804877,0.0,0.6785431528253969
2023-02-04 19:00:00+01:00,0.0,0.1485469175075209,0.0,0.663998860242947
2023-02-04 20:00:00+01:00,0.0,0.16337282109596532,0.0,0.5353251975233335
2023-02-04 21:00:00+01:00,0.0,0.1660117359741674,0.0,0.3579567157162053
2023-02-04 22:00:00+01:00,0.0,0.15631972133058886,0.0,0.3630358325121492
2023-02-04 23:00:00+01:00,0.0,0.15967834026648242,0.0,0.2973730635170111
2023-02-05 00:00:00+01:00,0.0,0.16399656461263126,0.0,0.2925226599449211
2023-02-05 01:00:00+01:00,0.0,0.15468839213315483,0.0,0.2658497009086614
2023-02-05 02:00:00+01:00,0.0,0.15300908266520805,0.0,0.24064749393893597
2023-02-05 03:00:00+01:00,0.0,0.16270109730878662,0.0,0.2032434716958596
2023-02-05 04:00:00+01:00,0.0,0.1752239479126183,0.0,0.1914770876456324
2023-02-05 05:00:00+01:00,0.0,0.18592354823696494,0.0,0.1923536326570024
2023-02-05 06:00:00+01:00,0.0,0.21264855891257514,0.0,0.20164162158699153
2023-02-05 07:00:00+01:00,0.020698432042539034,0.24268420825356612,0.0,0.23600257279741832
2023-02-05 08:00:00+01:00,0.04453920030275726,0.27276783786506986,0.0,0.2547975018376558
2023-02-05 09:00:00+01:00,0.13218305611324432,0.31364702834194574,0.0,0.27768305593494286
2023-02-05 10:00:00+01:00,0.24667339308781666,0.33087194545602844,0.0,0.28467712750741075
2023-02-05 11:00:00+01:00,0.31976686597731097,0.3653697599547066,0.0,0.2592689428287486
2023-02-05 12:00:00+01:00,0.3754408663557575,0.4311986910982204,0.0,0.23011820645659956
2023-02-05 13:00:00+01:00,0.3891031977369714,0.4634894131533113,0.0,0.2122349136296231
2023-02-05 14:00:00+01:00,0.3514634747817272,0.4651687226212581,0.0,0.21669399893374208
2023-02-05 15:00:00+01:00,0.2639562422850522,0.43287800056616715,0.0,0.2061689134358621
2023-02-05 16:00:00+01:00,0.15083213844860127,0.39914787039569327,0.0,0.2338125709708885
2023-02-05 17:00:00+01:00,0.04296803219391766,0.37232689917905754,0.0,0.3207874620344854
2023-02-05 18:00:00+01:00,0.019468822218229785,0.39238265225339336,0.0,0.47604499508373566
2023-02-05 19:00:00+01:00,0.0,0.4221784002418205,0.0,0.5663802638320945
2023-02-05 20:00:00+01:00,0.0,0.4485195687533286,0.0,0.4808640141600268
2023-02-05 21:00:00+01:00,0.0,0.45317365499306683,0.0,0.3685596472964472
2023-02-05 22:00:00+01:00,0.0,0.4262567232354056,0.0,0.33921516639635085
2023-02-05 23:00:00+01:00,0.0,0.395117527672621,0.0,0.26170680919394185
2023-02-06 00:00:00+01:00,0.0,0.3686324183495746,0.0,0.25722980814371077
2023-02-06 01:00:00+01:00,0.0,0.3510236590713898,0.0,0.25346390315095796
2023-02-06 02:00:00+01:00,0.0,0.3311598270791051,0.0,0.24161819243770266
2023-02-06 03:00:00+01:00,0.0,0.3199804240496308,0.0,0.22507096943481886
2023-02-06 04:00:00+01:00,0.0,0.3059222047893906,0.0,0.20694104763787644
2023-02-06 05:00:00+01:00,0.0,0.2925357093163291,0.0,0.26148217544856
2023-02-06 06:00:00+01:00,0.0,0.2807325627701889,0.0,0.4500818965362568
2023-02-06 07:00:00+01:00,0.019332198904417647,0.28130832601634204,0.0,0.7454127469553399
2023-02-06 08:00:00+01:00,0.0431046555077298,0.2551110983163723,0.0,0.9734636561676839
2023-02-06 09:00:00+01:00,0.1748778416795377,0.22152490895743668,0.0,1.0
2023-02-06 10:00:00+01:00,0.3675167141546535,0.19072157528824146,0.0,0.832875458405715
2023-02-06 11:00:00+01:00,0.4906143198993906,0.19321654935490526,0.0,0.6621671838475119
2023-02-06 12:00:00+01:00,0.5415065042944123,0.18505990336773517,0.0,0.5831626229142879
2023-02-06 13:00:00+01:00,0.5482010466712071,0.18275685038312245,0.0,0.49745435956133466
2023-02-06 14:00:00+01:00,0.49601094079497005,0.19815851721772007,0.0,0.4655682192710382
2023-02-06 15:00:00+01:00,0.3840481351259223,0.2206612640882069,0.0,0.5610127537424423
2023-02-06 16:00:00+01:00,0.2063695155132357,0.24445947826253842,0.0,0.6463261146273167
2023-02-06 17:00:00+01:00,0.0554007537508223,0.24690647205868946,0.0,0.8498018890015647
2023-02-06 18:00:00+01:00,0.018580770678450882,0.27415926570994004,0.0,0.9648196645587077
2023-02-06 19:00:00+01:00,0.0,0.31326318617784366,0.0,1.0
2023-02-06 20:00:00+01:00,0.0,0.33571795277781774,0.0,0.8463036176466334
2023-02-06 21:00:00+01:00,0.0,0.343634697412424,0.0,0.6213321062375273
2023-02-06 22:00:00+01:00,0.0,0.325450174888086,0.0,0.5832146393055625
2023-02-06 23:00:00+01:00,0.0,0.3115358964393841,0.0,0.6061055084500189
2023-02-07 00:00:00+01:00,0.0,0.32055618729578395,0.0,0.5514762824894411
2023-02-07 01:00:00+01:00,0.0,0.33970031523037725,0.0,0.4873778012638853
2023-02-07 02:00:00+01:00,0.0,0.35783685748420246,0.0,0.45097524423102586
2023-02-07 03:00:00+01:00,0.0,0.3625869042649662,0.0,0.4425214182043158
2023-02-07 04:00:00+01:00,0.0,0.36119547642009603,0.0,0.45510083798398204
2023-02-07 05:00:00+01:00,0.0,0.3565893704508706,0.0,0.46706825746835645
2023-02-07 06:00:00+01:00,0.0,0.35702119288548545,0.0,0.6350033155027307
2023-02-07 07:00:00+01:00,0.019673757188947993,0.359564147222662,0.0,0.8816813561700101
2023-02-07 08:00:00+01:00,0.044334265332039054,0.3461296714790878,0.0,0.9504033810968481
2023-02-07 09:00:00+01:00,0.15342798141103192,0.31215963995605006,0.0,0.9194755836183444
2023-02-07 10:00:00+01:00,0.29777051245355657,0.28927305092146105,0.0,0.7047349593423031
2023-02-07 11:00:00+01:00,0.40679591687564337,0.2690253767650742,0.0,0.5240828328700619
2023-02-07 12:00:00+01:00,0.47114549768116076,0.24522716259074268,0.0,0.5180112726171626
2023-02-07 13:00:00+01:00,0.4813922462170712,0.23462352280742158,0.0,0.5168527624219668
2023-02-07 14:00:00+01:00,0.44750966439166073,0.22258047490871752,0.0,0.5035885662998473
2023-02-07 15:00:00+01:00,0.3274860832076968,0.21111319025616665,0.0,0.5985865494298513
2023-02-07 16:00:00+01:00,0.17897654109390188,0.2065070842869412,0.0,0.8286402665566448
2023-02-07 17:00:00+01:00,0.04877452303093356,0.20410807076130294,0.0,0.9585967418859522
2023-02-07 18:00:00+01:00,0.01871739399226302,0.22085318517025798,0.0,1.0
2023-02-07 19:00:00+01:00,0.0,0.2500731699125319,0.0,1.0
2023-02-07 20:00:00+01:00,0.0,0.2694092189291763,0.0,1.0
2023-02-07 21:00:00+01:00,0.0,0.2548232166932957,0.0,0.8117921668126677
2023-02-07 22:00:00+01:00,0.0,0.22761840331255787,0.0,0.7019981973494738
2023-02-07 23:00:00+01:00,0.0,0.20449191292540506,0.0,0.6241181684722675
2023-02-08 00:00:00+01:00,0.0,0.18347655444081393,0.0,0.5560993309123591
2023-02-08 01:00:00+01:00,0.0,0.17244109222287793,0.0,0.5519193721367179
2023-02-08 02:00:00+01:00,0.0,0.16874661139339503,0.0,0.5714344189876952
2023-02-08 03:00:00+01:00,0.0,0.16001420216007176,0.0,0.5875496724615786
2023-02-08 04:00:00+01:00,0.0,0.154448490780591,0.0,0.5194338375044989
2023-02-08 05:00:00+01:00,0.0,0.1653400121869887,0.0,0.5542093377761782
2023-02-08 06:00:00+01:00,0.0,0.15569597781392291,0.0,0.7745464303776944
2023-02-08 07:00:00+01:00,0.020220250444196546,0.16164553135750578,0.0,0.9918498412177759
2023-02-08 08:00:00+01:00,0.060524128018777504,0.17891842874210123,0.0,1.0
2023-02-08 09:00:00+01:00,0.2255650911038412,0.1762315335933864,0.0,1.0
2023-02-08 10:00:00+01:00,0.42182448139497863,0.13851904097035297,0.0,0.7571185828849687
2023-02-08 11:00:00+01:00,0.5474496184452403,0.10642023999731309,0.0,0.5722054401269966
2023-02-08 12:00:00+01:00,0.6025771255684383,0.08977108612938359,0.0,0.579990429698335
2023-02-08 13:00:00+01:00,0.5990932310662288,0.07748813687811572,0.0,0.5002294241837828
2023-02-08 14:00:00+01:00,0.5300984575910986,0.07374567577812004,0.0,0.4702771449728509
2023-02-08 15:00:00+01:00,0.4013992959800639,0.07221030712171154,0.0,0.5323444002039175
2023-02-08 16:00:00+01:00,0.21572821250936722,0.07101080035889241,0.0,0.6745363014278007
2023-02-08 17:00:00+01:00,0.05676698688894369,0.07177848468709666,0.0,0.8321983404874149
2023-02-08 18:00:00+01:00,0.015028564519335272,0.09288980371271333,0.0,0.956395247168766
2023-02-08 19:00:00+01:00,0.0,0.11424102409089382,0.0,1.0
2023-02-08 20:00:00+01:00,0.0,0.12993057254856802,0.0,0.8684072754983114
2023-02-08 21:00:00+01:00,0.0,0.1463398250639337,0.0,0.6816074735378708
2023-02-08 22:00:00+01:00,0.0,0.13866298178189126,0.0,0.660737083042007
2023-02-08 23:00:00+01:00,0.0,0.1199026960114001,0.0,0.6777170211186508
2023-02-09 00:00:00+01:00,0.0,0.10886723379346412,0.0,0.5959807629733715
2023-02-09 01:00:00+01:00,0.0,0.10320556187295783,0.0,0.5124187612641754
2023-02-09 02:00:00+01:00,0.0,0.09418527101655798,0.0,0.4485676492989186
2023-02-09 03:00:00+01:00,0.0,0.08358163123323689,0.0,0.4733471535048741
2023-02-09 04:00:00+01:00,0.0,0.07633661038580936,0.0,0.49220534681507366
2023-02-09 05:00:00+01:00,0.0,0.06985927386658605,0.0,0.4936275389300301
2023-02-09 06:00:00+01:00,0.0,0.06563701006146272,0.0,0.6974390309808667
2023-02-09 07:00:00+01:00,0.016258174343644523,0.06064706192813515,0.0,0.8926092528265173
2023-02-09 08:00:00+01:00,0.05649374026131941,0.05594499541788416,0.0,1.0
2023-02-09 09:00:00+01:00,0.21661626404914613,0.04716460591404814,0.0,0.9779505365130674
2023-02-09 10:00:00+01:00,0.40652267024801914,0.04428578968328223,0.0,0.8201808752163697
2023-02-09 11:00:00+01:00,0.5354950784866782,0.04035140750123549,0.0,0.621729107070621
2023-02-09 12:00:00+01:00,0.5818786935258993,0.03526549882688238,0.0,0.47368583234279527
2023-02-09 13:00:00+01:00,0.5532561092822562,0.033058406383295186,0.0,0.444797047043345
2023-02-09 14:00:00+01:00,0.4869254904264628,0.03281850503073136,0.0,0.4987125833030654
2023-02-09 15:00:00+01:00,0.366082169359626,0.03320234719483348,0.0,0.47665365619088873
2023-02-09 16:00:00+01:00,0.20534484065964467,0.034257913146114316,0.0,0.667497749382227
2023-02-09 17:00:00+01:00,0.053214780729828076,0.03584126207303556,0.0,0.8370351528038336
2023-02-09 18:00:00+01:00,0.015438434460771689,0.039391802090980185,0.0,1.0
2023-02-09 19:00:00+01:00,0.0,0.04428578968328223,0.0,1.0
2023-02-09 20:00:00+01:00,0.0,0.04654086239738219,0.0,1.0
2023-02-09 21:00:00+01:00,0.0,0.045149434552512004,0.0,0.8517247524686373
2023-02-09 22:00:00+01:00,0.0,0.043758006707641815,0.0,0.7399568884493981
2023-02-09 23:00:00+01:00,0.0,0.04342214481405246,0.0,0.6293897942274613
2023-02-10 00:00:00+01:00,0.0,0.04241455913328439,0.0,0.5503020774191325
2023-02-10 01:00:00+01:00,0.0,0.04241455913328439,0.0,0.470697749371606
2023-02-10 02:00:00+01:00,0.0,0.04409386860123117,0.0,0.38423217864100706
2023-02-10 03:00:00+01:00,0.0,0.04457367130635882,0.0,0.3472040300571845
2023-02-10 04:00:00+01:00,0.0,0.04668480320892049,0.0,0.36894787664267475
2023-02-10 05:00:00+01:00,0.0,0.04865199429994386,0.0,0.38674628274748485
2023-02-10 06:00:00+01:00,0.0,0.04802825078327791,0.0,0.6187562236961803
2023-02-10 07:00:00+01:00,0.016872979255799146,0.05488942946660333,0.0,0.9144064791323907
2023-02-10 08:00:00+01:00,0.06148049121546248,0.0642935624871053,0.0,1.0
2023-02-10 09:00:00+01:00,0.2341040482170999,0.06774814196402439,0.0,1.0
2023-02-10 10:00:00+01:00,0.4226442212778515,0.0609829238217245,0.0,0.7247533936947601
2023-02-10 11:00:00+01:00,0.5303717042187229,0.05656873893455011,0.0,0.5350144362326613
2023-02-10 12:00:00+01:00,0.5846111598021421,0.05786420623839477,0.0,0.4251090153203073
2023-02-10 13:00:00+01:00,0.5911690788651247,0.062134450314030865,0.0,0.3562468705978738
2023-02-10 14:00:00+01:00,0.5429410490894397,0.06736429979992227,0.0,0.35931020600804575
2023-02-10 15:00:00+01:00,0.42496681761265787,0.07499316281145192,0.0,0.36480028766513445
2023-02-10 16:00:00+01:00,0.24421417343919816,0.07753611714862847,0.0,0.45446449383269566
2023-02-10 17:00:00+01:00,0.06776516365082086,0.07374567577812004,0.0,0.5581797346427749
2023-02-10 18:00:00+01:00,0.014891941205523134,0.07806390012426889,0.0,0.7583792777640941
2023-02-10 19:00:00+01:00,0.0,0.08785187530887298,0.0,0.8069148257412042
2023-02-10 20:00:00+01:00,0.0,0.10061462726526851,0.0,0.7166460326905353
2023-02-10 21:00:00+01:00,0.0,0.11131422758961514,0.0,0.5836944284958075
2023-02-10 22:00:00+01:00,0.0,0.11654407707550654,0.0,0.5222095199112957
2023-02-10 23:00:00+01:00,0.0,0.11544053085371295,0.0,0.46835242815273226
2023-02-11 00:00:00+01:00,0.0,0.11500870841909806,0.0,0.40281507463480537
2023-02-11 01:00:00+01:00,0.0,0.10805156919474711,0.0,0.34302493407786083
2023-02-11 02:00:00+01:00,0.0,0.10507679242295567,0.0,0.32205853674155427
2023-02-11 03:00:00+01:00,0.0,0.10152625240501105,0.0,0.2699675084770534
2023-02-11 04:00:00+01:00,0.0,0.08881148071912828,0.0,0.23545778849014948
2023-02-11 05:00:00+01:00,0.0,0.08492507880759431,0.0,0.24212948862973108
2023-02-11 06:00:00+01:00,0.0,0.08545286178323473,0.0,0.32370276895851335
2023-02-11 07:00:00+01:00,0.016804667598893076,0.08823571747297511,0.0,0.44454337743357464
2023-02-11 08:00:00+01:00,0.0654425673160145,0.09145039559733037,0.0,0.45394578422848286
2023-02-11 09:00:00+01:00,0.24469235503754067,0.08833167801400063,0.0,0.4505127530025441
2023-02-11 10:00:00+01:00,0.4442307048601694,0.07331385334350514,0.0,0.3888909360501647
2023-02-11 11:00:00+01:00,0.5675332455756247,0.06352587815890105,0.0,0.3856108755851595
2023-02-11 12:00:00+01:00,0.6241636091507563,0.06155868706787768,0.0,0.3222713100783266
2023-02-11 13:00:00+01:00,0.6234804925816956,0.06165464760890321,0.0,0.2861189662155409
2023-02-11 14:00:00+01:00,0.5587893534916478,0.057672285156343706,0.0,0.24352573380204234
2023-02-11 15:00:00+01:00,0.43302759312757405,0.051482830260197,0.0,0.25286475382100415
2023-02-11 16:00:00+01:00,0.24961079433477765,0.053162139728143785,0.0,0.28351218920233257
2023-02-11 17:00:00+01:00,0.07056594158396971,0.062038489773005336,0.0,0.35675483285619
2023-02-11 18:00:00+01:00,0.015028564519335272,0.08684428962810492,0.0,0.5905653107164902
2023-02-11 19:00:00+01:00,0.0,0.11664003761653208,0.0,0.6045013097097405
2023-02-11 20:00:00+01:00,0.0,0.1463398250639337,0.0,0.46642350934815713
2023-02-11 21:00:00+01:00,0.0,0.16721124273698654,0.0,0.42762361470514937
2023-02-11 22:00:00+01:00,0.0,0.16913045355749715,0.0,0.3609106980422321
2023-02-11 23:00:00+01:00,0.0,0.1615015905459675,0.0,0.3031909541601399
2023-02-12 00:00:00+01:00,0.0,0.15929449810238028,0.0,0.2750243850364444
2023-02-12 01:00:00+01:00,0.0,0.15655962268315268,0.0,0.2559502069617446
2023-02-12 02:00:00+01:00,0.0,0.16236523541519726,0.0,0.2572106568289013
2023-02-12 03:00:00+01:00,0.0,0.1595343994549441,0.0,0.2475277654308334
2023-02-12 04:00:00+01:00,0.0,0.15449647105110378,0.0,0.2391926817594833
2023-02-12 05:00:00+01:00,0.0,0.14705952912162518,0.0,0.23750903385019234
2023-02-12 06:00:00+01:00,0.0,0.1427413047754763,0.0,0.25324668281776036
2023-02-12 07:00:00+01:00,0.017077914226517353,0.13885490286394234,0.0,0.2513618769683379
2023-02-12 08:00:00+01:00,0.06434958080551739,0.13434475743574242,0.0,0.27392888884481514
2023-02-12 09:00:00+01:00,0.23348924330494528,0.11879914978960651,0.0,0.35584777139976526
2023-02-12 10:00:00+01:00,0.4268112323491217,0.10454900944731525,0.0,0.3994435820861937
2023-02-12 11:00:00+01:00,0.5496355914662345,0.10099846942937063,0.0,0.28377216441600095
2023-02-12 12:00:00+01:00,0.6081786814347361,0.09653630427168347,0.0,0.35483382799659013
2023-02-12 13:00:00+01:00,0.6094082912590453,0.08770793449733469,0.0,0.3066305360019455
2023-02-12 14:00:00+01:00,0.55701325041209,0.08238212447041776,0.0,0.24931471108676703
2023-02-12 15:00:00+01:00,0.44149823858392667,0.07993513067426673,0.0,0.25809955752724517
2023-02-12 16:00:00+01:00,0.25808143979113024,0.08036695310888162,0.0,0.2848303432803131
2023-02-12 17:00:00+01:00,0.07425477105689746,0.08977108612938359,0.0,0.3651119117521242
2023-02-12 18:00:00+01:00,0.014823629548617065,0.11759964302678738,0.0,0.5094200481986473
2023-02-12 19:00:00+01:00,0.0,0.15368080645238677,0.0,0.5557681879926066
2023-02-12 20:00:00+01:00,0.0,0.17699921792159062,0.0,0.45960996382034514
2023-02-12 21:00:00+01:00,0.0,0.18697911418824578,0.0,0.3465793013025388
2023-02-12 22:00:00+01:00,0.0,0.1817012844318416,0.0,0.30688927039248987
2023-02-12 23:00:00+01:00,0.0,0.18294877146517352,0.0,0.28064247581412344
2023-02-13 00:00:00+01:00,0.0,0.18290079119466074,0.0,0.22871010087567872
2023-02-13 01:00:00+01:00,0.0,0.17843862603697358,0.0,0.20938744047796692
2023-02-13 02:00:00+01:00,0.0,0.17848660630748636,0.0,0.19809046579004147
2023-02-13 03:00:00+01:00,0.0,0.1712415854600588,0.0,0.19929926678387683
2023-02-13 04:00:00+01:00,0.0,0.16130966946391642,0.0,0.2034600742447085
2023-02-13 05:00:00+01:00,0.0,0.16226927487417173,0.0,0.23934589753238567
2023-02-13 06:00:00+01:00,0.0,0.1584308532331505,0.0,0.41657413703793406
2023-02-13 07:00:00+01:00,0.017282849197235564,0.1565116424126399,0.0,0.537098179151216
2023-02-13 08:00:00+01:00,0.06926802010275439,0.1537767669934123,0.0,0.7561995332595233
2023-02-13 09:00:00+01:00,0.25391442871986003,0.13674377096138068,0.0,0.7179940906836486
2023-02-13 10:00:00+01:00,0.4559119981911073,0.09879137698578344,0.0,0.5397428860216634
2023-02-13 11:00:00+01:00,0.5779849290822533,0.07532902470504128,0.0,0.39201283846747803
2023-02-13 12:00:00+01:00,0.6348885392850092,0.0673163195294095,0.0,0.33984903415581585
2023-02-13 13:00:00+01:00,0.6339321760883242,0.0651092270858223,0.0,0.29231297552989227
2023-02-13 14:00:00+01:00,0.573681294697171,0.0676042011524861,0.0,0.26416296407762696
2023-02-13 15:00:00+01:00,0.4533161552286767,0.0718744452281222,0.0,0.2970267210005102
2023-02-13 16:00:00+01:00,0.26299987908836725,0.06971533305504776,0.0,0.39966178772169314
2023-02-13 17:00:00+01:00,0.07691892567623416,0.07168252414607112,0.0,0.4689744355035877
2023-02-13 18:00:00+01:00,0.015028564519335272,0.08583670394733685,0.0,0.6731495680326887
2023-02-13 19:00:00+01:00,0.0,0.10694802297295351,0.0,0.8410460784254752
2023-02-13 20:00:00+01:00,0.0,0.11966279465883628,0.0,0.7308350887636339
2023-02-13 21:00:00+01:00,0.0,0.12273353197165325,0.0,0.5359696901227107
2023-02-13 22:00:00+01:00,0.0,0.12661993388318724,0.0,0.4040818248514334
2023-02-13 23:00:00+01:00,0.0,0.1284431841626723,0.0,0.4095193948388832
2023-02-14 00:00:00+01:00,0.0,0.12935480930241483,0.0,0.34376605655645615
2023-02-14 01:00:00+01:00,0.0,0.11836732735499161,0.0,0.26498180487817313
2023-02-14 02:00:00+01:00,0.0,0.11021068136782154,0.0,0.2500290185719731
2023-02-14 03:00:00+01:00,0.0,0.11083442488448748,0.0,0.23998384477032267
2023-02-14 04:00:00+01:00,0.0,0.11428900436140658,0.0,0.243634096329459
2023-02-14 05:00:00+01:00,0.0,0.1135693003037151,0.0,0.2983820646453967
2023-02-14 06:00:00+01:00,0.0,0.11160210921269173,0.0,0.5015051961536724
2023-02-14 07:00:00+01:00,0.01755609582485984,0.11640013626396825,0.0,0.7880187025737655
2023-02-14 08:00:00+01:00,0.07077087655468792,0.12234968980755112,0.0,0.8517044880911149
2023-02-14 09:00:00+01:00,0.2504305342176505,0.12354919657037025,0.0,0.7702227676063502
2023-02-14 10:00:00+01:00,0.44108836864249024,0.10718792432551734,0.0,0.5032109617935319
2023-02-14 11:00:00+01:00,0.473331470702155,0.10114241024090893,0.0,0.3583257937476234
2023-02-14 12:00:00+01:00,0.5408233877253515,0.10243787754475359,0.0,0.33794606754831247
2023-02-14 13:00:00+01:00,0.6057877734430236,0.10234191700372806,0.0,0.2866344643920258
2023-02-14 14:00:00+01:00,0.5934916751999311,0.10152625240501105,0.0,0.24548183511795996
2023-02-14 15:00:00+01:00,0.48767691865242957,0.1022939367332153,0.0,0.28431472259784385
2023-02-14 16:00:00+01:00,0.3462717888568659,0.09418527101655798,0.0,0.41827804932474744
2023-02-14 17:00:00+01:00,0.061207244587838196,0.08996300721143465,0.0,0.5648924588157657
2023-02-14 18:00:00+01:00,0.013457396410495676,0.1126096948934598,0.0,0.7899755441800163
2023-02-14 19:00:00+01:00,0.0,0.14835499642546984,0.0,0.8380546562661471
2023-02-14 20:00:00+01:00,0.0,0.18275685038312245,0.0,0.599406253026715
2023-02-14 21:00:00+01:00,0.0,0.20425201157284123,0.0,0.440538501895009
2023-02-14 22:00:00+01:00,0.0,0.21197683512539642,0.0,0.3798605737024336
2023-02-14 23:00:00+01:00,0.0,0.2115929929612943,0.0,0.32967634651193933
2023-02-15 00:00:00+01:00,0.0,0.2121207759369347,0.0,0.29268996225185895
2023-02-15 01:00:00+01:00,0.0,0.21552737514334105,0.0,0.2451865236904317
2023-02-15 02:00:00+01:00,0.0,0.21125713106770494,0.0,0.2594914782091156
2023-02-15 03:00:00+01:00,0.0,0.20737072915617097,0.0,0.24822094574219952
2023-02-15 04:00:00+01:00,0.0,0.19815851721772007,0.0,0.24156889219579164
2023-02-15 05:00:00+01:00,0.0,0.19513576017541587,0.0,0.27754219584901435
2023-02-15 06:00:00+01:00,0.0,0.19172916096900952,0.0,0.4594592191848375
2023-02-15 07:00:00+01:00,0.016326486000550592,0.19916610289848813,0.0,0.731239630769323
2023-02-15 08:00:00+01:00,0.06421295749170525,0.1953756615279797,0.0,0.7935931756746563
2023-02-15 09:00:00+01:00,0.22645314264362013,0.16889055220493332,0.0,0.6484676790082532
2023-02-15 10:00:00+01:00,0.4158130555872446,0.12546840739088086,0.0,0.43351724781119855
2023-02-15 11:00:00+01:00,0.5319428723275625,0.09212211938450908,0.0,0.2870241743189195
2023-02-15 12:00:00+01:00,0.601347515744129,0.07470528118837534,0.0,0.3083458134190042
2023-02-15 13:00:00+01:00,0.6096132262297634,0.06419760194607976,0.0,0.2470388319813423
2023-02-15 14:00:00+01:00,0.5419846858927547,0.057624304885830945,0.0,0.2523862001994564
2023-02-15 15:00:00+01:00,0.4128073426833775,0.057576324615318177,0.0,0.25512728668272644
2023-02-15 16:00:00+01:00,0.2370414494640609,0.06837188548069034,0.0,0.3285647879272441
2023-02-15 17:00:00+01:00,0.07357165448783676,0.08022301229734333,0.0,0.43562446653500364
2023-02-15 18:00:00+01:00,0.01400388966574423,0.109299056228079,0.0,0.6649746235224876
2023-02-15 19:00:00+01:00,0.0,0.14024633070881254,0.0,0.6136565922563184
2023-02-15 20:00:00+01:00,0.0,0.15924651783186752,0.0,0.5413827937481817
2023-02-15 21:00:00+01:00,0.0,0.18155734362030332,0.0,0.3938896131203675
2023-02-15 22:00:00+01:00,0.0,0.19057763447670317,0.0,0.3808718009562452
2023-02-15 23:00:00+01:00,0.0,0.20079743209592213,0.0,0.31254541878781905
2023-02-16 00:00:00+01:00,0.0,0.19662314856131158,0.0,0.2453975661801423
2023-02-16 01:00:00+01:00,0.0,0.18482000201517135,0.0,0.2358646791272489
2023-02-16 02:00:00+01:00,0.0,0.18054975793953526,0.0,0.23055783966417967
2023-02-16 03:00:00+01:00,0.0,0.17915833009466506,0.0,0.24116027596605724
2023-02-16 04:00:00+01:00,0.0,0.17493606628954173,0.0,0.26254616463840585
2023-02-16 05:00:00+01:00,0.0,0.1800699552344076,0.0,0.2229056789822367
2023-02-16 06:00:00+01:00,0.0,0.18160532389081607,0.0,0.3573279127375143
2023-02-16 07:00:00+01:00,0.01885401730607516,0.18880236446773085,0.0,0.5799505187276388
2023-02-16 08:00:00+01:00,0.06885815016131798,0.18534778499081175,0.0,0.582651076455864
2023-02-16 09:00:00+01:00,0.2244721045933441,0.17589567169979703,0.0,0.5038293849442795
2023-02-16 10:00:00+01:00,0.3757141129833818,0.17436030304338854,0.0,0.4051932609301442
2023-02-16 11:00:00+01:00,0.4732631590452489,0.17354463844467155,0.0,0.34666764971882846
2023-02-16 12:00:00+01:00,0.5407550760684455,0.18414827822799262,0.0,0.27946320596304086
2023-02-16 13:00:00+01:00,0.5436241656585005,0.21687082271769847,0.0,0.23330819291268012
2023-02-16 14:00:00+01:00,0.4928002929203848,0.24263622798305334,0.0,0.22473871345235344
2023-02-16 15:00:00+01:00,0.3951829352016116,0.26672232378046146,0.0,0.25195237731741
2023-02-16 16:00:00+01:00,0.23540196969831523,0.2646111918778998,0.0,0.32838624299604535
2023-02-16 17:00:00+01:00,0.07247866797733965,0.26451523133687427,0.0,0.4057214875659828
2023-02-16 18:00:00+01:00,0.014345447950274579,0.2837073395419803,0.0,0.5414185027344214
2023-02-16 19:00:00+01:00,0.0,0.30529846127272464,0.0,0.5161513006476721
2023-02-16 20:00:00+01:00,0.0,0.3372533214342262,0.0,0.43144820921102806
2023-02-16 21:00:00+01:00,0.0,0.3473291782419069,0.0,0.33609881878374914
2023-02-16 22:00:00+01:00,0.0,0.3400841573944794,0.0,0.2925881450858825
2023-02-16 23:00:00+01:00,0.0,0.3341825841214093,0.0,0.24030324978744994
2023-02-17 00:00:00+01:00,0.0,0.31465461402271383,0.0,0.20666439224679334
2023-02-17 01:00:00+01:00,0.0,0.2995408288111928,0.0,0.2040173367449356
2023-02-17 02:00:00+01:00,0.0,0.29853324313042473,0.0,0.19515995926926502
2023-02-17 03:00:00+01:00,0.0,0.2980534404252971,0.0,0.19267847522728349
2023-02-17 04:00:00+01:00,0.0,0.3119197386034862,0.0,0.17716533749911287
2023-02-17 05:00:00+01:00,0.0,0.31355106780092024,0.0,0.17955946368153333
2023-02-17 06:00:00+01:00,0.0,0.31235156103810113,0.0,0.23087798497164003
2023-02-17 07:00:00+01:00,0.016736355941987007,0.3272254448970583,0.0,0.3151230321762278
2023-02-17 08:00:00+01:00,0.0654425673160145,0.31734150917142867,0.0,0.3625029086134899
2023-02-17 09:00:00+01:00,0.19885523325356808,0.3327431760060263,0.0,0.35507760780235476
2023-02-17 10:00:00+01:00,0.3290572513165364,0.3400361771239666,0.0,0.3326964317632761
2023-02-17 11:00:00+01:00,0.42175616973807256,0.3500640536611345,0.0,0.28894468915458177
2023-02-17 12:00:00+01:00,0.46943770625850906,0.36085961452650667,0.0,0.25243858936311087
2023-02-17 13:00:00+01:00,0.47162367927950327,0.35922828532907264,0.0,0.20498494632195885
2023-02-17 14:00:00+01:00,0.4381509673955292,0.35457419908933446,0.0,0.18436921599259404
2023-02-17 15:00:00+01:00,0.3597291852673616,0.34190740767396444,0.0,0.19501292133984957
2023-02-17 16:00:00+01:00,0.22173963831710133,0.3312557876201306,0.0,0.23070129339348738
2023-02-17 17:00:00+01:00,0.0730251612325882,0.3181571737701457,0.0,0.27641222623984274
2023-02-17 18:00:00+01:00,0.014345447950274579,0.3198364832380925,0.0,0.45623772572697363
2023-02-17 19:00:00+01:00,0.0,0.30539442181375015,0.0,0.5260201556435499
2023-02-17 20:00:00+01:00,0.0,0.28293965521377606,0.0,0.4818853709753863
2023-02-17 21:00:00+01:00,0.0,0.25659848670226804,0.0,0.3982981626138781
2023-02-17 22:00:00+01:00,0.0,0.22464362654076642,0.0,0.29382635471648627
2023-02-17 23:00:00+01:00,0.0,0.21624707920103253,0.0,0.2739715159648749
2023-02-18 00:00:00+01:00,0.0,0.216966783258724,0.0,0.2140804262926981
2023-02-18 01:00:00+01:00,0.0,0.22166884976897497,0.0,0.1897824421240494
2023-02-18 02:00:00+01:00,0.0,0.2413407606792087,0.0,0.2086547219682845
2023-02-18 03:00:00+01:00,0.0,0.25477523642278294,0.0,0.2512509207975421
2023-02-18 04:00:00+01:00,0.0,0.26701020540353804,0.0,0.16816327072543721
2023-02-18 05:00:00+01:00,0.0,0.27703808194070595,0.0,0.15604572438990397
2023-02-18 06:00:00+01:00,0.0,0.291528123635561,0.0,0.1652482088133781
2023-02-18 07:00:00+01:00,0.017351160854141633,0.30621008641246716,0.0,0.17505354927289815
2023-02-18 08:00:00+01:00,0.07555269253811278,0.3209400294598861,0.0,0.1981340834668298
2023-02-18 09:00:00+01:00,0.2432578102425132,0.3217077137880903,0.0,0.2713408956284631
2023-02-18 10:00:00+01:00,0.39463644194636305,0.3314956889726944,0.0,0.2550183063709611
2023-02-18 11:00:00+01:00,0.4574148546430408,0.33845282819704536,0.0,0.19615833555773846
2023-02-18 12:00:00+01:00,0.4997680819248039,0.3367255384585858,0.0,0.17331763470593717
2023-02-18 13:00:00+01:00,0.5089901556071232,0.33269519573551354,0.0,0.15707177846808415
2023-02-18 14:00:00+01:00,0.4737413406435914,0.32933657679962,0.0,0.14569967910158704
2023-02-18 15:00:00+01:00,0.3875320296281318,0.32895273463551783,0.0,0.1482648142970375
2023-02-18 16:00:00+01:00,0.24298456361488893,0.3109601331932309,0.0,0.1529675621553634
2023-02-18 17:00:00+01:00,0.08265710485634399,0.3052025007316991,0.0,0.21510450451184782
2023-02-18 18:00:00+01:00,0.014413759607180648,0.3046747177560587,0.0,0.3243351561373121
2023-02-18 19:00:00+01:00,0.0,0.3071217115522097,0.0,0.36617861709133365
2023-02-18 20:00:00+01:00,0.0,0.31143993589835856,0.0,0.3334484293481791
2023-02-18 21:00:00+01:00,0.0,0.31244752157912664,0.0,0.23085413639400984
2023-02-18 22:00:00+01:00,0.0,0.31407885077656067,0.0,0.26064010385473235
2023-02-18 23:00:00+01:00,0.0,0.323818845690652,0.0,0.20954003846652058
2023-02-19 00:00:00+01:00,0.0,0.32688958300346893,0.0,0.17559672523908978
2023-02-19 01:00:00+01:00,0.0,0.32017234513168186,0.0,0.16687341222151206
2023-02-19 02:00:00+01:00,0.0,0.32161175324706476,0.0,0.16281899142906656
2023-02-19 03:00:00+01:00,0.0,0.31028840940605223,0.0,0.15714122058153315
2023-02-19 04:00:00+01:00,0.0,0.28433108305864624,0.0,0.15361897814298722
2023-02-19 05:00:00+01:00,0.0,0.2461387877304852,0.0,0.15262554412930332
2023-02-19 06:00:00+01:00,0.0,0.2168228424471857,0.0,0.15074444498597298
2023-02-19 07:00:00+01:00,0.017077914226517353,0.20564343941771143,0.0,0.15749930100065923
2023-02-19 08:00:00+01:00,0.07234204466352752,0.17959015252927996,0.0,0.17114184191942725
2023-02-19 09:00:00+01:00,0.21292743457621838,0.15991824161904625,0.0,0.1858412036278257
2023-02-19 10:00:00+01:00,0.3321312758773095,0.14087007422547848,0.0,0.18657083321576462
2023-02-19 11:00:00+01:00,0.41403695250768674,0.13597608663317642,0.0,0.19248102399324407
2023-02-19 12:00:00+01:00,0.45625355647563764,0.1342008166242041,0.0,0.18237061006260108
2023-02-19 13:00:00+01:00,0.47722523514580095,0.13564022473958706,0.0,0.17169304908215186
2023-02-19 14:00:00+01:00,0.4445722631446998,0.13319323094343605,0.0,0.16083397675474484
2023-02-19 15:00:00+01:00,0.3699076221463659,0.13084219768831057,0.0,0.1809082619649797
2023-02-19 16:00:00+01:00,0.22488197453478054,0.11764762329730014,0.0,0.23868867647365477
2023-02-19 17:00:00+01:00,0.07726048396076451,0.0977358110345026,0.0,0.2828925304828875
2023-02-19 18:00:00+01:00,0.014277136293368508,0.09644034373065795,0.0,0.38716441600884516
2023-02-19 19:00:00+01:00,0.0,0.1022939367332153,0.0,0.397450163442959
2023-02-19 20:00:00+01:00,0.0,0.11366526084474063,0.0,0.30897634724475687
2023-02-19 21:00:00+01:00,0.0,0.12254161088960219,0.0,0.2233634729478977
2023-02-19 22:00:00+01:00,0.0,0.12273353197165325,0.0,0.21559368297330775
2023-02-19 23:00:00+01:00,0.0,0.1280113617280574,0.0,0.19824677048468728
2023-02-20 00:00:00+01:00,0.0,0.13348111256651263,0.0,0.18657083321576462
2023-02-20 01:00:00+01:00,0.0,0.13760741583061045,0.0,0.18195358986395377
2023-02-20 02:00:00+01:00,0.0,0.14451657478444863,0.0,0.18417670703334418
2023-02-20 03:00:00+01:00,0.0,0.1508979507626464,0.0,0.17169304908215186
2023-02-20 04:00:00+01:00,0.0,0.15056208886905703,0.0,0.16793085079549117
2023-02-20 05:00:00+01:00,0.0,0.14058219260240187,0.0,0.1784656983369658
2023-02-20 06:00:00+01:00,0.0,0.1335290928370254,0.0,0.26144461310927414
2023-02-20 07:00:00+01:00,0.018375835707732675,0.12892298686779996,0.0,0.3327752684023666
2023-02-20 08:00:00+01:00,0.08682411592761423,0.12546840739088086,0.0,0.3650118254332094
2023-02-20 09:00:00+01:00,0.27481779573311726,0.11337737922166405,0.0,0.3519599073694979
2023-02-20 10:00:00+01:00,0.46048887920381393,0.09965502185501321,0.0,0.29634725445079974
2023-02-20 11:00:00+01:00,0.5893929757855669,0.09341758668835375,0.0,0.23433523229316222
2023-02-20 12:00:00+01:00,0.642676068172301,0.0989832980678345,0.0,0.23982815786002554
2023-02-20 13:00:00+01:00,0.6453402227916378,0.09850349536270685,0.0,0.2606756903349877
2023-02-20 14:00:00+01:00,0.5942431034258979,0.08823571747297511,0.0,0.22993978403138524
2023-02-20 15:00:00+01:00,0.4715553676225972,0.07825582120631995,0.0,0.21452141757496002
2023-02-20 16:00:00+01:00,0.29087103510604356,0.07149060306402007,0.0,0.23660184463335654
2023-02-20 17:00:00+01:00,0.09413346321656366,0.07201838603966049,0.0,0.3091131278522134
2023-02-20 18:00:00+01:00,0.014687006234804924,0.08900340180117935,0.0,0.44311834140884365
2023-02-20 19:00:00+01:00,0.0,0.10997078001525772,0.0,0.4967515397123583
2023-02-20 20:00:00+01:00,0.0,0.1168799389690959,0.0,0.4947410733737558
2023-02-20 21:00:00+01:00,0.0,0.11093038542551302,0.0,0.3885285311405978
2023-02-20 22:00:00+01:00,0.0,0.10934703649859177,0.0,0.32928650882463445
2023-02-20 23:00:00+01:00,0.0,0.10622831891526203,0.0,0.3148368650079455
2023-02-21 00:00:00+01:00,0.0,0.10003886401911534,0.0,0.2578659020286017
2023-02-21 01:00:00+01:00,0.0,0.09888733752680896,0.0,0.253345160795598
2023-02-21 02:00:00+01:00,0.0,0.09519285669732605,0.0,0.24862029520670356
2023-02-21 03:00:00+01:00,0.0,0.09073069153963889,0.0,0.2329871795544756
2023-02-21 04:00:00+01:00,0.0,0.08607660529990067,0.0,0.20659223398398074
2023-02-21 05:00:00+01:00,0.0,0.08127857824862415,0.0,0.22681602826102581
2023-02-21 06:00:00+01:00,0.0,0.07504114308196469,0.0,0.3043983970792935
2023-02-21 07:00:00+01:00,0.017965965766296256,0.08281394690503265,0.0,0.4587585029553027
2023-02-21 08:00:00+01:00,0.07015607164253329,0.0885235990960517,0.0,0.5643043070981039
2023-02-21 09:00:00+01:00,0.19748900011544668,0.08142251906016246,0.0,0.5117937874975609
2023-02-21 10:00:00+01:00,0.3332925740447127,0.0651092270858223,0.0,0.3986776204732396
2023-02-21 11:00:00+01:00,0.4130805893110018,0.0454373161755886,0.0,0.45945057020395585
2023-02-21 12:00:00+01:00,0.4486026509021579,0.03478569612175473,0.0,0.36315642822055527
2023-02-21 13:00:00+01:00,0.4402686287596174,0.02984372825893992,0.0,0.32117878030245645
2023-02-21 14:00:00+01:00,0.38835176951100464,0.02778057662689102,0.0,0.27882476344673957
2023-02-21 15:00:00+01:00,0.2943549296082531,0.02758865554483996,0.0,0.29206189956350104
2023-02-21 16:00:00+01:00,0.16791005267511863,0.031283136374322874,0.0,0.32814838551294545
2023-02-21 17:00:00+01:00,0.05300984575910987,0.04275042102687374,0.0,0.4163653154192227
2023-02-21 18:00:00+01:00,0.013457396410495676,0.05431366622045015,0.0,0.6163482559916931
2023-02-21 19:00:00+01:00,0.0,0.07072291873581582,0.0,0.6418428079731877
2023-02-21 20:00:00+01:00,0.0,0.09423325128707075,0.0,0.5222934160767334
2023-02-21 21:00:00+01:00,0.0,0.12201382791396177,0.0,0.35632323084514284
2023-02-21 22:00:00+01:00,0.0,0.13995844908573593,0.0,0.30026439935742444
2023-02-21 23:00:00+01:00,0.0,0.15401666834597613,0.0,0.26310577051561673
2023-02-22 00:00:00+01:00,0.0,0.1620293735216079,0.0,0.2199163551879234
2023-02-22 01:00:00+01:00,0.0,0.1613576497344292,0.0,0.20999906800087897
2023-02-22 02:00:00+01:00,0.0,0.14701154885111242,0.0,0.2089730139226988
2023-02-22 03:00:00+01:00,0.0,0.1369836723139445,0.0,0.2152892272865335
2023-02-22 04:00:00+01:00,0.0,0.13851904097035297,0.0,0.2063217564363846
2023-02-22 05:00:00+01:00,0.0,0.13386495473061477,0.0,0.20268682697998117
2023-02-22 06:00:00+01:00,0.0,0.13242554661523182,0.0,0.30380369474576496
2023-02-22 07:00:00+01:00,0.016941290912705215,0.1416377585536827,0.0,0.45322245499001523
2023-02-22 08:00:00+01:00,0.04781815983424859,0.13707963285497002,0.0,0.5007055066679358
2023-02-22 09:00:00+01:00,0.1118944940121417,0.14087007422547848,0.0,0.43299742514427286
2023-02-22 10:00:00+01:00,0.17098407723589176,0.12518052576780428,0.0,0.3515194113656003
2023-02-22 11:00:00+01:00,0.2099900333292574,0.11884713006011927,0.0,0.36796741610031336
2023-02-22 12:00:00+01:00,0.22932223223367504,0.11265767516397257,0.0,0.34672362308259064
2023-02-22 13:00:00+01:00,0.23492378809997272,0.11735974167422356,0.0,0.2967344984947254
2023-02-22 14:00:00+01:00,0.20493497071820826,0.10483689107039185,0.0,0.28913509974881674
2023-02-22 15:00:00+01:00,0.15800486242373857,0.09763985049347708,0.0,0.3661188145154949
2023-02-22 16:00:00+01:00,0.09140099694032087,0.09831157428065579,0.0,0.4625494920943831
2023-02-22 17:00:00+01:00,0.03613686650331072,0.0866043882755411,0.0,0.49777796656291834
2023-02-22 18:00:00+01:00,0.013867266351932092,0.08569276313579856,0.0,0.552095445930522
2023-02-22 19:00:00+01:00,0.0,0.08267000609349436,0.0,0.6141080858725081
2023-02-22 20:00:00+01:00,0.0,0.08252606528195605,0.0,0.5220411045416448
2023-02-22 21:00:00+01:00,0.0,0.07878360418196037,0.0,0.39679602605154496
2023-02-22 22:00:00+01:00,0.0,0.07513710362299023,0.0,0.28792036592346326
2023-02-22 23:00:00+01:00,0.0,0.07077089900632859,0.0,0.24332099166180304
2023-02-23 00:00:00+01:00,0.0,0.06933149089094563,0.0,0.25290416951333605
2023-02-23 01:00:00+01:00,0.0,0.06482134546274572,0.0,0.25628678743465083
2023-02-23 02:00:00+01:00,0.0,0.05944755516531602,0.0,0.25992468330681334
2023-02-23 03:00:00+01:00,0.0,0.05469750838455227,0.0,0.23928263326242355
2023-02-23 04:00:00+01:00,0.0,0.05853593002557348,0.0,0.2511504617062474
2023-02-23 05:00:00+01:00,0.0,0.06122282517428833,0.0,0.2567427280472658
2023-02-23 06:00:00+01:00,0.0,0.0673163195294095,0.0,0.37259207286430857
2023-02-23 07:00:00+01:00,0.018034277423202325,0.07652853146786041,0.0,0.5177842902403704
2023-02-23 08:00:00+01:00,0.05396620895579484,0.08799581612041128,0.0,0.5649814197619774
2023-02-23 09:00:00+01:00,0.09891527919998852,0.09500093561527499,0.0,0.5244168196995889
2023-02-23 10:00:00+01:00,0.11735942656462726,0.09524083696783882,0.0,0.4789759916284497
2023-02-23 11:00:00+01:00,0.14577707583755214,0.09879137698578344,0.0,0.46127272956776494
2023-02-23 12:00:00+01:00,0.23130327028395106,0.1138571819267917,0.0,0.36776020282267935
2023-02-23 13:00:00+01:00,0.2298687254889236,0.12153402520883412,0.0,0.28743687002712603
2023-02-23 14:00:00+01:00,0.18655913501047558,0.13208968472164245,0.0,0.263522790714264
2023-02-23 15:00:00+01:00,0.13757967700882381,0.14662770668701028,0.0,0.27569692819790814
2023-02-23 16:00:00+01:00,0.0784217821281677,0.15958237972545689,0.0,0.34574625146197274
2023-02-23 17:00:00+01:00,0.031013492235355516,0.1755118295356949,0.0,0.4347573107948485
2023-02-23 18:00:00+01:00,0.013730643038119952,0.20127723480104978,0.0,0.5896766550301152
2023-02-23 19:00:00+01:00,0.0,0.2323684500933216,0.0,0.6419252235579593
2023-02-23 20:00:00+01:00,0.0,0.25252016370868297,0.0,0.5501148782526255
2023-02-23 21:00:00+01:00,0.0,0.2599091253676488,0.0,0.3870611130077758
2023-02-23 22:00:00+01:00,0.0,0.2608687307779041,0.0,0.3163398643665961
2023-02-23 23:00:00+01:00,0.0,0.2619722769996977,0.0,0.2570971017602997
2023-02-24 00:00:00+01:00,0.0,0.26360360619713175,0.0,0.24753962583944297
2023-02-24 01:00:00+01:00,0.0,0.2581338553586765,0.0,0.2402176227749505
2023-02-24 02:00:00+01:00,0.0,0.24676253124715117,0.0,0.21145264461163424
2023-02-24 03:00:00+01:00,0.0,0.2344316017253705,0.0,0.21145264461163424
2023-02-24 04:00:00+01:00,0.0,0.2267547584433281,0.0,0.21521484289829493
2023-02-24 05:00:00+01:00,0.0,0.20996166376386027,0.0,0.2182075006263205
2023-02-24 06:00:00+01:00,0.0,0.20122925453053703,0.0,0.29065651013194377
2023-02-24 07:00:00+01:00,0.01776103079557805,0.2015171361536136,0.0,0.3692220556419364
2023-02-24 08:00:00+01:00,0.053214780729828076,0.191633200427984,0.0,0.4129553872261544
2023-02-24 09:00:00+01:00,0.1442742193856186,0.18693113391773303,0.0,0.4384127496407431
2023-02-24 10:00:00+01:00,0.2470832630292531,0.17517596764210555,0.0,0.3914445783549588
2023-02-24 11:00:00+01:00,0.32113309911543236,0.17488808601902897,0.0,0.3569727934797206
2023-02-24 12:00:00+01:00,0.3616419116607315,0.16025410351263558,0.0,0.27213366172595305
2023-02-24 13:00:00+01:00,0.3606172368071405,0.14725145020367625,0.0,0.24546984694893934
2023-02-24 14:00:00+01:00,0.3278959531491332,0.13933470556907,0.0,0.2530932167784626
2023-02-24 15:00:00+01:00,0.25138689741433545,0.13156190174600205,0.0,0.2395343270131635
2023-02-24 16:00:00+01:00,0.170232649009925,0.1255163876613936,0.0,0.25650289470513543
2023-02-24 17:00:00+01:00,0.06954126673037866,0.12791540118703187,0.0,0.2977467110508389
2023-02-24 18:00:00+01:00,0.016189862686738454,0.1276275195639553,0.0,0.44404109774038114
2023-02-24 19:00:00+01:00,0.0,0.13252150715625735,0.0,0.5778825931901812
2023-02-24 20:00:00+01:00,0.0,0.1448044564075252,0.0,0.605918064271543
2023-02-24 21:00:00+01:00,0.0,0.15449647105110378,0.0,0.4485869231197125
2023-02-24 22:00:00+01:00,0.0,0.15363282618187402,0.0,0.3705530606852551
2023-02-24 23:00:00+01:00,0.0,0.14010238989727422,0.0,0.31568647251994175
2023-02-25 00:00:00+01:00,0.0,0.13751145528958492,0.0,0.338572894667973
2023-02-25 01:00:00+01:00,0.0,0.13866298178189126,0.0,0.30261268699205723
2023-02-25 02:00:00+01:00,0.0,0.1457640618177805,0.0,0.25131838179753396
2023-02-25 03:00:00+01:00,0.0,0.14984238481136555,0.0,0.2116119157220391
2023-02-25 04:00:00+01:00,0.0,0.1485469175075209,0.0,0.20384274353179782
2023-02-25 05:00:00+01:00,0.0,0.14845095696649538,0.0,0.21085411306602914
2023-02-25 06:00:00+01:00,0.0,0.15603183970751225,0.0,0.21307537688237346
2023-02-25 07:00:00+01:00,0.018375835707732675,0.15622376078956332,0.0,0.25984671471846704
2023-02-25 08:00:00+01:00,0.06475945074695381,0.1614536102754547,0.0,0.33750408570932194
2023-02-25 09:00:00+01:00,0.1822555006253932,0.15564799754341013,0.0,0.3871991344383563
2023-02-25 10:00:00+01:00,0.27755026200936006,0.165483952998527,0.0,0.37854402796553027
2023-02-25 11:00:00+01:00,0.3399871164215075,0.19508777990490309,0.0,0.29870851555675504
2023-02-25 12:00:00+01:00,0.3623250282297922,0.2248355476228175,0.0,0.28262934384149124
2023-02-25 13:00:00+01:00,0.3202450475756534,0.2497373080189426,0.0,0.2991382642147561
2023-02-25 14:00:00+01:00,0.277481950352454,0.2701289229868678,0.0,0.31648641227207397
2023-02-25 15:00:00+01:00,0.2237889880242834,0.2875937414535143,0.0,0.31385307053187184
2023-02-25 16:00:00+01:00,0.13457396410495676,0.29311147256248227,0.0,0.3379867188093417
2023-02-25 17:00:00+01:00,0.0471350432651879,0.29618220987529925,0.0,0.3291085816777844
2023-02-25 18:00:00+01:00,0.014277136293368508,0.30760151425733734,0.0,0.39906090754467766
2023-02-25 19:00:00+01:00,0.0,0.30208378314836937,0.0,0.4579326162605255
2023-02-25 20:00:00+01:00,0.0,0.31729352890091594,0.0,0.4422416738914892
2023-02-25 21:00:00+01:00,0.0,0.33682149899961134,0.0,0.3648046121555753
2023-02-25 22:00:00+01:00,0.0,0.34574582931498565,0.0,0.29281450967832606
2023-02-25 23:00:00+01:00,0.0,0.3523671066457472,0.0,0.27477491215670374
2023-02-26 00:00:00+01:00,0.0,0.4009711206751783,0.0,0.2887925864443924
2023-02-26 01:00:00+01:00,0.0,0.4072085558418378,0.0,0.23428333840787205
2023-02-26 02:00:00+01:00,0.0,0.41498135966490574,0.0,0.20435997255534438
2023-02-26 03:00:00+01:00,0.0,0.4099914115315782,0.0,0.23839052113635187
2023-02-26 04:00:00+01:00,0.0,0.4178121956251589,0.0,0.20170327751587636
2023-02-26 05:00:00+01:00,0.0,0.42189051861874394,0.0,0.2074339328054285
2023-02-26 06:00:00+01:00,0.0,0.43575681679693307,0.0,0.2234427996109258
2023-02-26 07:00:00+01:00,0.021996353523754352,0.47255768428022393,0.0,0.24086965654692305
2023-02-26 08:00:00+01:00,0.10328722524197696,0.49760338548788735,0.0,0.23728896960722015
2023-02-26 09:00:00+01:00,0.30569466465466066,0.5457275968121907,0.0,0.2275439270019031
2023-02-26 10:00:00+01:00,0.4978553555314339,0.605319092789045,0.0,0.2330013885944955
2023-02-26 11:00:00+01:00,0.6055145268153993,0.6345870578018319,0.0,0.266623443451753
2023-02-26 12:00:00+01:00,0.6421295749170526,0.6527715803261699,0.0,0.3538557160856391
2023-02-26 13:00:00+01:00,0.604216605334184,0.6682212274312802,0.0,0.3488410991283547
2023-02-26 14:00:00+01:00,0.5243602784109889,0.6784410250504992,0.0,0.324967671076522
2023-02-26 15:00:00+01:00,0.4194335734032662,0.6856860458979267,0.0,0.29258889063064225
2023-02-26 16:00:00+01:00,0.27065078466184705,0.6868375723902331,0.0,0.25113798351328914
2023-02-26 17:00:00+01:00,0.10274073198672841,0.672347530695378,0.0,0.27673941744153424
2023-02-26 18:00:00+01:00,0.018239212393920536,0.6384734597133658,0.0,0.4102783105576062
2023-02-26 19:00:00+01:00,0.0,0.609829238217245,0.0,0.606747290154459
2023-02-26 20:00:00+01:00,0.0,0.5951472754403389,0.0,0.529458501916658
2023-02-26 21:00:00+01:00,0.0,0.5835360499762497,0.0,0.3297200866947121
2023-02-26 22:00:00+01:00,0.0,0.5725005877583137,0.0,0.30147295533929097
2023-02-26 23:00:00+01:00,0.0,0.5702455150442137,0.0,0.2873665651173595
2023-02-27 00:00:00+01:00,0.0,0.5624727112211458,0.0,0.2370009490858918
2023-02-27 01:00:00+01:00,0.0,0.5442881886968078,0.0,0.2145945663945012
2023-02-27 02:00:00+01:00,0.0,0.5359396216275867,0.0,0.2480338743361035
2023-02-27 03:00:00+01:00,0.0,0.5291264232147741,0.0,0.22451605556600207
2023-02-27 04:00:00+01:00,0.0,0.5107019993378722,0.0,0.1964241158425139
2023-02-27 05:00:00+01:00,0.0,0.5038408206545468,0.0,0.2052882889460201
2023-02-27 06:00:00+01:00,0.0,0.5010099846942937,0.0,0.3209143580923628
2023-02-27 07:00:00+01:00,0.020766743699445103,0.5065277158032616,0.0,0.4500275262591452
2023-02-27 08:00:00+01:00,0.08381840302374717,0.4932371808712257,0.0,0.5207928878554775
2023-02-27 09:00:00+01:00,0.21743600393201895,0.4930932400596874,0.0,0.4684354615218525
2023-02-27 10:00:00+01:00,0.3367764685469222,0.5172273161276083,0.0,0.3757360930121904
2023-02-27 11:00:00+01:00,0.4143785107922171,0.5561393155134609,0.0,0.32314847287404525
2023-02-27 12:00:00+01:00,0.4507886239231521,0.5743238380377989,0.0,0.28525836109125247
2023-02-27 13:00:00+01:00,0.4272894139474642,0.5839198921403519,0.0,0.24148956553276357
2023-02-27 14:00:00+01:00,0.37038580374470836,0.5760031475057455,0.0,0.22714890202783988
2023-02-27 15:00:00+01:00,0.28841181545742506,0.5777784175147179,0.0,0.2662364496742228
2023-02-27 16:00:00+01:00,0.1838266687342328,0.5721647258647243,0.0,0.3296688105937706
2023-02-27 17:00:00+01:00,0.07118074649612434,0.5475508470916759,0.0,0.40232280725160197
2023-02-27 18:00:00+01:00,0.01659973262817487,0.5023534322686511,0.0,0.5582614099372134
2023-02-27 19:00:00+01:00,0.0,0.464784880457156,0.0,0.6988971770940317
2023-02-27 20:00:00+01:00,0.0,0.4454488314405116,0.0,0.5439331021192635
2023-02-27 21:00:00+01:00,0.0,0.42568095998925237,0.0,0.3590216902083531
2023-02-27 22:00:00+01:00,0.0,0.41267830668029304,0.0,0.3026423406407945
2023-02-27 23:00:00+01:00,0.0,0.39147102711365084,0.0,0.2577317150645244
2023-02-28 00:00:00+01:00,0.0,0.36613744428291084,0.0,0.2434826114036183
2023-02-28 01:00:00+01:00,0.0,0.35375853449061745,0.0,0.20731012566929455
2023-02-28 02:00:00+01:00,0.0,0.34948829041498136,0.0,0.20471237040934778
2023-02-28 03:00:00+01:00,0.0,0.34881656662780264,0.0,0.1805215131994183
2023-02-28 04:00:00+01:00,0.0,0.34670543472524096,0.0,0.19220733501792003
2023-02-28 05:00:00+01:00,0.0,0.34771302040600904,0.0,0.2084654244367625
2023-02-28 06:00:00+01:00,0.0,0.3451220857983197,0.0,0.32168871841980307
2023-02-28 07:00:00+01:00,0.02206466518066042,0.34488218444575586,0.0,0.5289795755227304
2023-02-28 08:00:00+01:00,0.08894177729170238,0.31427077185861174,0.0,0.6119672617819049
2023-02-28 09:00:00+01:00,0.24762975628450165,0.26782587000225505,0.0,0.6457726813391662
2023-02-28 10:00:00+01:00,0.39443150697564483,0.26988902163430395,0.0,0.46096839638697507
2023-02-28 11:00:00+01:00,0.4766787418905524,0.30400299396888,0.0,0.378048421394188
2023-02-28 12:00:00+01:00,0.49177561806679376,0.33970031523037725,0.0,0.316433772842024
2023-02-28 13:00:00+01:00,0.45242810368889774,0.32425066812526687,0.0,0.3168402907067436
2023-02-28 14:00:00+01:00,0.3815889154773038,0.305634323166314,0.0,0.33371087569924224
2023-02-28 15:00:00+01:00,0.29141752836129214,0.3047226980265714,0.0,0.3776788533388322
2023-02-28 16:00:00+01:00,0.17938641103533828,0.3079373761509267,0.0,0.44645055127996114
2023-02-28 17:00:00+01:00,0.06660386548341768,0.28932103119197383,0.0,0.5378268234368531
2023-02-28 18:00:00+01:00,0.017009602569611284,0.2541035126356042,0.0,0.7744394259249596
2023-02-28 19:00:00+01:00,0.0,0.24373977420484694,0.0,0.7907511400761538
2023-02-28 20:00:00+01:00,0.0,0.24882568287920007,0.0,0.4916422739893129
2023-02-28 21:00:00+01:00,0.0,0.2663384816163593,0.0,0.3463056123272148
2023-02-28 22:00:00+01:00,0.0,0.2797249770894208,0.0,0.30445276210197847
2023-02-28 23:00:00+01:00,0.0,0.27982093763044635,0.0,0.2251763655464764
2023-03-01 00:00:00+01:00,0.0,0.2979094996137588,0.0,0.20937644286567486
2023-03-01 01:00:00+01:00,0.0,0.3010761974676013,0.0,0.19140084990434778
2023-03-01 02:00:00+01:00,0.0,0.3145586534816883,0.0,0.1855613368090147
2023-03-01 03:00:00+01:00,0.0,0.3230511613624477,0.0,0.17431292207266713
2023-03-01 04:00:00+01:00,0.0,0.3209400294598861,0.0,0.17152204006912183
2023-03-01 05:00:00+01:00,0.0,0.3097606264304118,0.0,0.17938845466850328
2023-03-01 06:00:00+01:00,0.0,0.2998287104342694,0.0,0.3423800687061038
2023-03-01 07:00:00+01:00,0.02438726151546678,0.30942476453682244,0.0,0.5691160352681951
2023-03-01 08:00:00+01:00,0.11565163514197553,0.3059222047893906,0.0,0.6217330640431087
2023-03-01 09:00:00+01:00,0.3066510278513456,0.24263622798305334,0.0,0.6090802504319324
2023-03-01 10:00:00+01:00,0.4902727616148602,0.22392392248307494,0.0,0.39863091387470784
2023-03-01 11:00:00+01:00,0.6123456925060062,0.25736617103047227,0.0,0.2951936865303934
2023-03-01 12:00:00+01:00,0.6697957959640106,0.2782375887035251,0.0,0.2700190348443903
2023-03-01 13:00:00+01:00,0.6653555382651162,0.2732956208407103,0.0,0.27516771625976766
2023-03-01 14:00:00+01:00,0.604216605334184,0.2795810362778825,0.0,0.27467742473559476
2023-03-01 15:00:00+01:00,0.4864473088281203,0.30318732937016296,0.0,0.26209911801864144
2023-03-01 16:00:00+01:00,0.29749726582593233,0.3243466286662924,0.0,0.27867648994862676
2023-03-01 17:00:00+01:00,0.10970852099114749,0.3108161923816926,0.0,0.354953555654252
2023-03-01 18:00:00+01:00,0.019332198904417647,0.2847149252227484,0.0,0.5554648453685453
2023-03-01 19:00:00+01:00,0.0,0.2927756106688929,0.0,0.6766431473792258
2023-03-01 20:00:00+01:00,0.0,0.298485262859912,0.0,0.4929960145475488
2023-03-01 21:00:00+01:00,0.0,0.29829334177786093,0.0,0.3934471412574394
2023-03-01 22:00:00+01:00,0.0,0.27775778599839746,0.0,0.29416639688351587
2023-03-01 23:00:00+01:00,0.0,0.25367169020098934,0.0,0.25490388850604195
2023-03-02 00:00:00+01:00,0.0,0.24743425503432986,0.0,0.20394715434115349
2023-03-02 01:00:00+01:00,0.0,0.2308810617074259,0.0,0.1916745388796718
2023-03-02 02:00:00+01:00,0.0,0.21658294109462187,0.0,0.18162504058758053
2023-03-02 03:00:00+01:00,0.0,0.20996166376386027,0.0,0.1697264454323065
2023-03-02 04:00:00+01:00,0.0,0.20170905723566468,0.0,0.17391616625154227
2023-03-02 05:00:00+01:00,0.0,0.19695901045490094,0.0,0.184623876159093
2023-03-02 06:00:00+01:00,0.0,0.1822770476779948,0.0,0.35432784159730446
2023-03-02 07:00:00+01:00,0.023021028377345393,0.16855469031134396,0.0,0.6249136612279744
2023-03-02 08:00:00+01:00,0.09030801042982377,0.147299430474189,0.0,0.740728159855095
2023-03-02 09:00:00+01:00,0.2240622346519077,0.11558447166525124,0.0,0.7563864821596349
2023-03-02 10:00:00+01:00,0.3506437348988543,0.0926499023601495,0.0,0.696263957859814
2023-03-02 11:00:00+01:00,0.4610353724590625,0.09183423776143249,0.0,0.45883782961833075
2023-03-02 12:00:00+01:00,0.520671448938061,0.09025088883451124,0.0,0.34097764569030564
2023-03-02 13:00:00+01:00,0.510697947029775,0.09111453370374102,0.0,0.30810968678296596
2023-03-02 14:00:00+01:00,0.47087225105353653,0.09946310077296215,0.0,0.28078531175908245
2023-03-02 15:00:00+01:00,0.36239333988669825,0.11280161597551086,0.0,0.2756205679506391
2023-03-02 16:00:00+01:00,0.2171627573043947,0.12964269092549144,0.0,0.2854160238605801
2023-03-02 17:00:00+01:00,0.07787528887291914,0.140150370167787,0.0,0.3953342957382723
2023-03-02 18:00:00+01:00,0.019605445532041924,0.14720346993316347,0.0,0.602524821510316
2023-03-02 19:00:00+01:00,0.01516518783314741,0.17052188140236735,0.0,0.7850636071850258
2023-03-02 20:00:00+01:00,0.0,0.1898579304190117,0.0,0.6559574796580478
2023-03-02 21:00:00+01:00,0.0,0.19710295126643923,0.0,0.41606580200723803
2023-03-02 22:00:00+01:00,0.0,0.19417615476516056,0.0,0.29904027626085616
2023-03-02 23:00:00+01:00,0.0,0.1826608898420969,0.0,0.24004673626790488
2023-03-03 00:00:00+01:00,0.0,0.1731607962805694,0.0,0.2651625759347978
2023-03-03 01:00:00+01:00,0.0,0.16610769651519294,0.0,0.2519770886913577
2023-03-03 02:00:00+01:00,0.0,0.16572385435109083,0.0,0.24594753777416956
2023-03-03 03:00:00+01:00,0.0,0.16068592594725048,0.0,0.24372442060477914
2023-03-03 04:00:00+01:00,0.0,0.1595343994549441,0.0,0.19546330189332628
2023-03-03 05:00:00+01:00,0.0,0.15963035999596964,0.0,0.22230541658956993
2023-03-03 06:00:00+01:00,0.0,0.1665874992203206,0.0,0.41005379931820873
2023-03-03 07:00:00+01:00,0.028827519214361295,0.1720572500587758,0.0,0.7024000232057993
2023-03-03 08:00:00+01:00,0.10444852340938014,0.17009005896775245,0.0,0.848314211745647
2023-03-03 09:00:00+01:00,0.24052534396627043,0.16154957081648025,0.0,0.8295699410220022
2023-03-03 10:00:00+01:00,0.36874632397896273,0.159966221889559,0.0,0.7225632693622459
2023-03-03 11:00:00+01:00,0.47968445479441946,0.16270109730878662,0.0,0.48656414775009754
2023-03-03 12:00:00+01:00,0.538364168076733,0.16361272244852915,0.0,0.3783386680409423
2023-03-03 13:00:00+01:00,0.5406184527546334,0.16447636731775891,0.0,0.33905157079550513
2023-03-03 14:00:00+01:00,0.4980602905021521,0.159966221889559,0.0,0.29698298081773744
2023-03-03 15:00:00+01:00,0.39791540147785437,0.16510011083442488,0.0,0.2690982543718833
2023-03-03 16:00:00+01:00,0.2454437832635074,0.17080976302544393,0.0,0.27651552398648543
2023-03-03 17:00:00+01:00,0.09283554173534835,0.18126946199722674,0.0,0.41098928410909996
2023-03-03 18:00:00+01:00,0.018512459021544813,0.19057763447670317,0.0,0.5352642818847818
2023-03-03 19:00:00+01:00,0.011954539958562148,0.21403998675744532,0.0,0.6339211655548039
2023-03-03 20:00:00+01:00,0.0,0.2285300284523004,0.0,0.5905221883180662
2023-03-03 21:00:00+01:00,0.0,0.23366391739716627,0.0,0.4614431207964463
2023-03-03 22:00:00+01:00,0.0,0.22387594221256218,0.0,0.3618180097650523
2023-03-03 23:00:00+01:00,0.0,0.2125525983715496,0.0,0.40633410564562344
2023-03-04 00:00:00+01:00,0.0,0.20905003862411775,0.0,0.37794969840438164
2023-03-04 01:00:00+01:00,0.0,0.20012570830874343,0.0,0.35011340940412095
2023-03-04 02:00:00+01:00,0.0,0.19072157528824146,0.0,0.33944943967934293
2023-03-04 03:00:00+01:00,0.0,0.18136542253825225,0.0,0.3036134119119411
2023-03-04 04:00:00+01:00,0.0,0.1787265076600502,0.0,0.25174331068672984
2023-03-04 05:00:00+01:00,0.0,0.17378453979723538,0.0,0.2382853700366631
2023-03-04 06:00:00+01:00,0.0,0.18069369875107355,0.0,0.2855714657589084
2023-03-04 07:00:00+01:00,0.027188039448615628,0.18909024609080743,0.0,0.3209006443307072
2023-03-04 08:00:00+01:00,0.12261942414639461,0.17805478387287146,0.0,0.2947290969368968
2023-03-04 09:00:00+01:00,0.31040816898117946,0.14149381774214442,0.0,0.35994889879074254
2023-03-04 10:00:00+01:00,0.4859008155728718,0.13228160580369352,0.0,0.31677183915002316
2023-03-04 11:00:00+01:00,0.5974537513004832,0.14302918639855292,0.0,0.25656344282573396
2023-03-04 12:00:00+01:00,0.6495755455198141,0.13784731718317428,0.0,0.2885904432019589
2023-03-04 13:00:00+01:00,0.6408999650927433,0.13372101391907645,0.0,0.30804222578297413
2023-03-04 14:00:00+01:00,0.5656888308391609,0.12671589442421274,0.0,0.33201956936579813
2023-03-04 15:00:00+01:00,0.4500371956971853,0.12599619036652127,0.0,0.3144857079770661
2023-03-04 16:00:00+01:00,0.29271544984250747,0.12618811144857234,0.0,0.268311170839516
2023-03-04 17:00:00+01:00,0.11421709034694806,0.12882702632677442,0.0,0.2651015377902617
2023-03-04 18:00:00+01:00,0.020835055356351172,0.1342487968947169,0.0,0.4299017199360001
2023-03-04 19:00:00+01:00,0.011886228301656079,0.14629184479342094,0.0,0.5738580763128684
2023-03-04 20:00:00+01:00,0.0,0.15464041186264207,0.0,0.4744545101051129
2023-03-04 21:00:00+01:00,0.0,0.15195351671392723,0.0,0.36326355517927456
2023-03-04 22:00:00+01:00,0.0,0.14672366722803581,0.0,0.28953136029157733
2023-03-04 23:00:00+01:00,0.0,0.13674377096138068,0.0,0.2783732698305499
2023-03-05 00:00:00+01:00,0.0,0.12781944064600637,0.0,0.27435332245564675
2023-03-05 01:00:00+01:00,0.0,0.11616023491140443,0.0,0.28773922734888535
2023-03-05 02:00:00+01:00,0.0,0.108483391629362,0.0,0.2782789938371688
2023-03-05 03:00:00+01:00,0.0,0.10550861485757056,0.0,0.2137351968389102
2023-03-05 04:00:00+01:00,0.0,0.09783177157552814,0.0,0.1954385905193786
2023-03-05 05:00:00+01:00,0.0,0.09125847451527931,0.0,0.23635620622011916
2023-03-05 06:00:00+01:00,0.0,0.0896271453178453,0.0,0.22028457042302405
2023-03-05 07:00:00+01:00,0.027939467674582392,0.08881148071912828,0.0,0.26772449970252044
2023-03-05 08:00:00+01:00,0.13505214570329924,0.08147049933067523,0.0,0.2375606827235137
2023-03-05 09:00:00+01:00,0.332609457475652,0.06414962167556701,0.0,0.2891077947314899
2023-03-05 10:00:00+01:00,0.499904705238616,0.06232637139608193,0.0,0.29692008932015523
2023-03-05 11:00:00+01:00,0.5982051795264499,0.057576324615318177,0.0,0.3740562795694027
2023-03-05 12:00:00+01:00,0.6454085344485438,0.05100302755506935,0.0,0.3355899989835421
2023-03-05 13:00:00+01:00,0.6507368436872173,0.0473565269960992,0.0,0.2528462202905434
2023-03-05 14:00:00+01:00,0.6024405022546262,0.047500467807637496,0.0,0.22929751230300738
2023-03-05 15:00:00+01:00,0.5016124966612677,0.048220171865328974,0.0,0.25414831197545795
2023-03-05 16:00:00+01:00,0.33759620842979504,0.0472125861845609,0.0,0.2403588556332589
2023-03-05 17:00:00+01:00,0.13976565002981803,0.046348941315331134,0.0,0.3606144013124019
2023-03-05 18:00:00+01:00,0.024045703230936435,0.04961159971019916,0.0,0.5807215451213668
2023-03-05 19:00:00+01:00,0.011954539958562148,0.05546519271275651,0.0,0.681045641535234
2023-03-05 20:00:00+01:00,0.0,0.05560913352429481,0.0,0.6239252919950644
2023-03-05 21:00:00+01:00,0.0,0.05565711379480757,0.0,0.4230684000546032
2023-03-05 22:00:00+01:00,0.0,0.054553567573013974,0.0,0.39258208913672576
2023-03-05 23:00:00+01:00,0.0,0.05488942946660333,0.0,0.3130677125921395
2023-03-06 00:00:00+01:00,0.0,0.058871791919162836,0.0,0.3782757765433601
2023-03-06 01:00:00+01:00,0.0,0.060838983010186205,0.0,0.25389772603300437
2023-03-06 02:00:00+01:00,0.0,0.06390972032300318,0.0,0.2934132914903266
2023-03-06 03:00:00+01:00,0.0,0.0695234119729967,0.0,0.2978778143475994
2023-03-06 04:00:00+01:00,0.0,0.07470528118837534,0.0,0.39132003618291844
2023-03-06 05:00:00+01:00,0.0,0.07422547848324769,0.0,0.31852060468232224
2023-03-06 06:00:00+01:00,0.0,0.07321789280247962,0.0,0.5230098324358077
2023-03-06 07:00:00+01:00,0.02828102595911274,0.0746093206473498,0.0,0.7846608012808252
2023-03-06 08:00:00+01:00,0.11216774063976598,0.07441739956529875,0.0,0.8015612849340298
2023-03-06 09:00:00+01:00,0.25746663487897564,0.07053099765376476,0.0,0.8126343661669064
2023-03-06 10:00:00+01:00,0.35822632881542804,0.07139464252299454,0.0,0.5991496170011855
2023-03-06 11:00:00+01:00,0.4315930483325466,0.08075079527298375,0.0,0.4290858402967863
2023-03-06 12:00:00+01:00,0.4871987370540871,0.09053877045758783,0.0,0.35827117845854306
2023-03-06 13:00:00+01:00,0.47886471491154664,0.10459698971782802,0.0,0.3231173333902152
2023-03-06 14:00:00+01:00,0.4373312275126564,0.11740772194473631,0.0,0.3478942439527915
2023-03-06 15:00:00+01:00,0.3598658085811737,0.12829924335113402,0.0,0.3209511801413155
2023-03-06 16:00:00+01:00,0.24291625195798286,0.14187765990624654,0.0,0.3217465451366114
2023-03-06 17:00:00+01:00,0.10069138227954633,0.15454445132161654,0.0,0.4136271953517118
2023-03-06 18:00:00+01:00,0.02097167867016331,0.16140563000494196,0.0,0.49264596532495575
2023-03-06 19:00:00+01:00,0.012159474929280356,0.1802138960459459,0.0,0.551000445017257
2023-03-06 20:00:00+01:00,0.0,0.20122925453053703,0.0,0.4902980504627028
2023-03-06 21:00:00+01:00,0.0,0.2131283616177028,0.0,0.3548356760952095
2023-03-06 22:00:00+01:00,0.0,0.22761840331255787,0.0,0.2790563153259415
2023-03-06 23:00:00+01:00,0.0,0.2373583982266492,0.0,0.2655804589297626
2023-03-07 00:00:00+01:00,0.0,0.2481059788215086,0.0,0.2283425034249268
2023-03-07 01:00:00+01:00,0.0,0.24426755718048737,0.0,0.21837850963935052
2023-03-07 02:00:00+01:00,0.0,0.24551504421381926,0.0,0.2474417656459541
2023-03-07 03:00:00+01:00,0.0,0.2364947533574194,0.0,0.25359426090295867
2023-03-07 04:00:00+01:00,0.0,0.23078510116640036,0.0,0.2728215322445764
2023-03-07 05:00:00+01:00,0.0,0.22210067220358987,0.0,0.2788924747131269
2023-03-07 06:00:00+01:00,0.0,0.22238855382666645,0.0,0.34441079942222874
2023-03-07 07:00:00+01:00,0.028485960929830946,0.2342876609138322,0.0,0.4378378216607993
2023-03-07 08:00:00+01:00,0.10909371607899286,0.23836598390741726,0.0,0.49801866270136624
2023-03-07 09:00:00+01:00,0.2168895106767704,0.23433564118434497,0.0,0.49874952785800253
2023-03-07 10:00:00+01:00,0.289299866997204,0.2534317888484255,0.0,0.39738182913779635
2023-03-07 11:00:00+01:00,0.3332242623878066,0.2844270435996718,0.0,0.306105888311788
2023-03-07 12:00:00+01:00,0.3390990648817286,0.320748108377835,0.0,0.234304465581712
2023-03-07 13:00:00+01:00,0.32243102059664763,0.33874070982012194,0.0,0.21441453562820958
2023-03-07 14:00:00+01:00,0.27925805343201177,0.34699331634831754,0.0,0.25011452307848814
2023-03-07 15:00:00+01:00,0.20828224190660566,0.33859676900858365,0.0,0.3025541199849159
2023-03-07 16:00:00+01:00,0.13553032730164172,0.3409957825342219,0.0,0.2785028872922175
2023-03-07 17:00:00+01:00,0.05656205191822548,0.3210839702714244,0.0,0.3246966982505615
2023-03-07 18:00:00+01:00,0.017419472511047703,0.29330339364453334,0.0,0.5123086678896971
2023-03-07 19:00:00+01:00,0.012022851615468217,0.2983413220483737,0.0,0.6842161039041251
2023-03-07 20:00:00+01:00,0.0,0.3082252577740033,0.0,0.49733759306500513
2023-03-07 21:00:00+01:00,0.0,0.3067858496586204,0.0,0.3689682635261816
2023-03-07 22:00:00+01:00,0.0,0.29229580796376525,0.0,0.3344332143809813
2023-03-07 23:00:00+01:00,0.0,0.30827323804451606,0.0,0.32513842982315655
2023-03-08 00:00:00+01:00,0.0,0.31062427129964154,0.0,0.31365685486652983
2023-03-08 01:00:00+01:00,0.0,0.33471036709704965,0.0,0.28356062664792603
2023-03-08 02:00:00+01:00,0.0,0.37314256377777455,0.0,0.2344136961598728
2023-03-08 03:00:00+01:00,0.0,0.4082161415226059,0.0,0.21913433643633004
2023-03-08 04:00:00+01:00,0.0,0.44290587710333507,0.0,0.26792256872090847
2023-03-08 05:00:00+01:00,0.0,0.47308546725586437,0.0,0.3012845258585132
2023-03-08 06:00:00+01:00,0.0,0.48752752868020666,0.0,0.3731997486691596
2023-03-08 07:00:00+01:00,0.023909079917124296,0.5087827885173616,0.0,0.5590383586536062
2023-03-08 08:00:00+01:00,0.07903658704032232,0.5173712569391465,0.0,0.49144605832397087
2023-03-08 09:00:00+01:00,0.16381135326075447,0.5210657377686295,0.0,0.492011352020731
2023-03-08 10:00:00+01:00,0.21190275972262734,0.5432806030160398,0.0,0.4437194665978279
2023-03-08 11:00:00+01:00,0.26600559199223434,0.5647277839352458,0.0,0.3921364005916431
2023-03-08 12:00:00+01:00,0.2839032461016245,0.5408815894904015,0.0,0.3571269998093516
2023-03-08 13:00:00+01:00,0.2774136386955479,0.5447200111314228,0.0,0.36032007518717557
2023-03-08 14:00:00+01:00,0.24810793788284413,0.5191465269481189,0.0,0.36159399380401913
2023-03-08 15:00:00+01:00,0.19605445532041924,0.49237353600199596,0.0,0.3544473242429975
2023-03-08 16:00:00+01:00,0.13033864137678045,0.47135817751740483,0.0,0.37467618330081653
2023-03-08 17:00:00+01:00,0.05581062369225871,0.47006271021356016,0.0,0.43073859898864264
2023-03-08 18:00:00+01:00,0.01748778416795377,0.4665601504661283,0.0,0.5505273289488631
2023-03-08 19:00:00+01:00,0.013047526469059259,0.47226980265714735,0.0,0.5685139195224823
2023-03-08 20:00:00+01:00,0.0,0.49045432518148535,0.0,0.5164875136026252
2023-03-08 21:00:00+01:00,0.0,0.5330608053968208,0.0,0.355598421026009
2023-03-08 22:00:00+01:00,0.0,0.5687101463878053,0.0,0.30614691234519714
2023-03-08 23:00:00+01:00,0.0,0.599225598433924,0.0,0.2985475135992885
2023-03-09 00:00:00+01:00,0.0,0.5831522078121476,0.0,0.3257715572922884
2023-03-09 01:00:00+01:00,0.0,0.5869906294531688,0.0,0.39366399407268376
2023-03-09 02:00:00+01:00,0.0,0.5772986148095902,0.0,0.4035098632872487
2023-03-09 03:00:00+01:00,0.0,0.5815208786147136,0.0,0.3762261395243945
2023-03-09 04:00:00+01:00,0.0,0.5690460082813946,0.0,0.3315285322968655
2023-03-09 05:00:00+01:00,0.0,0.5525407952250034,0.0,0.3185117054350451
2023-03-09 06:00:00+01:00,0.0,0.5302299694365676,0.0,0.40535253204054905
2023-03-09 07:00:00+01:00,0.02711972779170956,0.5102701769032574,0.0,0.5195528248718276
2023-03-09 08:00:00+01:00,0.09058125705744804,0.4830173832520067,0.0,0.5893911056461816
2023-03-09 09:00:00+01:00,0.20780406030826318,0.48138605405457274,0.0,0.50183386793603
2023-03-09 10:00:00+01:00,0.30193752352482683,0.4927093978955853,0.0,0.3982442876151308
2023-03-09 11:00:00+01:00,0.36041230183642226,0.5315254367404123,0.0,0.34616129054716294
2023-03-09 12:00:00+01:00,0.4052247487668038,0.5698136926095989,0.0,0.32541693331285904
2023-03-09 13:00:00+01:00,0.4202533132861391,0.5844476751159923,0.0,0.3217611216945845
2023-03-09 14:00:00+01:00,0.3870538480297893,0.5657353696160139,0.0,0.34327304362849304
2023-03-09 15:00:00+01:00,0.3092468708137763,0.5927482619147006,0.0,0.4097046128919332
2023-03-09 16:00:00+01:00,0.1864908233535695,0.6005210657377685,0.0,0.392063251772102
2023-03-09 17:00:00+01:00,0.0804028201784437,0.6020084541236643,0.0,0.39738121135344767
2023-03-09 18:00:00+01:00,0.02261115843590898,0.6144353441864705,0.0,0.4261606435687526
2023-03-09 19:00:00+01:00,0.012705968184528911,0.6670217206684611,0.0,0.43334055097861923
2023-03-09 20:00:00+01:00,0.0,0.7012316535440626,0.0,0.4548204706323802
2023-03-09 21:00:00+01:00,0.0,0.7159615965914815,0.0,0.4191264160136198
2023-03-09 22:00:00+01:00,0.0,0.7117873130568709,0.0,0.5059730529446574
2023-03-09 23:00:00+01:00,0.0,0.7237344004145495,0.0,0.5152898327270663
2023-03-10 00:00:00+01:00,0.0,0.7215273079709623,0.0,0.41521458615416446
2023-03-10 01:00:00+01:00,0.0,0.7128908592786646,0.0,0.389170185084627
2023-03-10 02:00:00+01:00,0.0,0.6922113626876628,0.0,0.38281332045976296
2023-03-10 03:00:00+01:00,0.0,0.680312255600497,0.0,0.37265187544014733
2023-03-10 04:00:00+01:00,0.0,0.6792566896492161,0.0,0.362762388548794
2023-03-10 05:00:00+01:00,0.0,0.7080928322273881,0.0,0.40311606862745625
2023-03-10 06:00:00+01:00,0.0,0.735057744255562,0.0,0.499711699881872
2023-03-10 07:00:00+01:00,0.027597909390052047,0.7590958597824574,0.0,0.5484638504078307
2023-03-10 08:00:00+01:00,0.09679761783590037,0.773873783100389,0.0,0.5301925732465955
2023-03-10 09:00:00+01:00,0.201724322843623,0.7905229369683185,0.0,0.5113792331818817
2023-03-10 10:00:00+01:00,0.2856793491811823,0.7952250034785695,0.0,0.4961410199977325
2023-03-10 11:00:00+01:00,0.3417632195010653,0.7900911145337037,0.0,0.4967185468754821
2023-03-10 12:00:00+01:00,0.3776951510336578,0.7806390012426889,0.0,0.47033521670162803
2023-03-10 13:00:00+01:00,0.3545374993425003,0.7603913270863021,0.0,0.4490360681044918
2023-03-10 14:00:00+01:00,0.3066510278513456,0.718936373363273,0.0,0.4430102238933958
2023-03-10 15:00:00+01:00,0.23710976112096696,0.6746505836799908,0.0,0.4418279876265542
2023-03-10 16:00:00+01:00,0.13505214570329924,0.6081499287492983,0.0,0.4874866538152396
2023-03-10 17:00:00+01:00,0.05745010345800438,0.5126212101583828,0.0,0.5184462033074954
2023-03-10 18:00:00+01:00,0.017009602569611284,0.3977084622803103,0.0,0.5855115178244161
2023-03-10 19:00:00+01:00,0.012227786586186427,0.2876897019945398,0.0,0.6042651778192756
2023-03-10 20:00:00+01:00,0.0,0.24268420825356612,0.0,0.5765219292436987
2023-03-10 21:00:00+01:00,0.0,0.20074945182540938,0.0,0.5140540889794306
2023-03-10 22:00:00+01:00,0.0,0.17340069763313323,0.0,0.4912133881276293
2023-03-10 23:00:00+01:00,0.0,0.165483952998527,0.0,0.4947085705608172
2023-03-11 00:00:00+01:00,0.0,0.15396868807546335,0.0,0.5110625443141181
2023-03-11 01:00:00+01:00,0.0,0.14595598289983158,0.0,0.5331809064841803
2023-03-11 02:00:00+01:00,0.0,0.1495065229177762,0.0,0.49903272861052583
2023-03-11 03:00:00+01:00,0.0,0.15569597781392291,0.0,0.46855135996743785
2023-03-11 04:00:00+01:00,0.0,0.16879459166390778,0.0,0.41394758567114087
2023-03-11 05:00:00+01:00,0.0,0.17853458657799912,0.0,0.4222070493855551
2023-03-11 06:00:00+01:00,0.0,0.17330473709210772,0.0,0.47760346727335756
2023-03-11 07:00:00+01:00,0.027597909390052047,0.17162542762416094,0.0,0.5483565956887004
2023-03-11 08:00:00+01:00,0.09570463132540326,0.17148148681262262,0.0,0.5738633808511846
2023-03-11 09:00:00+01:00,0.1936635473287068,0.17541586899466938,0.0,0.5669130494614893
2023-03-11 10:00:00+01:00,0.25166014404195974,0.1746961649369779,0.0,0.5833052033384247
2023-03-11 11:00:00+01:00,0.29251051487178925,0.17061784194339286,0.0,0.5557341993445752
2023-03-11 12:00:00+01:00,0.32147465739996267,0.16634759786775677,0.0,0.5615533255564015
2023-03-11 13:00:00+01:00,0.3291255629734425,0.1724890724933907,0.0,0.516894271224887
2023-03-11 14:00:00+01:00,0.30685596282206384,0.18256492930107138,0.0,0.5087769031650986
2023-03-11 15:00:00+01:00,0.252889753866269,0.18371645579337775,0.0,0.5218731791959316
2023-03-11 16:00:00+01:00,0.16763680604749434,0.18693113391773303,0.0,0.6109063562593757
2023-03-11 17:00:00+01:00,0.07849009378507377,0.18333261362927564,0.0,0.7348280933847366
2023-03-11 18:00:00+01:00,0.020151938787290477,0.18146138307927778,0.0,0.792909997164427
2023-03-11 19:00:00+01:00,0.011954539958562148,0.18328463335876286,0.0,0.8489902060923809
2023-03-11 20:00:00+01:00,0.0,0.2019489585882285,0.0,0.7536645364823209
2023-03-11 21:00:00+01:00,0.0,0.21950973759590056,0.0,0.6729217123507256
2023-03-11 22:00:00+01:00,0.0,0.23567908875870242,0.0,0.6816067227386844
2023-03-11 23:00:00+01:00,0.0,0.249449426395866,0.0,0.6375562070083384
2023-03-12 00:00:00+01:00,0.0,0.2699849821753295,0.0,0.6497894067774882
2023-03-12 01:00:00+01:00,0.0,0.2752148316612209,0.0,0.6342719445588767
2023-03-12 02:00:00+01:00,0.0,0.28380330008300586,0.0,0.6207376436615409
2023-03-12 03:00:00+01:00,0.0,0.30294742801759916,0.0,0.5998357461638939
2023-03-12 04:00:00+01:00,0.0,0.30131609882016513,0.0,0.5452084960623466
2023-03-12 05:00:00+01:00,0.0,0.30390703342785447,0.0,0.5472083375610369
2023-03-12 06:00:00+01:00,0.0,0.32070012810732224,0.0,0.5160227909942909
2023-03-12 07:00:00+01:00,0.03326777691325581,0.33768514386884113,0.0,0.5147094566851155
2023-03-12 08:00:00+01:00,0.12924565486628334,0.3198364832380925,0.0,0.5474544712526387
2023-03-12 09:00:00+01:00,0.26764507175797997,0.31460663375220105,0.0,0.5745272750317667
2023-03-12 10:00:00+01:00,0.35528892756846703,0.3230511613624477,0.0,0.5758259050225579
2023-03-12 11:00:00+01:00,0.4271527906336521,0.3533267120560025,0.0,0.555156054682477
2023-03-12 12:00:00+01:00,0.45447745339607987,0.37702896568930855,0.0,0.6337968526314524
2023-03-12 13:00:00+01:00,0.4627431638817142,0.4131581093854207,0.0,0.5786695489621375
2023-03-12 14:00:00+01:00,0.4240104544159729,0.42793603270335234,0.0,0.5411142868051894
2023-03-12 15:00:00+01:00,0.3517367214093514,0.42059505131489927,0.0,0.5359686943115555
2023-03-12 16:00:00+01:00,0.22665807761433834,0.42376174916874176,0.0,0.5569719136968148
2023-03-12 17:00:00+01:00,0.09399683990275153,0.40965554963798884,0.0,0.6058070975918939
2023-03-12 18:00:00+01:00,0.021518171925411868,0.3996756533713337,0.0,0.7424314438487063
2023-03-12 19:00:00+01:00,0.012296098243092496,0.42558499944822686,0.0,0.820329883750389
2023-03-12 20:00:00+01:00,0.0,0.4654566042443347,0.0,0.7131135276756038
2023-03-12 21:00:00+01:00,0.0,0.511565644207102,0.0,0.6118650665891219
2023-03-12 22:00:00+01:00,0.0,0.5339724305365633,0.0,0.5676280972370286
2023-03-12 23:00:00+01:00,0.0,0.5604575398596097,0.0,0.5279947799810749
2023-03-13 00:00:00+01:00,0.0,0.5827683656480455,0.0,0.5046632923267365
2023-03-13 01:00:00+01:00,0.0,0.5993215589749494,0.0,0.5116408062277741
2023-03-13 02:00:00+01:00,0.0,0.607382244421094,0.0,0.492005658946755
2023-03-13 03:00:00+01:00,0.0,0.6108848041685259,0.0,0.48871027637901693
2023-03-13 04:00:00+01:00,0.0,0.623743516665947,0.0,0.4898629815031057
2023-03-13 05:00:00+01:00,0.0,0.6308925769723489,0.0,0.4982393342198338
2023-03-13 06:00:00+01:00,0.0,0.6330516891454233,0.0,0.5375331045871221
2023-03-13 07:00:00+01:00,0.03183323211822835,0.6253748458633809,0.0,0.6735538545175556
2023-03-13 08:00:00+01:00,0.13662331381213882,0.6002811643852047,0.0,0.6894637480668511
2023-03-13 09:00:00+01:00,0.29674583759996553,0.6017685527711005,0.0,0.5739516015070631
2023-03-13 10:00:00+01:00,0.4139003291938746,0.6199530752954385,0.0,0.5246219241033547
2023-03-13 11:00:00+01:00,0.4737413406435914,0.6371779924095211,0.0,0.528825731456626
2023-03-13 12:00:00+01:00,0.49375665611706976,0.6480695138159188,0.0,0.5187527573592845
2023-03-13 13:00:00+01:00,0.5007244451214888,0.6718677279902504,0.0,0.49564454537564606
2023-03-13 14:00:00+01:00,0.4373995391695625,0.6728273334005057,0.0,0.5054873256684675
2023-03-13 15:00:00+01:00,0.3496190600452633,0.662751476592825,0.0,0.5391764740077637
2023-03-13 16:00:00+01:00,0.21900717204085857,0.6600645814441102,0.0,0.5208645455854992
2023-03-13 17:00:00+01:00,0.08211061160109544,0.6704283198748674,0.0,0.5699255987946575
2023-03-13 18:00:00+01:00,0.020356873758008688,0.6802162950594715,0.0,0.6395246640112298
2023-03-13 19:00:00+01:00,0.012227786586186427,0.6792087093787035,0.0,0.6439648430125082
2023-03-13 20:00:00+01:00,0.0,0.6930750075568926,0.0,0.6373593735586477
2023-03-13 21:00:00+01:00,0.0,0.7191762747158368,0.0,0.6018364504589017
2023-03-13 22:00:00+01:00,0.0,0.7327546912709494,0.0,0.5799757148710974
2023-03-13 23:00:00+01:00,0.0,0.7204237617491687,0.0,0.534568742433152
2023-03-14 00:00:00+01:00,0.0,0.7164413992966092,0.0,0.5305327326651829
2023-03-14 01:00:00+01:00,0.0,0.7060776608658519,0.0,0.5303315747250513
2023-03-14 02:00:00+01:00,0.0,0.7156257346978921,0.0,0.5292957586032765
2023-03-14 03:00:00+01:00,0.0,0.7165373598376347,0.0,0.5280532244822318
2023-03-14 04:00:00+01:00,0.0,0.7221510514876283,0.0,0.5196018695929165
2023-03-14 05:00:00+01:00,0.0,0.7381764618388919,0.0,0.5446607453393186
2023-03-14 06:00:00+01:00,0.0,0.7477725159414448,0.0,0.6547185192282576
2023-03-14 07:00:00+01:00,0.03067193395082517,0.754873595977334,0.0,0.7514272102729107
2023-03-14 08:00:00+01:00,0.1108015075016446,0.7303076974747983,0.0,0.7479959098940335
2023-03-14 09:00:00+01:00,0.23082508868560855,0.7329945926235132,0.0,0.6824370564298868
2023-03-14 10:00:00+01:00,0.34634010051377195,0.743646212677347,0.0,0.6185779132680971
2023-03-14 11:00:00+01:00,0.4196385083739844,0.7364011918299195,0.0,0.5895545682321897
2023-03-14 12:00:00+01:00,0.4583029061828197,0.7188883930927602,0.0,0.6037444871016058
2023-03-14 13:00:00+01:00,0.46615874672701774,0.6935548102620203,0.0,0.5589545797397262
2023-03-14 14:00:00+01:00,0.4676616031789512,0.6524357184325805,0.0,0.5642336189071042
2023-03-14 15:00:00+01:00,0.3992133229590697,0.6113646068736535,0.0,0.6066509000327831
2023-03-14 16:00:00+01:00,0.2867723356916794,0.5275910545583655,0.0,0.6138658986445408
2023-03-14 17:00:00+01:00,0.13313941930992929,0.4306229278520672,0.0,0.6287940960827775
2023-03-14 18:00:00+01:00,0.029442324126515918,0.33960435468935174,0.0,0.7566920404002687
2023-03-14 19:00:00+01:00,0.012091163272374287,0.2876417217240271,0.0,0.8117714019023543
2023-03-14 20:00:00+01:00,0.0,0.24796203800997027,0.0,0.7454726615283097
2023-03-14 21:00:00+01:00,0.0,0.2256512122215345,0.0,0.6358000280638549
2023-03-14 22:00:00+01:00,0.0,0.2101056045753986,0.0,0.5972573872307254
2023-03-14 23:00:00+01:00,0.0,0.20214087967027958,0.0,0.6060057843946306
2023-03-15 00:00:00+01:00,0.0,0.2107773283625773,0.0,0.6686728067399997
2023-03-15 01:00:00+01:00,0.0,0.20166107696515193,0.0,0.5965899088500355
2023-03-15 02:00:00+01:00,0.0,0.19220896367413717,0.0,0.6471109667798315
2023-03-15 03:00:00+01:00,0.0,0.17743104035620552,0.0,0.618085768390878
2023-03-15 04:00:00+01:00,0.0,0.16529203191647593,0.0,0.6220663000734493
2023-03-15 05:00:00+01:00,0.0,0.1398624885447104,0.0,0.6357660499246769
2023-03-15 06:00:00+01:00,0.0,0.12263757143062771,0.0,0.7191275114780902
2023-03-15 07:00:00+01:00,0.04091868248673558,0.1086273324409003,0.0,0.8418435365313592
2023-03-15 08:00:00+01:00,0.1666121311939033,0.09951108104347492,0.0,0.812288630925901
2023-03-15 09:00:00+01:00,0.3509852931833847,0.08151847960118798,0.0,0.7056842751464076
2023-03-15 10:00:00+01:00,0.476268871949116,0.0757128668691434,0.0,0.6577251409843343
2023-03-15 11:00:00+01:00,0.5578329902949629,0.08099069662554757,0.0,0.6503514890465204
2023-03-15 12:00:00+01:00,0.609135044631421,0.09226606019604738,0.0,0.6112798812872192
2023-03-15 13:00:00+01:00,0.600322840890538,0.0944251723691218,0.0,0.5926609035348013
2023-03-15 14:00:00+01:00,0.5557836405877807,0.10037472591270469,0.0,0.5828136762455545
2023-03-15 15:00:00+01:00,0.47838653331320413,0.10114241024090893,0.0,0.5845588575777458
2023-03-15 16:00:00+01:00,0.33090166605300025,0.09739994914091325,0.0,0.598891612392121
2023-03-15 17:00:00+01:00,0.15950771887567208,0.09859945590373238,0.0,0.6132791050015608
2023-03-15 18:00:00+01:00,0.034497386737565056,0.0948569948037367,0.0,0.7644046214423992
2023-03-15 19:00:00+01:00,0.012091163272374287,0.10003886401911534,0.0,0.8925012525626272
2023-03-15 20:00:00+01:00,0.0,0.11966279465883628,0.0,0.8402589843842545
2023-03-15 21:00:00+01:00,0.0,0.14969844399982726,0.0,0.7049714482418679
2023-03-15 22:00:00+01:00,0.0,0.1751279873715928,0.0,0.6613982505643722
2023-03-15 23:00:00+01:00,0.0,0.19623930639720946,0.0,0.6156758248273604
2023-03-16 00:00:00+01:00,0.0,0.22152490895743668,0.0,0.6073118277976062
2023-03-16 01:00:00+01:00,0.0,0.24762617611638094,0.0,0.5442683140086346
2023-03-16 02:00:00+01:00,0.0,0.2655707972881551,0.0,0.5327898279737514
2023-03-16 03:00:00+01:00,0.0,0.27415926570994004,0.0,0.5312119489484979
2023-03-16 04:00:00+01:00,0.0,0.28696999793684835,0.0,0.5304411728211653
2023-03-16 05:00:00+01:00,0.0,0.3145586534816883,0.0,0.5352036007493456
2023-03-16 06:00:00+01:00,0.0,0.32948051761115826,0.0,0.7581776192911716
2023-03-16 07:00:00+01:00,0.0471350432651879,0.34171548659191336,0.0,0.7859720214617056
2023-03-16 08:00:00+01:00,0.20650613882704785,0.3127354032022032,0.0,0.7171209968575486
2023-03-16 09:00:00+01:00,0.41922863843254804,0.25870961860482966,0.0,0.6942027001897809
2023-03-16 10:00:00+01:00,0.5723833732159557,0.23054519981383653,0.0,0.5837051705872774
2023-03-16 11:00:00+01:00,0.6648090450098676,0.24206046473690018,0.0,0.5749948310410223
2023-03-16 12:00:00+01:00,0.701629028082239,0.25736617103047227,0.0,0.5657339021163913
2023-03-16 13:00:00+01:00,0.6742360536629052,0.27094458758558476,0.0,0.5448924249789316
2023-03-16 14:00:00+01:00,0.609066732974515,0.27991689817147186,0.0,0.542204840722029
2023-03-16 15:00:00+01:00,0.4936200328032576,0.2824598525086484,0.0,0.5823831872972204
2023-03-16 16:00:00+01:00,0.3221577739690234,0.29416703851376313,0.0,0.5860396166998436
2023-03-16 17:00:00+01:00,0.14113188316793943,0.31120003454579476,0.0,0.6350495163140448
2023-03-16 18:00:00+01:00,0.028554272586737015,0.33960435468935174,0.0,0.6874389449278174
2023-03-16 19:00:00+01:00,0.01168129333093787,0.3674329115867555,0.0,0.7153182338205178
2023-03-16 20:00:00+01:00,0.0,0.38235477571622545,0.0,0.6595000984712472
2023-03-16 21:00:00+01:00,0.0,0.3876805857431424,0.0,0.5862728994261072
2023-03-16 22:00:00+01:00,0.0,0.38249871652776374,0.0,0.5857635790931092
2023-03-16 23:00:00+01:00,0.0,0.3757814786559766,0.0,0.5789465718711738
2023-03-17 00:00:00+01:00,0.0,0.35990000911625136,0.0,0.5428527950155295
2023-03-17 01:00:00+01:00,0.0,0.33778110440986664,0.0,0.5483889654868013
2023-03-17 02:00:00+01:00,0.0,0.31460663375220105,0.0,0.5772012680329981
2023-03-17 03:00:00+01:00,0.0,0.2943589595958142,0.0,0.5338052572120194
2023-03-17 04:00:00+01:00,0.0,0.2927276303983802,0.0,0.5619568770053619
2023-03-17 05:00:00+01:00,0.0,0.28831344551120575,0.0,0.5965010704098083
2023-03-17 06:00:00+01:00,0.0,0.2925357093163291,0.0,0.6893886233882793
2023-03-17 07:00:00+01:00,0.039005956093365636,0.29522260446504395,0.0,0.728908263069647
2023-03-17 08:00:00+01:00,0.11913552964418507,0.30635402722400545,0.0,0.7127990649332661
2023-03-17 09:00:00+01:00,0.2186656137563282,0.29728575609709285,0.0,0.6526073487863916
2023-03-17 10:00:00+01:00,0.3147801150231679,0.28682605712531006,0.0,0.5268512191162321
2023-03-17 11:00:00+01:00,0.38145229216349164,0.30832121831502884,0.0,0.516628240673716
2023-03-17 12:00:00+01:00,0.4155398089596203,0.3402760784765304,0.0,0.5875077751229987
2023-03-17 13:00:00+01:00,0.4276992838889006,0.3409957825342219,0.0,0.5692504619898145
2023-03-17 14:00:00+01:00,0.3989400763314454,0.3373972622457645,0.0,0.5241437432541869
2023-03-17 15:00:00+01:00,0.34032867470603784,0.3400841573944794,0.0,0.6294975337161026
2023-03-17 16:00:00+01:00,0.2528214422093629,0.32357894433808815,0.0,0.6716928972457632
2023-03-17 17:00:00+01:00,0.1275378634436316,0.2886013271342824,0.0,0.7489528946311446
2023-03-17 18:00:00+01:00,0.030945180578449447,0.27224005488942943,0.0,0.8499573203910398
2023-03-17 19:00:00+01:00,0.012227786586186427,0.2886013271342824,0.0,0.8942785586809506
2023-03-17 20:00:00+01:00,0.0,0.2936872358086355,0.0,0.8539404457169901
2023-03-17 21:00:00+01:00,0.0,0.2894649720035121,0.0,0.7839605645663745
2023-03-17 22:00:00+01:00,0.0,0.2805886219586506,0.0,0.7432132175883308
2023-03-17 23:00:00+01:00,0.0,0.2845230041406973,0.0,0.7419674720395584
2023-03-18 00:00:00+01:00,0.0,0.27895729276121656,0.0,0.6756747870030162
2023-03-18 01:00:00+01:00,0.0,0.2906164984958185,0.0,0.5597142357487822
2023-03-18 02:00:00+01:00,0.0,0.3211799308124499,0.0,0.528654722443596
2023-03-18 03:00:00+01:00,0.0,0.31120003454579476,0.0,0.5065325310614572
2023-03-18 04:00:00+01:00,0.0,0.31052831075861603,0.0,0.49442598233821605
2023-03-18 05:00:00+01:00,0.0,0.30294742801759916,0.0,0.5064020508034721
2023-03-18 06:00:00+01:00,0.0,0.2969498942035035,0.0,0.5112167453893224
2023-03-18 07:00:00+01:00,0.04173842236960842,0.2958463479817099,0.0,0.5166995361402111
2023-03-18 08:00:00+01:00,0.14557214086683393,0.27295975894712093,0.0,0.542048781039352
2023-03-18 09:00:00+01:00,0.28622584243643084,0.25775001319457436,0.0,0.5401577973464425
2023-03-18 10:00:00+01:00,0.39853020639000897,0.27180823245481456,0.0,0.49633179285549406
2023-03-18 11:00:00+01:00,0.46923277128779084,0.27828556897403783,0.0,0.46651543145570123
2023-03-18 12:00:00+01:00,0.4889065284767388,0.2824118722381357,0.0,0.46990966477365675
2023-03-18 13:00:00+01:00,0.451676675462931,0.27080064677404647,0.0,0.46308042437073194
2023-03-18 14:00:00+01:00,0.38186216210492807,0.2583737567112403,0.0,0.46928345543834493
2023-03-18 15:00:00+01:00,0.29831700570880515,0.24321199122920653,0.0,0.5833222562882193
2023-03-18 16:00:00+01:00,0.18819861477622124,0.22037338246513033,0.0,0.6399904944278505
2023-03-18 17:00:00+01:00,0.0853212594756807,0.20137319534207532,0.0,0.644120162404852
2023-03-18 18:00:00+01:00,0.026026741281212448,0.17791084306133317,0.0,0.74519946783135
2023-03-18 19:00:00+01:00,0.012091163272374287,0.16802690733570355,0.0,0.8662440781563174
2023-03-18 20:00:00+01:00,0.0,0.17076178275493117,0.0,0.7215260846569359
2023-03-18 21:00:00+01:00,0.0,0.16980217734467587,0.0,0.7878843825948505
2023-03-18 22:00:00+01:00,0.0,0.16759508490108865,0.0,0.7443861870899421
2023-03-18 23:00:00+01:00,0.0,0.15967834026648242,0.0,0.685882320836815
2023-03-19 00:00:00+01:00,0.0,0.14859489777803367,0.0,0.6537056888877955
2023-03-19 01:00:00+01:00,0.0,0.13496850095240837,0.0,0.6325455470235416
2023-03-19 02:00:00+01:00,0.0,0.12585224955498298,0.0,0.5524289322272581
2023-03-19 03:00:00+01:00,0.0,0.12575628901395744,0.0,0.5352647666542928
2023-03-19 04:00:00+01:00,0.0,0.11836732735499161,0.0,0.47802691032746064
2023-03-19 05:00:00+01:00,0.0,0.11145816840115344,0.0,0.4688601348902263
2023-03-19 06:00:00+01:00,0.0,0.11419304382038105,0.0,0.47320183591366705
2023-03-19 07:00:00+01:00,0.03388258182541043,0.11942289330627245,0.0,0.49246246761011414
2023-03-19 08:00:00+01:00,0.11640306336794229,0.12561234820241915,0.0,0.5256127644736595
2023-03-19 09:00:00+01:00,0.23444560650163024,0.13348111256651263,0.0,0.525253448485836
2023-03-19 10:00:00+01:00,0.30364531494747854,0.13703165258445726,0.0,0.4816882820048734
2023-03-19 11:00:00+01:00,0.35686009567730664,0.14739539101521454,0.0,0.4851834644380613
2023-03-19 12:00:00+01:00,0.38589254986238614,0.16577183462160358,0.0,0.5181375456362647
2023-03-19 13:00:00+01:00,0.4052247487668038,0.17488808601902897,0.0,0.5612738315099705
2023-03-19 14:00:00+01:00,0.40570293036514626,0.19427211530618607,0.0,0.5101615329407692
2023-03-19 15:00:00+01:00,0.3713421669413934,0.1973908328895158,0.0,0.5550332381030716
2023-03-19 16:00:00+01:00,0.27980454668726035,0.18645133121260538,0.0,0.5529197190297952
2023-03-19 17:00:00+01:00,0.14010720831434836,0.16097380757032706,0.0,0.6372434751130623
2023-03-19 18:00:00+01:00,0.03511219164971968,0.1397185477331721,0.0,0.749143054958984
2023-03-19 19:00:00+01:00,0.012227786586186427,0.12326131494729367,0.0,0.9322598627898078
2023-03-19 20:00:00+01:00,0.0,0.11956683411781074,0.0,0.8698179694681848
2023-03-19 21:00:00+01:00,0.0,0.1075237862191067,0.0,0.7708967860940534
2023-03-19 22:00:00+01:00,0.0,0.09274586290117504,0.0,0.7312044065525942
2023-03-19 23:00:00+01:00,0.0,0.0821902033883667,0.0,0.65664867360153
2023-03-20 00:00:00+01:00,0.0,0.07739217633709018,0.0,0.6564534484929166
2023-03-20 01:00:00+01:00,0.0,0.07964724905119014,0.0,0.5890915869797703
2023-03-20 02:00:00+01:00,0.0,0.08497305907810708,0.0,0.5629690948159021
2023-03-20 03:00:00+01:00,0.0,0.09399334993450692,0.0,0.5235185244756037
2023-03-20 04:00:00+01:00,0.0,0.10445304890628973,0.0,0.5144636957658937
2023-03-20 05:00:00+01:00,0.0,0.10896319433448964,0.0,0.5432552386562037
2023-03-20 06:00:00+01:00,0.0,0.11640013626396825,0.0,0.6431549014592393
2023-03-20 07:00:00+01:00,0.05150698930717634,0.11860722870755544,0.0,0.7033565021556928
2023-03-20 08:00:00+01:00,0.19783055839997704,0.11380920165627893,0.0,0.7025365482924336
2023-03-20 09:00:00+01:00,0.3855509915778558,0.10152625240501105,0.0,0.688637616360105
2023-03-20 10:00:00+01:00,0.47558575538005526,0.09653630427168347,0.0,0.6046892386577273
2023-03-20 11:00:00+01:00,0.587480249392197,0.1007585680768068,0.0,0.5107776074601065
2023-03-20 12:00:00+01:00,0.6480043774109745,0.10733186513705563,0.0,0.4745938791015219
2023-03-20 13:00:00+01:00,0.6464332093021349,0.10570053593962161,0.0,0.4382729973631009
2023-03-20 14:00:00+01:00,0.5981368678695438,0.1050288121524429,0.0,0.4450738196859859
2023-03-20 15:00:00+01:00,0.5016124966612677,0.10454900944731525,0.0,0.5556500581671686
2023-03-20 16:00:00+01:00,0.3564502257358702,0.10162221294603659,0.0,0.5579704177456992
2023-03-20 17:00:00+01:00,0.17228199871710706,0.09269788263066227,0.0,0.644327748454866
2023-03-20 18:00:00+01:00,0.040508812545299165,0.0832937496101603,0.0,0.7222077773320723
2023-03-20 19:00:00+01:00,0.013389084753589606,0.08257404555246882,0.0,0.7542908735780439
2023-03-20 20:00:00+01:00,0.0,0.09346556695886651,0.0,0.6923030675159898
2023-03-20 21:00:00+01:00,0.0,0.10378132511911102,0.0,0.6194634800327286
2023-03-20 22:00:00+01:00,0.0,0.11251373435243427,0.0,0.5906645237302343
2023-03-20 23:00:00+01:00,0.0,0.11966279465883628,0.0,0.5142141003801686
2023-03-21 00:00:00+01:00,0.0,0.12777146037549358,0.0,0.517937873531226
2023-03-21 01:00:00+01:00,0.0,0.14173371909470825,0.0,0.45318735853369757
2023-03-21 02:00:00+01:00,0.0,0.15987026134853347,0.0,0.4148177025726285
2023-03-21 03:00:00+01:00,0.0,0.16980217734467587,0.0,0.4022615135862437
2023-03-21 04:00:00+01:00,0.0,0.17239311195236517,0.0,0.40828303330689886
2023-03-21 05:00:00+01:00,0.0,0.17028198004980352,0.0,0.4542517152414967
2023-03-21 06:00:00+01:00,0.0,0.17047390113185457,0.0,0.5410161815997316
2023-03-21 07:00:00+01:00,0.04822802977568501,0.18069369875107355,0.0,0.5986507937476887
2023-03-21 08:00:00+01:00,0.15964434218948423,0.17666335602800126,0.0,0.5618134232760542
2023-03-21 09:00:00+01:00,0.28369831113090627,0.1777189219792821,0.0,0.5302772097023665
2023-03-21 10:00:00+01:00,0.35774814721708553,0.17368857925620984,0.0,0.5127500214354855
2023-03-21 11:00:00+01:00,0.40351695734415205,0.17028198004980352,0.0,0.5016467912755074
2023-03-21 12:00:00+01:00,0.4177257819806145,0.178150744413897,0.0,0.5353143171625993
2023-03-21 13:00:00+01:00,0.4262647390938732,0.19561556288054352,0.0,0.4804489645659833
2023-03-21 14:00:00+01:00,0.39887176467453933,0.2193178165138495,0.0,0.46373443925616165
2023-03-21 15:00:00+01:00,0.3398504931076954,0.23519928605357476,0.0,0.43251812597796535
2023-03-21 16:00:00+01:00,0.2497474176485898,0.23985337229331297,0.0,0.4410894587913381
2023-03-21 17:00:00+01:00,0.13935578008838162,0.23145682495357908,0.0,0.5076516308187478
2023-03-21 18:00:00+01:00,0.04003063094695668,0.20698688699206885,0.0,0.5928961673745219
2023-03-21 19:00:00+01:00,0.013115838125965328,0.2092419597061688,0.0,0.6952413602213304
2023-03-21 20:00:00+01:00,0.0,0.2303052984612727,0.0,0.6260533823718873
2023-03-21 21:00:00+01:00,0.0,0.2696971005522529,0.0,0.5932701876807296
2023-03-21 22:00:00+01:00,0.0,0.30515452046118635,0.0,0.5064478946056863
2023-03-21 23:00:00+01:00,0.0,0.33792504522140493,0.0,0.4473977634646242
2023-03-22 00:00:00+01:00,0.0,0.36608946401239806,0.0,0.3752680364701438
2023-03-22 01:00:00+01:00,0.0,0.3742940902700809,0.0,0.3897291731774891
2023-03-22 02:00:00+01:00,0.0,0.3757334983854639,0.0,0.41931460048242875
2023-03-22 03:00:00+01:00,0.0,0.38628915789827223,0.0,0.366630600731461
2023-03-22 04:00:00+01:00,0.0,0.3888321122354488,0.0,0.3733373920729336
2023-03-22 05:00:00+01:00,0.0,0.3977084622803103,0.0,0.3747535288503875
2023-03-22 06:00:00+01:00,0.0,0.4095595890969633,0.0,0.4724570119834062
2023-03-22 07:00:00+01:00,0.058406466654689355,0.4201152486097716,0.0,0.5565960452919877
2023-03-22 08:00:00+01:00,0.1887451080314698,0.4320143556969374,0.0,0.5632482213443799
2023-03-22 09:00:00+01:00,0.3348637421535523,0.44607257495717756,0.0,0.4775493472626415
2023-03-22 10:00:00+01:00,0.44887589752978213,0.458643405831522,0.0,0.5464250779863196
2023-03-22 11:00:00+01:00,0.5232672919004917,0.4700147299430474,0.0,0.3900159581301201
2023-03-22 12:00:00+01:00,0.48460289409165647,0.452933753640503,0.0,0.3988849510024314
2023-03-22 13:00:00+01:00,0.4882917235645842,0.45504488554306466,0.0,0.41828570249447394
2023-03-22 14:00:00+01:00,0.44300109503586016,0.4729895067148388,0.0,0.4327672260853261
2023-03-22 15:00:00+01:00,0.3401920513922257,0.46833542047510063,0.0,0.45050656990463056
2023-03-22 16:00:00+01:00,0.22194457328781955,0.4710702958943282,0.0,0.48361559772279794
2023-03-22 17:00:00+01:00,0.10397034181103766,0.4686233020981772,0.0,0.530499622576749
2023-03-22 18:00:00+01:00,0.02828102595911274,0.4705425129186878,0.0,0.6337743673829306
2023-03-22 19:00:00+01:00,0.012842591498341051,0.4891108776071279,0.0,0.6599449242200124
2023-03-22 20:00:00+01:00,0.0,0.508494906894285,0.0,0.5773480609504447
2023-03-22 21:00:00+01:00,0.0,0.5110858415019743,0.0,0.4877138812040006
2023-03-22 22:00:00+01:00,0.0,0.49765136575840013,0.0,0.4933108448078397
2023-03-22 23:00:00+01:00,0.0,0.507679242295568,0.0,0.4076223505540446
2023-03-23 00:00:00+01:00,0.0,0.5202980534404252,0.0,0.35855153530129164
2023-03-23 01:00:00+01:00,0.0,0.5327729237737442,0.0,0.34644004430326086
2023-03-23 02:00:00+01:00,0.0,0.5268233702301613,0.0,0.32498335544278145
2023-03-23 03:00:00+01:00,0.0,0.5107979598788978,0.0,0.3094880109547385
2023-03-23 04:00:00+01:00,0.0,0.49549225358532567,0.0,0.30134790738003303
2023-03-23 05:00:00+01:00,0.0,0.48863107490200025,0.0,0.3322087338824824
2023-03-23 06:00:00+01:00,0.0,0.46315355125972196,0.0,0.375676285181925
2023-03-23 07:00:00+01:00,0.03709322969999569,0.4617621234148518,0.0,0.5339902355075272
2023-03-23 08:00:00+01:00,0.11558332348506946,0.4515423257956328,0.0,0.5529129286563863
2023-03-23 09:00:00+01:00,0.21367886280218515,0.458451484749471,0.0,0.44917457955900997
2023-03-23 10:00:00+01:00,0.2957894744032806,0.46137828125074964,0.0,0.4684953866036757
2023-03-23 11:00:00+01:00,0.36130035337620114,0.47155009859945585,0.0,0.4684837712070349
2023-03-23 12:00:00+01:00,0.4038585156286824,0.49496447060968524,0.0,0.4445882254246337
2023-03-23 13:00:00+01:00,0.3970273499380755,0.5030251560558298,0.0,0.4448687100277933
2023-03-23 14:00:00+01:00,0.3696343755187416,0.487047725975079,0.0,0.48021506405537107
2023-03-23 15:00:00+01:00,0.27796013195079644,0.46939098642638144,0.0,0.5483831656701209
2023-03-23 16:00:00+01:00,0.1974206884585406,0.4796587643161132,0.0,0.5642950350784469
2023-03-23 17:00:00+01:00,0.09768566937567927,0.4918457530263555,0.0,0.6992210291075842
2023-03-23 18:00:00+01:00,0.02821271430220667,0.5191465269481189,0.0,0.7000202233149565
2023-03-23 19:00:00+01:00,0.012842591498341051,0.5536923217173098,0.0,0.6076982090452143
2023-03-23 20:00:00+01:00,0.0,0.5650636458288352,0.0,0.6113673669071913
2023-03-23 21:00:00+01:00,0.0,0.5558514338903843,0.0,0.5320036124921282
2023-03-23 22:00:00+01:00,0.0,0.5357477005455357,0.0,0.4756681256133268
2023-03-23 23:00:00+01:00,0.0,0.5457755770827035,0.0,0.4195903878227677
2023-03-24 00:00:00+01:00,0.0,0.5494220776416737,0.0,0.3691366736414058
2023-03-24 01:00:00+01:00,0.0,0.5486064130429567,0.0,0.3293464339064576
2023-03-24 02:00:00+01:00,0.0,0.5438563662621929,0.0,0.32167079741926435
2023-03-24 03:00:00+01:00,0.0,0.5196263296532465,0.0,0.31235327734652235
2023-03-24 04:00:00+01:00,0.0,0.48949471977123005,0.0,0.31551200181278843
2023-03-24 05:00:00+01:00,0.0,0.45576458960075616,0.0,0.34959061506700956
2023-03-24 06:00:00+01:00,0.0,0.44986301632768605,0.0,0.430077665969393
2023-03-24 07:00:00+01:00,0.04447088864585119,0.46123434043921135,0.0,0.49891781546724234
2023-03-24 08:00:00+01:00,0.12671812356075876,0.4698707891315091,0.0,0.5208425556153418
2023-03-24 09:00:00+01:00,0.22016847020826175,0.506239834180185,0.0,0.475419025505966
2023-03-24 10:00:00+01:00,0.2852694792397459,0.5536923217173098,0.0,0.4626055827097031
2023-03-24 11:00:00+01:00,0.3390307532248225,0.584495655386505,0.0,0.48726449120725246
2023-03-24 12:00:00+01:00,0.36539905279056534,0.6133317979646769,0.0,0.5872966153817303
2023-03-24 13:00:00+01:00,0.3602756785226101,0.6271501158723533,0.0,0.4664261029915363
2023-03-24 14:00:00+01:00,0.33718633848835866,0.6299809518326064,0.0,0.4103447810008695
2023-03-24 15:00:00+01:00,0.3105447922949916,0.6309885375133745,0.0,0.41334670549412544
2023-03-24 16:00:00+01:00,0.2385443059159944,0.6260945499210724,0.0,0.4665641191676902
2023-03-24 17:00:00+01:00,0.1293139665231894,0.623743516665947,0.0,0.5443648213818684
2023-03-24 18:00:00+01:00,0.038664397808835294,0.6123242122839088,0.0,0.6118041562049967
2023-03-24 19:00:00+01:00,0.013184149782871397,0.60349584250956,0.0,0.6763364603125991
2023-03-24 20:00:00+01:00,0.0,0.6150111074326237,0.0,0.6314585773068097
2023-03-24 21:00:00+01:00,0.0,0.6262384907326107,0.0,0.5382554485232879
2023-03-24 22:00:00+01:00,0.0,0.6384734597133658,0.0,0.4609659199951537
2023-03-24 23:00:00+01:00,0.0,0.6386653807954169,0.0,0.43356777836738025
2023-03-25 00:00:00+01:00,0.0,0.6407285324274657,0.0,0.4020253869502055
2023-03-25 01:00:00+01:00,0.0,0.6442790724454104,0.0,0.39746646559356724
2023-03-25 02:00:00+01:00,0.0,0.6401527691813126,0.0,0.4363621220650489
2023-03-25 03:00:00+01:00,0.0,0.6389052821479807,0.0,0.4128214452740459
2023-03-25 04:00:00+01:00,0.0,0.631276419136451,0.0,0.3483507970953285
2023-03-25 05:00:00+01:00,0.012432721556904634,0.6066625403634025,0.0,0.3485858106686537
2023-03-25 06:00:00+01:00,0.015916616059114173,0.583056247271122,0.0,0.4018414044658529
2023-03-25 07:00:00+01:00,0.06011425807734109,0.5713010809954946,0.0,0.4272245049981875
2023-03-25 08:00:00+01:00,0.199743284793347,0.5634802969019139,0.0,0.40177319792110133
2023-03-25 09:00:00+01:00,0.36177853497454365,0.5755713250711307,0.0,0.37118606039397595
2023-03-25 10:00:00+01:00,0.476268871949116,0.5925083605621368,0.0,0.37239350331312954
2023-03-25 11:00:00+01:00,0.5308498858170655,0.5766268910224115,0.0,0.376330294812928
2023-03-25 12:00:00+01:00,0.5155480746701059,0.5025933336212149,0.0,0.6064943555805952
2023-03-25 13:00:00+01:00,0.517597424377288,0.4985150106276299,0.0,0.4174176839580012
2023-03-25 14:00:00+01:00,0.47223848419165787,0.4943407270930193,0.0,0.38644935772445266
2023-03-25 15:00:00+01:00,0.3908793008165292,0.47342132914945373,0.0,0.38975079562969334
2023-03-25 16:00:00+01:00,0.28615753077952477,0.5077272225660808,0.0,0.4229552125039548
2023-03-25 17:00:00+01:00,0.14010720831434836,0.46444901856356663,0.0,0.5260976236991052
2023-03-25 18:00:00+01:00,0.03695660638618355,0.39007959926878066,0.0,0.6517558931757759
2023-03-25 19:00:00+01:00,0.012569344870716773,0.3412836641572985,0.0,0.669817730933951
2023-03-25 20:00:00+01:00,0.0,0.30952072507784795,0.0,0.648353873673256
2023-03-25 21:00:00+01:00,0.0,0.29104832093043337,0.0,0.5966591059515157
2023-03-25 22:00:00+01:00,0.0,0.29714181528555456,0.0,0.5802029475142851
2023-03-25 23:00:00+01:00,0.0,0.33264721546500076,0.0,0.546268283267736
2023-03-26 00:00:00+01:00,0.0,0.35155144204703026,0.0,0.4685572875445293
2023-03-26 01:00:00+01:00,0.0,0.36292276615855557,0.0,0.4100645414096787
2023-03-26 03:00:00+02:00,0.0,0.3631626675111194,0.0,0.4472346631421428
2023-03-26 04:00:00+02:00,0.0,0.36172325939573646,0.0,0.3855100437214849
2023-03-26 05:00:00+02:00,0.0,0.3865770395213488,0.0,0.38219192563882953
2023-03-26 06:00:00+02:00,0.012296098243092496,0.4574918793392157,0.0,0.4077483838156045
2023-03-26 07:00:00+02:00,0.014823629548617065,0.526487508336572,0.0,0.44000866691809304
2023-03-26 08:00:00+02:00,0.048706211374027496,0.5651596063698606,0.0,0.4428149935303557
2023-03-26 09:00:00+02:00,0.1518568133021923,0.5968745651787984,0.0,0.44911403143841144
2023-03-26 10:00:00+02:00,0.2567152066530089,0.60349584250956,0.0,0.46458169813674766
2023-03-26 11:00:00+02:00,0.36293983314194683,0.6060387968467366,0.0,0.5296113396627539
2023-03-26 12:00:00+02:00,0.42838240045796133,0.5779703385967689,0.0,0.5122835784889428
2023-03-26 13:00:00+02:00,0.4251717525833761,0.5268233702301613,0.0,0.45341372312614114
2023-03-26 14:00:00+02:00,0.40379020397177634,0.482153738382777,0.0,0.4435548804402536
2023-03-26 15:00:00+02:00,0.39525124685851765,0.4131581093854207,0.0,0.4319158877262681
2023-03-26 16:00:00+02:00,0.3578847705308977,0.4112388985649101,0.0,0.48542045912484366
2023-03-26 17:00:00+02:00,0.2687380582684771,0.39612511335338907,0.0,0.5505629101746918
2023-03-26 18:00:00+02:00,0.1373747420381056,0.38043556489571484,0.0,0.6208953116852952
2023-03-26 19:00:00+02:00,0.03873270946574136,0.35980404857522585,0.0,0.7485098049838679
2023-03-26 20:00:00+02:00,0.012569344870716773,0.35879646289445777,0.0,0.7592943704170518
2023-03-26 21:00:00+02:00,0.0,0.36997586592393206,0.0,0.6386106844209851
2023-03-26 22:00:00+02:00,0.0,0.36215508183035133,0.0,0.6189410637224237
2023-03-26 23:00:00+02:00,0.0,0.3425311511906304,0.0,0.6044182710861935
2023-03-27 00:00:00+02:00,0.0,0.33144770870218165,0.0,0.5008562460490167
2023-03-27 01:00:00+02:00,0.0,0.31762939079450525,0.0,0.45799649306040957
2023-03-27 02:00:00+02:00,0.0,0.28500280684582496,0.0,0.5253169630221937
2023-03-27 03:00:00+02:00,0.0,0.2583257764407276,0.0,0.3992110291414099
2023-03-27 04:00:00+02:00,0.0,0.24292410960612995,0.0,0.373860671179556
2023-03-27 05:00:00+02:00,0.0,0.21989357976000268,0.0,0.3935616763739163
2023-03-27 06:00:00+02:00,0.011954539958562148,0.19830245802925836,0.0,0.535722315607985
2023-03-27 07:00:00+02:00,0.016258174343644523,0.17268099357544175,0.0,0.6598162973150733
2023-03-27 08:00:00+02:00,0.06626230719888733,0.14705952912162518,0.0,0.730831376803115
2023-03-27 09:00:00+02:00,0.21880223707014035,0.12901894740882547,0.0,0.7389961917517682
2023-03-27 10:00:00+02:00,0.39135748241487167,0.12829924335113402,0.0,0.6179262522685043
2023-03-27 11:00:00+02:00,0.5094683372054657,0.12374111765242131,0.0,0.5207493874302469
2023-03-27 12:00:00+02:00,0.5535976675667865,0.1302184541716446,0.0,0.532997291517781
2023-03-27 13:00:00+02:00,0.5425311791480033,0.13564022473958706,0.0,0.5390684842527269
2023-03-27 14:00:00+02:00,0.550113773064577,0.1438448509972699,0.0,0.5005954080390308
2023-03-27 15:00:00+02:00,0.49546444753972146,0.14202160071778483,0.0,0.46452881369472887
2023-03-27 16:00:00+02:00,0.46158186571431103,0.1427413047754763,0.0,0.46948560393520505
2023-03-27 17:00:00+02:00,0.3384159483126679,0.1463398250639337,0.0,0.5117966208984822
2023-03-27 18:00:00+02:00,0.18102589080108397,0.1344886982472807,0.0,0.5703368139221978
2023-03-27 19:00:00+02:00,0.050687249424303506,0.1189430906011448,0.0,0.6677007501665513
2023-03-27 20:00:00+02:00,0.013867266351932092,0.10776368757167053,0.0,0.7064986689505285
2023-03-27 21:00:00+02:00,0.0,0.10171817348706211,0.0,0.6951961342034648
2023-03-27 22:00:00+02:00,0.0,0.09855147563321962,0.0,0.6066028353595696
2023-03-27 23:00:00+02:00,0.0,0.09797571238706643,0.0,0.5400056946362533
2023-03-28 00:00:00+02:00,0.0,0.10277373943834295,0.0,0.6290735953836353
2023-03-28 01:00:00+02:00,0.0,0.10766772703064499,0.0,0.5614915471215323
2023-03-28 02:00:00+02:00,0.0,0.12753155902292976,0.0,0.47734213398500747
2023-03-28 03:00:00+02:00,0.0,0.15401666834597613,0.0,0.44610543382330425
2023-03-28 04:00:00+02:00,0.0,0.18016591577543312,0.0,0.41082555549341654
2023-03-28 05:00:00+02:00,0.0,0.20103733344848596,0.0,0.44181253776341023
2023-03-28 06:00:00+02:00,0.01291090315524712,0.21965367840743885,0.0,0.5281531882951622
2023-03-28 07:00:00+02:00,0.018580770678450882,0.2395654906702364,0.0,0.7571414356514437
2023-03-28 08:00:00+02:00,0.08559450610330498,0.23793416147280236,0.0,0.8327385447834208
2023-03-28 09:00:00+02:00,0.26860143495466493,0.22022944165359204,0.0,0.778956577703429
2023-03-28 10:00:00+02:00,0.46342628045077494,0.20684294618053056,0.0,0.6230669024873488
2023-03-28 11:00:00+02:00,0.6001179059198198,0.20597930131130077,0.0,0.5443742106530831
2023-03-28 12:00:00+02:00,0.6826383874623517,0.2220526919330771,0.0,0.4766973911192348
2023-03-28 13:00:00+02:00,0.711465906676713,0.21735062542282613,0.0,0.41391903983069
2023-03-28 14:00:00+02:00,0.6915872145170467,0.2221966327446154,0.0,0.4347788054866416
2023-03-28 15:00:00+02:00,0.6253932189750655,0.23726243768562366,0.0,0.5084043686939839
2023-03-28 16:00:00+02:00,0.5267511864027012,0.24983326855996812,0.0,0.5748607718373562
2023-03-28 17:00:00+02:00,0.3686097006651506,0.24949740666637876,0.0,0.6232949979268538
2023-03-28 18:00:00+02:00,0.18901835465909408,0.24167662257279804,0.0,0.6482277179057118
2023-03-28 19:00:00+02:00,0.051233742679552066,0.2227723959907686,0.0,0.7677772323081505
2023-03-28 20:00:00+02:00,0.013252461439777468,0.21879003353820908,0.0,0.7800288431017767
2023-03-28 21:00:00+02:00,0.0,0.23313613442152586,0.0,0.6985084472150132
2023-03-28 22:00:00+02:00,0.0,0.24729031422279157,0.0,0.6357848337215332
2023-03-28 23:00:00+02:00,0.0,0.2529040058727851,0.0,0.5999948947683144
2023-03-29 00:00:00+02:00,0.0,0.24541908367279372,0.0,0.5624702768168319
2023-03-29 01:00:00+02:00,0.0,0.23035327873178546,0.0,0.5654289564056794
2023-03-29 02:00:00+02:00,0.0,0.20492373536001995,0.0,0.5228048347747463
2023-03-29 03:00:00+02:00,0.0,0.18112552118568842,0.0,0.40975452566376624
2023-03-29 04:00:00+02:00,0.0,0.17915833009466506,0.0,0.4107099020598
2023-03-29 05:00:00+02:00,0.0,0.18064571848056077,0.0,0.42193434571253297
2023-03-29 06:00:00+02:00,0.012227786586186427,0.18659527202414367,0.0,0.5969038815684355
2023-03-29 07:00:00+02:00,0.016736355941987007,0.20199693885874126,0.0,0.786487769904586
2023-03-29 08:00:00+02:00,0.06339321760883242,0.21543141460231552,0.0,0.817186236374887
2023-03-29 09:00:00+02:00,0.18280199388064175,0.20847427537796456,0.0,0.7677483189497464
2023-03-29 10:00:00+02:00,0.30876868921543377,0.19110541745234358,0.0,0.7404151724389968
2023-03-29 11:00:00+02:00,0.4320712299308891,0.19595142477413285,0.0,0.6954215134936064
2023-03-29 12:00:00+02:00,0.5182805409463487,0.21768648731641546,0.0,0.5510884154067401
2023-03-29 13:00:00+02:00,0.5645958443286637,0.24777011692791923,0.0,0.5179251450718723
2023-03-29 14:00:00+02:00,0.5732031130988285,0.27094458758558476,0.0,0.4683906030219401
2023-03-29 15:00:00+02:00,0.5300984575910986,0.2722880351599422,0.0,0.4538419859490493
2023-03-29 16:00:00+02:00,0.4320712299308891,0.2816441879099314,0.0,0.45603310083829207
2023-03-29 17:00:00+02:00,0.2899146719093586,0.2975256574496567,0.0,0.5364728273577951
2023-03-29 18:00:00+02:00,0.137784611979542,0.3088010210201565,0.0,0.6418169782821004
2023-03-29 19:00:00+02:00,0.03839115118121101,0.3422432695675538,0.0,0.7473824290180755
2023-03-29 20:00:00+02:00,0.012842591498341051,0.3776047289354617,0.0,0.6921136474784835
2023-03-29 21:00:00+02:00,0.0,0.42807997351489063,0.0,0.5708523120986827
2023-03-29 22:00:00+02:00,0.0,0.46689601235971767,0.0,0.5029910148021174
2023-03-29 23:00:00+02:00,0.0,0.46713591371228147,0.0,0.46226763890768835
2023-03-30 00:00:00+02:00,0.0,0.4497190755161477,0.0,0.43946549095190146
2023-03-30 01:00:00+02:00,0.0,0.4477998646956371,0.0,0.42436010665714774
2023-03-30 02:00:00+02:00,0.0,0.44324173899692443,0.0,0.4261489056661275
2023-03-30 03:00:00+02:00,0.0,0.42875169730206936,0.0,0.4119140110452413
2023-03-30 04:00:00+02:00,0.0,0.45422922094434764,0.0,0.37456423131886546
2023-03-30 05:00:00+02:00,0.0,0.4575878398802412,0.0,0.3784858232219155
2023-03-30 06:00:00+02:00,0.012296098243092496,0.44429730494820524,0.0,0.5154583653482749
2023-03-30 07:00:00+02:00,0.016668044285080938,0.44472912738282017,0.0,0.6712841585100444
2023-03-30 08:00:00+02:00,0.05895295990993791,0.45936310988921353,0.0,0.6880245082565267
2023-03-30 09:00:00+02:00,0.1565703176287111,0.48258556081739185,0.0,0.6443042726496158
2023-03-30 10:00:00+02:00,0.26327312571599154,0.509118650410951,0.0,0.47167165404367395
2023-03-30 11:00:00+02:00,0.37871982588724884,0.5354598189224591,0.0,0.4576335928724784
2023-03-30 12:00:00+02:00,0.470394069455194,0.5390583392109164,0.0,0.4478553124183164
2023-03-30 13:00:00+02:00,0.5175291127203819,0.5483185314198801,0.0,0.3962083643578208
2023-03-30 14:00:00+02:00,0.5354950784866782,0.5443361689673206,0.0,0.3813036427248344
2023-03-30 15:00:00+02:00,0.5234039152143038,0.5300380483545166,0.0,0.38389274900389947
2023-03-30 16:00:00+02:00,0.4596691393209411,0.5135328352981253,0.0,0.38586182379113965
2023-03-30 17:00:00+02:00,0.31457518005244967,0.5088307687878744,0.0,0.43971829776535437
2023-03-30 18:00:00+02:00,0.1581414857375507,0.45998685340587947,0.0,0.5390144867479952
2023-03-30 19:00:00+02:00,0.04720335492209397,0.39228669171236785,0.0,0.684419354954845
2023-03-30 20:00:00+02:00,0.013115838125965328,0.3576929166726642,0.0,0.6764725006297224
2023-03-30 21:00:00+02:00,0.0,0.38446590761878713,0.0,0.6012344624735999
2023-03-30 22:00:00+02:00,0.0,0.4371002643712905,0.0,0.5033796169207249
2023-03-30 23:00:00+02:00,0.0,0.48671186408148964,0.0,0.5487796712248503
2023-03-31 00:00:00+02:00,0.0,0.5199142112763231,0.0,0.5321709147990661
2023-03-31 01:00:00+02:00,0.0,0.5280708572634932,0.0,0.5036405826911219
2023-03-31 02:00:00+02:00,0.0,0.5513892687326971,0.0,0.4641850700760338
2023-03-31 03:00:00+02:00,0.0,0.5603135990480714,0.0,0.49556497895507584
2023-03-31 04:00:00+02:00,0.0,0.5867027478300922,0.0,0.4237300681097594
2023-03-31 05:00:00+02:00,0.0,0.6316122810300404,0.0,0.43129758708150484
2023-03-31 06:00:00+02:00,0.012432721556904634,0.6706202409569185,0.0,0.49849721106848727
2023-03-31 07:00:00+02:00,0.01659973262817487,0.6942745143197117,0.0,0.5618656899337242
2023-03-31 08:00:00+02:00,0.053351404043640215,0.7102999246709752,0.0,0.6020925964604935
2023-03-31 09:00:00+02:00,0.14031214328506658,0.7208076039132708,0.0,0.6572641355909454
2023-03-31 10:00:00+02:00,0.24277962864417071,0.7321789280247961,0.0,0.6413245883929126
2023-03-31 11:00:00+02:00,0.3357517936933312,0.7396158699542748,0.0,0.5449105909914391
2023-03-31 12:00:00+02:00,0.3846629400380769,0.7447497588991406,0.0,0.5039509659549876
2023-03-31 13:00:00+02:00,0.42448863601431536,0.7506993124427235,0.0,0.44822871494017535
2023-03-31 14:00:00+02:00,0.43056837347895555,0.7541538919196425,0.0,0.4266478461711821
2023-03-31 15:00:00+02:00,0.4144468224491232,0.7548256157068213,0.0,0.42530683407229986
2023-03-31 16:00:00+02:00,0.3554255508822792,0.7584241359952787,0.0,0.4235248306911558
2023-03-31 17:00:00+02:00,0.2761157172143326,0.7639898473747595,0.0,0.5363852244862651
2023-03-31 18:00:00+02:00,0.15841473236517498,0.7628863011529659,0.0,0.6173219156517922
2023-03-31 19:00:00+02:00,0.04747660154971824,0.7586160570773297,0.0,0.7046474737223309
2023-03-31 20:00:00+02:00,0.013730643038119952,0.746716949990164,0.0,0.7347061396016488
2023-03-31 21:00:00+02:00,0.0,0.7376006985927386,0.0,0.6143295029357354
2023-03-31 22:00:00+02:00,0.0,0.7284364669248005,0.0,0.5439757239848967
2023-03-31 23:00:00+02:00,0.0,0.7276687825965962,0.0,0.5232732535803195
2023-04-01 00:00:00+02:00,0.0,0.7270450390799302,0.0,0.5566250811563762
2023-04-01 01:00:00+02:00,0.0,0.7209995249953218,0.0,0.5180577289492989
2023-04-01 02:00:00+02:00,0.0,0.7078049506043115,0.0,0.4701114457525637
2023-04-01 03:00:00+02:00,0.0,0.6904840729492032,0.0,0.42762151108570784
2023-04-01 04:00:00+02:00,0.0,0.6725874320479418,0.0,0.396593504782305
2023-04-01 05:00:00+02:00,0.0,0.6548347319582187,0.0,0.3942726499254101
2023-04-01 06:00:00+02:00,0.012159474929280356,0.6287334647992745,0.0,0.42382940888391446
2023-04-01 07:00:00+02:00,0.01762440748176591,0.6170262787941598,0.0,0.45713848157950043
2023-04-01 08:00:00+02:00,0.0652376323452963,0.5981700324826431,0.0,0.5203715379119628
2023-04-01 09:00:00+02:00,0.1724186220309192,0.5827683656480455,0.0,0.5339046032406011
2023-04-01 10:00:00+02:00,0.29141752836129214,0.5823845234839433,0.0,0.5201544400847495
2023-04-01 11:00:00+02:00,0.37646554120934855,0.5855032410672731,0.0,0.47593032169799443
2023-04-01 12:00:00+02:00,0.409391759838074,0.5740839366852349,0.0,0.44715595426346333
2023-04-01 13:00:00+02:00,0.4401320054458053,0.5590661120147395,0.0,0.39013828468558787
2023-04-01 14:00:00+02:00,0.4287922703993977,0.5571948814647416,0.0,0.36705095486382056
2023-04-01 15:00:00+02:00,0.4052930604237099,0.5356997202750229,0.0,0.35873737113869025
2023-04-01 16:00:00+02:00,0.35296633123366067,0.4981311684635278,0.0,0.39038862036164595
2023-04-01 17:00:00+02:00,0.25828637476184846,0.45422922094434764,0.0,0.4412937056532131
2023-04-01 18:00:00+02:00,0.14803136051545243,0.4253930783661758,0.0,0.5900694538787525
2023-04-01 19:00:00+02:00,0.04911608131546391,0.38935989521108916,0.0,0.6389355269912662
2023-04-01 20:00:00+02:00,0.013662331381213883,0.3646020756265024,0.0,0.7480810468825954
2023-04-01 21:00:00+02:00,0.0,0.35994798938676414,0.0,0.6796084895810712
2023-04-01 22:00:00+02:00,0.0,0.35898838397650884,0.0,0.6320388203339229
2023-04-01 23:00:00+02:00,0.0,0.3515034617765175,0.0,0.6036477399708299
2023-04-02 00:00:00+02:00,0.0,0.35188730394061957,0.0,0.5996694344136846
2023-04-02 01:00:00+02:00,0.0,0.3661854245534236,0.0,0.48918104907042714
2023-04-02 02:00:00+02:00,0.0,0.3743420705405937,0.0,0.46739346230216405
2023-04-02 03:00:00+02:00,0.0,0.3716071951213661,0.0,0.4301653913469073
2023-04-02 04:00:00+02:00,0.0,0.37021576727649586,0.0,0.39486203721176927
2023-04-02 05:00:00+02:00,0.0,0.3728067018841852,0.0,0.46448000873118217
2023-04-02 06:00:00+02:00,0.012022851615468217,0.39127910603159977,0.0,0.43336093786212604
2023-04-02 07:00:00+02:00,0.017829342452484118,0.39914787039569327,0.0,0.46616316136210884
2023-04-02 08:00:00+02:00,0.0663306188557934,0.3988599887726167,0.0,0.4824121065217053
2023-04-02 09:00:00+02:00,0.17125732386351603,0.4021226471674847,0.0,0.5073091175143234
2023-04-02 10:00:00+02:00,0.2727001343690291,0.4016908247328698,0.0,0.492114644512947
2023-04-02 11:00:00+02:00,0.35351282448890925,0.39199881008929127,0.0,0.47637155799222514
2023-04-02 12:00:00+02:00,0.4130122776540957,0.3819229532816106,0.0,0.4991444250716547
2023-04-02 13:00:00+02:00,0.442864471722048,0.362634884535479,0.0,0.4118049029730649
2023-04-02 14:00:00+02:00,0.42646967406459135,0.35183932367010684,0.0,0.41383662424591844
2023-04-02 15:00:00+02:00,0.3912208591010596,0.3484807047342133,0.0,0.4185737230158023
2023-04-02 16:00:00+02:00,0.3433343876099049,0.3474731190534452,0.0,0.41809949388469536
2023-04-02 17:00:00+02:00,0.2613603993226216,0.32866485301244125,0.0,0.5245026917240572
2023-04-02 18:00:00+02:00,0.14960252862429202,0.3275133265201349,0.0,0.6261616223933195
2023-04-02 19:00:00+02:00,0.047339978235906105,0.31523037726886705,0.0,0.6749372487245288
2023-04-02 20:00:00+02:00,0.013594019724307814,0.3017959015252928,0.0,0.6732611367334065
2023-04-02 21:00:00+02:00,0.0,0.29219984742273974,0.0,0.5963020108346916
2023-04-02 22:00:00+02:00,0.0,0.27598251598942514,0.0,0.6056994753548103
2023-04-02 23:00:00+02:00,0.0,0.26283592186892746,0.0,0.5664081761249167
2023-04-03 00:00:00+02:00,0.0,0.2512246964048383,0.0,0.5377094286473216
2023-04-03 01:00:00+02:00,0.0,0.2348634241599854,0.0,0.5094210282465226
2023-04-03 02:00:00+02:00,0.0,0.22334815923692175,0.0,0.5164746573828605
2023-04-03 03:00:00+02:00,0.0,0.21447180919206021,0.0,0.49121956597111627
2023-04-03 04:00:00+02:00,0.0,0.20741870942668372,0.0,0.46112593139589164
2023-04-03 05:00:00+02:00,0.0,0.21989357976000268,0.0,0.4604831643891495
2023-04-03 06:00:00+02:00,0.012569344870716773,0.2344316017253705,0.0,0.629143282509053
2023-04-03 07:00:00+02:00,0.0198786921596662,0.2414367212202342,0.0,0.6942531134944049
2023-04-03 08:00:00+02:00,0.08224723491490758,0.2398053920228002,0.0,0.6753647712571038
2023-04-03 09:00:00+02:00,0.2307567770287025,0.22459564627025366,0.0,0.6111384034169419
2023-04-03 10:00:00+02:00,0.3888982627662532,0.254967157504834,0.0,0.5196768717655038
2023-04-03 11:00:00+02:00,0.5088535322933111,0.2692172978471252,0.0,0.5230428095094038
2023-04-03 12:00:00+02:00,0.5507968896336377,0.26974508082276566,0.0,0.5455197473769564
2023-04-03 13:00:00+02:00,0.5770968775424744,0.27084862704455925,0.0,0.5224815952911158
2023-04-03 14:00:00+02:00,0.5797610321618112,0.26883345568302314,0.0,0.48149812167703393
2023-04-03 15:00:00+02:00,0.555032212361814,0.2694571991996891,0.0,0.46493421849673544
2023-04-03 16:00:00+02:00,0.4916389947529816,0.28404320143556966,0.0,0.4555146362460482
2023-04-03 17:00:00+02:00,0.3879418995695682,0.2927276303983802,0.0,0.46539127217206333
2023-04-03 18:00:00+02:00,0.21928041866848283,0.29800546015478435,0.0,0.5449668093671701
2023-04-03 19:00:00+02:00,0.06824334524916335,0.3036671320752906,0.0,0.6727891337277255
2023-04-03 20:00:00+02:00,0.015438434460771689,0.31974052269706693,0.0,0.6729977050800413
2023-04-03 21:00:00+02:00,0.0,0.35289488962138765,0.0,0.6049679924138253
2023-04-03 22:00:00+02:00,0.0,0.36196316074830026,0.0,0.5349752602978716
2023-04-03 23:00:00+02:00,0.0,0.36301872669958113,0.0,0.5048076141067883
2023-04-04 00:00:00+02:00,0.0,0.34699331634831754,0.0,0.5032574128712416
2023-04-04 01:00:00+02:00,0.0,0.324634510289369,0.0,0.5065969083941323
2023-04-04 02:00:00+02:00,0.0,0.3016039804432417,0.0,0.4858969091269499
2023-04-04 03:00:00+02:00,0.0,0.2828916749432633,0.0,0.458504822836679
2023-04-04 04:00:00+02:00,0.0,0.27209611407789114,0.0,0.44155960844397296
2023-04-04 05:00:00+02:00,0.0,0.2720481338073784,0.0,0.4736397382741855
2023-04-04 06:00:00+02:00,0.012569344870716773,0.2618283361881594,0.0,0.6201218141541724
2023-04-04 07:00:00+02:00,0.022884405063533255,0.2572702104894467,0.0,0.6935944066005811
2023-04-04 08:00:00+02:00,0.11373890874860558,0.22809820601768552,0.0,0.6612141455740352
2023-04-04 09:00:00+02:00,0.327691018178415,0.18122148172671396,0.0,0.6210660704319297
2023-04-04 10:00:00+02:00,0.538364168076733,0.16457232785878445,0.0,0.5515463318783855
2023-04-04 11:00:00+02:00,0.6803157911275454,0.18649931148311813,0.0,0.5350600245140534
2023-04-04 12:00:00+02:00,0.7638609475236683,0.20741870942668372,0.0,0.6188858306489946
2023-04-04 13:00:00+02:00,0.7963089845540512,0.20425201157284123,0.0,0.5424260180277142
2023-04-04 14:00:00+02:00,0.7905708053739414,0.20175703750617743,0.0,0.511928091713196
2023-04-04 15:00:00+02:00,0.7432991387949414,0.19004985150106274,0.0,0.4907821588889621
2023-04-04 16:00:00+02:00,0.6471163258711956,0.1792542906356906,0.0,0.48672959144956274
2023-04-04 17:00:00+02:00,0.4925270462927605,0.17695123765107787,0.0,0.5076959887858692
2023-04-04 18:00:00+02:00,0.27666221046958117,0.1690824732869844,0.0,0.6137192334875052
2023-04-04 19:00:00+02:00,0.08190567663037723,0.1570874056587931,0.0,0.7291835603860484
2023-04-04 20:00:00+02:00,0.015301811146959549,0.15492829348571865,0.0,0.7753618042296906
2023-04-04 21:00:00+02:00,0.0,0.17810276414338422,0.0,0.7372202437081267
2023-04-04 22:00:00+02:00,0.0,0.17805478387287146,0.0,0.67800589918187
2023-04-04 23:00:00+02:00,0.0,0.16361272244852915,0.0,0.6590966747826978
2023-04-05 00:00:00+02:00,0.0,0.1412539163895806,0.0,0.5867067275625802
2023-04-05 01:00:00+02:00,0.0,0.12014259736396393,0.0,0.509782570359772
2023-04-05 02:00:00+02:00,0.0,0.10790762838320882,0.0,0.49992063875214104
2023-04-05 03:00:00+02:00,0.0,0.09509689615630053,0.0,0.45933453874353275
2023-04-05 04:00:00+02:00,0.0,0.08396547339733901,0.0,0.4297901354720023
2023-04-05 05:00:00+02:00,0.0,0.08051089392041992,0.0,0.5821422461468037
2023-04-05 06:00:00+02:00,0.01174960498784394,0.07614468930375828,0.0,0.7268994050721217
2023-04-05 07:00:00+02:00,0.0232259633480636,0.07935936742811356,0.0,0.8239817436506025
2023-04-05 08:00:00+02:00,0.11715449159390905,0.07739217633709018,0.0,0.8124024310064715
2023-04-05 09:00:00+02:00,0.3272128365800725,0.06813198412812652,0.0,0.6932769774424843
2023-04-05 10:00:00+02:00,0.5376810515076724,0.06314203599479894,0.0,0.5485389698319758
2023-04-05 11:00:00+02:00,0.6895378648098647,0.06271021356018405,0.0,0.496240483277872
2023-04-05 12:00:00+02:00,0.7769767856496336,0.06357385842941382,0.0,0.5762051178699505
2023-04-05 13:00:00+02:00,0.809903004278359,0.06434154275761807,0.0,0.5754612792419918
2023-04-05 14:00:00+02:00,0.7939863882192448,0.06477336519223295,0.0,0.5218422899784969
2023-04-05 15:00:00+02:00,0.7359214798490858,0.06290213464223511,0.0,0.5191658258398708
2023-04-05 16:00:00+02:00,0.6302433466153965,0.0651092270858223,0.0,0.5349052056545005
2023-04-05 17:00:00+02:00,0.4641777086767417,0.06683651682428185,0.0,0.5483909466002584
2023-04-05 18:00:00+02:00,0.24920092439334124,0.06688449709479462,0.0,0.5610150918649994
2023-04-05 19:00:00+02:00,0.06892646181822404,0.06448548356915636,0.0,0.69270427033354
2023-04-05 20:00:00+02:00,0.014755317891710994,0.06726833925889673,0.0,0.7438553668107244
2023-04-05 21:00:00+02:00,0.0,0.07417749821273492,0.0,0.6885569316223952
2023-04-05 22:00:00+02:00,0.0,0.07537700497555405,0.0,0.6820604424803001
2023-04-05 23:00:00+02:00,0.0,0.07705631444350082,0.0,0.6429254479450522
2023-04-06 00:00:00+02:00,0.0,0.07091483981786689,0.0,0.570533769877873
2023-04-06 01:00:00+02:00,0.0,0.0726901098268392,0.0,0.4446796575082401
2023-04-06 02:00:00+02:00,0.0,0.07648055119734765,0.0,0.412445816626761
2023-04-06 03:00:00+02:00,0.0,0.07849572255888378,0.0,0.4127188878177363
2023-04-06 04:00:00+02:00,0.0,0.08372557204477518,0.0,0.4131598790999982
2023-04-06 05:00:00+02:00,0.0,0.08775591476784746,0.0,0.4395616202983287
2023-04-06 06:00:00+02:00,0.01174960498784394,0.09073069153963889,0.0,0.563610253481567
2023-04-06 07:00:00+02:00,0.02138154861159973,0.10507679242295567,0.0,0.6302764635459526
2023-04-06 08:00:00+02:00,0.08907840060551452,0.12119816331524476,0.0,0.6421122897096287
2023-04-06 09:00:00+02:00,0.228297557380084,0.12450880198062556,0.0,0.5922007609377299
2023-04-06 10:00:00+02:00,0.3705907387154266,0.1280113617280574,0.0,0.5482866582968872
2023-04-06 11:00:00+02:00,0.4786597799408284,0.15468839213315483,0.0,0.49072643053716875
2023-04-06 12:00:00+02:00,0.5746376578938559,0.18621142986004155,0.0,0.43130042573685284
2023-04-06 13:00:00+02:00,0.6125506274767245,0.21936579678436224,0.0,0.41030079055170127
2023-04-06 14:00:00+02:00,0.602235567283908,0.2570303091368829,0.0,0.452323046703317
2023-04-06 15:00:00+02:00,0.5794194738772808,0.2779497070804485,0.0,0.5079964927545826
2023-04-06 16:00:00+02:00,0.5204665139673429,0.286634136043259,0.0,0.42662263951887014
2023-04-06 17:00:00+02:00,0.3912208591010596,0.28198004980352076,0.0,0.4356301438456996
2023-04-06 18:00:00+02:00,0.22385729968118948,0.2725759167830188,0.0,0.556545999505317
2023-04-06 19:00:00+02:00,0.06858490353369369,0.24330795177023207,0.0,0.6401874503835256
2023-04-06 20:00:00+02:00,0.016053239372926312,0.21250461810103685,0.0,0.6487587831968983
2023-04-06 21:00:00+02:00,0.0,0.2001736885792562,0.0,0.6692064709289922
2023-04-06 22:00:00+02:00,0.0,0.18923418690234575,0.0,0.6096672838324545
2023-04-06 23:00:00+02:00,0.0,0.16653951894980784,0.0,0.5520750537925885
2023-04-07 00:00:00+02:00,0.0,0.13659983014984237,0.0,0.49956317611736367
2023-04-07 01:00:00+02:00,0.0,0.11539255058320018,0.0,0.4224047456315633
2023-04-07 02:00:00+02:00,0.0,0.10277373943834295,0.0,0.35099587673815574
2023-04-07 03:00:00+02:00,0.0,0.10047068645373022,0.0,0.33170942060504793
2023-04-07 04:00:00+02:00,0.0,0.10186211429860041,0.0,0.33498565185797663
2023-04-07 05:00:00+02:00,0.0,0.0978797518460409,0.0,0.3707282664283149
2023-04-07 06:00:00+02:00,0.012432721556904634,0.0929377839832261,0.0,0.47380012244730335
2023-04-07 07:00:00+02:00,0.023021028377345393,0.08473315772554325,0.0,0.5670395780014136
2023-04-07 08:00:00+02:00,0.10048644730882811,0.07556892605760511,0.0,0.5960973964548634
2023-04-07 09:00:00+02:00,0.2703092263773167,0.05911169327172666,0.0,0.5677205251317903
2023-04-07 10:00:00+02:00,0.44129330361320845,0.05719248245121605,0.0,0.4634116950508954
2023-04-07 11:00:00+02:00,0.5723833732159557,0.060791002739673444,0.0,0.38898249063975554
2023-04-07 12:00:00+02:00,0.6574313860640121,0.0693794711614584,0.0,0.390042277845145
2023-04-07 13:00:00+02:00,0.6873518917888705,0.08324576933964753,0.0,0.3676235394667806
2023-04-07 14:00:00+02:00,0.7005360415717419,0.0989832980678345,0.0,0.36598906929341624
2023-04-07 15:00:00+02:00,0.6685661861397014,0.1126096948934598,0.0,0.37151918442718546
2023-04-07 16:00:00+02:00,0.5994347893507591,0.10771570730115776,0.0,0.3886950879027759
2023-04-07 17:00:00+02:00,0.4519499220905553,0.11347333976268957,0.0,0.4188608807408131
2023-04-07 18:00:00+02:00,0.2531630004938933,0.11472082679602147,0.0,0.47307234621241046
2023-04-07 19:00:00+02:00,0.07978801526628908,0.12067038033960435,0.0,0.6024788499476906
2023-04-07 20:00:00+02:00,0.016872979255799146,0.12436486116908727,0.0,0.6386680158594291
2023-04-07 21:00:00+02:00,0.0,0.14130189666009335,0.0,0.6244651235186904
2023-04-07 22:00:00+02:00,0.0,0.14806711480239323,0.0,0.6216538546316382
2023-04-07 23:00:00+02:00,0.0,0.14931460183572515,0.0,0.5843347191107283
2023-04-08 00:00:00+02:00,0.0,0.15536011592033355,0.0,0.49757704838032896
2023-04-08 01:00:00+02:00,0.0,0.16241321568571002,0.0,0.445528402223919
2023-04-08 02:00:00+02:00,0.0,0.16294099866135045,0.0,0.4111716529979486
2023-04-08 03:00:00+02:00,0.0,0.15478435267418036,0.0,0.38404102250201233
2023-04-08 04:00:00+02:00,0.0,0.1461958842523954,0.0,0.37790619797915104
2023-04-08 05:00:00+02:00,0.0,0.15248129968956764,0.0,0.3766845460199775
2023-04-08 06:00:00+02:00,0.012364409899998565,0.1618854327100696,0.0,0.40068165870195976
2023-04-08 07:00:00+02:00,0.025207001398339614,0.1672592230074993,0.0,0.45430447717753103
2023-04-08 08:00:00+02:00,0.12480539716738882,0.14859489777803367,0.0,0.5655070475000101
2023-04-08 09:00:00+02:00,0.33827932499885577,0.09778379130501537,0.0,0.541727032645241
2023-04-08 10:00:00+02:00,0.5445122171982794,0.0812305979781114,0.0,0.48852185215266575
2023-04-08 11:00:00+02:00,0.6934999409104168,0.08358163123323689,0.0,0.41397711681389376
2023-04-08 12:00:00+02:00,0.7630412076407954,0.09250596154861121,0.0,0.4185105865062513
2023-04-08 13:00:00+02:00,0.7898193771479746,0.0896271453178453,0.0,0.44210587858633466
2023-04-08 14:00:00+02:00,0.7762936690805728,0.08166242041272628,0.0,0.3724090756822579
2023-04-08 15:00:00+02:00,0.7432991387949414,0.07959926878067738,0.0,0.3583969614537075
2023-04-08 16:00:00+02:00,0.6378942521888762,0.08132655851913692,0.0,0.3801679905505402
2023-04-08 17:00:00+02:00,0.4785231566270163,0.0842533550204156,0.0,0.418356997960969
2023-04-08 18:00:00+02:00,0.27625234052814474,0.08550084205374749,0.0,0.5833183045701583
2023-04-08 19:00:00+02:00,0.0853212594756807,0.08746803314477086,0.0,0.7263216331824034
2023-04-08 20:00:00+02:00,0.017009602569611284,0.10339748295500889,0.0,0.7807712011490693
2023-04-08 21:00:00+02:00,0.0,0.14115795584855506,0.0,0.6948200155322423
2023-04-08 22:00:00+02:00,0.0,0.16879459166390778,0.0,0.664098813547024
2023-04-08 23:00:00+02:00,0.0,0.18904226582029468,0.0,0.5695730836890963
2023-04-09 00:00:00+02:00,0.0,0.1934084704369563,0.0,0.5380343989780138
2023-04-09 01:00:00+02:00,0.0,0.18194118578440543,0.0,0.4909080696445376
2023-04-09 02:00:00+02:00,0.0,0.16793094679467802,0.0,0.45980493866256306
2023-04-09 03:00:00+02:00,0.0,0.15972632053699518,0.0,0.4184007381437418
2023-04-09 04:00:00+02:00,0.0,0.14533223938316564,0.0,0.38708162239726707
2023-04-09 05:00:00+02:00,0.0,0.14034229124983805,0.0,0.3850916654481558
2023-04-09 06:00:00+02:00,0.012296098243092496,0.13799125799471257,0.0,0.38412343808678384
2023-04-09 07:00:00+02:00,0.026231676251930656,0.13472859959984454,0.0,0.39633946240015466
2023-04-09 08:00:00+02:00,0.1199552695270579,0.1232133346767809,0.0,0.4649104976795163
2023-04-09 09:00:00+02:00,0.30740245607731237,0.08607660529990067,0.0,0.4390482257412853
2023-04-09 10:00:00+02:00,0.5118592451971782,0.055225291360192684,0.0,0.4384716894202644
2023-04-09 11:00:00+02:00,0.6734846254369384,0.04778834943071409,0.0,0.3290548291850215
2023-04-09 12:00:00+02:00,0.7662518555153807,0.04961159971019916,0.0,0.2733780492000437
2023-04-09 13:00:00+02:00,0.7993830091148243,0.051386869719171474,0.0,0.28054189421684433
2023-04-09 14:00:00+02:00,0.7898193771479746,0.05229849485891401,0.0,0.29008392552898377
2023-04-09 15:00:00+02:00,0.7425477105689746,0.05364194243327144,0.0,0.29057174591576185
2023-04-09 16:00:00+02:00,0.6322243846656724,0.05301819891660549,0.0,0.29846274938310663
2023-04-09 17:00:00+02:00,0.4580979712121015,0.052730317293528894,0.0,0.37015889850750944
2023-04-09 18:00:00+02:00,0.24578534154803777,0.05239445539993954,0.0,0.44519837236687954
2023-04-09 19:00:00+02:00,0.07241035632043358,0.05594499541788416,0.0,0.5792139657514532
2023-04-09 20:00:00+02:00,0.015438434460771689,0.07264212955632643,0.0,0.6555881513602342
2023-04-09 21:00:00+02:00,0.0,0.10925107595756624,0.0,0.5657746811378317
2023-04-09 22:00:00+02:00,0.0,0.14307716666906567,0.0,0.46801040487224554
2023-04-09 23:00:00+02:00,0.0,0.1701380392382652,0.0,0.4183109091467859
2023-04-10 00:00:00+02:00,0.0,0.18702709445875854,0.0,0.39967759984836365
2023-04-10 01:00:00+02:00,0.0,0.18961802906644787,0.0,0.41197035718138336
2023-04-10 02:00:00+02:00,0.0,0.18865842365619256,0.0,0.3691033132865764
2023-04-10 03:00:00+02:00,0.0,0.18990591068952445,0.0,0.3247291905546468
2023-04-10 04:00:00+02:00,0.0,0.19187310178054784,0.0,0.30697637798565547
2023-04-10 05:00:00+02:00,0.0,0.19926206343951366,0.0,0.31501565495111306
2023-04-10 06:00:00+02:00,0.012296098243092496,0.21293644053565172,0.0,0.32727233052551313
2023-04-10 07:00:00+02:00,0.02438726151546678,0.2325123909048599,0.0,0.3385355720862293
2023-04-10 08:00:00+02:00,0.09775398103258534,0.23524726632408752,0.0,0.3474931583867992
2023-04-10 09:00:00+02:00,0.23307937336350887,0.21926983624333674,0.0,0.3515936679934277
2023-04-10 10:00:00+02:00,0.36068554846404655,0.20473181427796888,0.0,0.32949791883229834
2023-04-10 11:00:00+02:00,0.4867888671126507,0.2274264822305068,0.0,0.2944817224221711
2023-04-10 12:00:00+02:00,0.5483376699850192,0.2704647848804571,0.0,0.2555870565074179
2023-04-10 13:00:00+02:00,0.5514800062026984,0.32333904298552435,0.0,0.2713319963811859
2023-04-10 14:00:00+02:00,0.47169199093640934,0.29925294718811624,0.0,0.30477698688791083
2023-04-10 15:00:00+02:00,0.4171792887253659,0.34382661849447504,0.0,0.24746474617284014
2023-04-10 16:00:00+02:00,0.35412762940106385,0.44472912738282017,0.0,0.33571911591241876
2023-04-10 17:00:00+02:00,0.2492692360502473,0.42390568998028005,0.0,0.36451065880272887
2023-04-10 18:00:00+02:00,0.1427713629336851,0.4067767334072229,0.0,0.5546335211206144
2023-04-10 19:00:00+02:00,0.04993582119833675,0.42064303158541205,0.0,0.5315057850497866
2023-04-10 20:00:00+02:00,0.015028564519335272,0.4361406589610352,0.0,0.5120368270129925
2023-04-10 21:00:00+02:00,0.0,0.43187041488539907,0.0,0.4724588653364523
2023-04-10 22:00:00+02:00,0.0,0.42774411162130127,0.0,0.4418525764945175
2023-04-10 23:00:00+02:00,0.0,0.44492104846487124,0.0,0.3897393079934637
2023-04-11 00:00:00+02:00,0.0,0.4559565106828072,0.0,0.30369569973630156
2023-04-11 01:00:00+02:00,0.0,0.4596030112417773,0.0,0.29875299602986094
2023-04-11 02:00:00+02:00,0.0,0.4483756279417903,0.0,0.31459159411266124
2023-04-11 03:00:00+02:00,0.0,0.4203071696918227,0.0,0.3294347823227473
2023-04-11 04:00:00+02:00,0.0,0.39156698765467635,0.0,0.3088782367848726
2023-04-11 05:00:00+02:00,0.0,0.3480009020290856,0.0,0.3625828530608667
2023-04-11 06:00:00+02:00,0.012364409899998565,0.30937678426630966,0.0,0.5053666127085037
2023-04-11 07:00:00+02:00,0.02240622346519077,0.27113650866763583,0.0,0.6193978723857828
2023-04-11 08:00:00+02:00,0.0851163245049625,0.2267547584433281,0.0,0.585518808730616
2023-04-11 09:00:00+02:00,0.2005630246762198,0.20660304482796674,0.0,0.5346647545280214
2023-04-11 10:00:00+02:00,0.3174442696425046,0.2095298413292454,0.0,0.49213898836894154
2023-04-11 11:00:00+02:00,0.4076839684154223,0.2036282680561753,0.0,0.4309936266730949
2023-04-11 12:00:00+02:00,0.47189692590712756,0.22320421842538346,0.0,0.3588262148333442
2023-04-11 13:00:00+02:00,0.48357821923806543,0.23371189766767902,0.0,0.35874861901737776
2023-04-11 14:00:00+02:00,0.5270927446872317,0.2583257764407276,0.0,0.3519948760654045
2023-04-11 15:00:00+02:00,0.505847819389444,0.2878336428060781,0.0,0.34588908740693175
2023-04-11 16:00:00+02:00,0.4458701846259151,0.30942476453682244,0.0,0.3377318083764473
2023-04-11 17:00:00+02:00,0.3367764685469222,0.29311147256248227,0.0,0.36919067114613746
2023-04-11 18:00:00+02:00,0.1922973141905854,0.27502291057916983,0.0,0.5124377848185738
2023-04-11 19:00:00+02:00,0.06434958080551739,0.27593453571891235,0.0,0.6878995880576798
2023-04-11 20:00:00+02:00,0.016326486000550592,0.3202203254021946,0.0,0.6778248831132766
2023-04-11 21:00:00+02:00,0.0,0.35884444316497055,0.0,0.53106194985775
2023-04-11 22:00:00+02:00,0.0,0.4069206742187612,0.0,0.4748033185045819
2023-04-11 23:00:00+02:00,0.0,0.45605247122383274,0.0,0.4934940870018592
2023-04-12 00:00:00+02:00,0.0,0.49040634491097257,0.0,0.45948985813587667
2023-04-12 01:00:00+02:00,0.0,0.5047524457942894,0.0,0.3960032546996283
2023-04-12 02:00:00+02:00,0.0,0.503792840384034,0.0,0.3319120643802724
2023-04-12 03:00:00+02:00,0.0,0.4890628973366152,0.0,0.3402213236149618
2023-04-12 04:00:00+02:00,0.0,0.4706864537302261,0.0,0.33003281858998806
2023-04-12 05:00:00+02:00,0.0,0.45216606931229875,0.0,0.3447863003091026
2023-04-12 06:00:00+02:00,0.012432721556904634,0.4106631353187569,0.0,0.4404489179100219
2023-04-12 07:00:00+02:00,0.02240622346519077,0.39339023793416145,0.0,0.5508249837533751
2023-04-12 08:00:00+02:00,0.07562100419501884,0.3846098484303254,0.0,0.5512851263504464
2023-04-12 09:00:00+02:00,0.17166719380495246,0.3408518417226836,0.0,0.5945943970962128
2023-04-12 10:00:00+02:00,0.2535045587784236,0.3890240333174998,0.0,0.5069693256136893
2023-04-12 11:00:00+02:00,0.32154296905686874,0.42683248648155875,0.0,0.4115147840867217
2023-04-12 12:00:00+02:00,0.35597204413752775,0.5033130376789064,0.0,0.3641737055574427
2023-04-12 13:00:00+02:00,0.3828868369585191,0.5716849231595967,0.0,0.3417777026939955
2023-04-12 14:00:00+02:00,0.3727767117364208,0.6042155465672515,0.0,0.3342760416355913
2023-04-12 15:00:00+02:00,0.37837826760271853,0.6307966164313233,0.0,0.3806000878399516
2023-04-12 16:00:00+02:00,0.33445387221211587,0.6453346383966913,0.0,0.3811328839781999
2023-04-12 17:00:00+02:00,0.2604723477828427,0.6471099084056635,0.0,0.4241218816560947
2023-04-12 18:00:00+02:00,0.16101057532760563,0.6252788853223554,0.0,0.5360055216149349
2023-04-12 19:00:00+02:00,0.06810672193535121,0.6387613413364424,0.0,0.5743280982050922
2023-04-12 20:00:00+02:00,0.018239212393920536,0.6561301992620634,0.0,0.5494496207429349
2023-04-12 21:00:00+02:00,0.0,0.6860219077915161,0.0,0.4935280651410373
2023-04-12 22:00:00+02:00,0.0,0.6711960042030717,0.0,0.4288032520741851
2023-04-12 23:00:00+02:00,0.0,0.6810799399287013,0.0,0.3853775876044693
2023-04-13 00:00:00+02:00,0.0,0.680120334518446,0.0,0.37528434912960523
2023-04-13 01:00:00+02:00,0.0,0.6720116688017886,0.0,0.35333304425451206
2023-04-13 02:00:00+02:00,0.0,0.6446629146095125,0.0,0.3310754303395986
2023-04-13 03:00:00+02:00,0.0,0.6212965228697959,0.0,0.33182705515212163
2023-04-13 04:00:00+02:00,0.0,0.5911169327172666,0.0,0.335009255423638
2023-04-13 05:00:00+02:00,0.0,0.556715078759614,0.0,0.369450273587426
2023-04-13 06:00:00+02:00,0.012432721556904634,0.5211616983096551,0.0,0.43870682549957396
2023-04-13 07:00:00+02:00,0.02711972779170956,0.4748607372648367,0.0,0.4902069806426229
2023-04-13 08:00:00+02:00,0.11093813081545674,0.41752431400208234,0.0,0.5645980049301282
2023-04-13 09:00:00+02:00,0.2750227307038355,0.3813471900354574,0.0,0.5288899862833167
2023-04-13 10:00:00+02:00,0.41314890096790785,0.3776047289354617,0.0,0.43334808689678794
2023-04-13 11:00:00+02:00,0.49662574570712464,0.3555817847701025,0.0,0.3902035248145804
2023-04-13 12:00:00+02:00,0.5320111839844687,0.34569784904447287,0.0,0.3794335411937962
2023-04-13 13:00:00+02:00,0.5194418391137519,0.3240587470432158,0.0,0.4018662436002117
2023-04-13 14:00:00+02:00,0.4800260130789498,0.30304338855862467,0.0,0.3378764976744524
2023-04-13 15:00:00+02:00,0.4608304374883443,0.3137429888829713,0.0,0.34806562048377476
2023-04-13 16:00:00+02:00,0.4088452665828255,0.28433108305864624,0.0,0.3673066055870481
2023-04-13 17:00:00+02:00,0.30876868921543377,0.2816441879099314,0.0,0.4343197759522832
2023-04-13 18:00:00+02:00,0.19345861235798859,0.2326563317163982,0.0,0.5289557216906736
2023-04-13 19:00:00+02:00,0.07282022626187,0.19719891180746477,0.0,0.6972461439948103
2023-04-13 20:00:00+02:00,0.018444147364638744,0.1727769541164673,0.0,0.7259342666324933
2023-04-13 21:00:00+02:00,0.0,0.16514809110493764,0.0,0.6680196651597409
2023-04-13 22:00:00+02:00,0.0,0.1573752872818697,0.0,0.6487941246651848
2023-04-13 23:00:00+02:00,0.0,0.16692336111390996,0.0,0.5610393132150094
2023-04-14 00:00:00+02:00,0.0,0.17445626358441407,0.0,0.5498135114875946
2023-04-14 01:00:00+02:00,0.0,0.18299675173568627,0.0,0.4521002663109812
2023-04-14 02:00:00+02:00,0.0,0.18731497608183514,0.0,0.3891071658266337
2023-04-14 03:00:00+02:00,0.0,0.19710295126643923,0.0,0.3826967989754022
2023-04-14 04:00:00+02:00,0.0,0.19211300313311164,0.0,0.3745573131850455
2023-04-14 05:00:00+02:00,0.0,0.1887543841972181,0.0,0.40502385500376475
2023-04-14 06:00:00+02:00,0.012501033213810703,0.19767871451259242,0.0,0.5137507463553693
2023-04-14 07:00:00+02:00,0.027802844360770254,0.21442382892154743,0.0,0.6023379898617621
2023-04-14 08:00:00+02:00,0.0985054092585521,0.21303240107667726,0.0,0.63911889169127
2023-04-14 09:00:00+02:00,0.21333730451765479,0.20343634697412422,0.0,0.6850276485440447
2023-04-14 10:00:00+02:00,0.3061728462530031,0.23548716767665134,0.0,0.5962764366644264
2023-04-14 11:00:00+02:00,0.3871221596866954,0.3247304708303945,0.0,0.48864219759467636
2023-04-14 12:00:00+02:00,0.4132172126248139,0.39670087659954223,0.0,0.41914457677170064
2023-04-14 13:00:00+02:00,0.42202941636569685,0.41786017589567165,0.0,0.40264220701430253
2023-04-14 14:00:00+02:00,0.40146760763697,0.4020746668969719,0.0,0.39670174480373716
2023-04-14 15:00:00+02:00,0.37783177434746995,0.40428175934055915,0.0,0.38644120402193527
2023-04-14 16:00:00+02:00,0.3064460928806274,0.40466560150466124,0.0,0.3851549297181179
2023-04-14 17:00:00+02:00,0.21388379777290334,0.38720078303801475,0.0,0.44203297477876236
2023-04-14 18:00:00+02:00,0.13348097759445965,0.3546221793598472,0.0,0.7081473534183395
2023-04-14 19:00:00+02:00,0.05150698930717634,0.3190687989098882,0.0,0.7585715364569485
2023-04-14 20:00:00+02:00,0.016941290912705215,0.28984881416761427,0.0,0.670180876133851
2023-04-14 21:00:00+02:00,0.0,0.282555813049674,0.0,0.6469667727601908
2023-04-14 22:00:00+02:00,0.0,0.2771340424817315,0.0,0.5948947733045149
2023-04-14 23:00:00+02:00,0.0,0.26662636323943595,0.0,0.589160906587235
2023-04-15 00:00:00+02:00,0.0,0.25885355941636795,0.0,0.5799762154038884
2023-04-15 01:00:00+02:00,0.0,0.2589495199573935,0.0,0.4393351331999007
2023-04-15 02:00:00+02:00,0.0,0.25736617103047227,0.0,0.4342442785013317
2023-04-15 03:00:00+02:00,0.0,0.2654748367471296,0.0,0.4233347928693007
2023-04-15 04:00:00+02:00,0.0,0.27401532489840175,0.0,0.4198186057682573
2023-04-15 05:00:00+02:00,0.0,0.28130832601634204,0.0,0.43576050159770036
2023-04-15 06:00:00+02:00,0.012296098243092496,0.29402309770222484,0.0,0.4769870199816404
2023-04-15 07:00:00+02:00,0.026368299565742794,0.3065459483060565,0.0,0.5012038241342149
2023-04-15 08:00:00+02:00,0.109230339392805,0.308896981561182,0.0,0.5392912646450627
2023-04-15 09:00:00+02:00,0.26320481405908547,0.2995408288111928,0.0,0.5349330059501918
2023-04-15 10:00:00+02:00,0.41287565434028356,0.3069777707406714,0.0,0.5028542341946609
2023-04-15 11:00:00+02:00,0.5181439176325365,0.31839707512270954,0.0,0.49730126103999
2023-04-15 12:00:00+02:00,0.5696509069397129,0.33691745954063684,0.0,0.4529933689937815
2023-04-15 13:00:00+02:00,0.601210892430317,0.35649340990984507,0.0,0.44360751987030356
2023-04-15 14:00:00+02:00,0.5891880408148488,0.3784683738046915,0.0,0.3974200092614309
2023-04-15 15:00:00+02:00,0.5473129951314282,0.3788522159687936,0.0,0.38999965072508525
2023-04-15 16:00:00+02:00,0.494986265941379,0.40121102202774217,0.0,0.4043981409468172
2023-04-15 17:00:00+02:00,0.39408994869111447,0.41387781344311214,0.0,0.4373013135620323
2023-04-15 18:00:00+02:00,0.23847599425908833,0.41651672832131426,0.0,0.5168258196681665
2023-04-15 19:00:00+02:00,0.09010307545910556,0.4032261933892783,0.0,0.5768879183533733
2023-04-15 20:00:00+02:00,0.02117661364088152,0.36397833210983643,0.0,0.5855054624869136
2023-04-15 21:00:00+02:00,0.0,0.3584606010008684,0.0,0.5673552763124488
2023-04-15 22:00:00+02:00,0.0,0.34368267768293675,0.0,0.5489054542200147
2023-04-15 23:00:00+02:00,0.0,0.3209880097303988,0.0,0.4970831726560483
2023-04-16 00:00:00+02:00,0.0,0.3055863428958012,0.0,0.46730177995216216
2023-04-16 01:00:00+02:00,0.0,0.28792960334710366,0.0,0.43582512394234424
2023-04-16 02:00:00+02:00,0.0,0.262116217811236,0.0,0.4394144598629288
2023-04-16 03:00:00+02:00,0.0,0.24412361636894908,0.0,0.42569568120287615
2023-04-16 04:00:00+02:00,0.0,0.23515130578306198,0.0,0.42800862736922246
2023-04-16 05:00:00+02:00,0.0,0.22186077085102604,0.0,0.41637025243958564
2023-04-16 06:00:00+02:00,0.012227786586186427,0.20928993997668158,0.0,0.4374337696790479
2023-04-16 07:00:00+02:00,0.03053531063701303,0.19571152342156903,0.0,0.44763154146925205
2023-04-16 08:00:00+02:00,0.13006539474915618,0.17268099357544175,0.0,0.449068560408577
2023-04-16 09:00:00+02:00,0.31293570028670403,0.15785508998699735,0.0,0.4988928538268992
2023-04-16 10:00:00+02:00,0.49402990274469405,0.1493625821062379,0.0,0.4850922773664237
2023-04-16 11:00:00+02:00,0.6127555624474427,0.14902672021264854,0.0,0.47720683395821717
2023-04-16 12:00:00+02:00,0.6719134573280988,0.15699144511776755,0.0,0.5314764989190026
2023-04-16 13:00:00+02:00,0.7081869471452217,0.16730720327801207,0.0,0.5017345219074483
2023-04-16 14:00:00+02:00,0.7068890256640064,0.17594365197030978,0.0,0.4362150841356335
2023-04-16 15:00:00+02:00,0.6646724216960554,0.18333261362927564,0.0,0.4156117094932425
2023-04-16 16:00:00+02:00,0.5830399916933025,0.18755487743439897,0.0,0.4320794833271138
2023-04-16 17:00:00+02:00,0.45645849144635586,0.1873629563523479,0.0,0.4717989228739312
2023-04-16 18:00:00+02:00,0.2760474055574265,0.1818452252433799,0.0,0.6027094165245905
2023-04-16 19:00:00+02:00,0.09973501908286135,0.16346878163699086,0.0,0.7281451506208942
2023-04-16 20:00:00+02:00,0.021859730209942214,0.15262524050110593,0.0,0.7822550491929106
2023-04-16 21:00:00+02:00,0.0,0.16015814297161007,0.0,0.7278598462489294
2023-04-16 22:00:00+02:00,0.0,0.167115282195961,0.0,0.6963075702821756
2023-04-16 23:00:00+02:00,0.0,0.16706730192544825,0.0,0.6088131015636218
2023-04-17 00:00:00+02:00,0.0,0.16999409842672691,0.0,0.5145512986374235
2023-04-17 01:00:00+02:00,0.0,0.16553193326903975,0.0,0.4829509579974561
2023-04-17 02:00:00+02:00,0.0,0.15833489269212497,0.0,0.47188825659252276
2023-04-17 03:00:00+02:00,0.0,0.15329696428828465,0.0,0.44852414887368797
2023-04-17 04:00:00+02:00,0.0,0.1573752872818697,0.0,0.43625400454960106
2023-04-17 05:00:00+02:00,0.0,0.15958237972545689,0.0,0.4728878684496936
2023-04-17 06:00:00+02:00,0.012501033213810703,0.16375666326006744,0.0,0.6033523060373172
2023-04-17 07:00:00+02:00,0.030125440695576614,0.16087784702930155,0.0,0.7641687450727566
2023-04-17 08:00:00+02:00,0.12992877143534404,0.14725145020367625,0.0,0.767468329624951
2023-04-17 09:00:00+02:00,0.31020323401046124,0.12743559848190422,0.0,0.7265292139779906
2023-04-17 10:00:00+02:00,0.4781815983424859,0.13492052068189558,0.0,0.6550569583086365
2023-04-17 11:00:00+02:00,0.6074272532087692,0.14446859451393587,0.0,0.5798281869177444
2023-04-17 12:00:00+02:00,0.6717768340142867,0.16922641409852268,0.0,0.517765751455483
2023-04-17 13:00:00+02:00,0.6870786451612462,0.18712305499978407,0.0,0.46979796831252785
2023-04-17 14:00:00+02:00,0.6487558056369412,0.21207279566642195,0.0,0.469487830060631
2023-04-17 15:00:00+02:00,0.6031919304805929,0.2395175103997236,0.0,0.47899353460218197
2023-04-17 16:00:00+02:00,0.5130888550214874,0.2612525729420062,0.0,0.5087741870157351
2023-04-17 17:00:00+02:00,0.38719047134360146,0.2693132583881508,0.0,0.53451586324556
2023-04-17 18:00:00+02:00,0.2389541758574308,0.26058084915482754,0.0,0.5665966108601213
2023-04-17 19:00:00+02:00,0.09119606196960267,0.2591894213099573,0.0,0.6359238404544156
2023-04-17 20:00:00+02:00,0.02240622346519077,0.26168439537662114,0.0,0.6534539951370555
2023-04-17 21:00:00+02:00,0.0,0.2767022200471166,0.0,0.5520518229993069
2023-04-17 22:00:00+02:00,0.0,0.29397511743171206,0.0,0.568876441683607
2023-04-17 23:00:00+02:00,0.0,0.31523037726886705,0.0,0.5311464638075365
2023-04-18 00:00:00+02:00,0.0,0.3168137261957883,0.0,0.5007026575037344
2023-04-18 01:00:00+02:00,0.0,0.31436673239963725,0.0,0.4676832136705541
2023-04-18 02:00:00+02:00,0.0,0.30913688291374586,0.0,0.5039557857237926
2023-04-18 03:00:00+02:00,0.0,0.3009802369265758,0.0,0.4933796691369401
2023-04-18 04:00:00+02:00,0.0,0.28898516929838447,0.0,0.4491360266629955
2023-04-18 05:00:00+02:00,0.0,0.27871739140865276,0.0,0.44102001667788904
2023-04-18 06:00:00+02:00,0.012569344870716773,0.27938911519583143,0.0,0.5419314020131004
2023-04-18 07:00:00+02:00,0.03388258182541043,0.270080942716355,0.0,0.6219712837897351
2023-04-18 08:00:00+02:00,0.14564045252374,0.24004529337536404,0.0,0.6383942043781207
2023-04-18 09:00:00+02:00,0.34005542807841355,0.21701476352923676,0.0,0.5573314799510337
2023-04-18 10:00:00+02:00,0.5214911888209339,0.2278583046651217,0.0,0.5170011531716373
2023-04-18 11:00:00+02:00,0.6568848928087635,0.24282814906510441,0.0,0.5057471783761516
2023-04-18 12:00:00+02:00,0.7015607164253329,0.2621641980817488,0.0,0.4938824388540712
2023-04-18 13:00:00+02:00,0.673143067152408,0.27607847653045064,0.0,0.4502384409884448
2023-04-18 14:00:00+02:00,0.6037384237358415,0.2866821163137718,0.0,0.44530562183158323
2023-04-18 15:00:00+02:00,0.5066675592723169,0.2970938350150418,0.0,0.44047857155875914
2023-04-18 16:00:00+02:00,0.4580979712121015,0.32161175324706476,0.0,0.41631971662897727
2023-04-18 17:00:00+02:00,0.3594559386397373,0.3455539082329346,0.0,0.4011105393092166
2023-04-18 18:00:00+02:00,0.2325328801082603,0.35289488962138765,0.0,0.4945930396331851
2023-04-18 19:00:00+02:00,0.09146930859722695,0.31839707512270954,0.0,0.5606803647451393
2023-04-18 20:00:00+02:00,0.023430898318781812,0.28735384010095044,0.0,0.5921440472836346
2023-04-18 21:00:00+02:00,0.0,0.30750555371631183,0.0,0.5463951793256134
2023-04-18 22:00:00+02:00,0.0,0.3139349099650224,0.0,0.5188344326537229
2023-04-18 23:00:00+02:00,0.0,0.32650574083936684,0.0,0.48006295609075506
2023-04-19 00:00:00+02:00,0.0,0.3440185395765261,0.0,0.4509867266128289
2023-04-19 01:00:00+02:00,0.0,0.3459377503970367,0.0,0.4253945594498142
2023-04-19 02:00:00+02:00,0.0,0.3402760784765304,0.0,0.41864464570991744
2023-04-19 03:00:00+02:00,0.0,0.33566997250730496,0.0,0.41822194294614756
2023-04-19 04:00:00+02:00,0.0,0.32237943757526905,0.0,0.4067913990784935
2023-04-19 05:00:00+02:00,0.0,0.30621008641246716,0.0,0.41608000579283133
2023-04-19 06:00:00+02:00,0.013525708067401745,0.29234378823427803,0.0,0.5086606319471334
2023-04-19 07:00:00+02:00,0.03873270946574136,0.282555813049674,0.0,0.6028688101409799
2023-04-19 08:00:00+02:00,0.1668853778215276,0.23150480522409184,0.0,0.6334115897009838
2023-04-19 09:00:00+02:00,0.38227203204636445,0.1847720217446586,0.0,0.5768792693724917
2023-04-19 10:00:00+02:00,0.5777799941115351,0.16567587408057804,0.0,0.5215316564482358
2023-04-19 11:00:00+02:00,0.7073672072623488,0.1570874056587931,0.0,0.5010795217197167
2023-04-19 12:00:00+02:00,0.7603770530214587,0.15814297161007393,0.0,0.5350085034011433
2023-04-19 13:00:00+02:00,0.762631337699359,0.17172138816518645,0.0,0.4530058471867398
2023-04-19 14:00:00+02:00,0.7313445988363791,0.19048167393567764,0.0,0.4132046098394996
2023-04-19 15:00:00+02:00,0.674167742005999,0.19412817449464778,0.0,0.41715622816366665
2023-04-19 16:00:00+02:00,0.5827667450656782,0.2079944726728369,0.0,0.4009111122161467
2023-04-19 17:00:00+02:00,0.447782911019285,0.2044439326548923,0.0,0.4352394433620772
2023-04-19 18:00:00+02:00,0.273588185908808,0.19724689207797752,0.0,0.5810164785220886
2023-04-19 19:00:00+02:00,0.10274073198672841,0.21706274379974952,0.0,0.6125934658627901
2023-04-19 20:00:00+02:00,0.024592196486184992,0.24671455097663839,0.0,0.6669218203367013
2023-04-19 21:00:00+02:00,0.0,0.2936392555381227,0.0,0.626047822312749
2023-04-19 22:00:00+02:00,0.0,0.3206041675662967,0.0,0.5620827877609375
2023-04-19 23:00:00+02:00,0.0,0.3372533214342262,0.0,0.5142601891943517
2023-04-20 00:00:00+02:00,0.0,0.37309458350726177,0.0,0.4702747910870139
2023-04-20 01:00:00+02:00,0.0,0.4033701342008166,0.0,0.38267616182549996
2023-04-20 02:00:00+02:00,0.0,0.39727663984569545,0.0,0.368601773883716
2023-04-20 03:00:00+02:00,0.0,0.3775087683944362,0.0,0.3696425322802804
2023-04-20 04:00:00+02:00,0.0,0.3637384307572726,0.0,0.37799108470131737
2023-04-20 05:00:00+02:00,0.0,0.35385449503164296,0.0,0.3984985750092499
2023-04-20 06:00:00+02:00,0.013730643038119952,0.3535186331380536,0.0,0.4790306016631035
2023-04-20 07:00:00+02:00,0.03921089106408385,0.33864474927909644,0.0,0.5805154343975925
2023-04-20 08:00:00+02:00,0.16066901704307526,0.27511887112019534,0.0,0.6159718817996485
2023-04-20 09:00:00+02:00,0.3580213938447098,0.2121687562074475,0.0,0.6397921803974935
2023-04-20 10:00:00+02:00,0.5540758491651291,0.22843406791127488,0.0,0.529873786013817
2023-04-20 11:00:00+02:00,0.6836630623159428,0.24829789990355963,0.0,0.48213978087548975
2023-04-20 12:00:00+02:00,0.7573713401175917,0.2741112854394273,0.0,0.4586589066603255
2023-04-20 13:00:00+02:00,0.748900694661239,0.27156833110225076,0.0,0.4383316921306533
2023-04-20 14:00:00+02:00,0.6973253936971566,0.24359583339330865,0.0,0.43152518724264577
2023-04-20 15:00:00+02:00,0.6372111356198156,0.21706274379974952,0.0,0.44535653041457146
2023-04-20 16:00:00+02:00,0.5567400037844658,0.2087141767305284,0.0,0.4378942850484992
2023-04-20 17:00:00+02:00,0.42524006424028216,0.19508777990490309,0.0,0.4697848723352209
2023-04-20 18:00:00+02:00,0.2586279330463788,0.18146138307927778,0.0,0.5903949142333822
2023-04-20 19:00:00+02:00,0.10369709518341337,0.18424423876901816,0.0,0.6836043433663754
2023-04-20 20:00:00+02:00,0.026573234536461005,0.16284503812032491,0.0,0.771408950336826
2023-04-20 21:00:00+02:00,0.0,0.15646366214212715,0.0,0.7305896901079387
2023-04-20 22:00:00+02:00,0.0,0.15771114917545903,0.0,0.648184718013272
2023-04-20 23:00:00+02:00,0.0,0.1574712478228952,0.0,0.5635057201662269
2023-04-21 00:00:00+02:00,0.0,0.15257726023059318,0.0,0.5086631030845281
2023-04-21 01:00:00+02:00,0.0,0.15041814805751874,0.0,0.4371421649576118
2023-04-21 02:00:00+02:00,0.0,0.1437009101857316,0.0,0.41104129524594785
2023-04-21 03:00:00+02:00,0.0,0.12661993388318724,0.0,0.3871906027090324
2023-04-21 04:00:00+02:00,0.0,0.1254204271203681,0.0,0.39537061725443406
2023-04-21 05:00:00+02:00,0.0,0.13031441471267013,0.0,0.4255480254891121
2023-04-21 06:00:00+02:00,0.013935578008838162,0.1285871249742106,0.0,0.5184824075720994
2023-04-21 07:00:00+02:00,0.03845946283811708,0.12820328281010848,0.0,0.6564964483853564
2023-04-21 08:00:00+02:00,0.14106357151103335,0.11121826704858961,0.0,0.6779339859310263
2023-04-21 09:00:00+02:00,0.3059679112822849,0.08881148071912828,0.0,0.6528314925078358
2023-04-21 10:00:00+02:00,0.4494223907850307,0.08703621071015598,0.0,0.5576433490499922
2023-04-21 11:00:00+02:00,0.5623415596507635,0.09322566560630269,0.0,0.46581743662995667
2023-04-21 12:00:00+02:00,0.6508734670010294,0.1010464496998834,0.0,0.47182178089483284
2023-04-21 13:00:00+02:00,0.6789495579894239,0.09610448183706859,0.0,0.4543652703100983
2023-04-21 14:00:00+02:00,0.6643308634115251,0.09658428454219624,0.0,0.4176033972894155
2023-04-21 15:00:00+02:00,0.6189036115689889,0.10219797619218976,0.0,0.4267036970289599
2023-04-21 16:00:00+02:00,0.546151696964025,0.11731176140371079,0.0,0.4176876662272331
2023-04-21 17:00:00+02:00,0.4055663070513341,0.10713994405500457,0.0,0.42203678066285816
2023-04-21 18:00:00+02:00,0.2399105390541158,0.10238989727424082,0.0,0.5643039290712973
2023-04-21 19:00:00+02:00,0.09071788037126019,0.10685206243192798,0.0,0.6872287704888511
2023-04-21 20:00:00+02:00,0.02363583328950002,0.1197587551998618,0.0,0.7056318859827533
2023-04-21 21:00:00+02:00,0.0,0.13981450827419764,0.0,0.6594634041827057
2023-04-21 22:00:00+02:00,0.0,0.1507540099511081,0.0,0.6138872760847762
2023-04-21 23:00:00+02:00,0.0,0.15353686564084848,0.0,0.5393455071617632
2023-04-22 00:00:00+02:00,0.0,0.1690824732869844,0.0,0.5523714782828297
2023-04-22 01:00:00+02:00,0.0,0.1854437455318373,0.0,0.4707029314039377
2023-04-22 02:00:00+02:00,0.0,0.18861044338567978,0.0,0.4588467183567546
2023-04-22 03:00:00+02:00,0.0,0.18990591068952445,0.0,0.41005589242879703
2023-04-22 04:00:00+02:00,0.0,0.19187310178054784,0.0,0.38938418873567
2023-04-22 05:00:00+02:00,0.0,0.20737072915617097,0.0,0.3933388959815805
2023-04-22 06:00:00+02:00,0.013457396410495676,0.21389604594590703,0.0,0.4194459435367314
2023-04-22 07:00:00+02:00,0.02930570081270378,0.2285300284523004,0.0,0.44477615962704725
2023-04-22 08:00:00+02:00,0.08272541651325006,0.24714637341125328,0.0,0.4593284834060303
2023-04-22 09:00:00+02:00,0.16073732869998134,0.2363987928163939,0.0,0.4669752065348194
2023-04-22 10:00:00+02:00,0.24298456361488893,0.2484898209856107,0.0,0.41966378165427765
2023-04-22 11:00:00+02:00,0.3028255750646057,0.2583257764407276,0.0,0.42365716430218703
2023-04-22 12:00:00+02:00,0.34613516554305374,0.26163641510610836,0.0,0.4152801938011102
2023-04-22 13:00:00+02:00,0.39689072662426333,0.28188408926249525,0.0,0.37896128792171974
2023-04-22 14:00:00+02:00,0.38479956335188903,0.2978135390727333,0.0,0.3553171908780896
2023-04-22 15:00:00+02:00,0.35993412023807975,0.2936392555381227,0.0,0.37777028016801206
2023-04-22 16:00:00+02:00,0.32557335681432686,0.27679818058814215,0.0,0.46391335695974023
2023-04-22 17:00:00+02:00,0.2611554643519034,0.2542474534471425,0.0,0.5506827655927647
2023-04-22 18:00:00+02:00,0.1818456306839568,0.22018146138307926,0.0,0.6601310103238065
2023-04-22 19:00:00+02:00,0.0810859367475044,0.20434797211386677,0.0,0.7757947643154195
2023-04-22 20:00:00+02:00,0.023977391574030366,0.19455999692926268,0.0,0.8042597337883868
2023-04-22 21:00:00+02:00,0.0,0.20473181427796888,0.0,0.748472982934915
2023-04-22 22:00:00+02:00,0.0,0.23922962877664702,0.0,0.6360136694513714
2023-04-22 23:00:00+02:00,0.0,0.2814522668278804,0.0,0.5729898022555737
2023-04-23 00:00:00+02:00,0.0,0.28927305092146105,0.0,0.5172035466804663
2023-04-23 01:00:00+02:00,0.0,0.28735384010095044,0.0,0.5293881864980382
2023-04-23 02:00:00+02:00,0.0,0.2975736377201694,0.0,0.4905989166949426
2023-04-23 03:00:00+02:00,0.0,0.3026595463945225,0.0,0.45162937111358664
2023-04-23 04:00:00+02:00,0.0,0.3005484144919609,0.0,0.4108138175907914
2023-04-23 05:00:00+02:00,0.0,0.2844750238701846,0.0,0.408217297899542
2023-04-23 06:00:00+02:00,0.013594019724307814,0.28917709038043554,0.0,0.4660325585981393
2023-04-23 07:00:00+02:00,0.03593193153259251,0.30870506047913093,0.0,0.46106909523581197
2023-04-23 08:00:00+02:00,0.12207293089114606,0.3155182588919436,0.0,0.4849777369955201
2023-04-23 09:00:00+02:00,0.23307937336350887,0.326265839486803,0.0,0.47222842126553677
2023-04-23 10:00:00+02:00,0.3210647874585263,0.3232430824444988,0.0,0.4228032322997498
2023-04-23 11:00:00+02:00,0.38165722713420985,0.3410917430752474,0.0,0.5304241303802241
2023-04-23 12:00:00+02:00,0.4317296716463587,0.3988120085021039,0.0,0.5152842726679281
2023-04-23 13:00:00+02:00,0.4442990165170755,0.4861361008353365,0.0,0.4073679406539411
2023-04-23 14:00:00+02:00,0.43056837347895555,0.5638641390660161,0.0,0.3648300638198561
2023-04-23 15:00:00+02:00,0.3996231929005061,0.6081019484787855,0.0,0.3723809026141869
2023-04-23 16:00:00+02:00,0.3594559386397373,0.6222081480095384,0.0,0.4483337435338797
2023-04-23 17:00:00+02:00,0.26969442146516204,0.6148191863505726,0.0,0.5526832248758038
2023-04-23 18:00:00+02:00,0.17569758156241055,0.5813769378031753,0.0,0.6150859475170637
2023-04-23 19:00:00+02:00,0.08135918337512868,0.5106540190673595,0.0,0.674923534962873
2023-04-23 20:00:00+02:00,0.025275313055245684,0.4365245011251373,0.0,0.6932799438582434
2023-04-23 21:00:00+02:00,0.0,0.4111429380238846,0.0,0.6998342597171467
2023-04-23 22:00:00+02:00,0.0,0.4138298331725994,0.0,0.6138829515943354
2023-04-23 23:00:00+02:00,0.0,0.4121985039751654,0.0,0.5411294864019378
2023-04-24 00:00:00+02:00,0.0,0.404713581775174,0.0,0.49617388507419763
2023-04-24 01:00:00+02:00,0.0,0.4084560428751697,0.0,0.4519602690213702
2023-04-24 02:00:00+02:00,0.0,0.3881124081777573,0.0,0.40583799854149016
2023-04-24 03:00:00+02:00,0.0,0.3814431505764829,0.0,0.3946750883116576
2023-04-24 04:00:00+02:00,0.0,0.37712492623033406,0.0,0.388727952979241
2023-04-24 05:00:00+02:00,0.0,0.3521272052931834,0.0,0.4585712985343689
2023-04-24 06:00:00+02:00,0.014208824636462438,0.3309199257265412,0.0,0.5645600698184625
2023-04-24 07:00:00+02:00,0.03907426775027171,0.3006923553034992,0.0,0.6341087217304109
2023-04-24 08:00:00+02:00,0.13662331381213882,0.24762617611638094,0.0,0.6630097402108506
2023-04-24 09:00:00+02:00,0.2805559749132271,0.21643900028308358,0.0,0.6850118311629476
2023-04-24 10:00:00+02:00,0.40624942362039485,0.20655506455745395,0.0,0.6074104335358548
2023-04-24 11:00:00+02:00,0.48999951498723593,0.21221673647796024,0.0,0.5380193218872497
2023-04-24 12:00:00+02:00,0.5328992355242476,0.22752244277153233,0.0,0.5276924279137423
2023-04-24 13:00:00+02:00,0.5428044257756276,0.2584217369817531,0.0,0.48836480191326015
2023-04-24 14:00:00+02:00,0.526477939775077,0.274783009226606,0.0,0.48722791417026856
2023-04-24 15:00:00+02:00,0.4768153652043645,0.282747734131725,0.0,0.4634627261398681
2023-04-24 16:00:00+02:00,0.4088452665828255,0.2772779832932698,0.0,0.49099023496291366
2023-04-24 17:00:00+02:00,0.30576297631156674,0.25583080237406375,0.0,0.527022600901642
2023-04-24 18:00:00+02:00,0.18164069571323857,0.22776234412409616,0.0,0.6041442093384897
2023-04-24 19:00:00+02:00,0.07623580910717347,0.2020928993997668,0.0,0.6953893834530478
2023-04-24 20:00:00+02:00,0.02349920997568788,0.16730720327801207,0.0,0.7306250263217985
2023-04-24 21:00:00+02:00,0.0,0.16471626867032274,0.0,0.7294802298882583
2023-04-24 22:00:00+02:00,0.0,0.1463398250639337,0.0,0.7240403165238247
2023-04-24 23:00:00+02:00,0.0,0.1295467303844659,0.0,0.6461240833820144
2023-04-25 00:00:00+02:00,0.0,0.13487254041138283,0.0,0.5332335406598036
2023-04-25 01:00:00+02:00,0.0,0.12743559848190422,0.0,0.449339282968142
2023-04-25 02:00:00+02:00,0.0,0.12134210412678306,0.0,0.4259935862737836
2023-04-25 03:00:00+02:00,0.0,0.12479668360370215,0.0,0.41844336526380155
2023-04-25 04:00:00+02:00,0.0,0.1372715539370211,0.0,0.43247215966976665
2023-04-25 05:00:00+02:00,0.0,0.1485469175075209,0.0,0.47808770346002794
2023-04-25 06:00:00+02:00,0.013798954695026023,0.14365292991521886,0.0,0.6106011602822684
2023-04-25 07:00:00+02:00,0.034292451766846845,0.11841530762550438,0.0,0.6794006585190886
2023-04-25 08:00:00+02:00,0.10205761541766771,0.10085452861783234,0.0,0.6763372006029322
2023-04-25 09:00:00+02:00,0.20630120385632963,0.09552871859091541,0.0,0.6694691622920241
2023-04-25 10:00:00+02:00,0.3171710230148803,0.09648832400117072,0.0,0.5833905853389554
2023-04-25 11:00:00+02:00,0.4141052641645928,0.10114241024090893,0.0,0.5256814662967755
2023-04-25 12:00:00+02:00,0.4759956253214917,0.10416516728321314,0.0,0.4983042068308732
2023-04-25 13:00:00+02:00,0.5104247004021507,0.09859945590373238,0.0,0.48048986083898143
2023-04-25 14:00:00+02:00,0.4911608131546391,0.09548073832040264,0.0,0.4459234271979822
2023-04-25 15:00:00+02:00,0.4662953700408298,0.09447315263963457,0.0,0.4380921038004918
2023-04-25 16:00:00+02:00,0.4050198137960856,0.0916902969498942,0.0,0.471671281271294
2023-04-25 17:00:00+02:00,0.30166427689720254,0.09346556695886651,0.0,0.5036775219916323
2023-04-25 18:00:00+02:00,0.1784983594955594,0.08761197395630915,0.0,0.5697088737398243
2023-04-25 19:00:00+02:00,0.0752794459104885,0.08713217125118151,0.0,0.7547542276028432
2023-04-25 20:00:00+02:00,0.024455573172372853,0.08924330315374318,0.0,0.7913856203655408
2023-04-25 21:00:00+02:00,0.0,0.11169806975371727,0.0,0.6945773382803373
2023-04-25 22:00:00+02:00,0.0,0.12791540118703187,0.0,0.609436839761539
2023-04-25 23:00:00+02:00,0.0,0.1341048560831786,0.0,0.6074688780370118
2023-04-26 00:00:00+02:00,0.0,0.1314659412049765,0.0,0.5360852157959162
2023-04-26 01:00:00+02:00,0.0,0.1332412112139488,0.0,0.42081599150000215
2023-04-26 02:00:00+02:00,0.0,0.1310341187703616,0.0,0.3846200299604281
2023-04-26 03:00:00+02:00,0.0,0.12810732226908295,0.0,0.39401193442140864
2023-04-26 04:00:00+02:00,0.0,0.12580426928447022,0.0,0.4119838206766435
2023-04-26 05:00:00+02:00,0.0,0.12249363061908942,0.0,0.45814686492353734
2023-04-26 06:00:00+02:00,0.016804667598893076,0.10963491812166837,0.0,0.5220806374855345
2023-04-26 07:00:00+02:00,0.044675823616569396,0.09941512050244938,0.0,0.6187237156288151
2023-04-26 08:00:00+02:00,0.1412001948248455,0.08022301229734333,0.0,0.6833708103737164
2023-04-26 09:00:00+02:00,0.2671668901596375,0.05440962676147568,0.0,0.6681098616746499
2023-04-26 10:00:00+02:00,0.39101592413034136,0.0454373161755886,0.0,0.7356266645533337
2023-04-26 11:00:00+02:00,0.4933467861756333,0.04586913861020348,0.0,0.5027966524898214
2023-04-26 12:00:00+02:00,0.5349485852314296,0.04610903996276731,0.0,0.4864049938912504
2023-04-26 13:00:00+02:00,0.5279124845701044,0.04462165157687159,0.0,0.43219538177269917
2023-04-26 14:00:00+02:00,0.5034569113977316,0.04577317806917795,0.0,0.40801490439071303
2023-04-26 15:00:00+02:00,0.47237510750547,0.04745248753712473,0.0,0.3866185133844367
2023-04-26 16:00:00+02:00,0.4076839684154223,0.04783632970122685,0.0,0.4161347435878961
2023-04-26 17:00:00+02:00,0.30330375666294823,0.048268152135841735,0.0,0.49455436423118626
2023-04-26 18:00:00+02:00,0.1748778416795377,0.04774036916020132,0.0,0.6612522031916853
2023-04-26 19:00:00+02:00,0.07760204224529486,0.048795935111482155,0.0,0.7733111766539964
2023-04-26 20:00:00+02:00,0.02582180631049424,0.05604095595890969,0.0,0.7993277774278427
2023-04-26 21:00:00+02:00,0.0,0.06688449709479462,0.0,0.7409280717176757
2023-04-26 22:00:00+02:00,0.0,0.07926340688708802,0.0,0.678959049452478
2023-04-26 23:00:00+02:00,0.0,0.082334144199905,0.0,0.6096539375887521
2023-04-27 00:00:00+02:00,0.0,0.08257404555246882,0.0,0.5413945263963802
2023-04-27 01:00:00+02:00,0.0,0.07796793958324337,0.0,0.47729715823353724
2023-04-27 02:00:00+02:00,0.0,0.07432143902427321,0.0,0.4101308946013842
2023-04-27 03:00:00+02:00,0.0,0.07038705684222647,0.0,0.3705640530431205
2023-04-27 04:00:00+02:00,0.0,0.07043503711273924,0.0,0.3735733909485608
2023-04-27 05:00:00+02:00,0.0,0.06568499033197549,0.0,0.42913698863731675
2023-04-27 06:00:00+02:00,0.016258174343644523,0.06712439844735844,0.0,0.5718993708447184
2023-04-27 07:00:00+02:00,0.04563218681325437,0.0766724722793987,0.0,0.6897307639203238
2023-04-27 08:00:00+02:00,0.14557214086683393,0.07739217633709018,0.0,0.6626210155862586
2023-04-27 09:00:00+02:00,0.27925805343201177,0.06626075357812868,0.0,0.575803664786005
2023-04-27 10:00:00+02:00,0.4223709746502272,0.06678853655376908,0.0,0.5252908883191374
2023-04-27 11:00:00+02:00,0.5369296232817057,0.07288203090889026,0.0,0.46061463520386325
2023-04-27 12:00:00+02:00,0.5783947990236897,0.0754249852460668,0.0,0.4156610097351535
2023-04-27 13:00:00+02:00,0.5781215523960654,0.08060685446144544,0.0,0.4043546457760132
2023-04-27 14:00:00+02:00,0.5406184527546334,0.08041493337939438,0.0,0.38544344551781057
2023-04-27 15:00:00+02:00,0.5060527543601623,0.08190232176529011,0.0,0.39708058487875003
2023-04-27 16:00:00+02:00,0.4367847342574079,0.08415739447939007,0.0,0.4146735085529877
2023-04-27 17:00:00+02:00,0.3387575065971982,0.08818773720246234,0.0,0.49171714840148906
2023-04-27 18:00:00+02:00,0.22194457328781955,0.09217009965502185,0.0,0.6301687188028846
2023-04-27 19:00:00+02:00,0.0985054092585521,0.08171040068323905,0.0,0.7264487742522496
2023-04-27 20:00:00+02:00,0.027324662762427766,0.08583670394733685,0.0,0.8159399955477502
2023-04-27 21:00:00+02:00,0.0,0.1075237862191067,0.0,0.7002506621314455
2023-04-27 22:00:00+02:00,0.0,0.1361680077152275,0.0,0.6379199752470137
2023-04-27 23:00:00+02:00,0.0,0.1559838594369995,0.0,0.6095166617029313
2023-04-28 00:00:00+02:00,0.0,0.1681228678767291,0.0,0.5052423050395789
2023-04-28 01:00:00+02:00,0.0,0.1777189219792821,0.0,0.40894383856573746
2023-04-28 02:00:00+02:00,0.0,0.18707507472927132,0.0,0.3590536872340741
2023-04-28 03:00:00+02:00,0.0,0.1994539845215647,0.0,0.37118717345668895
2023-04-28 04:00:00+02:00,0.0,0.21279249972411343,0.0,0.37408814883471253
2023-04-28 05:00:00+02:00,0.0,0.22042136273564308,0.0,0.41305843470640163
2023-04-28 06:00:00+02:00,0.016053239372926312,0.21720668461128784,0.0,0.5359290336072547
2023-04-28 07:00:00+02:00,0.04139686408507807,0.2087141767305284,0.0,0.6435774817170248
2023-04-28 08:00:00+02:00,0.12787942172816194,0.1974388131600286,0.0,0.6671538674942674
2023-04-28 09:00:00+02:00,0.26183858092096407,0.19379231260105842,0.0,0.6245513683155386
2023-04-28 10:00:00+02:00,0.4099382530933226,0.20108531371899874,0.0,0.5642530204883092
2023-04-28 11:00:00+02:00,0.5202615789966247,0.21485565135616233,0.0,0.5010137863123598
2023-04-28 12:00:00+02:00,0.5821519401535236,0.22910579169845358,0.0,0.44974382497383103
2023-04-28 13:00:00+02:00,0.5970438813590467,0.25563888129201273,0.0,0.42203789372557116
2023-04-28 14:00:00+02:00,0.5757989560612591,0.27319966029968473,0.0,0.40262602211525217
2023-04-28 15:00:00+02:00,0.5607703915419239,0.279485075736857,0.0,0.3925833194509965
2023-04-28 16:00:00+02:00,0.4749026388109946,0.2682576924368699,0.0,0.4012310125116383
2023-04-28 17:00:00+02:00,0.3395772464800711,0.2459948469189469,0.0,0.5116445181882928
2023-04-28 18:00:00+02:00,0.1894282246005305,0.21226471674847303,0.0,0.7096767949979995
2023-04-28 19:00:00+02:00,0.07767035390220092,0.17738306008569274,0.0,0.7168705386755061
2023-04-28 20:00:00+02:00,0.023840768260218227,0.16063794567673773,0.0,0.7190698072672663
2023-04-28 21:00:00+02:00,0.0,0.14753933182675283,0.0,0.685829681406765
2023-04-28 22:00:00+02:00,0.0,0.1477312529088039,0.0,0.661987515344747
2023-04-28 23:00:00+02:00,0.0,0.14346100883316779,0.0,0.649411557259204
2023-04-29 00:00:00+02:00,0.0,0.12292545305370431,0.0,0.643469119189608
2023-04-29 01:00:00+02:00,0.0,0.10143029186398553,0.0,0.5958107340082168
2023-04-29 02:00:00+02:00,0.0,0.08578872367682408,0.0,0.49137413981870043
2023-04-29 03:00:00+02:00,0.0,0.07480124172940086,0.0,0.43328803405455374
2023-04-29 04:00:00+02:00,0.0,0.07177848468709666,0.0,0.42603003555035646
2023-04-29 05:00:00+02:00,0.0,0.07096282008837965,0.0,0.450468262020585
2023-04-29 06:00:00+02:00,0.01639479765745666,0.07316991253196685,0.0,0.4891494143082327
2023-04-29 07:00:00+02:00,0.03634180147402893,0.0736497152370945,0.0,0.5586063838701791
2023-04-29 08:00:00+02:00,0.0951581380701547,0.06659661547171802,0.0,0.5908315757707766
2023-04-29 09:00:00+02:00,0.17214537540329494,0.0611268646332628,0.0,0.5697988252427646
2023-04-29 10:00:00+02:00,0.2617019576071519,0.055225291360192684,0.0,0.5085323725601476
2023-04-29 11:00:00+02:00,0.366082169359626,0.050139382685839576,0.0,0.4647339233529214
2023-04-29 12:00:00+02:00,0.41697435375464775,0.05105100782558212,0.0,0.44817607551012545
2023-04-29 13:00:00+02:00,0.43576005940381685,0.05397780432686079,0.0,0.45432980633582737
2023-04-29 14:00:00+02:00,0.44955901409884286,0.05743238380377988,0.0,0.43356098273954463
2023-04-29 15:00:00+02:00,0.4378094091109989,0.06122282517428833,0.0,0.430903669915728
2023-04-29 16:00:00+02:00,0.40180916592150034,0.06798804331658821,0.0,0.45174947154362843
2023-04-29 17:00:00+02:00,0.3182640095253774,0.07868764364093485,0.0,0.4963765235949954
2023-04-29 18:00:00+02:00,0.19694250686019812,0.09394536966399415,0.0,0.5868853949997634
2023-04-29 19:00:00+02:00,0.08456983124971394,0.10272575916783018,0.0,0.6678645907793658
2023-04-29 20:00:00+02:00,0.028349337616018808,0.10915511541654072,0.0,0.7169531992722464
2023-04-29 21:00:00+02:00,0.0,0.12407697954601067,0.0,0.6971199829728394
2023-04-29 22:00:00+02:00,0.0,0.12849116443318506,0.0,0.6882029254273144
2023-04-29 23:00:00+02:00,0.0,0.13199372418061692,0.0,0.6728841500114398
2023-04-30 00:00:00+02:00,0.0,0.13837510015881468,0.0,0.7165217250216105
2023-04-30 01:00:00+02:00,0.0,0.15368080645238677,0.0,0.664025291955103
2023-04-30 02:00:00+02:00,0.0,0.1674031638190376,0.0,0.6059139795386443
2023-04-30 03:00:00+02:00,0.0,0.17090572356646946,0.0,0.5645725480114208
2023-04-30 04:00:00+02:00,0.0,0.17052188140236735,0.0,0.5356568252125969
2023-04-30 05:00:00+02:00,0.0,0.1710976446485205,0.0,0.5699967717551682
2023-04-30 06:00:00+02:00,0.016326486000550592,0.17584769142928428,0.0,0.6015336031132048
2023-04-30 07:00:00+02:00,0.038322839524304944,0.17570375061774596,0.0,0.580595623856938
2023-04-30 08:00:00+02:00,0.1067711197441865,0.1419256401767593,0.0,0.5428939415549231
2023-04-30 09:00:00+02:00,0.22098821009113456,0.1104026024498726,0.0,0.5128205713572209
2023-04-30 10:00:00+02:00,0.359182692012113,0.11203393164730661,0.0,0.48065320617343166
2023-04-30 11:00:00+02:00,0.4658171884424874,0.12786742091651912,0.0,0.4644596165932487
2023-04-30 12:00:00+02:00,0.5302350809049108,0.1270997365883149,0.0,0.4631609866024574
2023-04-30 13:00:00+02:00,0.5774384358270048,0.12220574899601283,0.0,0.4429727788056677
2023-04-30 14:00:00+02:00,0.5945846617104282,0.11313747786910022,0.0,0.4261622466554033
2023-04-30 15:00:00+02:00,0.5665085707220336,0.1065641808088514,0.0,0.42229180834731034
2023-04-30 16:00:00+02:00,0.5027737948286709,0.10618033864474927,0.0,0.4732250667069485
2023-04-30 17:00:00+02:00,0.38999124927675033,0.10680408216141522,0.0,0.5872356944887519
2023-04-30 18:00:00+02:00,0.2483811845104684,0.09639236346014518,0.0,0.618143472601702
2023-04-30 19:00:00+02:00,0.11175787069832957,0.08626852638195173,0.0,0.6976267096624581
2023-04-30 20:00:00+02:00,0.03169660880441621,0.09001098748194741,0.0,0.7399002867924339
2023-04-30 21:00:00+02:00,0.0,0.09322566560630269,0.0,0.7319879058848537
2023-04-30 22:00:00+02:00,0.0,0.0972080280588622,0.0,0.7068090522143943
2023-04-30 23:00:00+02:00,0.0,0.09778379130501537,0.0,0.6765232814522996
2023-05-01 00:00:00+02:00,0.0,0.09279384317168779,0.0,0.5747763751391274
2023-05-01 01:00:00+02:00,0.0,0.08650842773451556,0.0,0.5551455523485492
2023-05-01 02:00:00+02:00,0.0,0.08689226989861769,0.0,0.537141046028818
2023-05-01 03:00:00+02:00,0.0,0.0936095077704048,0.0,0.5153817548346105
2023-05-01 04:00:00+02:00,0.0,0.10306162106141954,0.0,0.5207623609015695
2023-05-01 05:00:00+02:00,0.0,0.11011472082679602,0.0,0.5214507214441304
2023-05-01 06:00:00+02:00,0.016872979255799146,0.12158200547934689,0.0,0.5068018955463404
2023-05-01 07:00:00+02:00,0.044334265332039054,0.12959471065497866,0.0,0.519191400010136
2023-05-01 08:00:00+02:00,0.13573526227235994,0.11822338654345332,0.0,0.5117470703901758
2023-05-01 09:00:00+02:00,0.25972091955687593,0.11313747786910022,0.0,0.5482504540322831
2023-05-01 10:00:00+02:00,0.37448450315907256,0.12095826196268093,0.0,0.5717424483657239
2023-05-01 11:00:00+02:00,0.4639044620491174,0.13280938877933393,0.0,0.5759266091258214
2023-05-01 12:00:00+02:00,0.5217644354485582,0.1508499704921336,0.0,0.5406146060098016
2023-05-01 13:00:00+02:00,0.5536659792236927,0.1818452252433799,0.0,0.5212573496885631
2023-05-01 14:00:00+02:00,0.5759355793750712,0.2055474788766859,0.0,0.47761396960728536
2023-05-01 15:00:00+02:00,0.5888464825303183,0.21672688190616018,0.0,0.4634215796004745
2023-05-01 16:00:00+02:00,0.5406184527546334,0.23999731310485126,0.0,0.4519615045900676
2023-05-01 17:00:00+02:00,0.43972213550436884,0.24273218852407888,0.0,0.46261324113385616
2023-05-01 18:00:00+02:00,0.30139103026957825,0.22766638358307062,0.0,0.5588089051394192
2023-05-01 19:00:00+02:00,0.13798954695026022,0.19408019422413503,0.0,0.5898532188478568
2023-05-01 20:00:00+02:00,0.03757141129833818,0.17157744735364816,0.0,0.6069376849854141
2023-05-01 21:00:00+02:00,0.01523349949005348,0.1573752872818697,0.0,0.6133599122452551
2023-05-01 22:00:00+02:00,0.0,0.14941056237675068,0.0,0.6701653037647226
2023-05-01 23:00:00+02:00,0.0,0.15521617510879526,0.0,0.5994467712729066
2023-05-02 00:00:00+02:00,0.0,0.16673144003185889,0.0,0.5253435224947607
2023-05-02 01:00:00+02:00,0.0,0.17296887519851836,0.0,0.46823466584524753
2023-05-02 02:00:00+02:00,0.0,0.1570874056587931,0.0,0.45880025677019165
2023-05-02 03:00:00+02:00,0.0,0.15123381265623576,0.0,0.434920650874872
2023-05-02 04:00:00+02:00,0.0,0.14005440962676147,0.0,0.4420064047973419
2023-05-02 05:00:00+02:00,0.0,0.1255163876613936,0.0,0.5008529068608777
2023-05-02 06:00:00+02:00,0.017897654109390187,0.11294555678704915,0.0,0.5678702792105692
2023-05-02 07:00:00+02:00,0.05792828505634687,0.10536467404603227,0.0,0.6530863976863036
2023-05-02 08:00:00+02:00,0.20671107379776607,0.09639236346014518,0.0,0.7101083917546199
2023-05-02 09:00:00+02:00,0.40570293036514626,0.0914024153268176,0.0,0.6997230532799555
2023-05-02 10:00:00+02:00,0.5802392137601536,0.09284182344220056,0.0,0.6287688894304655
2023-05-02 11:00:00+02:00,0.7160427876894196,0.09533679750886435,0.0,0.5766010056403313
2023-05-02 12:00:00+02:00,0.7981533992905151,0.09730398859988772,0.0,0.53412812392327
2023-05-02 13:00:00+02:00,0.8341536424800137,0.10162221294603659,0.0,0.5212820610625107
2023-05-02 14:00:00+02:00,0.8205596227557058,0.10430910809475143,0.0,0.5508631638770096
2023-05-02 15:00:00+02:00,0.7812121083778099,0.11611225464089166,0.0,0.5060819054960117
2023-05-02 16:00:00+02:00,0.6874202034457766,0.13304929013189776,0.0,0.5159795460898824
2023-05-02 17:00:00+02:00,0.5426678024618155,0.15569597781392291,0.0,0.537710664216019
2023-05-02 18:00:00+02:00,0.35214659135078785,0.1837644360638905,0.0,0.6034856249506503
2023-05-02 19:00:00+02:00,0.15178850164528626,0.1968630499138754,0.0,0.7068410544945418
2023-05-02 20:00:00+02:00,0.03927920272098991,0.2132243221587283,0.0,0.764439957656259
2023-05-02 21:00:00+02:00,0.015506746117677758,0.26393946809072105,0.0,0.6631811167418338
2023-05-02 22:00:00+02:00,0.0,0.3104323502175905,0.0,0.6293701371254342
2023-05-02 23:00:00+02:00,0.0,0.3431069144367836,0.0,0.6103468676337227
2023-05-03 00:00:00+02:00,0.0,0.34987213257908345,0.0,0.5813903710678852
2023-05-03 01:00:00+02:00,0.0,0.3472811979713941,0.0,0.5416517802062583
2023-05-03 02:00:00+02:00,0.0,0.3281850503073136,0.0,0.45600072578576467
2023-05-03 03:00:00+02:00,0.0,0.31038436994707774,0.0,0.4778386033526672
2023-05-03 04:00:00+02:00,0.0,0.2996847696227311,0.0,0.45511182508742076
2023-05-03 05:00:00+02:00,0.0,0.29114428147145893,0.0,0.49573363408226884
2023-05-03 06:00:00+02:00,0.01878570564916909,0.28989679443812705,0.0,0.5294180851587442
2023-05-03 07:00:00+02:00,0.06441789246242347,0.28605837279710583,0.0,0.628492111533398
2023-05-03 08:00:00+02:00,0.22699963589886868,0.2165349608241091,0.0,0.7275303064158276
2023-05-03 09:00:00+02:00,0.45953251600712897,0.16913045355749715,0.0,0.7319869205825518
2023-05-03 10:00:00+02:00,0.6544939848170511,0.17215321059980135,0.0,0.6339273328894375
2023-05-03 11:00:00+02:00,0.7809388617501856,0.21869407299718355,0.0,0.5800006765114406
2023-05-03 12:00:00+02:00,0.8525294781877464,0.24177258311382357,0.0,0.5410396574049819
2023-05-03 13:00:00+02:00,0.8702221973264184,0.24714637341125328,0.0,0.48132390123627605
2023-05-03 14:00:00+02:00,0.8543055812673042,0.24445947826253842,0.0,0.43103019845565216
2023-05-03 15:00:00+02:00,0.8054627465794645,0.2454670639433065,0.0,0.452126831037975
2023-05-03 16:00:00+02:00,0.7079137005175974,0.2475302155753554,0.0,0.4560114783860879
2023-05-03 17:00:00+02:00,0.5535293559098805,0.24829789990355963,0.0,0.48256038001981816
2023-05-03 18:00:00+02:00,0.3497556833590754,0.2529999664138106,0.0,0.6046535296714876
2023-05-03 19:00:00+02:00,0.14461577767014897,0.2551110983163723,0.0,0.6942335894072156
2023-05-03 20:00:00+02:00,0.03763972295524425,0.2906644787663313,0.0,0.6924276149424569
2023-05-03 21:00:00+02:00,0.015506746117677758,0.3694001026777789,0.0,0.6403962667478102
2023-05-03 22:00:00+02:00,0.0,0.422082439700795,0.0,0.6152586821227287
2023-05-03 23:00:00+02:00,0.0,0.44103464655333724,0.0,0.57675842339769
2023-05-04 00:00:00+02:00,0.0,0.4425700152097457,0.0,0.5223088554310241
2023-05-04 01:00:00+02:00,0.0,0.43700430383026495,0.0,0.500820164290397
2023-05-04 02:00:00+02:00,0.0,0.42380972943925455,0.0,0.4814415305289231
2023-05-04 03:00:00+02:00,0.0,0.40960756936747605,0.0,0.4715624234655131
2023-05-04 04:00:00+02:00,0.0,0.4020266866264592,0.0,0.466179964045508
2023-05-04 05:00:00+02:00,0.0,0.39228669171236785,0.0,0.45677582640353803
2023-05-04 06:00:00+02:00,0.01871739399226302,0.3718470964739299,0.0,0.49185281594623254
2023-05-04 07:00:00+02:00,0.057859973399440795,0.33365480114576884,0.0,0.6455374122450189
2023-05-04 08:00:00+02:00,0.18976978288506086,0.27209611407789114,0.0,0.6638525520950113
2023-05-04 09:00:00+02:00,0.3740746332176361,0.22166884976897497,0.0,0.6131178580321255
2023-05-04 10:00:00+02:00,0.5512067595750741,0.2045878734664306,0.0,0.5265672780733758
2023-05-04 11:00:00+02:00,0.6743043653198112,0.22243653409717923,0.0,0.46464805132845316
2023-05-04 12:00:00+02:00,0.7290220025015728,0.22704264006640468,0.0,0.5112383730959532
2023-05-04 13:00:00+02:00,0.7277923926772636,0.22171683003948775,0.0,0.4923271728377505
2023-05-04 14:00:00+02:00,0.7153596711203589,0.22598707411512384,0.0,0.45248787787286016
2023-05-04 15:00:00+02:00,0.6833215040314123,0.24254026744202783,0.0,0.4388471903071382
2023-05-04 16:00:00+02:00,0.6053779035015872,0.25458331534073186,0.0,0.43920835964800775
2023-05-04 17:00:00+02:00,0.470394069455194,0.24954538693689154,0.0,0.46791204940039244
2023-05-04 18:00:00+02:00,0.3011860952988601,0.2395654906702364,0.0,0.5574521981654241
2023-05-04 19:00:00+02:00,0.13395915919280213,0.20770659104976033,0.0,0.661930924196636
2023-05-04 20:00:00+02:00,0.03777634626905639,0.17368857925620984,0.0,0.7193920561941682
2023-05-04 21:00:00+02:00,0.015575057774583827,0.1593904586434058,0.0,0.729881310199824
2023-05-04 22:00:00+02:00,0.0,0.16524405164596317,0.0,0.7156544467754709
2023-05-04 23:00:00+02:00,0.0,0.17272897384595454,0.0,0.627426641762886
2023-05-05 00:00:00+02:00,0.0,0.1567995240357165,0.0,0.5324862403377213
2023-05-05 01:00:00+02:00,0.0,0.14902672021264854,0.0,0.506241299112401
2023-05-05 02:00:00+02:00,0.0,0.1437488904562444,0.0,0.4496223612146808
2023-05-05 03:00:00+02:00,0.0,0.13803923826522532,0.0,0.40801514940268185
2023-05-05 04:00:00+02:00,0.0,0.12268555170114048,0.0,0.4238548605481952
2023-05-05 05:00:00+02:00,0.0,0.11596831382935337,0.0,0.4810699813601102
2023-05-05 06:00:00+02:00,0.018034277423202325,0.11332939895115128,0.0,0.5324869806280544
2023-05-05 07:00:00+02:00,0.050823872738115644,0.10997078001525772,0.0,0.6061503511866513
2023-05-05 08:00:00+02:00,0.15383785135246833,0.10306162106141954,0.0,0.5968864558462612
2023-05-05 09:00:00+02:00,0.2943549296082531,0.10594043729218544,0.0,0.6079526189453178
2023-05-05 10:00:00+02:00,0.42749434891818244,0.11428900436140658,0.0,0.5549597165111506
2023-05-05 11:00:00+02:00,0.5460150736502128,0.1128975765165364,0.0,0.518717543651409
2023-05-05 12:00:00+02:00,0.627784126966778,0.12311737413575537,0.0,0.5222900768885945
2023-05-05 13:00:00+02:00,0.6680196928844528,0.1444206142434231,0.0,0.5069362102708288
2023-05-05 14:00:00+02:00,0.6609835922231277,0.15037016778700596,0.0,0.49466483037804443
2023-05-05 15:00:00+02:00,0.6058560850999297,0.15732730701135691,0.0,0.5170939485843523
2023-05-05 16:00:00+02:00,0.5359732600850207,0.14101401503701677,0.0,0.5399641805789064
2023-05-05 17:00:00+02:00,0.43330083975519834,0.12484466387421492,0.0,0.5505288042751026
2023-05-05 18:00:00+02:00,0.28649908906405513,0.1143849649024321,0.0,0.6188423354781907
2023-05-05 19:00:00+02:00,0.12883578492484693,0.09308172479476438,0.0,0.6885823832866759
2023-05-05 20:00:00+02:00,0.03736647632761997,0.07537700497555405,0.0,0.6801440018686831
2023-05-05 21:00:00+02:00,0.013184149782871397,0.06726833925889673,0.0,0.6933921355977366
2023-05-05 22:00:00+02:00,0.0,0.07302597172042856,0.0,0.7243149908014507
2023-05-05 23:00:00+02:00,0.0,0.08262202582298159,0.0,0.6880429140265765
2023-05-06 00:00:00+02:00,0.0,0.08362961150374965,0.0,0.6289164226382452
2023-05-06 01:00:00+02:00,0.0,0.08084675581400927,0.0,0.5787937288706514
2023-05-06 02:00:00+02:00,0.0,0.08722813179220704,0.0,0.5324038247529498
2023-05-06 03:00:00+02:00,0.0,0.09322566560630269,0.0,0.49767997335459174
2023-05-06 04:00:00+02:00,0.0,0.08991502694092189,0.0,0.47899019541404303
2023-05-06 05:00:00+02:00,0.0,0.08746803314477086,0.0,0.45581427216401726
2023-05-06 06:00:00+02:00,0.01646310931436273,0.08698823043964321,0.0,0.4525208654553097
2023-05-06 07:00:00+02:00,0.05861140162540756,0.08262202582298159,0.0,0.4688293681787761
2023-05-06 08:00:00+02:00,0.1831435521651721,0.0714426227935073,0.0,0.5004744395582448
2023-05-06 09:00:00+02:00,0.3462034771999598,0.0579601667794203,0.0,0.5000075013333378
2023-05-06 10:00:00+02:00,0.5061893776739744,0.05124292890763318,0.0,0.4386832219339126
2023-05-06 11:00:00+02:00,0.61801556002921,0.049515639169173634,0.0,0.4235292776875811
2023-05-06 12:00:00+02:00,0.680862284382794,0.05100302755506935,0.0,0.414046926445296
2023-05-06 13:00:00+02:00,0.7027220145927361,0.05373790297429697,0.0,0.3936581784927234
2023-05-06 14:00:00+02:00,0.6803157911275454,0.052730317293528894,0.0,0.3927698955787282
2023-05-06 15:00:00+02:00,0.6471163258711956,0.04798027051276515,0.0,0.41496091128996737
2023-05-06 16:00:00+02:00,0.5423945558341912,0.04586913861020348,0.0,0.4408545677239972
2023-05-06 17:00:00+02:00,0.4087769549259194,0.0472125861845609,0.0,0.49579801141494395
2023-05-06 18:00:00+02:00,0.2504305342176505,0.05680864028711394,0.0,0.6028405145669244
2023-05-06 19:00:00+02:00,0.10991345596186569,0.05863189056659901,0.0,0.6507321824745793
2023-05-06 20:00:00+02:00,0.03162829714751014,0.06789208277556269,0.0,0.6727880206650125
2023-05-06 21:00:00+02:00,0.013115838125965328,0.07408153767170939,0.0,0.636823488498656
2023-05-06 22:00:00+02:00,0.0,0.09504891588578776,0.0,0.668656126562585
2023-05-06 23:00:00+02:00,0.0,0.11366526084474063,0.0,0.6160446578468097
2023-05-07 00:00:00+02:00,0.0,0.10493285161141738,0.0,0.6002017352735685
2023-05-07 01:00:00+02:00,0.0,0.10301364079090677,0.0,0.5543480889882385
2023-05-07 02:00:00+02:00,0.0,0.0883796582845134,0.0,0.5377030057918659
2023-05-07 03:00:00+02:00,0.0,0.08569276313579856,0.0,0.49942367410611693
2023-05-07 04:00:00+02:00,0.0,0.082334144199905,0.0,0.47722524498269353
2023-05-07 05:00:00+02:00,0.0,0.07892754499349867,0.0,0.45494131135275506
2023-05-07 06:00:00+02:00,0.014891941205523134,0.07216232685119878,0.0,0.4477184040504488
2023-05-07 07:00:00+02:00,0.0388693327795535,0.05800814704993306,0.0,0.4418038887825285
2023-05-07 08:00:00+02:00,0.1051999516353469,0.05800814704993306,0.0,0.4367911251782902
2023-05-07 09:00:00+02:00,0.191887444249149,0.06179858842044151,0.0,0.4392908977387637
2023-05-07 10:00:00+02:00,0.2901196068800768,0.0660688324960776,0.0,0.40316017632818224
2023-05-07 11:00:00+02:00,0.37735359274912744,0.06832390521017757,0.0,0.4042717349128774
2023-05-07 12:00:00+02:00,0.4257182458386246,0.06597287195505208,0.0,0.4110364754771428
2023-05-07 13:00:00+02:00,0.47695198851817666,0.07182646495760943,0.0,0.39697135430058916
2023-05-07 14:00:00+02:00,0.4884966585353024,0.08305384825759647,0.0,0.39024664721300445
2023-05-07 15:00:00+02:00,0.48282679101209863,0.0872761120627198,0.0,0.3993475647368976
2023-05-07 16:00:00+02:00,0.42564993418171854,0.09428123155758351,0.0,0.45515334439919425
2023-05-07 17:00:00+02:00,0.3470915287397387,0.1010464496998834,0.0,0.5117994648082569
2023-05-07 18:00:00+02:00,0.23553859301212735,0.0992711796909111,0.0,0.572744781626685
2023-05-07 19:00:00+02:00,0.11852072473203044,0.1053166937755195,0.0,0.6267576828015299
2023-05-07 20:00:00+02:00,0.03757141129833818,0.09404133020501969,0.0,0.6430528392812939
2023-05-07 21:00:00+02:00,0.013594019724307814,0.09562467913194093,0.0,0.6319041380914813
2023-05-07 22:00:00+02:00,0.0,0.0956726594024537,0.0,0.6514888720678763
2023-05-07 23:00:00+02:00,0.0,0.0948569948037367,0.0,0.6145652567993938
2023-05-08 00:00:00+02:00,0.0,0.09312970506527715,0.0,0.5205175852846496
2023-05-08 01:00:00+02:00,0.0,0.09111453370374102,0.0,0.46831152137088083
2023-05-08 02:00:00+02:00,0.0,0.08986704667040912,0.0,0.4292877332728243
2023-05-08 03:00:00+02:00,0.0,0.08636448692297727,0.0,0.4350613884548161
2023-05-08 04:00:00+02:00,0.0,0.08075079527298375,0.0,0.44311660530735525
2023-05-08 05:00:00+02:00,0.0,0.07624064984478382,0.0,0.4690305261189076
2023-05-08 06:00:00+02:00,0.015779992745302035,0.07609670903324553,0.0,0.5327735205687166
2023-05-08 07:00:00+02:00,0.05055062611049137,0.07955128851016462,0.0,0.5338550527322947
2023-05-08 08:00:00+02:00,0.15308642312650156,0.0799831109447795,0.0,0.5664985004002369
2023-05-08 09:00:00+02:00,0.2827419479342213,0.0850690196191326,0.0,0.5714226705762168
2023-05-08 10:00:00+02:00,0.3909476124734353,0.0852129604306709,0.0,0.5178060299441324
2023-05-08 11:00:00+02:00,0.4658171884424874,0.08909936234220488,0.0,0.473850040473563
2023-05-08 12:00:00+02:00,0.5214911888209339,0.0905867507281006,0.0,0.5110761355697893
2023-05-08 13:00:00+02:00,0.536246506712645,0.09255394181912396,0.0,0.4632590970623418
2023-05-08 14:00:00+02:00,0.5219010587623704,0.09231404046656014,0.0,0.4433907895610436
2023-05-08 15:00:00+02:00,0.5148649581010452,0.09629640291911964,0.0,0.4526658050197102
2023-05-08 16:00:00+02:00,0.4800943247358559,0.10128635105244722,0.0,0.4881973771003379
2023-05-08 17:00:00+02:00,0.3983252714192908,0.09931915996142386,0.0,0.5709149585842961
2023-05-08 18:00:00+02:00,0.2534362471215175,0.10488487134090461,0.0,0.653932793770572
2023-05-08 19:00:00+02:00,0.10861553448065038,0.09437719209860905,0.0,0.7282321357080754
2023-05-08 20:00:00+02:00,0.031355050519885866,0.08372557204477518,0.0,0.7526463910946893
2023-05-08 21:00:00+02:00,0.01291090315524712,0.08670034881656662,0.0,0.859229001915994
2023-05-08 22:00:00+02:00,0.0,0.0969201464357856,0.0,0.8082175299560408
2023-05-08 23:00:00+02:00,0.0,0.10661216107936415,0.0,0.6248570595710102
2023-05-09 00:00:00+02:00,0.0,0.1137132411152534,0.0,0.5054196144020803
2023-05-09 01:00:00+02:00,0.0,0.12407697954601067,0.0,0.46973915103899105
2023-05-09 02:00:00+02:00,0.0,0.1406781531434274,0.0,0.4364565205644145
2023-05-09 03:00:00+02:00,0.0,0.1427892850459891,0.0,0.4268696360067893
2023-05-09 04:00:00+02:00,0.0,0.13530436284599773,0.0,0.4322545665641892
2023-05-09 05:00:00+02:00,0.0,0.13247352688574457,0.0,0.47902788025931325
2023-05-09 06:00:00+02:00,0.01537012280386562,0.13981450827419764,0.0,0.5927950904988786
2023-05-09 07:00:00+02:00,0.03839115118121101,0.14240544288188695,0.0,0.6963945553693569
2023-05-09 08:00:00+02:00,0.0987103442292703,0.1442766734318848,0.0,0.6426931505210906
2023-05-09 09:00:00+02:00,0.17371654351213453,0.1547363724036676,0.0,0.6385316027699258
2023-05-09 10:00:00+02:00,0.2423697587027343,0.1672592230074993,0.0,0.5398530966476995
2023-05-09 11:00:00+02:00,0.2951063578342199,0.18026187631645865,0.0,0.5705962938575019
2023-05-09 12:00:00+02:00,0.31737595798559853,0.1818452252433799,0.0,0.6091131102539709
2023-05-09 13:00:00+02:00,0.3150533616507922,0.17627951386389915,0.0,0.5641245160893544
2023-05-09 14:00:00+02:00,0.30856375424471555,0.20986570322283477,0.0,0.5406047214602225
2023-05-09 15:00:00+02:00,0.2925788265286953,0.24824991963304688,0.0,0.5250214013282699
2023-05-09 16:00:00+02:00,0.26634715027676464,0.2814522668278804,0.0,0.5450761624513154
2023-05-09 17:00:00+02:00,0.24155001881986146,0.3007403355740119,0.0,0.6131823578707849
2023-05-09 18:00:00+02:00,0.17610745150384696,0.30318732937016296,0.0,0.7445060425080151
2023-05-09 19:00:00+02:00,0.10062307062264025,0.3047226980265714,0.0,0.8550319901905584
2023-05-09 20:00:00+02:00,0.037844657925962456,0.28912911010992276,0.0,0.7960036040076848
2023-05-09 21:00:00+02:00,0.013935578008838162,0.2965660520394014,0.0,0.7704446746935152
2023-05-09 22:00:00+02:00,0.0,0.3089449618316948,0.0,0.7443105671330063
2023-05-09 23:00:00+02:00,0.0,0.3452180463393452,0.0,0.591853305358516
2023-05-10 00:00:00+02:00,0.0,0.35183932367010684,0.0,0.5601570803840902
2023-05-10 01:00:00+02:00,0.0,0.3515034617765175,0.0,0.5424256452553343
2023-05-10 02:00:00+02:00,0.0,0.36498591779060446,0.0,0.5332958143730371
2023-05-10 03:00:00+02:00,0.0,0.3445943028226793,0.0,0.5474162911290041
2023-05-10 04:00:00+02:00,0.0,0.33667755818807305,0.0,0.538136333395548
2023-05-10 05:00:00+02:00,0.0,0.3177733316060436,0.0,0.5508426492330917
2023-05-10 06:00:00+02:00,0.017419472511047703,0.29882112475350137,0.0,0.5955256746482208
2023-05-10 07:00:00+02:00,0.0603191930480593,0.2632677443035424,0.0,0.659850025187856
2023-05-10 08:00:00+02:00,0.18020615091821113,0.24388371501638526,0.0,0.6650792688349587
2023-05-10 09:00:00+02:00,0.32919387463034855,0.2476741563868937,0.0,0.6602658098178059
2023-05-10 10:00:00+02:00,0.45714160801541653,0.25170449910996595,0.0,0.6397656104160732
2023-05-10 11:00:00+02:00,0.5275026146286681,0.2490176039612511,0.0,0.6032554311461302
2023-05-10 12:00:00+02:00,0.5647324676424759,0.24858578152663624,0.0,0.6370583795659968
2023-05-10 13:00:00+02:00,0.5941747917689918,0.26187631645867215,0.0,0.601529278622764
2023-05-10 14:00:00+02:00,0.5995714126645713,0.2943589595958142,0.0,0.5801532744999943
2023-05-10 15:00:00+02:00,0.5739545413247953,0.2954625058176078,0.0,0.5810058484277497
2023-05-10 16:00:00+02:00,0.5127472967369571,0.27675020031762937,0.0,0.6465104593751959
2023-05-10 17:00:00+02:00,0.4179990286082388,0.2671541462150763,0.0,0.5986437478534576
2023-05-10 18:00:00+02:00,0.27481779573311726,0.23975741175228743,0.0,0.6473283096190134
2023-05-10 19:00:00+02:00,0.1271279935021952,0.21178491404334537,0.0,0.8282191563706721
2023-05-10 20:00:00+02:00,0.039005956093365636,0.1949438390933648,0.0,0.8390117530003891
2023-05-10 21:00:00+02:00,0.01400388966574423,0.18002197496389483,0.0,0.7742015579330064
2023-05-10 22:00:00+02:00,0.0,0.16390060407160575,0.0,0.7265093171184214
2023-05-10 23:00:00+02:00,0.0,0.16639557813826952,0.0,0.698395014652396
2023-05-11 00:00:00+02:00,0.0,0.17128956573057158,0.0,0.6404794226229149
2023-05-11 01:00:00+02:00,0.0,0.1573752872818697,0.0,0.6095502670697295
2023-05-11 02:00:00+02:00,0.0,0.1310820990408744,0.0,0.6066240850393939
2023-05-11 03:00:00+02:00,0.0,0.11827136681396609,0.0,0.5970968805516231
2023-05-11 04:00:00+02:00,0.0,0.10387728566013654,0.0,0.5687028337727711
2023-05-11 05:00:00+02:00,0.0,0.09528881723835159,0.0,0.568072917731367
2023-05-11 06:00:00+02:00,0.017419472511047703,0.09101857316271549,0.0,0.6648111399187728
2023-05-11 07:00:00+02:00,0.05594724700607085,0.08449325637297943,0.0,0.8187385359754487
2023-05-11 08:00:00+02:00,0.16019083544473278,0.07595276822170723,0.0,0.8370315580948724
2023-05-11 09:00:00+02:00,0.2943549296082531,0.07763207768965401,0.0,0.8182791336687103
2023-05-11 10:00:00+02:00,0.4268795440060278,0.07350577442555621,0.0,0.7217948313574705
2023-05-11 11:00:00+02:00,0.5104930120590567,0.07825582120631995,0.0,0.6988390948564012
2023-05-11 12:00:00+02:00,0.5623415596507635,0.08223818365887946,0.0,0.6534832760134128
2023-05-11 13:00:00+02:00,0.5732714247557346,0.08655640800502833,0.0,0.6030585976964395
2023-05-11 14:00:00+02:00,0.5477911767297706,0.095816600213992,0.0,0.5751326022052075
2023-05-11 15:00:00+02:00,0.5208763839087793,0.10411718701270037,0.0,0.5814888490457227
2023-05-11 16:00:00+02:00,0.46588550009939345,0.10742782567808117,0.0,0.6006528561173783
2023-05-11 17:00:00+02:00,0.38971800264912604,0.1138571819267917,0.0,0.657948661667003
2023-05-11 18:00:00+02:00,0.2631365024021794,0.11807944573191503,0.0,0.738963443926861
2023-05-11 19:00:00+02:00,0.1304752646905926,0.12364515711139579,0.0,0.8206401445082703
2023-05-11 20:00:00+02:00,0.04126024077126593,0.12887500659728718,0.0,0.7929615182773373
2023-05-11 21:00:00+02:00,0.014687006234804924,0.1280113617280574,0.0,0.7669952083021304
2023-05-11 22:00:00+02:00,0.0,0.12503658495626596,0.0,0.7029766715239514
2023-05-11 23:00:00+02:00,0.0,0.1271956971293404,0.0,0.6456594885340912
2023-05-12 00:00:00+02:00,0.0,0.12345323602934473,0.0,0.5998927048299579
2023-05-12 01:00:00+02:00,0.0,0.1262360917190851,0.0,0.5456929772609858
2023-05-12 02:00:00+02:00,0.0,0.1342008166242041,0.0,0.5306811286692802
2023-05-12 03:00:00+02:00,0.0,0.13348111256651263,0.0,0.5346234802282168
2023-05-12 04:00:00+02:00,0.0,0.1321376649921552,0.0,0.534378704611297
2023-05-12 05:00:00+02:00,0.0,0.13357707310753816,0.0,0.5560605224955225
2023-05-12 06:00:00+02:00,0.01776103079557805,0.13362505337805095,0.0,0.5964670870162034
2023-05-12 07:00:00+02:00,0.05663036357513155,0.13002653308959355,0.0,0.7218116340408696
2023-05-12 08:00:00+02:00,0.159439407218766,0.1284431841626723,0.0,0.7989269421282457
2023-05-12 09:00:00+02:00,0.29879518730714766,0.13189776363959138,0.0,0.7010199524236852
2023-05-12 10:00:00+02:00,0.4168377304408356,0.1437488904562444,0.0,0.608499624123586
2023-05-12 11:00:00+02:00,0.4717603025933154,0.16524405164596317,0.0,0.5850007116563253
2023-05-12 12:00:00+02:00,0.4787280915977345,0.1741683819613375,0.0,0.5677737770917622
2023-05-12 13:00:00+02:00,0.4704623811121001,0.1735926187151843,0.0,0.5507498538203768
2023-05-12 14:00:00+02:00,0.4475779760485668,0.1722011908703141,0.0,0.5396699769596645
2023-05-12 15:00:00+02:00,0.43726291585575033,0.16673144003185889,0.0,0.5517007832199853
2023-05-12 16:00:00+02:00,0.3594559386397373,0.17949419198825442,0.0,0.5648782392668924
2023-05-12 17:00:00+02:00,0.2915541516751043,0.18894630527926914,0.0,0.5732940076759524
2023-05-12 18:00:00+02:00,0.19291211910274003,0.19249684529721378,0.0,0.6516717414895159
2023-05-12 19:00:00+02:00,0.10069138227954633,0.18424423876901816,0.0,0.7584427817915984
2023-05-12 20:00:00+02:00,0.03442907508065899,0.18016591577543312,0.0,0.7687457046814912
2023-05-12 21:00:00+02:00,0.014277136293368508,0.19345645070746909,0.0,0.7101940187671194
2023-05-12 22:00:00+02:00,0.0,0.20487575508950717,0.0,0.7232281435907032
2023-05-12 23:00:00+02:00,0.0,0.21336826297026662,0.0,0.7710229418615978
2023-05-13 00:00:00+02:00,0.0,0.2110652099856539,0.0,0.7408860623819646
2023-05-13 01:00:00+02:00,0.0,0.20545151833566036,0.0,0.5983688233094362
2023-05-13 02:00:00+02:00,0.0,0.2231562381548707,0.0,0.5662267872839434
2023-05-13 03:00:00+02:00,0.0,0.23131288414204076,0.0,0.5336442552545528
2023-05-13 04:00:00+02:00,0.0,0.22857800872281317,0.0,0.5135913474845535
2023-05-13 05:00:00+02:00,0.0,0.21773446758692824,0.0,0.5266839168092943
2023-05-13 06:00:00+02:00,0.01769271913867198,0.21034550592796242,0.0,0.5546842966887648
2023-05-13 07:00:00+02:00,0.05663036357513155,0.1998858069561796,0.0,0.5863262791464902
2023-05-13 08:00:00+02:00,0.16046408207235707,0.1752719281831311,0.0,0.6267180168428026
2023-05-13 09:00:00+02:00,0.29749726582593233,0.15766316890494628,0.0,0.5843418822565172
2023-05-13 10:00:00+02:00,0.4340522679811651,0.15315302347674636,0.0,0.5728202738232098
2023-05-13 11:00:00+02:00,0.5228574219590554,0.17364059898569706,0.0,0.5282338730328722
2023-05-13 12:00:00+02:00,0.5341971570054629,0.1974388131600286,0.0,0.5304919588981692
2023-05-13 13:00:00+02:00,0.5331724821518719,0.2325123909048599,0.0,0.49941959462764496
2023-05-13 14:00:00+02:00,0.5234039152143038,0.2642273497137977,0.0,0.48265403822885056
2023-05-13 15:00:00+02:00,0.4938932794308819,0.29311147256248227,0.0,0.4817141064415341
2023-05-13 16:00:00+02:00,0.4284507121148674,0.31556623916245635,0.0,0.49203432729319035
2023-05-13 17:00:00+02:00,0.3350686771242705,0.31441471267015003,0.0,0.5385977115613167
2023-05-13 18:00:00+02:00,0.2305518420579843,0.2955584663586333,0.0,0.5915303161412809
2023-05-13 19:00:00+02:00,0.12200461923423998,0.2519444004625298,0.0,0.6461145663503886
2023-05-13 20:00:00+02:00,0.04180673402651448,0.2353912071356258,0.0,0.6925475928665142
2023-05-13 21:00:00+02:00,0.01516518783314741,0.2324164303638344,0.0,0.7545169879040919
2023-05-13 22:00:00+02:00,0.0,0.2579899145471382,0.0,0.815545955875989
2023-05-13 23:00:00+02:00,0.0,0.2593813423920084,0.0,0.7783351828824956
2023-05-14 00:00:00+02:00,0.0,0.24057307635100444,0.0,0.7059008776952564
2023-05-14 01:00:00+02:00,0.0,0.22118904706384734,0.0,0.6299081258048674
2023-05-14 02:00:00+02:00,0.0,0.21605515811898146,0.0,0.5740439016414138
2023-05-14 03:00:00+02:00,0.0,0.20818639375488798,0.0,0.5894573258230494
2023-05-14 04:00:00+02:00,0.0,0.18597152850747772,0.0,0.5871191730043912
2023-05-14 05:00:00+02:00,0.0,0.1634208013664781,0.0,0.5849532647674603
2023-05-14 06:00:00+02:00,0.018170900737014464,0.14226150207034866,0.0,0.5783516245256765
2023-05-14 07:00:00+02:00,0.05779166174253473,0.1305063357947212,0.0,0.5958264236289029
2023-05-14 08:00:00+02:00,0.16497265142815765,0.11524860977166189,0.0,0.6132421604466236
2023-05-14 09:00:00+02:00,0.3130723236005161,0.10344546322552166,0.0,0.5828428346159275
2023-05-14 10:00:00+02:00,0.4545457650529859,0.09437719209860905,0.0,0.5498524266471356
2023-05-14 11:00:00+02:00,0.5663719474082215,0.09610448183706859,0.0,0.5236050142844205
2023-05-14 12:00:00+02:00,0.6292186717618055,0.09644034373065795,0.0,0.49521998925883004
2023-05-14 13:00:00+02:00,0.6546989197877693,0.09999088374860257,0.0,0.48172263291643136
2023-05-14 14:00:00+02:00,0.6502586620888748,0.11448092544345764,0.0,0.48485676851473414
2023-05-14 15:00:00+02:00,0.6092716679452331,0.13631194852676579,0.0,0.48396416111029816
2023-05-14 16:00:00+02:00,0.5521631227717592,0.15137775346777405,0.0,0.4931869099112947
2023-05-14 17:00:00+02:00,0.4494223907850307,0.15924651783186752,0.0,0.5231071868420789
2023-05-14 18:00:00+02:00,0.302074146838639,0.17392848060877367,0.0,0.6198965626244419
2023-05-14 19:00:00+02:00,0.15151525501766197,0.18990591068952445,0.0,0.7577267434593307
2023-05-14 20:00:00+02:00,0.04693010829446969,0.17651941521646297,0.0,0.7883256188890813
2023-05-14 21:00:00+02:00,0.015438434460771689,0.1792542906356906,0.0,0.7456549131656006
2023-05-14 22:00:00+02:00,0.0,0.18712305499978407,0.0,0.7540102612144732
2023-05-14 23:00:00+02:00,0.0,0.1873629563523479,0.0,0.7197009588773677
2023-05-15 00:00:00+02:00,0.0,0.17642345467543744,0.0,0.6223776738940435
2023-05-15 01:00:00+02:00,0.0,0.16500415029339935,0.0,0.5576146807035569
2023-05-15 02:00:00+02:00,0.0,0.15828691242161222,0.0,0.5345636776523781
2023-05-15 03:00:00+02:00,0.0,0.15425656969853996,0.0,0.5143595299685068
2023-05-15 04:00:00+02:00,0.0,0.13784731718317428,0.0,0.4926156833830165
2023-05-15 05:00:00+02:00,0.0,0.12863510524472335,0.0,0.49230504985275536
2023-05-15 06:00:00+02:00,0.019468822218229785,0.1232133346767809,0.0,0.5572358406285441
2023-05-15 07:00:00+02:00,0.06086568630330785,0.11491274787807253,0.0,0.6797587389382146
2023-05-15 08:00:00+02:00,0.1659290146248426,0.10881925352295135,0.0,0.8179980312812021
2023-05-15 09:00:00+02:00,0.2995466155331144,0.10939501676910454,0.0,0.8168340835328524
2023-05-15 10:00:00+02:00,0.41984344334470264,0.11961481438832351,0.0,0.7519346772528626
2023-05-15 11:00:00+02:00,0.5436241656585005,0.14341302856265503,0.0,0.6185952112298604
2023-05-15 12:00:00+02:00,0.6124823158198184,0.17464818466646514,0.0,0.5913575762811892
2023-05-15 13:00:00+02:00,0.6382358104734066,0.20885811754206668,0.0,0.580242608218586
2023-05-15 14:00:00+02:00,0.6249833490336291,0.2642753299843104,0.0,0.5656182486827748
2023-05-15 15:00:00+02:00,0.5701974001949615,0.3188288975573244,0.0,0.5358043584203767
2023-05-15 16:00:00+02:00,0.46759329152204515,0.3502559747431856,0.0,0.549718117177074
2023-05-15 17:00:00+02:00,0.3651941178198471,0.37112739241623843,0.0,0.5615724768712109
2023-05-15 18:00:00+02:00,0.245033913322071,0.392046790359804,0.0,0.5972714737647609
2023-05-15 19:00:00+02:00,0.11790591981987582,0.3956453106482614,0.0,0.7019820019415701
2023-05-15 20:00:00+02:00,0.0397573843193324,0.3898396979162168,0.0,0.6913777122866465
2023-05-15 21:00:00+02:00,0.015096876176241341,0.3962210738944146,0.0,0.6495761381623516
2023-05-15 22:00:00+02:00,0.0,0.3705036488995725,0.0,0.6606006594436504
2023-05-15 23:00:00+02:00,0.0,0.3440185395765261,0.0,0.6569632588498523
2023-05-16 00:00:00+02:00,0.0,0.3390285914431985,0.0,0.6130694205865319
2023-05-16 01:00:00+02:00,0.0,0.33691745954063684,0.0,0.5937712265507991
2023-05-16 02:00:00+02:00,0.0,0.3372533214342262,0.0,0.5587489748031693
2023-05-16 03:00:00+02:00,0.0,0.3321194324893604,0.0,0.5083446833697028
2023-05-16 04:00:00+02:00,0.0,0.3298643597752604,0.0,0.5023994013903323
2023-05-16 05:00:00+02:00,0.0,0.33562199223679223,0.0,0.5112396034102239
2023-05-16 06:00:00+02:00,0.019468822218229785,0.3411397233457602,0.0,0.6022189972400067
2023-05-16 07:00:00+02:00,0.06462282743314167,0.3189728383688627,0.0,0.7069436119508514
2023-05-16 08:00:00+02:00,0.18396329204804496,0.2996847696227311,0.0,0.7117842534793468
2023-05-16 09:00:00+02:00,0.3304234844546578,0.3503039550136983,0.0,0.6551565440947604
2023-05-16 10:00:00+02:00,0.47838653331320413,0.3836502430200701,0.0,0.5935831645879744
2023-05-16 11:00:00+02:00,0.6023721905977202,0.3733824651303384,0.0,0.5824934031776831
2023-05-16 12:00:00+02:00,0.6863272169352794,0.37232689917905754,0.0,0.5384809450649872
2023-05-16 13:00:00+02:00,0.7256747313131754,0.38115526895340635,0.0,0.48381489705545677
2023-05-16 14:00:00+02:00,0.7254697963424572,0.39132708630211255,0.0,0.448426533692168
2023-05-16 15:00:00+02:00,0.6872835801319644,0.4068247136777357,0.0,0.4405454147744023
2023-05-16 16:00:00+02:00,0.6053779035015872,0.4152212610174696,0.0,0.4743103055766188
2023-05-16 17:00:00+02:00,0.4655439418148631,0.3926225536059572,0.0,0.599152205390138
2023-05-16 18:00:00+02:00,0.3205866058601838,0.37717290650084684,0.0,0.6331141746540141
2023-05-16 19:00:00+02:00,0.1597126538463903,0.3654177402252194,0.0,0.7175430818369699
2023-05-16 20:00:00+02:00,0.04993582119833675,0.3320234719483348,0.0,0.749983640717719
2023-05-16 21:00:00+02:00,0.016258174343644523,0.3118237780624607,0.0,0.7695136368990492
2023-05-16 22:00:00+02:00,0.0,0.3018918620663183,0.0,0.741705643472844
2023-05-16 23:00:00+02:00,0.0,0.30913688291374586,0.0,0.6536549028107916
2023-05-17 00:00:00+02:00,0.0,0.31767737106501803,0.0,0.5991205706279437
2023-05-17 01:00:00+02:00,0.0,0.299300927458629,0.0,0.5241088970642647
2023-05-17 02:00:00+02:00,0.0,0.28610635306761856,0.0,0.5007686379230601
2023-05-17 03:00:00+02:00,0.0,0.27732596356378253,0.0,0.4855967779306165
2023-05-17 04:00:00+02:00,0.0,0.2649950340420019,0.0,0.47521020388725466
2023-05-17 05:00:00+02:00,0.0,0.2599091253676488,0.0,0.5251464440331012
2023-05-17 06:00:00+02:00,0.02226960015137863,0.2544393745291936,0.0,0.6022853504317123
2023-05-17 07:00:00+02:00,0.08258879319943793,0.2448913006971533,0.0,0.6859906833642317
2023-05-17 08:00:00+02:00,0.2405936556231765,0.20382018913822636,0.0,0.7174665990837165
2023-05-17 09:00:00+02:00,0.4534527785424888,0.1989262015459243,0.0,0.7340592931164347
2023-05-17 10:00:00+02:00,0.6378259405319702,0.21950973759590056,0.0,0.6358317853320338
2023-05-17 11:00:00+02:00,0.7283388859325122,0.26777788973174227,0.0,0.5397745102750046
2023-05-17 12:00:00+02:00,0.7564149769209066,0.3099045672419501,0.0,0.491004566508918
2023-05-17 13:00:00+02:00,0.7404300492048864,0.3301042611278242,0.0,0.4471453241691245
2023-05-17 14:00:00+02:00,0.7012191581408026,0.3522711461047217,0.0,0.44744916207155006
2023-05-17 15:00:00+02:00,0.6283306202220265,0.36503389806111725,0.0,0.4556981234520365
2023-05-17 16:00:00+02:00,0.5351535202021478,0.37112739241623843,0.0,0.46933695766471234
2023-05-17 17:00:00+02:00,0.3923138456115567,0.3765491629841809,0.0,0.5230538071216959
2023-05-17 18:00:00+02:00,0.2555539084856057,0.37794059082905107,0.0,0.6047631277676017
2023-05-17 19:00:00+02:00,0.13614513221379634,0.35966010776368756,0.0,0.6846399092217548
2023-05-17 20:00:00+02:00,0.04809140646187287,0.3228592402803967,0.0,0.7308403933019499
2023-05-17 21:00:00+02:00,0.016189862686738454,0.3106722515701543,0.0,0.6899633063562542
2023-05-17 22:00:00+02:00,0.0,0.3288567740944923,0.0,0.6967045711152693
2023-05-17 23:00:00+02:00,0.0,0.3451700660688325,0.0,0.6867699859664614
2023-05-18 00:00:00+02:00,0.0,0.3311598270791051,0.0,0.6508065668628179
2023-05-18 01:00:00+02:00,0.0,0.3078414156099012,0.0,0.5606693671328472
2023-05-18 02:00:00+02:00,0.0,0.2896568930855632,0.0,0.5025364322641843
2023-05-18 03:00:00+02:00,0.0,0.2775178846458336,0.0,0.47543162620490864
2023-05-18 04:00:00+02:00,0.0,0.26053286888431476,0.0,0.4576276600409603
2023-05-18 05:00:00+02:00,0.0,0.24834588017407241,0.0,0.4530424189692971
2023-05-18 06:00:00+02:00,0.020698432042539034,0.23395179902024285,0.0,0.49628212509562986
2023-05-18 07:00:00+02:00,0.06892646181822404,0.1953756615279797,0.0,0.5717268812510221
2023-05-18 08:00:00+02:00,0.182050565654675,0.13568820501009984,0.0,0.5617413875192261
2023-05-18 09:00:00+02:00,0.32673465498173004,0.10517275296398121,0.0,0.5072310264199927
2023-05-18 10:00:00+02:00,0.4676616031789512,0.11942289330627245,0.0,0.43501950162508946
2023-05-18 11:00:00+02:00,0.5763454493165077,0.16706730192544825,0.0,0.41804413830528186
2023-05-18 12:00:00+02:00,0.6357765908247881,0.1930246282728542,0.0,0.4233723552085865
2023-05-18 13:00:00+02:00,0.6319511380380481,0.20377220886771358,0.0,0.39988209172220746
2023-05-18 14:00:00+02:00,0.5810589536430265,0.21236067728949853,0.0,0.3948348547004268
2023-05-18 15:00:00+02:00,0.5223792403607128,0.22944165359204294,0.0,0.38245523478621024
2023-05-18 16:00:00+02:00,0.4476462877054729,0.25261612424970853,0.0,0.47802654280950746
2023-05-18 17:00:00+02:00,0.35057542324194824,0.26393946809072105,0.0,0.48912989547547003
2023-05-18 18:00:00+02:00,0.23622170958118804,0.26288390213944024,0.0,0.5718185636010241
2023-05-18 19:00:00+02:00,0.12350747568617351,0.2538636112830404,0.0,0.6392204585908511
2023-05-18 20:00:00+02:00,0.045154005214911884,0.23208056847024502,0.0,0.6924120478277551
2023-05-18 21:00:00+02:00,0.016053239372926312,0.23985337229331297,0.0,0.69407963334398
2023-05-18 22:00:00+02:00,0.0,0.26600261972276995,0.0,0.7119050994541483
2023-05-18 23:00:00+02:00,0.0,0.28217197088557183,0.0,0.6844927487863549
2023-05-19 00:00:00+02:00,0.0,0.289704873356076,0.0,0.5822305893086667
2023-05-19 01:00:00+02:00,0.0,0.28006083898301015,0.0,0.5208633100168018
2023-05-19 02:00:00+02:00,0.0,0.2681617318958444,0.0,0.4753726864253874
2023-05-19 03:00:00+02:00,0.0,0.2539595718240659,0.0,0.46251933265842826
2023-05-19 04:00:00+02:00,0.0,0.2374543587676747,0.0,0.44465877534636905
2023-05-19 05:00:00+02:00,0.0,0.22829012709973656,0.0,0.4527367277138254
2023-05-19 06:00:00+02:00,0.021244925297787588,0.21979761921897714,0.0,0.49195920261461873
2023-05-19 07:00:00+02:00,0.07063425324087577,0.20477979454848164,0.0,0.6292145779755481
2023-05-19 08:00:00+02:00,0.19625939029113743,0.13991046881522318,0.0,0.690596066307433
2023-05-19 09:00:00+02:00,0.36601385770271994,0.10690004270244075,0.0,0.6371709440778699
2023-05-19 10:00:00+02:00,0.524565213381707,0.12422092035754896,0.0,0.5359206296383419
2023-05-19 11:00:00+02:00,0.6418563282894283,0.18093360010363738,0.0,0.4845388440782731
2023-05-19 12:00:00+02:00,0.6849609837971581,0.2120248153959092,0.0,0.47565243073821395
2023-05-19 13:00:00+02:00,0.6604370989678792,0.21677486217667294,0.0,0.44607960938664365
2023-05-19 14:00:00+02:00,0.6040799820203718,0.2237320014010239,0.0,0.4743407047701158
2023-05-19 15:00:00+02:00,0.5124057384524268,0.24556302448433204,0.0,0.4238645000858055
2023-05-19 16:00:00+02:00,0.4141735758214989,0.2743032065214783,0.0,0.42352075121268373
2023-05-19 17:00:00+02:00,0.3076073910480306,0.2973337363676056,0.0,0.4585405318229187
2023-05-19 18:00:00+02:00,0.20800899527898137,0.29934890772914174,0.0,0.549075845448696
2023-05-19 19:00:00+02:00,0.10977683264805356,0.2841391619765952,0.0,0.649421441808783
2023-05-19 20:00:00+02:00,0.04119192911435986,0.2682097121663572,0.0,0.6580198346275138
2023-05-19 21:00:00+02:00,0.016326486000550592,0.29407107797273757,0.0,0.6483154432832261
2023-05-19 22:00:00+02:00,0.0,0.32458653001885623,0.0,0.6587063418170287
2023-05-19 23:00:00+02:00,0.0,0.3308239651855157,0.0,0.688040938167546
2023-05-20 00:00:00+02:00,0.0,0.3275133265201349,0.0,0.5878627666203813
2023-05-20 01:00:00+02:00,0.0,0.3278012081432115,0.0,0.5542073514082945
2023-05-20 02:00:00+02:00,0.0,0.32756130679064765,0.0,0.5557722569622254
2023-05-20 03:00:00+02:00,0.0,0.31950062134450313,0.0,0.523841636198823
2023-05-20 04:00:00+02:00,0.0,0.30433885586246934,0.0,0.4872748657807692
2023-05-20 05:00:00+02:00,0.0,0.2906164984958185,0.0,0.4548976936759667
2023-05-20 06:00:00+02:00,0.02028856210110262,0.28183610899198247,0.0,0.4562730566864069
2023-05-20 07:00:00+02:00,0.06380308755026884,0.2634596653855934,0.0,0.4481717510196846
2023-05-20 08:00:00+02:00,0.1543160329508108,0.22502746870486853,0.0,0.43825199269524534
2023-05-20 09:00:00+02:00,0.28424480438615485,0.19105743718183082,0.0,0.4229049217053153
2023-05-20 10:00:00+02:00,0.4072740984739859,0.19883024100489877,0.0,0.3895958490097293
2023-05-20 11:00:00+02:00,0.5199200207120943,0.24892164342022557,0.0,0.40046839008682317
2023-05-20 12:00:00+02:00,0.5589942884623661,0.30337925045221403,0.0,0.38468700093648234
2023-05-20 13:00:00+02:00,0.5399353361855727,0.3028994477470864,0.0,0.3790848500458849
2023-05-20 14:00:00+02:00,0.477293546802707,0.24681051151766392,0.0,0.3796741148262596
2023-05-20 15:00:00+02:00,0.4340522679811651,0.2864901952317207,0.0,0.3882005943941466
2023-05-20 16:00:00+02:00,0.3321312758773095,0.3007883158445247,0.0,0.40269138475022914
2023-05-20 17:00:00+02:00,0.26279494411764903,0.31350308753040745,0.0,0.4205715886554621
2023-05-20 18:00:00+02:00,0.18642251169666343,0.3170056472778393,0.0,0.4893822070105587
2023-05-20 19:00:00+02:00,0.10041813565192205,0.29287157120991847,0.0,0.5994351611306924
2023-05-20 20:00:00+02:00,0.03873270946574136,0.2581338553586765,0.0,0.6165945069348526
2023-05-20 22:00:00+02:00,0.0,0.27377542354583795,0.0,0.6162093665103684
2023-05-20 23:00:00+02:00,0.0,0.29632615068683754,0.0,0.5754374306643615
2023-05-21 00:00:00+02:00,0.0,0.2926316698573546,0.0,0.5604631444119417
2023-05-21 01:00:00+02:00,0.0,0.27703808194070595,0.0,0.5232245711227571
2023-05-21 02:00:00+02:00,0.0,0.26782587000225505,0.0,0.47289775299927267
2023-05-21 03:00:00+02:00,0.0,0.2546792758817574,0.0,0.4585835317153584
2023-05-21 04:00:00+02:00,0.0,0.23433564118434497,0.0,0.4358830731651369
2023-05-21 05:00:00+02:00,0.0,0.22560323195102172,0.0,0.4830743976156368
2023-05-21 06:00:00+02:00,0.01878570564916909,0.2274264822305068,0.0,0.45757885507741364
2023-05-21 07:00:00+02:00,0.05171192427789455,0.21634303974205804,0.0,0.4341071251214953
2023-05-21 08:00:00+02:00,0.11988695787015183,0.1674031638190376,0.0,0.4303172490451279
2023-05-21 09:00:00+02:00,0.21258587629168804,0.15732730701135691,0.0,0.4590286024760923
2023-05-21 10:00:00+02:00,0.31293570028670403,0.18141340280876503,0.0,0.38599712381792994
2023-05-21 11:00:00+02:00,0.38787358791266213,0.16869863112288225,0.0,0.353495154020265
2023-05-21 12:00:00+02:00,0.45311122025795847,0.15416060915751442,0.0,0.35825140410495826
2023-05-21 13:00:00+02:00,0.4697109528861333,0.1400064293562487,0.0,0.32805793347721424
2023-05-21 14:00:00+02:00,0.45317953191486454,0.12647599307164892,0.0,0.3219034623611792
2023-05-21 15:00:00+02:00,0.3851411216364194,0.12038249871652776,0.0,0.32621130775142626
2023-05-21 16:00:00+02:00,0.33650322191929793,0.1351604220344594,0.0,0.3657142672553792
2023-05-21 17:00:00+02:00,0.2856793491811823,0.18160532389081607,0.0,0.4078929506076252
2023-05-21 18:00:00+02:00,0.1961227669773253,0.20007772803823068,0.0,0.5026726003417188
2023-05-21 19:00:00+02:00,0.1060880031751258,0.20530757752412207,0.0,0.6903356010698269
2023-05-21 20:00:00+02:00,0.04009894260386275,0.20501969590104546,0.0,0.7429915502587081
2023-05-21 21:00:00+02:00,0.014960252862429203,0.20602728158181355,0.0,0.7278530506210938
2023-05-21 22:00:00+02:00,0.0,0.20641112374591566,0.0,0.6862433676717001
2023-05-21 23:00:00+02:00,0.0,0.1957595036920818,0.0,0.6515476893414132
2023-05-22 00:00:00+02:00,0.0,0.17906236955363952,0.0,0.5650053855911653
2023-05-22 01:00:00+02:00,0.0,0.16500415029339935,0.0,0.5683393210549178
2023-05-22 02:00:00+02:00,0.0,0.1459080026293188,0.0,0.5529449256821072
2023-05-22 03:00:00+02:00,0.0,0.13362505337805095,0.0,0.5030530435033821
2023-05-22 04:00:00+02:00,0.0,0.12983461200754248,0.0,0.48170175075456023
2023-05-22 05:00:00+02:00,0.0,0.11985471574088734,0.0,0.5056693322937896
2023-05-22 06:00:00+02:00,0.021586483582317937,0.10905915487551518,0.0,0.6030792348463418
2023-05-22 07:00:00+02:00,0.06708204708176017,0.09754388995245154,0.0,0.7101025866835129
2023-05-22 08:00:00+02:00,0.16497265142815765,0.08012705175631779,0.0,0.7828345519296906
2023-05-22 09:00:00+02:00,0.29469648789278347,0.07216232685119878,0.0,0.7316914866490392
2023-05-22 10:00:00+02:00,0.4232590261900061,0.07537700497555405,0.0,0.5991640657987476
2023-05-22 11:00:00+02:00,0.5007244451214888,0.0820462625768284,0.0,0.5330405364221894
2023-05-22 12:00:00+02:00,0.5401402711562909,0.08780389503836022,0.0,0.5030783726616785
2023-05-22 13:00:00+02:00,0.5641176627303213,0.09682418589476006,0.0,0.4902846989645737
2023-05-22 14:00:00+02:00,0.5508652012905438,0.10498083188193014,0.0,0.45985263056339676
2023-05-22 15:00:00+02:00,0.54328260737397,0.1179834851908895,0.0,0.44894685163745796
2023-05-22 16:00:00+02:00,0.4787280915977345,0.1336730336485637,0.0,0.4589275256004489
2023-05-22 17:00:00+02:00,0.39723228490879364,0.15732730701135691,0.0,0.4834524921458898
2023-05-22 18:00:00+02:00,0.2733149392811837,0.18525182444978625,0.0,0.5851592424763971
2023-05-22 19:00:00+02:00,0.14570876418064607,0.20477979454848164,0.0,0.680578075017125
2023-05-22 20:00:00+02:00,0.04761322486353038,0.20310048508053488,0.0,0.7448919232228323
2023-05-22 21:00:00+02:00,0.01646310931436273,0.22248451436769198,0.0,0.7103330255000018
2023-05-22 22:00:00+02:00,0.0,0.2364947533574194,0.0,0.6883776411464366
2023-05-22 23:00:00+02:00,0.0,0.2395175103997236,0.0,0.67821916254258
2023-05-23 00:00:00+02:00,0.0,0.23860588525998108,0.0,0.5868625369788618
2023-05-23 01:00:00+02:00,0.0,0.22210067220358987,0.0,0.5536247597497709
2023-05-23 02:00:00+02:00,0.0,0.20122925453053703,0.0,0.5047909339293736
2023-05-23 03:00:00+02:00,0.0,0.1954716220690052,0.0,0.49844395385408863
2023-05-23 04:00:00+02:00,0.0,0.20684294618053056,0.0,0.44494123580855915
2023-05-23 05:00:00+02:00,0.0,0.2168228424471857,0.0,0.47591833352897384
2023-05-23 06:00:00+02:00,0.021723106896130075,0.2252193897869196,0.0,0.5523109301622312
2023-05-23 07:00:00+02:00,0.07159061643756075,0.24882568287920007,0.0,0.6014745408276991
2023-05-23 08:00:00+02:00,0.17433134842428916,0.24743425503432986,0.0,0.6100568712533638
2023-05-23 09:00:00+02:00,0.2852011675828398,0.2631238034920041,0.0,0.5765848207412809
2023-05-23 10:00:00+02:00,0.3911525474441535,0.2633157245740551,0.0,0.569186334923535
2023-05-23 11:00:00+02:00,0.48350990758115936,0.26696222513302525,0.0,0.5043718153657114
2023-05-23 12:00:00+02:00,0.5542807841358472,0.27828556897403783,0.0,0.46540597649044757
2023-05-23 13:00:00+02:00,0.5728615548142981,0.29426299905478864,0.0,0.4414807770593091
2023-05-23 14:00:00+02:00,0.5733397364126406,0.2977175785317077,0.0,0.43032651581035825
2023-05-23 15:00:00+02:00,0.5386374147043573,0.31335914671886916,0.0,0.42874505258499696
2023-05-23 16:00:00+02:00,0.48323666095353507,0.3266976619214179,0.0,0.4335363938715814
2023-05-23 17:00:00+02:00,0.3815889154773038,0.34353873687139846,0.0,0.4885370464949876
2023-05-23 18:00:00+02:00,0.23690482615024874,0.3719910372854682,0.0,0.638207255478009
2023-05-23 19:00:00+02:00,0.1282209800126923,0.3911351652200615,0.0,0.6782596912976249
2023-05-23 20:00:00+02:00,0.051233742679552066,0.37822847245212765,0.0,0.6871860156083802
2023-05-23 21:00:00+02:00,0.01755609582485984,0.35567774531112806,0.0,0.7399494645283605
2023-05-23 22:00:00+02:00,0.0,0.32880879382397954,0.0,0.7995352357174456
2023-05-23 23:00:00+02:00,0.0,0.3190687989098882,0.0,0.7632174429007681
2023-05-24 00:00:00+02:00,0.0,0.31331116644835644,0.0,0.6193252135901792
2023-05-24 01:00:00+02:00,0.0,0.3013640790906779,0.0,0.5361568787803644
2023-05-24 02:00:00+02:00,0.0,0.3059222047893906,0.0,0.4902430571468158
2023-05-24 03:00:00+02:00,0.0,0.31451067321117554,0.0,0.4875044418009406
2023-05-24 04:00:00+02:00,0.0,0.30237166477144595,0.0,0.5057186325357006
2023-05-24 05:00:00+02:00,0.0,0.290712459036844,0.0,0.5551529657607335
2023-05-24 06:00:00+02:00,0.02438726151546678,0.28092448385223995,0.0,0.5839242442735212
2023-05-24 07:00:00+02:00,0.08497970119115035,0.23385583847921734,0.0,0.6449525944610695
2023-05-24 08:00:00+02:00,0.21702613399058254,0.17258503303441625,0.0,0.7435527644769961
2023-05-24 09:00:00+02:00,0.37619229458172426,0.1580470110690484,0.0,0.7310925823310541
2023-05-24 10:00:00+02:00,0.5295519643358502,0.17354463844467155,0.0,0.6161395516245396
2023-05-24 11:00:00+02:00,0.6449986645071074,0.20861821618950285,0.0,0.5591014951631572
2023-05-24 12:00:00+02:00,0.6958225372452231,0.2395175103997236,0.0,0.49886047877437173
2023-05-24 13:00:00+02:00,0.7027903262496422,0.24460341907407673,0.0,0.4953503470108308
2023-05-24 14:00:00+02:00,0.6823651408347274,0.23711849687408537,0.0,0.5161966439170955
2023-05-24 15:00:00+02:00,0.6331807478623575,0.24748223530484262,0.0,0.5732390248689188
2023-05-24 16:00:00+02:00,0.5546223424203776,0.27689414112916766,0.0,0.6078744053450027
2023-05-24 17:00:00+02:00,0.4432060300065784,0.31839707512270954,0.0,0.559129913243197
2023-05-24 18:00:00+02:00,0.30945180578449444,0.3343745052034603,0.0,0.5936065178872404
2023-05-24 19:00:00+02:00,0.1675684943905883,0.337301301704739,0.0,0.6509114676961111
2023-05-24 20:00:00+02:00,0.06339321760883242,0.3089449618316948,0.0,0.7181379066764828
2023-05-24 21:00:00+02:00,0.023909079917124296,0.2945508806778652,0.0,0.7336414048670432
2023-05-24 22:00:00+02:00,0.0,0.29853324313042473,0.0,0.7150876672436178
2023-05-24 23:00:00+02:00,0.0,0.27708606221121873,0.0,0.7587266003284703
2023-05-25 00:00:00+02:00,0.0,0.27094458758558476,0.0,0.6914150296139635
2023-05-25 01:00:00+02:00,0.0,0.27708606221121873,0.0,0.6202535299808549
2023-05-25 02:00:00+02:00,0.0,0.2935432949970972,0.0,0.6098066580832902
2023-05-25 03:00:00+02:00,0.0,0.30006861178683325,0.0,0.5618739661422261
2023-05-25 04:00:00+02:00,0.0,0.30803333669195226,0.0,0.5351088294776002
2023-05-25 05:00:00+02:00,0.0,0.3141748113175862,0.0,0.5534448514894637
2023-05-25 06:00:00+02:00,0.029920505724858406,0.3202203254021946,0.0,0.6676172215190668
2023-05-25 07:00:00+02:00,0.08566281776021105,0.29517462419453117,0.0,0.7507702342261486
2023-05-25 08:00:00+02:00,0.21005834498616346,0.2563106050791914,0.0,0.7055614533125756
2023-05-25 09:00:00+02:00,0.3606172368071405,0.2834674381894165,0.0,0.6819720940640103
2023-05-25 10:00:00+02:00,0.4845345824347504,0.35596562693420464,0.0,0.8245557983253755
2023-05-25 11:00:00+02:00,0.5762771376596016,0.4131101291149079,0.0,0.5615735899339239
2023-05-25 12:00:00+02:00,0.6193134815104253,0.42975928298283744,0.0,0.5155574611104612
2023-05-25 13:00:00+02:00,0.6220459477866681,0.42841583540848,0.0,0.4683149830650042
2023-05-25 14:00:00+02:00,0.654357361503239,0.41733239292003127,0.0,0.47158132976835376
2023-05-25 15:00:00+02:00,0.6619399554198127,0.40629693070209527,0.0,0.45747753318980144
2023-05-25 16:00:00+02:00,0.6107062127402606,0.38816038844827006,0.0,0.4746159968320904
2023-05-25 17:00:00+02:00,0.5001096402093342,0.3770769459598213,0.0,0.5225735226530865
2023-05-25 18:00:00+02:00,0.3548107459701246,0.3666652272585513,0.0,0.6069656077870896
2023-05-25 19:00:00+02:00,0.20432016580605364,0.34785696121754733,0.0,0.6533771343569955
2023-05-25 20:00:00+02:00,0.09529476138396684,0.315038456186816,0.0,0.735569088102921
2023-05-25 21:00:00+02:00,0.025411936369057822,0.31849303566373505,0.0,0.7353926415367371
2023-05-25 22:00:00+02:00,0.0,0.3524630671867728,0.0,0.7070188591354074
2023-05-25 23:00:00+02:00,0.0,0.36719301023419165,0.0,0.6807856558127123
2023-05-26 00:00:00+02:00,0.0,0.36700108915214064,0.0,0.623749452704376
2023-05-26 01:00:00+02:00,0.0,0.34281903281370696,0.0,0.5647755593045984
2023-05-26 02:00:00+02:00,0.0,0.3171016078188649,0.0,0.535081029181909
2023-05-26 03:00:00+02:00,0.0,0.29627817041632476,0.0,0.506697980015349
2023-05-26 04:00:00+02:00,0.0,0.2844270435996718,0.0,0.5102381382000071
2023-05-26 05:00:00+02:00,0.0,0.27881335194967827,0.0,0.5384790917119412
2023-05-26 06:00:00+02:00,0.03559037324806217,0.26883345568302314,0.0,0.6327229788920274
2023-05-26 07:00:00+02:00,0.10321891358507089,0.23990135256382575,0.0,0.7117683135922651
2023-05-26 08:00:00+02:00,0.2625216974900248,0.1957595036920818,0.0,0.7131535611522843
2023-05-26 09:00:00+02:00,0.468413031404918,0.16913045355749715,0.0,0.6503707628673143
2023-05-26 10:00:00+02:00,0.6466381442728532,0.1620293735216079,0.0,0.6103246273971697
2023-05-26 11:00:00+02:00,0.7660469205446625,0.1858275876959394,0.0,0.5748391441307252
2023-05-26 12:00:00+02:00,0.8312845528899587,0.21922185597282395,0.0,0.5076815294794539
2023-05-26 13:00:00+02:00,0.8425559762794602,0.23764627984972578,0.0,0.4931119077387075
2023-05-26 14:00:00+02:00,0.8297816964380252,0.24412361636894908,0.0,0.4851397242552885
2023-05-26 15:00:00+02:00,0.7854474311059861,0.24911356450227665,0.0,0.48471405507575954
2023-05-26 16:00:00+02:00,0.6989648734629023,0.2603409478022637,0.0,0.502511843396221
2023-05-26 17:00:00+02:00,0.567738180546343,0.2812603457458293,0.0,0.551454772034368
2023-05-26 18:00:00+02:00,0.3864390431176347,0.3068338299291331,0.0,0.598183850268355
2023-05-26 19:00:00+02:00,0.1947565338392039,0.3230511613624477,0.0,0.6935153249495218
2023-05-26 20:00:00+02:00,0.06646724216960555,0.3162379629496351,0.0,0.7708872690624275
2023-05-26 21:00:00+02:00,0.02261115843590898,0.3471852374303686,0.0,0.7688019230572223
2023-05-26 22:00:00+02:00,0.0,0.3897917176457041,0.0,0.8259518037401445
2023-05-26 23:00:00+02:00,0.0,0.40629693070209527,0.0,0.7654844227589156
2023-05-27 00:00:00+02:00,0.0,0.39545338956621034,0.0,0.7494077221810466
2023-05-27 01:00:00+02:00,0.0,0.37990778192007446,0.0,0.6697235721921275
2023-05-27 02:00:00+02:00,0.0,0.363450549134196,0.0,0.6315696559835899
2023-05-27 03:00:00+02:00,0.0,0.3472332177008814,0.0,0.5834744815043932
2023-05-27 04:00:00+02:00,0.0,0.32636180002782855,0.0,0.5318958624946336
2023-05-27 05:00:00+02:00,0.0,0.3081292972329778,0.0,0.5311269397203472
2023-05-27 06:00:00+02:00,0.03033037566629482,0.28836142578171853,0.0,0.5386366319752843
2023-05-27 07:00:00+02:00,0.1000765773673917,0.2425882477125406,0.0,0.5499071644422004
2023-05-27 08:00:00+02:00,0.26791831838560426,0.16481222921134828,0.0,0.5639746342501644
2023-05-27 09:00:00+02:00,0.47743017011651917,0.12249363061908942,0.0,0.5045405982533155
2023-05-27 10:00:00+02:00,0.6507368436872173,0.10191009456911318,0.0,0.4174630272274246
2023-05-27 11:00:00+02:00,0.7726048396076451,0.1043570883652642,0.0,0.40483356691551425
2023-05-27 12:00:00+02:00,0.8268442951910643,0.12124614358575753,0.0,0.4002519100439587
2023-05-27 13:00:00+02:00,0.7814853550054341,0.10910713514602795,0.0,0.3934146384445009
2023-05-27 14:00:00+02:00,0.7599671830800223,0.1011903905114217,0.0,0.3908864478039875
2023-05-27 15:00:00+02:00,0.7103729201662159,0.09077867181015166,0.0,0.41219659401341585
2023-05-27 16:00:00+02:00,0.6600272290264427,0.09648832400117072,0.0,0.4412698570755829
2023-05-27 17:00:00+02:00,0.5254532649214859,0.10291768024988124,0.0,0.5292881001791234
2023-05-27 18:00:00+02:00,0.35569879750990346,0.11520062950114912,0.0,0.6821349493745229
2023-05-27 21:00:00+02:00,0.021518171925411868,0.2044439326548923,0.0,0.7702430214750193
2023-05-27 22:00:00+02:00,0.0,0.2549191772343212,0.0,0.7721893607473421
2023-05-27 23:00:00+02:00,0.0,0.268449613518921,0.0,0.7666192121368924
2023-05-28 00:00:00+02:00,0.0,0.2582777961702148,0.0,0.6728920587019883
2023-05-28 01:00:00+02:00,0.0,0.24872972233817453,0.0,0.6380180804524714
2023-05-28 02:00:00+02:00,0.0,0.23299219360998755,0.0,0.6070299851197647
2023-05-28 03:00:00+02:00,0.0,0.21706274379974952,0.0,0.5728160718387534
2023-05-28 04:00:00+02:00,0.0,0.20535555779463482,0.0,0.5375102465662205
2023-05-28 05:00:00+02:00,0.0,0.19503979963439033,0.0,0.5165309982645758
2023-05-28 06:00:00+02:00,0.02930570081270378,0.18520384417927346,0.0,0.5135112805311922
2023-05-28 07:00:00+02:00,0.048364653089497146,0.15420858942802718,0.0,0.500600840337758
2023-05-28 08:00:00+02:00,0.14065370156959695,0.10095048915885788,0.0,0.48797138002584756
2023-05-28 09:00:00+02:00,0.2532996238077054,0.06683651682428185,0.0,0.4459543164154168
2023-05-28 10:00:00+02:00,0.3034403799767604,0.06117484490377556,0.0,0.39419653469010985
2023-05-28 11:00:00+02:00,0.36123204171929507,0.09092261262168995,0.0,0.35588260708083413
2023-05-28 12:00:00+02:00,0.3848678750087951,0.12158200547934689,0.0,0.3622430559058059
2023-05-28 13:00:00+02:00,0.38302346027233125,0.1266679141537,0.0,0.33657082178943
2023-05-28 14:00:00+02:00,0.34859438519167224,0.12791540118703187,0.0,0.33022384171414515
2023-05-28 15:00:00+02:00,0.3169660880441621,0.14365292991521886,0.0,0.33435697138527
2023-05-28 16:00:00+02:00,0.26129208766571554,0.1691784338280099,0.0,0.3445320076605569
2023-05-28 17:00:00+02:00,0.19933341485191056,0.20391614967925187,0.0,0.422687083587769
2023-05-28 18:00:00+02:00,0.1518568133021923,0.28831344551120575,0.0,0.5319300909002072
2023-05-28 19:00:00+02:00,0.08231554657181366,0.31048033048810325,0.0,0.6531114818326311
2023-05-28 20:00:00+02:00,0.03244803703038297,0.30736161290477354,0.0,0.6773910549768035
2023-05-28 21:00:00+02:00,0.016804667598893076,0.3482887836521622,0.0,0.6282380691512477
2023-05-28 22:00:00+02:00,0.0,0.39219073117134234,0.0,0.6126197803233884
2023-05-28 23:00:00+02:00,0.0,0.4164207677802887,0.0,0.6005605559830276
2023-05-29 00:00:00+02:00,0.0,0.41680460994439084,0.0,0.5780611328669534
2023-05-29 01:00:00+02:00,0.0,0.3897917176457041,0.0,0.5644960652581673
2023-05-29 02:00:00+02:00,0.0,0.3704076883585469,0.0,0.5407856150228316
2023-05-29 03:00:00+02:00,0.0,0.37208699782649374,0.0,0.4908598772109129
2023-05-29 04:00:00+02:00,0.0,0.3739102481059788,0.0,0.47050807381327747
2023-05-29 05:00:00+02:00,0.0,0.3814431505764829,0.0,0.4633079020258885
2023-05-29 06:00:00+02:00,0.018444147364638744,0.3757334983854639,0.0,0.48045489214307474
2023-05-29 07:00:00+02:00,0.04597374509778472,0.35596562693420464,0.0,0.5229964756832519
2023-05-29 08:00:00+02:00,0.1264448769331345,0.3169576670073266,0.0,0.4724021464279303
2023-05-29 09:00:00+02:00,0.22570171441765335,0.26950517947020186,0.0,0.4474545996247039
2023-05-29 10:00:00+02:00,0.2776868853231722,0.19887822127541155,0.0,0.4301112713361912
2023-05-29 11:00:00+02:00,0.3260515384126693,0.20516363671258378,0.0,0.4537286811468431
2023-05-29 12:00:00+02:00,0.3504387999281361,0.2384619444484428,0.0,0.5015497991327627
2023-05-29 13:00:00+02:00,0.3627348981712286,0.27224005488942943,0.0,0.4047470771066973
2023-05-29 14:00:00+02:00,0.34080685630438035,0.29004073524966534,0.0,0.3560018447145584
2023-05-29 15:00:00+02:00,0.30856375424471555,0.3039550136983672,0.0,0.32946171456769424
2023-05-29 16:00:00+02:00,0.25808143979113024,0.31935668053296484,0.0,0.3480862523792504
2023-05-29 17:00:00+02:00,0.2251552211624048,0.4273602694571992,0.0,0.40538885355671084
2023-05-29 18:00:00+02:00,0.1626500550933513,0.48229767919431527,0.0,0.4659466813192444
2023-05-29 19:00:00+02:00,0.08060775514916191,0.4906462462635364,0.0,0.5793344336994481
2023-05-29 20:00:00+02:00,0.03039868732320089,0.47644408619175793,0.0,0.6161253425845197
2023-05-29 21:00:00+02:00,0.016941290912705215,0.47044655237766225,0.0,0.6204092168911521
2023-05-29 22:00:00+02:00,0.0,0.4596989717828029,0.0,0.683562824054602
2023-05-29 23:00:00+02:00,0.0,0.4465043973917925,0.0,0.7050254457465995
2023-05-30 00:00:00+02:00,0.0,0.41881978130592695,0.0,0.6027348681888713
2023-05-30 01:00:00+02:00,0.0,0.4028423512251762,0.0,0.5530582304843134
2023-05-30 02:00:00+02:00,0.0,0.4011150614867166,0.0,0.5596918730062449
2023-05-30 03:00:00+02:00,0.0,0.3958372317303125,0.0,0.5392908918726829
2023-05-30 04:00:00+02:00,0.0,0.3875366449316041,0.0,0.5213744837028458
2023-05-30 05:00:00+02:00,0.0,0.3818749730110978,0.0,0.5536273533931501
2023-05-30 06:00:00+02:00,0.01878570564916909,0.36628138509444913,0.0,0.6568546513104667
2023-05-30 07:00:00+02:00,0.047339978235906105,0.3462256320201133,0.0,0.7684571888817986
2023-05-30 08:00:00+02:00,0.1329344843392111,0.3261698789457775,0.0,0.7700751013837328
2023-05-30 09:00:00+02:00,0.2446240433806346,0.30932880399579693,0.0,0.6830320037753842
2023-05-30 10:00:00+02:00,0.3380060783712315,0.28514674765736325,0.0,0.6593059864253468
2023-05-30 11:00:00+02:00,0.4110995512607258,0.2815002470983931,0.0,0.5872094972797114
2023-05-30 12:00:00+02:00,0.4455969379982908,0.29205590661120145,0.0,0.5764586649737365
2023-05-30 13:00:00+02:00,0.5340605336916507,0.30716969182272247,0.0,0.568596574864796
2023-05-30 14:00:00+02:00,0.4702574461413819,0.32425066812526687,0.0,0.5558890234585548
2023-05-30 15:00:00+02:00,0.39613929839829654,0.3459377503970367,0.0,0.549186556607523
2023-05-30 16:00:00+02:00,0.3470915287397387,0.37304660323674904,0.0,0.5614517586568204
2023-05-30 17:00:00+02:00,0.2677816950717921,0.39161496792518913,0.0,0.605880619183815
2023-05-30 18:00:00+02:00,0.17296511528616776,0.408599983686708,0.0,0.6278767773043938
2023-05-30 19:00:00+02:00,0.08415996130827752,0.4310067700161693,0.0,0.7011255988017381
2023-05-30 20:00:00+02:00,0.031013492235355516,0.41690057048541634,0.0,0.8021322506870592
2023-05-30 21:00:00+02:00,0.017077914226517353,0.41263032640978026,0.0,0.7435533822613449
2023-05-30 22:00:00+02:00,0.0,0.4182919983302866,0.0,0.7257518872347913
2023-05-30 23:00:00+02:00,0.0,0.4183879588713121,0.0,0.69800122524703
2023-05-31 00:00:00+02:00,0.0,0.40653683205465907,0.0,0.6284389820794105
2023-05-31 01:00:00+02:00,0.0,0.3929584154995466,0.0,0.5699960314648351
2023-05-31 02:00:00+02:00,0.0,0.3686803986200874,0.0,0.6129583419097517
2023-05-31 03:00:00+02:00,0.0,0.35251104745728556,0.0,0.6022456897274114
2023-05-31 04:00:00+02:00,0.0,0.33994021658294105,0.0,0.5604232334412456
2023-05-31 05:00:00+02:00,0.0,0.32636180002782855,0.0,0.5843563415629325
2023-05-31 06:00:00+02:00,0.018444147364638744,0.3128793440137415,0.0,0.6610884850848552
2023-05-31 07:00:00+02:00,0.0431046555077298,0.2761264568009634,0.0,0.740538361790782
2023-05-31 08:00:00+02:00,0.11285085720882668,0.22699465979589192,0.0,0.7107682117111567
2023-05-31 09:00:00+02:00,0.19598614366351316,0.20170905723566468,0.0,0.6638991361875586
2023-05-31 10:00:00+02:00,0.2707874079756592,0.19153723988695848,0.0,0.6318731263680623
2023-05-31 11:00:00+02:00,0.4726483541330943,0.21154501269078155,0.0,0.5665573176737737
2023-05-31 12:00:00+02:00,0.6525129467667751,0.24095691851510656,0.0,0.5292602998834323
2023-05-31 13:00:00+02:00,0.7012191581408026,0.2702248835278933,0.0,0.48604382455038087
2023-05-31 14:00:00+02:00,0.7120123999319615,0.28625029387915685,0.0,0.46151885800493997
2023-05-31 15:00:00+02:00,0.6964373421573777,0.30030851313939705,0.0,0.4771580289946704
2023-05-31 16:00:00+02:00,0.5749792161783863,0.3333189392521795,0.0,0.4860732331871493
2023-05-31 17:00:00+02:00,0.4486709625590639,0.37285468215469797,0.0,0.5896137582781064
2023-05-31 18:00:00+02:00,0.30678765116515777,0.3960771330828763,0.0,0.6403179306415108
2023-05-31 19:00:00+02:00,0.16804667598893078,0.3851856116764786,0.0,0.7197076319992189
2023-05-31 20:00:00+02:00,0.06271010103977173,0.3351901698021773,0.0,0.804569994546268
2023-05-31 21:00:00+02:00,0.02240622346519077,0.3466574544547282,0.0,0.8023007885626945
2023-05-31 22:00:00+02:00,0.0,0.36709704969316614,0.0,0.781035495598752
2023-05-31 23:00:00+02:00,0.0,0.36301872669958113,0.0,0.69964978195443
2023-06-01 00:00:00+02:00,0.015984927716020243,0.34564986877396014,0.7335359675785208,0.6966848020161112
2023-06-01 01:00:00+02:00,0.015984927716020243,0.3391725322547368,0.7720364741641338,0.6799817695969458
2023-06-01 02:00:00+02:00,0.015984927716020243,0.32362692460860093,0.684903748733536,0.5793724913170983
2023-06-01 03:00:00+02:00,0.015984927716020243,0.31465461402271383,0.6747720364741642,0.5154253725113987
2023-06-01 04:00:00+02:00,0.015984927716020243,0.29632615068683754,0.6828774062816616,0.5018720428052379
2023-06-01 05:00:00+02:00,0.016053239372926312,0.27775778599839746,0.7112462006079028,0.5067974485499152
2023-06-01 06:00:00+02:00,0.015984927716020243,0.26297986268046575,0.7173252279635258,0.5299684295251513
2023-06-01 07:00:00+02:00,0.029442324126515918,0.25448735479970636,0.6767983789260384,0.6132499466311878
2023-06-01 08:00:00+02:00,0.0920158018524755,0.23035327873178546,0.6220871327254306,0.6844023020050504
2023-06-01 09:00:00+02:00,0.23669989117953052,0.18299675173568627,0.6200607902735562,0.6726359179548231
2023-06-01 10:00:00+02:00,0.4141052641645928,0.15195351671392723,0.5531914893617021,0.6387646404842205
2023-06-01 11:00:00+02:00,0.582630121751866,0.13496850095240837,0.44984802431610943,0.5667744155009868
2023-06-01 12:00:00+02:00,0.7002627949441176,0.13631194852676579,0.3383991894630192,0.5338890361258994
2023-06-01 13:00:00+02:00,0.7328474552883127,0.15176159563187616,0.23100303951367782,0.5237852953171076
2023-06-01 14:00:00+02:00,0.723352134978369,0.17018601950877799,0.19250253292806485,0.5131544409351902
2023-06-01 15:00:00+02:00,0.6909040979479861,0.18577960742542665,0.26545086119554206,0.485981428331163
2023-06-01 16:00:00+02:00,0.6460233393606984,0.1994539845215647,0.25329280648429586,0.46210614692628416
2023-06-01 17:00:00+02:00,0.5224475520176189,0.2131283616177028,0.1519756838905775,0.5104504215128417
2023-06-01 18:00:00+02:00,0.4790013382253588,0.24273218852407888,0.06889564336372847,0.5850820194328106
2023-06-01 19:00:00+02:00,0.32448037030382976,0.2813563062868548,0.0668693009118541,0.688080108847909
2023-06-01 20:00:00+02:00,0.17036927232373714,0.3222834770342435,0.13171225937183384,0.7384076672617266
2023-06-01 21:00:00+02:00,0.0652376323452963,0.3158061405150202,0.1641337386018237,0.769956854306737
2023-06-01 22:00:00+02:00,0.023430898318781812,0.33259923519448803,0.30192502532928067,0.7300652926841766
2023-06-01 23:00:00+02:00,0.01646310931436273,0.35577370585215357,0.6322188449848024,0.7120578199486864
2023-06-02 00:00:00+02:00,0.01646310931436273,0.35092769853036426,0.7315096251266464,0.7314757468965077
2023-06-02 01:00:00+02:00,0.01639479765745666,0.3369654398111496,0.7781155015197568,0.658953466065359
2023-06-02 02:00:00+02:00,0.01639479765745666,0.31215963995605006,0.7943262411347518,0.5932733991084574
2023-06-02 03:00:00+02:00,0.016326486000550592,0.2926316698573546,0.8004052684903749,0.5415163576734836
2023-06-02 04:00:00+02:00,0.016326486000550592,0.28874526794582067,0.8470111448834853,0.5330999714800749
2023-06-02 05:00:00+02:00,0.01639479765745666,0.3044827966740076,0.8389057750759878,0.47704694506346357
2023-06-02 06:00:00+02:00,0.01659973262817487,0.30457875721503314,0.8247213779128673,0.49306507863419125
2023-06-02 07:00:00+02:00,0.03033037566629482,0.30333127018170125,0.7922998986828774,0.5544139469015799
2023-06-02 08:00:00+02:00,0.09618281292374574,0.3038590531573417,0.8044579533941236,0.6374328951505688
2023-06-02 09:00:00+02:00,0.25247988392483256,0.2912882222829972,0.6565349544072948,0.6513831031838389
2023-06-02 10:00:00+02:00,0.4481244693038154,0.24445947826253842,0.46605876393110435,0.618559997521985
2023-06-02 11:00:00+02:00,0.6216360778452317,0.21149703242026877,0.3910840932117528,0.5896729430695964
2023-06-02 12:00:00+02:00,0.7480809547783662,0.19518374044592862,0.3444782168186423,0.5899644252850481
2023-06-02 13:00:00+02:00,0.8127037822115079,0.1906735950177287,0.32016210739615,0.5956501048231302
2023-06-02 14:00:00+02:00,0.8148897552325021,0.19124935826388187,0.32016210739615,0.5891352046565587
2023-06-02 15:00:00+02:00,0.7671399070551596,0.191633200427984,0.32016210739615,0.5781808657790419
2023-06-02 16:00:00+02:00,0.7157695410617954,0.20501969590104546,0.32016210739615,0.5860878091334683
2023-06-02 17:00:00+02:00,0.4679348498065755,0.2501691304535575,0.0,0.6055993942903222
2023-06-02 18:00:00+02:00,0.32243102059664763,0.27305571948814644,0.0,0.7350907847477687
2023-06-02 19:00:00+02:00,0.16791005267511863,0.2912882222829972,0.0,0.7527884867493153
2023-06-02 20:00:00+02:00,0.06359815257955063,0.2855785700919782,0.0,0.7578068104126919
2023-06-02 21:00:00+02:00,0.02329427500496967,0.27583857517788685,0.0,0.7829688613997523
2023-06-02 22:00:00+02:00,0.016189862686738454,0.2947907820304291,0.0,0.7478034009347836
2023-06-02 23:00:00+02:00,0.0,0.3070257510111842,0.0,0.7190500381681082
2023-06-03 00:00:00+02:00,0.0,0.30443481640349485,0.0,0.691779165370592
2023-06-03 01:00:00+02:00,0.0,0.297669598261195,0.0,0.6398104636615589
2023-06-03 02:00:00+02:00,0.0,0.2886493074047951,0.0,0.6408315754649496
2023-06-03 03:00:00+02:00,0.0,0.27593453571891235,0.0,0.604256156066014
2023-06-03 04:00:00+02:00,0.0,0.2634116851150807,0.0,0.5615281189040895
2023-06-03 05:00:00+02:00,0.0,0.25890153968688073,0.0,0.5732563228306822
2023-06-03 06:00:00+02:00,0.030945180578449447,0.2370705166035726,0.0,0.5508310338364509
2023-06-03 07:00:00+02:00,0.030945180578449447,0.22958559440358123,0.32016210739615,0.5772969073554877
2023-06-03 08:00:00+02:00,0.09789060434639747,0.18841852230362874,0.32016210739615,0.587083714284547
2023-06-03 09:00:00+02:00,0.24585365320494385,0.13122603985241268,0.32016210739615,0.5719464502156301
2023-06-03 10:00:00+02:00,0.4285190237717735,0.11064250380243643,0.32016210739615,0.5663382439875301
2023-06-03 11:00:00+02:00,0.5970438813590467,0.11390516219730445,0.32016210739615,0.5615499916226891
2023-06-03 12:00:00+02:00,0.7172040858568228,0.14926662156521237,0.32016210739615,0.5611224690901141
2023-06-03 13:00:00+02:00,0.735033428309307,0.13607204717420196,0.32016210739615,0.575460661457643
2023-06-03 14:00:00+02:00,0.7342820000833402,0.1330972704024105,0.0,0.39843531073928784
2023-06-03 15:00:00+02:00,0.6676098229430164,0.14048623206137636,0.0,0.41708011292836644
2023-06-03 16:00:00+02:00,0.6108428360540727,0.18673921283568196,0.0,0.49772149266636523
2023-06-03 17:00:00+02:00,0.48938471007508133,0.22397190275358772,0.0,0.5409017637348125
2023-06-03 18:00:00+02:00,0.3313115359944367,0.2554949404804744,0.0,0.5973370866661334
2023-06-03 19:00:00+02:00,0.1733749852276042,0.2654748367471296,0.0,0.642832157253973
2023-06-03 20:00:00+02:00,0.06475945074695381,0.2591414410394446,0.0,0.6609037570557428
2023-06-03 21:00:00+02:00,0.023772456603312158,0.2690253767650742,0.0,0.6384511630441847
2023-06-03 22:00:00+02:00,0.016121551029832384,0.31532633780989255,0.0,0.6288876317858255
2023-06-03 23:00:00+02:00,0.0,0.35284690935087487,0.0,0.5815215916162034
2023-06-04 00:00:00+02:00,0.0,0.36225104237137684,0.0,0.6202700876522853
2023-06-04 01:00:00+02:00,0.0,0.3451700660688325,0.0,0.5897426301950143
2023-06-04 02:00:00+02:00,0.0,0.32453854974834345,0.0,0.5936382751554192
2023-06-04 03:00:00+02:00,0.0,0.3034272307227268,0.0,0.5766075562561981
2023-06-04 04:00:00+02:00,0.0,0.27900527303172934,0.0,0.5385157912549094
2023-06-04 05:00:00+02:00,0.0,0.26062882942534027,0.0,0.5426138297241433
2023-06-04 06:00:00+02:00,0.030603622293919098,0.24887366314971282,0.0,0.5193352265118236
2023-06-04 07:00:00+02:00,0.09618281292374574,0.2023807810228434,0.0,0.5346509130059548
2023-06-04 08:00:00+02:00,0.24551209492041348,0.13741549474855938,0.0,0.5214174835952855
2023-06-04 09:00:00+02:00,0.43254941152923154,0.10315758160244506,0.0,0.5267296381055241
2023-06-04 10:00:00+02:00,0.5871386911076667,0.10464496998834079,0.0,0.43550929787089804
2023-06-04 11:00:00+02:00,0.6771734549098661,0.1390468239459934,0.0,0.43837023977224104
2023-06-04 12:00:00+02:00,0.6831165690606942,0.1468676080395741,0.0,0.48257669267927966
2023-06-04 13:00:00+02:00,0.6842778672280974,0.14490041694855074,0.0,0.4021013796795213
2023-06-04 14:00:00+02:00,0.650531908716499,0.13540032338702324,0.0,0.37007611015035796
2023-06-04 15:00:00+02:00,0.5795560971910929,0.13635992879727854,0.0,0.45220418184197264
2023-06-04 16:00:00+02:00,0.51964677408447,0.18040581712799694,0.0,0.4884837945350156
2023-06-04 17:00:00+02:00,0.41622292552868095,0.22569919249204726,0.0,0.543078547078051
2023-06-04 18:00:00+02:00,0.29947830387620833,0.2551110983163723,0.0,0.561807863216916
2023-06-04 19:00:00+02:00,0.15417940963699867,0.26868951487148485,0.0,0.6134487559399091
2023-06-04 20:00:00+02:00,0.061548802872368545,0.2570782894073957,0.0,0.6684506441320127
2023-06-04 21:00:00+02:00,0.023430898318781812,0.26302784295097853,0.0,0.6795496723075345
2023-06-04 22:00:00+02:00,0.015984927716020243,0.2947907820304291,0.0,0.726902739005834
2023-06-04 23:00:00+02:00,0.0,0.30760151425733734,0.0,0.7014606986939782
2023-06-05 00:00:00+02:00,0.0,0.3100005277829756,0.0,0.624435714881922
2023-06-05 01:00:00+02:00,0.0,0.30625806668297995,0.0,0.5967987304687469
2023-06-05 02:00:00+02:00,0.0,0.3075535339868246,0.0,0.6067706329448717
2023-06-05 03:00:00+02:00,0.0,0.29723777582658006,0.0,0.5738079027657866
2023-06-05 04:00:00+02:00,0.0,0.28106842466377824,0.0,0.5486944117303041
2023-06-05 05:00:00+02:00,0.0,0.26864153460097207,0.0,0.5648572345990369
2023-06-05 06:00:00+02:00,0.03067193395082517,0.24306805041766824,0.0,0.6052405683264364
2023-06-05 07:00:00+02:00,0.09638774789446394,0.1954716220690052,0.0,0.6296154080207184
2023-06-05 08:00:00+02:00,0.23799781266074585,0.13530436284599773,0.0,0.6541999321300292
2023-06-05 09:00:00+02:00,0.4194335734032662,0.10493285161141738,0.0,0.608286605774845
2023-06-05 10:00:00+02:00,0.5988199844386045,0.09116251397425378,0.0,0.5625031418932971
2023-06-05 11:00:00+02:00,0.7317544687778156,0.10301364079090677,0.0,0.5587760348085273
2023-06-05 12:00:00+02:00,0.7971287244369241,0.1321376649921552,0.0,0.5438269552084195
2023-06-05 13:00:00+02:00,0.8062141748054312,0.1508979507626464,0.0,0.5523859323348184
2023-06-05 14:00:00+02:00,0.8062141748054312,0.1433170680216295,0.32016210739615,0.5898659473072105
2023-06-05 15:00:00+02:00,0.7604453646783648,0.14461253532547416,0.32016210739615,0.577119102714622
2023-06-05 16:00:00+02:00,0.6930900709689803,0.14350898910368057,0.32016210739615,0.5777773143300815
2023-06-05 17:00:00+02:00,0.5889831058441305,0.14902672021264854,0.32016210739615,0.5853736241542467
2023-06-05 18:00:00+02:00,0.45734654298613475,0.1711456249190333,0.32016210739615,0.5865977472508149
2023-06-05 19:00:00+02:00,0.3111595972071462,0.20976974268180923,0.32016210739615,0.6000680435878555
2023-06-05 20:00:00+02:00,0.16804667598893078,0.23289623306896204,0.32016210739615,0.6112008048905866
2023-06-05 21:00:00+02:00,0.06564750228673272,0.2561666642676531,0.32016210739615,0.6073254243077041
2023-06-05 22:00:00+02:00,0.02206466518066042,0.27708606221121873,0.32016210739615,0.6093159990411641
2023-06-05 23:00:00+02:00,0.014550382920992786,0.30486663883810977,0.32016210739615,0.6108563157271317
2023-06-06 00:00:00+02:00,0.014482071264086717,0.3148465351047649,0.32016210739615,0.6095725125607091
2023-06-06 01:00:00+02:00,0.014482071264086717,0.3170056472778393,0.32016210739615,0.5920669467460324
2023-06-06 02:00:00+02:00,0.014345447950274579,0.2963741309573503,0.32016210739615,0.5912119016808823
2023-06-06 03:00:00+02:00,0.014345447950274579,0.27209611407789114,0.32016210739615,0.589161646877568
2023-06-06 04:00:00+02:00,0.014413759607180648,0.25266410452022126,0.32016210739615,0.5862871137205538
2023-06-06 05:00:00+02:00,0.014482071264086717,0.2394215498586981,0.32016210739615,0.5920613866868942
2023-06-06 06:00:00+02:00,0.014687006234804924,0.23395179902024285,0.32016210739615,0.5924034047129543
2023-06-06 07:00:00+02:00,0.029920505724858406,0.2220526919330771,0.32016210739615,0.5954212690932918
2023-06-06 08:00:00+02:00,0.09563631966849719,0.1984943791113094,0.32016210739615,0.5876927481640798
2023-06-06 09:00:00+02:00,0.23389911324638168,0.16318090001391428,0.32016210739615,0.5891463247748351
2023-06-06 10:00:00+02:00,0.4097333181226044,0.12470072306267661,0.3262411347517731,0.5971554528131912
2023-06-06 11:00:00+02:00,0.5717002566468949,0.09509689615630053,0.25937183383991896,0.6264834985478416
2023-06-06 12:00:00+02:00,0.6891963065253344,0.09456911318066011,0.16210739614994935,0.5597951707528875
2023-06-06 13:00:00+02:00,0.7596256247954919,0.10498083188193014,0.12563323201621074,0.5335225517378605
2023-06-06 14:00:00+02:00,0.7722632813231147,0.11457688598448318,0.1094224924012158,0.5290228151727122
2023-06-06 15:00:00+02:00,0.7308664172380367,0.11630417572294272,0.09523809523809523,0.5112619714071879
2023-06-06 16:00:00+02:00,0.6551771013861117,0.1197587551998618,0.06889564336372847,0.5186319166389096
2023-06-06 17:00:00+02:00,0.5440340355999368,0.12474870333318938,0.06281661600810537,0.5272032494522823
2023-06-06 18:00:00+02:00,0.44265953675132985,0.13813519880625086,0.07497467071935157,0.5859574513814675
2023-06-06 19:00:00+02:00,0.30931518247068235,0.15396868807546335,0.0668693009118541,0.6908020440163696
2023-06-06 20:00:00+02:00,0.06639893051269947,0.1821331068664565,0.0,0.712365364557204
2023-06-06 21:00:00+02:00,0.023089340034251463,0.21864609272667077,0.0,0.7066894470627167
2023-06-06 22:00:00+02:00,0.01523349949005348,0.254151492906117,0.0,0.7017442722188814
2023-06-06 23:00:00+02:00,0.0,0.2600530661791871,0.0,0.6848955599449824
2023-06-07 00:00:00+02:00,0.0,0.26561877755866786,0.0,0.6526351543365094
2023-06-07 01:00:00+02:00,0.0,0.2531918874958617,0.0,0.6032643303934073
2023-06-07 02:00:00+02:00,0.0,0.24042913553946615,0.0,0.5706632648335561
2023-06-07 03:00:00+02:00,0.0,0.23289623306896204,0.0,0.5546057155704965
2023-06-07 04:00:00+02:00,0.0,0.21965367840743885,0.0,0.5296201111496199
2023-06-07 05:00:00+02:00,0.0,0.21591121730744317,0.0,0.5318426105346616
2023-06-07 06:00:00+02:00,0.030125440695576614,0.21907791516128566,0.0,0.5869859765970424
2023-06-07 07:00:00+02:00,0.09734411109114892,0.2008454123664349,0.0,0.6500665574469355
2023-06-07 08:00:00+02:00,0.24291625195798286,0.1626051367677611,0.0,0.7115255190888023
2023-06-07 09:00:00+02:00,0.4190237034618298,0.12863510524472335,0.0,0.6614762191527185
2023-06-07 10:00:00+02:00,0.5816737585551811,0.11683195869858314,0.0,0.6338195881463695
2023-06-07 11:00:00+02:00,0.7020388980236754,0.11265767516397257,0.0,0.5991319410126156
2023-06-07 12:00:00+02:00,0.7756105525115122,0.121150183044732,0.0,0.5667467377112801
2023-06-07 13:00:00+02:00,0.798973139173388,0.1478272134498294,0.0,0.5471644748722798
2023-06-07 14:00:00+02:00,0.7684378285363749,0.16102178784083984,0.0,0.5211546697262691
2023-06-07 15:00:00+02:00,0.6953443556468806,0.1650521305639121,0.0,0.5318039351326629
2023-06-07 16:00:00+02:00,0.5980002445557316,0.16058996540622494,0.0,0.5564949684163443
2023-06-07 17:00:00+02:00,0.4677299148358573,0.17272897384595454,0.0,0.6100223978358215
2023-06-07 18:00:00+02:00,0.3155315432491346,0.18894630527926914,0.0,0.728578355718592
2023-06-07 19:00:00+02:00,0.15759499248230216,0.20737072915617097,0.0,0.8164205250283285
2023-06-07 20:00:00+02:00,0.0594311415082804,0.21149703242026877,0.0,0.8189420425469907
2023-06-07 21:00:00+02:00,0.020835055356351172,0.2324164303638344,0.0,0.783985648712702
2023-06-07 22:00:00+02:00,0.014687006234804924,0.25199238073304253,0.0,0.7967649908638026
2023-06-07 23:00:00+02:00,0.0,0.26297986268046575,0.0,0.7740928278876366
2023-06-08 00:00:00+02:00,0.0,0.255782822103551,0.0,0.7432687009281554
2023-06-08 01:00:00+02:00,0.0,0.2508408542407362,0.0,0.7108293776161039
2023-06-08 02:00:00+02:00,0.0,0.24882568287920007,0.0,0.6487171466335672
2023-06-08 03:00:00+02:00,0.0,0.2512726766753511,0.0,0.6149326092381768
2023-06-08 04:00:00+02:00,0.0,0.24968932774842983,0.0,0.5796649640892786
2023-06-08 05:00:00+02:00,0.0,0.23970943148177468,0.0,0.5896345179339931
2023-06-08 06:00:00+02:00,0.029578947440328057,0.23016135764973442,0.0,0.6808311320969733
2023-06-08 07:00:00+02:00,0.09481657978562436,0.20847427537796456,0.0,0.7310977748722391
2023-06-08 08:00:00+02:00,0.24209651207511002,0.17032996032031628,0.0,0.7165338356966154
2023-06-08 09:00:00+02:00,0.4240104544159729,0.15147371400879958,0.0,0.6735738738831092
2023-06-08 10:00:00+02:00,0.5784631106805959,0.13995844908573593,0.0,0.6299353135706366
2023-06-08 11:00:00+02:00,0.6784030647341754,0.14154179801265718,0.0,0.6043405527642427
2023-06-08 12:00:00+02:00,0.7221908368109659,0.1567995240357165,0.0,0.676315705911139
2023-06-08 13:00:00+02:00,0.7155646060910772,0.14763529236777836,0.0,0.5982334060310881
2023-06-08 14:00:00+02:00,0.6936365642242289,0.1559838594369995,0.0,0.5526339246338928
2023-06-08 15:00:00+02:00,0.693773187538041,0.15315302347674636,0.11347517730496454,0.5611055439007306
2023-06-08 16:00:00+02:00,0.642676068172301,0.14902672021264854,0.05673758865248227,0.547175227472603
2023-06-08 17:00:00+02:00,0.5553054589894383,0.1368397315024062,0.0121580547112462,0.6004572634908116
2023-06-08 18:00:00+02:00,0.44040525207342957,0.12930682903190208,0.034447821681864235,0.6812912746940447
2023-06-08 19:00:00+02:00,0.29804375908118086,0.14211756125881037,0.2857142857142857,0.7301634031440609
2023-06-08 20:00:00+02:00,0.0571768568303801,0.17776690224979488,0.0,0.7888390187005512
2023-06-08 21:00:00+02:00,0.020356873758008688,0.20597930131130077,0.0,0.752682472853309
2023-06-08 22:00:00+02:00,0.015438434460771689,0.24129278040869592,0.0,0.7333517812590642
2023-06-08 23:00:00+02:00,0.0,0.2395175103997236,0.0,0.7357328114641777
2023-06-09 00:00:00+02:00,0.0,0.2465706101651001,0.0,0.6231417821539516
2023-06-09 01:00:00+02:00,0.0,0.24882568287920007,0.0,0.5948189083356101
2023-06-09 02:00:00+02:00,0.0,0.2538636112830404,0.0,0.5950322994567312
2023-06-09 03:00:00+02:00,0.0,0.24565898502535755,0.0,0.5871191782588179
2023-06-09 04:00:00+02:00,0.0,0.2328002725279365,0.0,0.5588949049242984
2023-06-09 05:00:00+02:00,0.0,0.22718658087794297,0.0,0.5710272780842003
2023-06-09 06:00:00+02:00,0.027256351105521697,0.2120248153959092,0.0,0.6443535728915266
2023-06-09 07:00:00+02:00,0.02705141613480349,0.21034550592796242,0.08105369807497467,0.6501555236475739
2023-06-09 08:00:00+02:00,0.16381135326075447,0.15468839213315483,0.0,0.776947714451477
2023-06-09 09:00:00+02:00,0.24892767776571695,0.1390468239459934,0.0,0.7182297167868958
2023-06-09 10:00:00+02:00,0.34224140109940776,0.12930682903190208,0.0,0.67334071366283
2023-06-09 11:00:00+02:00,0.41533487398890206,0.13789529745368703,0.0,0.6238879694133208
2023-06-09 12:00:00+02:00,0.45598030984801335,0.15703942538828033,0.0,0.5942567035605935
2023-06-09 13:00:00+02:00,0.46158186571431103,0.16730720327801207,0.0,0.5943581479541901
2023-06-09 14:00:00+02:00,0.45570706322038906,0.16279705784981213,0.0,0.5573626194348638
2023-06-09 15:00:00+02:00,0.4262647390938732,0.144852436678038,0.0,0.5734214042666208
2023-06-09 16:00:00+02:00,0.37557748966956966,0.12877904605626164,0.0,0.6479316661878504
2023-06-09 17:00:00+02:00,0.311979337090019,0.12388505846395961,0.0,0.7118026697582498
2023-06-09 18:00:00+02:00,0.2254284677900291,0.12978663173702973,0.0,0.7777621082555979
2023-06-09 19:00:00+02:00,0.13149993954418362,0.12335727548831919,0.0,0.8192519357869186
2023-06-09 20:00:00+02:00,0.05150698930717634,0.10555659512808332,0.0,0.8033894891264881
2023-06-09 21:00:00+02:00,0.0198786921596662,0.11179403029474279,0.0,0.7455026879494269
2023-06-09 22:00:00+02:00,0.015096876176241341,0.12988259227805526,0.0,0.8757029535933523
2023-06-09 23:00:00+02:00,0.0,0.1517136153613634,0.0,0.8012763428255916
2023-06-10 00:00:00+02:00,0.0,0.1574712478228952,0.0,0.7129524084665795
2023-06-10 01:00:00+02:00,0.0,0.15214543779597828,0.0,0.6865537561899925
2023-06-10 02:00:00+02:00,0.0,0.13842308042932744,0.0,0.6907090035916859
2023-06-10 03:00:00+02:00,0.0,0.13640790906779132,0.0,0.6608281423532336
2023-06-10 04:00:00+02:00,0.0,0.12518052576780428,0.0,0.6397855072756424
2023-06-10 05:00:00+02:00,0.0,0.11524860977166189,0.0,0.6360614891126162
2023-06-10 06:00:00+02:00,0.027734532703864185,0.10867531271141306,0.0,0.6507546729775278
2023-06-10 07:00:00+02:00,0.08566281776021105,0.09543275804988988,0.0,0.6935207677571024
2023-06-10 08:00:00+02:00,0.21251756463478197,0.07134666225248178,0.0,0.6766426468464349
2023-06-10 09:00:00+02:00,0.36212009325907396,0.061270805444801096,0.0,0.6094414145183753
2023-06-10 10:00:00+02:00,0.5013392500336434,0.05282627783455443,0.0,0.5679848248358995
2023-06-10 11:00:00+02:00,0.6003911525474441,0.06035918030505855,0.0,0.5067251677811182
2023-06-10 12:00:00+02:00,0.6688394327673257,0.07101080035889241,0.0,0.5083803976103692
2023-06-10 13:00:00+02:00,0.6687028094535136,0.08118261770759863,0.0,0.46640583861401386
2023-06-10 14:00:00+02:00,0.6604370989678792,0.09351354722937927,0.0,0.4234927059050238
2023-06-10 15:00:00+02:00,0.6236171158955077,0.09912723887937279,0.0,0.42085071518393996
2023-06-10 16:00:00+02:00,0.5526413043701016,0.09768783076398985,0.0,0.48598377696257333
2023-06-10 17:00:00+02:00,0.4472364177640365,0.09831157428065579,0.0,0.5833999798645968
2023-06-10 18:00:00+02:00,0.31464349170935574,0.09610448183706859,0.0,0.6889840866370169
2023-06-10 19:00:00+02:00,0.17228199871710706,0.08641246719349004,0.0,0.7862809293993318
2023-06-10 20:00:00+02:00,0.0663306188557934,0.07652853146786041,0.0,0.8163200711914604
2023-06-10 21:00:00+02:00,0.02220128849447256,0.0748972022704264,0.0,0.8074406984912057
2023-06-10 22:00:00+02:00,0.01516518783314741,0.07691237363196253,0.0,0.8128169800677238
2023-06-10 23:00:00+02:00,0.0,0.08290990744605818,0.0,0.8177662343900314
2023-06-11 00:00:00+02:00,0.0,0.09456911318066011,0.0,0.7409860261948951
2023-06-11 01:00:00+02:00,0.0,0.09807167292809196,0.0,0.6740332761898474
2023-06-11 02:00:00+02:00,0.0,0.09831157428065579,0.0,0.6634116885731605
2023-06-11 03:00:00+02:00,0.0,0.0936095077704048,0.0,0.6349732838271869
2023-06-11 04:00:00+02:00,0.0,0.09476103426271117,0.0,0.6248961077453888
2023-06-11 05:00:00+02:00,0.0,0.09706408724732389,0.0,0.6125287210121618
2023-06-11 06:00:00+02:00,0.02930570081270378,0.09164231667938143,0.0,0.6161199102857925
2023-06-11 07:00:00+02:00,0.09379190493203331,0.07345779415504344,0.0,0.595853611394672
2023-06-11 08:00:00+02:00,0.2421648237320161,0.06050312111659685,0.0,0.5748522453624588
2023-06-11 09:00:00+02:00,0.41451513410602925,0.05277829756404166,0.0,0.5227421882891329
2023-06-11 10:00:00+02:00,0.5708805167640222,0.0484600732178928,0.0,0.48299507095260874
2023-06-11 11:00:00+02:00,0.6725965738971595,0.04730854672558644,0.0,0.4610567395488381
2023-06-11 12:00:00+02:00,0.7014240931115208,0.04836411267686727,0.0,0.5087505887045003
2023-06-11 13:00:00+02:00,0.6500537271181566,0.043134263190975866,0.0,0.5088483263920047
2023-06-11 14:00:00+02:00,0.6080420581209239,0.046300961044818366,0.0,0.4433806599994957
2023-06-11 15:00:00+02:00,0.5464249435916493,0.053881843785835264,0.0,0.38767397609938525
2023-06-11 16:00:00+02:00,0.4710771860242547,0.06678853655376908,0.0,0.485420954403208
2023-06-11 17:00:00+02:00,0.4105530580054772,0.102149995921677,0.0,0.6102292435955023
2023-06-11 18:00:00+02:00,0.28069259822703924,0.12964269092549144,0.0,0.6577648069430616
2023-06-11 19:00:00+02:00,0.15609213603036862,0.12887500659728718,0.0,0.6845602150407735
2023-06-11 20:00:00+02:00,0.061207244587838196,0.10416516728321314,0.0,0.7320401777969504
2023-06-11 21:00:00+02:00,0.02363583328950002,0.10344546322552166,0.0,0.7375296416696905
2023-06-11 22:00:00+02:00,0.01537012280386562,0.10147827213449828,0.0,0.7781053618503554
2023-06-11 23:00:00+02:00,0.0,0.10128635105244722,0.0,0.7723538243989321
2023-06-12 00:00:00+02:00,0.0,0.10085452861783234,0.0,0.6995928232883659
2023-06-12 01:00:00+02:00,0.0,0.08881148071912828,0.0,0.6200303820705659
2023-06-12 02:00:00+02:00,0.0,0.08147049933067523,0.0,0.5875505300034696
2023-06-12 03:00:00+02:00,0.0,0.0830058679870837,0.0,0.5640707688510183
2023-06-12 04:00:00+02:00,0.0,0.08439729583195389,0.0,0.5640972110720276
2023-06-12 05:00:00+02:00,0.0,0.08751601341528363,0.0,0.6568640458361082
2023-06-12 06:00:00+02:00,0.03039868732320089,0.08473315772554325,0.0,0.7041853552662289
2023-06-12 07:00:00+02:00,0.09474826812871828,0.07681641309093701,0.0,0.7897762343385041
2023-06-12 08:00:00+02:00,0.2237889880242834,0.052730317293528894,0.0,0.8072714203252374
2023-06-12 09:00:00+02:00,0.37311827002095116,0.0408791904768759,0.0,0.7280411125839185
2023-06-12 10:00:00+02:00,0.5010660034060191,0.03665692667175257,0.0,0.640580376992574
2023-06-12 11:00:00+02:00,0.585499211341921,0.04236657886277163,0.0,0.607954600058775
2023-06-12 12:00:00+02:00,0.630789839870645,0.04275042102687374,0.0,0.6158465940828484
2023-06-12 13:00:00+02:00,0.646501520959041,0.04155091426405462,0.0,0.591167298701792
2023-06-12 14:00:00+02:00,0.6157612753513098,0.042558499944822685,0.0,0.552007715298581
2023-06-12 15:00:00+02:00,0.5525046810562895,0.05105100782558212,0.0,0.5485808619161291
2023-06-12 16:00:00+02:00,0.4883600352214903,0.0706269581947903,0.0,0.5727976660687036
2023-06-12 17:00:00+02:00,0.3891031977369714,0.08569276313579856,0.0,0.7093888969826556
2023-06-12 18:00:00+02:00,0.2546658569458268,0.09399334993450692,0.0,0.8371233682052854
2023-06-12 19:00:00+02:00,0.13341266593755358,0.09821561373963025,0.0,0.9050271701159261
2023-06-12 20:00:00+02:00,0.05444439055413733,0.102965660520394,0.0,0.9071604582883607
2023-06-12 21:00:00+02:00,0.02110830198397545,0.1116500894832045,0.0,0.7980395272649947
2023-06-12 22:00:00+02:00,0.014891941205523134,0.12292545305370431,0.0,0.7889287251915227
2023-06-12 23:00:00+02:00,0.0,0.12676387469472553,0.0,0.7519245476913146
2023-06-13 00:00:00+02:00,0.0,0.1412539163895806,0.0,0.6771680295724989
2023-06-13 01:00:00+02:00,0.0,0.15612780024853778,0.0,0.6340025853284202
2023-06-13 02:00:00+02:00,0.0,0.15387272753443784,0.0,0.6348477458439913
2023-06-13 03:00:00+02:00,0.0,0.14379687072675715,0.0,0.6358300597393988
2023-06-13 04:00:00+02:00,0.0,0.1379432777241998,0.0,0.6185176206683207
2023-06-13 05:00:00+02:00,0.0,0.13530436284599773,0.0,0.6529099563745464
2023-06-13 06:00:00+02:00,0.027256351105521697,0.13391293500112753,0.0,0.7025916588598784
2023-06-13 07:00:00+02:00,0.07705554899004631,0.12167796602037241,0.0,0.760000646705725
2023-06-13 08:00:00+02:00,0.17071083060826747,0.0915463561383559,0.0,0.7853406248396354
2023-06-13 09:00:00+02:00,0.28649908906405513,0.0758568076806817,0.0,0.7224102933468857
2023-06-13 10:00:00+02:00,0.2854744142104641,0.07427345875376044,0.07092198581560284,0.7306309591533167
2023-06-13 11:00:00+02:00,0.5328309238673414,0.08770793449733469,0.0,0.621576999106005
2023-06-13 12:00:00+02:00,0.6196550397949557,0.10387728566013654,0.0,0.6266800869855635
2023-06-13 13:00:00+02:00,0.6706155358468835,0.11937491303575969,0.0,0.6161734125121598
2023-06-13 14:00:00+02:00,0.6518298301977143,0.12599619036652127,0.0,0.6091792184337075
2023-06-13 15:00:00+02:00,0.601347515744129,0.12781944064600637,0.0,0.6355585968895007
2023-06-13 16:00:00+02:00,0.5072140525275655,0.1400064293562487,0.0,0.671709705183589
2023-06-13 17:00:00+02:00,0.38964969099221997,0.15833489269212497,0.0,0.7227633089852378
2023-06-13 18:00:00+02:00,0.26238507417621265,0.1760875927818481,0.0,0.7682781486722357
2023-06-13 19:00:00+02:00,0.15117369673313164,0.18318867281773735,0.0,0.8069998297149282
2023-06-13 20:00:00+02:00,0.06298334766739601,0.18299675173568627,0.0,0.824763762402196
2023-06-13 21:00:00+02:00,0.02247453512209684,0.20732274888565821,0.0,0.7654492090510401
2023-06-13 22:00:00+02:00,0.014891941205523134,0.2316967263061429,0.0,0.7488701062739932
2023-06-13 23:00:00+02:00,0.0,0.229633574674094,0.0,0.7319513341022965
2023-06-14 00:00:00+02:00,0.0,0.20597930131130077,0.0,0.709100008410583
2023-06-14 01:00:00+02:00,0.0,0.1841962584985054,0.0,0.6981596335611174
2023-06-14 02:00:00+02:00,0.0,0.16380464353058022,0.0,0.6970431327016327
2023-06-14 03:00:00+02:00,0.0,0.15344090509982294,0.0,0.6655475703889742
2023-06-14 04:00:00+02:00,0.0,0.1496504637293145,0.0,0.6379955952039497
2023-06-14 05:00:00+02:00,0.0,0.14269332450496355,0.0,0.666422262047298
2023-06-14 06:00:00+02:00,0.02916907749889164,0.13827913961778915,0.0,0.693321090397637
2023-06-14 07:00:00+02:00,0.08901008894860846,0.1287310657857489,0.0,0.7417466675062532
2023-06-14 08:00:00+02:00,0.21572821250936722,0.08991502694092189,0.0,0.7421755481135099
2023-06-14 09:00:00+02:00,0.376875411150785,0.06189454896146704,0.0,0.7259038674389963
2023-06-14 10:00:00+02:00,0.5409600110391637,0.05666469947557564,0.0,0.6875967354575562
2023-06-14 11:00:00+02:00,0.6639893051269947,0.06755622088197333,0.0,0.6483971185776645
2023-06-14 12:00:00+02:00,0.737082778016489,0.0788795647229859,0.0,0.6399586146536873
2023-06-14 13:00:00+02:00,0.7814170433485281,0.07504114308196469,0.0,0.6345526794284319
2023-06-14 14:00:00+02:00,0.7848326261938315,0.07556892605760511,0.0,0.6161280639883098
2023-06-14 15:00:00+02:00,0.731139663865661,0.08689226989861769,0.0,0.6425943050252998
2023-06-14 16:00:00+02:00,0.6400802252098704,0.10795560865372159,0.0,0.6545870536679705
2023-06-14 17:00:00+02:00,0.514660023130327,0.13439273770625518,0.0,0.7421776517329515
2023-06-14 18:00:00+02:00,0.33336088570161876,0.15180957590238892,0.0,0.8337642260892211
2023-06-14 19:00:00+02:00,0.1329344843392111,0.16154957081648025,0.0,0.9217982865738586
2023-06-14 20:00:00+02:00,0.04877452303093356,0.15891065593827816,0.0,0.9429148107613241
2023-06-14 21:00:00+02:00,0.022747781749721117,0.16932237463954822,0.0,0.9094082868316988
2023-06-14 22:00:00+02:00,0.014823629548617065,0.18774679851645001,0.0,0.8795544855986046
2023-06-14 23:00:00+02:00,0.0,0.1872190155408096,0.0,0.8445132050421498
2023-06-15 00:00:00+02:00,0.0,0.16649153867929506,0.0,0.7740885033971956
2023-06-15 01:00:00+02:00,0.0,0.15497627375623144,0.0,0.7243330343079739
2023-06-15 02:00:00+02:00,0.0,0.13938268583958274,0.0,0.7177460983845743
2023-06-15 03:00:00+02:00,0.0,0.12412495981652344,0.0,0.7319360172539903
2023-06-15 04:00:00+02:00,0.0,0.11822338654345332,0.0,0.6702132511863785
2023-06-15 05:00:00+02:00,0.0,0.1105465432614109,0.0,0.6680732898920927
2023-06-15 06:00:00+02:00,0.03046699898010696,0.10330152241398337,0.0,0.7428831877312915
2023-06-15 07:00:00+02:00,0.09365528161822118,0.09816763346911749,0.0,0.8320620446494693
2023-06-15 08:00:00+02:00,0.22570171441765335,0.08257404555246882,0.0,0.841405389158872
2023-06-15 09:00:00+02:00,0.38418475843973443,0.06822794466915204,0.0,0.7756356157109989
2023-06-15 10:00:00+02:00,0.5243602784109889,0.06808400385761375,0.0,0.7437074660849914
2023-06-15 11:00:00+02:00,0.6372111356198156,0.07264212955632643,0.0,0.7087350098576369
2023-06-15 12:00:00+02:00,0.7137201913546133,0.07499316281145192,0.0,0.7225490550677993
2023-06-15 13:00:00+02:00,0.7493105646026754,0.07720025525503912,0.0,0.7254389103275465
2023-06-15 14:00:00+02:00,0.7606502996490829,0.08031897283836886,0.0,0.6616733028688047
2023-06-15 15:00:00+02:00,0.7417279706861017,0.08267000609349436,0.0,0.6646566938315999
2023-06-15 16:00:00+02:00,0.6939098108518531,0.0904428099165623,0.0,0.6719756079743489
2023-06-15 17:00:00+02:00,0.5395937779010423,0.09955906131398769,0.0,0.7583488785705972
2023-06-15 18:00:00+02:00,0.4108263046331015,0.10454900944731525,0.0,0.8110127364500269
2023-06-15 19:00:00+02:00,0.2295954788612993,0.10589245702167269,0.0,0.9437531756490597
2023-06-15 20:00:00+02:00,0.08716567421214458,0.0967762056242473,0.0,0.9657448867732132
2023-06-15 21:00:00+02:00,0.026504922879554936,0.10867531271141306,0.0,0.9109509521490768
2023-06-15 22:00:00+02:00,0.015096876176241341,0.12724367739985318,0.0,0.888248144967445
2023-06-15 23:00:00+02:00,0.0,0.13851904097035297,0.0,0.8650279862562822
2023-06-16 00:00:00+02:00,0.0,0.14533223938316564,0.0,0.7592606372898426
2023-06-16 01:00:00+02:00,0.0,0.13568820501009984,0.0,0.7362845139052666
2023-06-16 02:00:00+02:00,0.0,0.12139008439729582,0.0,0.7026937210378237
2023-06-16 03:00:00+02:00,0.0,0.09620044237809412,0.0,0.6852594506896421
2023-06-16 04:00:00+02:00,0.0,0.0769603539024753,0.0,0.6789628839189812
2023-06-16 05:00:00+02:00,0.0,0.06232637139608193,0.0,0.6847759547933048
2023-06-16 06:00:00+02:00,0.031969855432040485,0.05743238380377988,0.0,0.7384233621368395
2023-06-16 07:00:00+02:00,0.10301397861435269,0.05244243567045231,0.0,0.8187528727758797
2023-06-16 08:00:00+02:00,0.255895466770136,0.04284638156789928,0.0,0.8120153147229567
2023-06-16 09:00:00+02:00,0.4434109649772966,0.036944808294829164,0.0,0.7708331543061382
2023-06-16 10:00:00+02:00,0.6212262079037952,0.033730130170473896,0.0,0.6708771453669606
2023-06-16 11:00:00+02:00,0.7471929032385873,0.03286648530124413,0.0,0.6453218002528986
2023-06-16 12:00:00+02:00,0.8094931343369226,0.03353820908842284,0.0,0.6484398734581354
2023-06-16 13:00:00+02:00,0.8221991025214516,0.03406599206406326,0.0,0.6652864873670195
2023-06-16 14:00:00+02:00,0.8008175539098518,0.03516953828585685,0.0,0.6205007819895962
2023-06-16 15:00:00+02:00,0.748900694661239,0.036752887212778106,0.0,0.6387666215976777
2023-06-16 16:00:00+02:00,0.6357765908247881,0.039919585066620605,0.0,0.6569076635128965
2023-06-16 17:00:00+02:00,0.4958743174811579,0.041358993182003555,0.0,0.6953667756985417
2023-06-16 18:00:00+02:00,0.3350686771242705,0.04169485507559291,0.0,0.7698366313707108
2023-06-16 19:00:00+02:00,0.17924978772152617,0.042558499944822685,0.0,0.8901235615456528
2023-06-16 20:00:00+02:00,0.07015607164253329,0.04850805348840556,0.0,0.8994853170795316
2023-06-16 21:00:00+02:00,0.026095052938118517,0.05872785110762454,0.0,0.8412422888363904
2023-06-16 22:00:00+02:00,0.018580770678450882,0.06659661547171802,0.0,0.8770512565984344
2023-06-16 23:00:00+02:00,0.0,0.07561690632811788,0.0,0.849911481843252
2023-06-17 00:00:00+02:00,0.0,0.08147049933067523,0.0,0.8002360797073915
2023-06-17 01:00:00+02:00,0.0,0.07508912335247746,0.0,0.7733638160840463
2023-06-17 02:00:00+02:00,0.0,0.06654863520120526,0.0,0.7311777193196161
2023-06-17 03:00:00+02:00,0.0,0.06179858842044151,0.0,0.6994224320596845
2023-06-17 04:00:00+02:00,0.0,0.06242233193710746,0.0,0.6785735415100406
2023-06-17 05:00:00+02:00,0.0,0.06434154275761807,0.0,0.6815360503109646
2023-06-17 06:00:00+02:00,0.03354102354088009,0.06448548356915636,0.0,0.7033352524758684
2023-06-17 07:00:00+02:00,0.0998716423966735,0.06419760194607976,0.0,0.7031163012956092
2023-06-17 08:00:00+02:00,0.24373599184085568,0.05484144919609056,0.0,0.6772885027749206
2023-06-17 09:00:00+02:00,0.4143785107922171,0.039343821820467424,0.0,0.6150890364388071
2023-06-17 10:00:00+02:00,0.5494989681524224,0.03334628800637178,0.0,0.5765069799133457
2023-06-17 11:00:00+02:00,0.6528545050513054,0.03219476151406541,0.0,0.5764324730191227
2023-06-17 12:00:00+02:00,0.7357848565352737,0.03603318315508663,0.0,0.5724426745713211
2023-06-17 13:00:00+02:00,0.7564832885778128,0.03953574290251848,0.0,0.5374400694168651
2023-06-17 14:00:00+02:00,0.7219175901833416,0.04371002643712905,0.0,0.5336655154432306
2023-06-17 15:00:00+02:00,0.681955270893291,0.046924704561484315,0.0,0.5394022260702852
2023-06-17 16:00:00+02:00,0.587548561049103,0.047692388889688554,0.0,0.567678888568459
2023-06-17 17:00:00+02:00,0.46226498228337176,0.05023534322686511,0.0,0.6078541462219069
2023-06-17 18:00:00+02:00,0.29469648789278347,0.054553567573013974,0.0,0.6816798768126522
2023-06-17 19:00:00+02:00,0.13751136535191774,0.054457607031988445,0.0,0.7806770476616727
2023-06-17 20:00:00+02:00,0.0495942629138064,0.053258100269169315,0.0,0.7832921008833829
2023-06-17 21:00:00+02:00,0.019537133875135854,0.06199050950249257,0.0,0.8149888211361729
2023-06-17 22:00:00+02:00,0.014823629548617065,0.07907148580503696,0.0,0.8618382500665971
2023-06-17 23:00:00+02:00,0.0,0.10579649648064715,0.0,0.8461061611581673
2023-06-18 00:00:00+02:00,0.0,0.12988259227805526,0.0,0.7794481047962992
2023-06-18 01:00:00+02:00,0.0,0.1351604220344594,0.0,0.719255770865076
2023-06-18 02:00:00+02:00,0.0,0.14542819992419118,0.0,0.6921737003207176
2023-06-18 03:00:00+02:00,0.0,0.1397665280036849,0.0,0.6613589626324514
2023-06-18 04:00:00+02:00,0.0,0.13468061932933176,0.0,0.6105511197500244
2023-06-18 05:00:00+02:00,0.0,0.12700377604728935,0.0,0.5884634017854279
2023-06-18 06:00:00+02:00,0.02711972779170956,0.12220574899601283,0.0,0.6073283907234631
2023-06-18 07:00:00+02:00,0.07753373058838879,0.10977885893320666,0.0,0.6167529152489399
2023-06-18 08:00:00+02:00,0.17897654109390188,0.09106655343322825,0.0,0.6141859267004434
2023-06-18 09:00:00+02:00,0.29476479954968954,0.07710429471401359,0.0,0.5926856201631756
2023-06-18 10:00:00+02:00,0.4045416321977431,0.07072291873581582,0.0,0.5302786955374593
2023-06-18 11:00:00+02:00,0.5055062611049137,0.08147049933067523,0.0,0.48657378203328117
2023-06-18 12:00:00+02:00,0.5622049363369513,0.09317768533578992,0.0,0.47422542410887913
2023-06-18 13:00:00+02:00,0.5770285658855684,0.1126096948934598,0.0,0.45769549906775875
2023-06-18 14:00:00+02:00,0.5593358467468964,0.15243331941905489,0.0,0.45509527267041716
2023-06-18 15:00:00+02:00,0.5257265115491102,0.1642364659651951,0.0,0.4825076233382105
2023-06-18 16:00:00+02:00,0.45468238836679803,0.17877448793056294,0.0,0.5387951680497828
2023-06-18 17:00:00+02:00,0.3522149030076939,0.17939823144722888,0.0,0.7275738068410582
2023-06-18 18:00:00+02:00,0.2392274224850551,0.17301685546903112,0.0,0.7130647279664837
2023-06-18 19:00:00+02:00,0.13252461439777466,0.1696102562626248,0.0,0.7868621629831736
2023-06-18 20:00:00+02:00,0.0554007537508223,0.17186532897672477,0.0,0.7676282185197046
2023-06-18 21:00:00+02:00,0.0214498602685058,0.14734741074470176,0.0,0.7906379525255054
2023-06-18 22:00:00+02:00,0.014891941205523134,0.16078188648827602,0.0,0.8248671879092497
2023-06-18 23:00:00+02:00,0.0,0.17915833009466506,0.0,0.781214663568726
2023-06-19 00:00:00+02:00,0.0,0.16860267058185674,0.0,0.7465984344074515
2023-06-19 01:00:00+02:00,0.0,0.14398879180880822,0.0,0.7145306602642129
2023-06-19 02:00:00+02:00,0.0,0.13223362553318074,0.0,0.6310589828303368
2023-06-19 03:00:00+02:00,0.0,0.12023855790498945,0.0,0.6183846692729408
2023-06-19 04:00:00+02:00,0.0,0.10541265431654503,0.0,0.6125451561776076
2023-06-19 05:00:00+02:00,0.0,0.08789985557938575,0.0,0.6266441329873549
2023-06-19 06:00:00+02:00,0.0281444026453006,0.07297799144991579,0.0,0.6849844036396363
2023-06-19 07:00:00+02:00,0.08436489627899574,0.06798804331658821,0.0,0.7179460207560083
2023-06-19 08:00:00+02:00,0.18464640861710563,0.06160666733839045,0.0,0.73517357310492
2023-06-19 09:00:00+02:00,0.2954479161187502,0.05867987083711178,0.0,0.755911012205404
2023-06-19 10:00:00+02:00,0.407410721787798,0.05436164649096291,0.0,0.694636528326254
2023-06-19 11:00:00+02:00,0.5061210660170683,0.05431366622045015,0.0,0.6625121630349045
2023-06-19 12:00:00+02:00,0.581605446898275,0.05848794975506071,0.0,0.6385187570590143
2023-06-19 13:00:00+02:00,0.6016890740286595,0.06338193734736276,0.0,0.6286919166532745
2023-06-19 14:00:00+02:00,0.5826984334087721,0.06976331332556053,0.0,0.5824742571173003
2023-06-19 15:00:00+02:00,0.4812556229032591,0.07724823552555189,0.0,0.6185446806736787
2023-06-19 16:00:00+02:00,0.38923982105078353,0.07043503711273924,0.0,0.6923667045583317
2023-06-19 17:00:00+02:00,0.3002297321021751,0.07221030712171154,0.0,0.7184264277306022
2023-06-19 18:00:00+02:00,0.24052534396627043,0.08305384825759647,0.0,0.7913471952299376
2023-06-19 19:00:00+02:00,0.1344373407911446,0.0841094142088773,0.0,0.8576343202073414
2023-06-19 20:00:00+02:00,0.053351404043640215,0.0893392636947687,0.0,0.8620460811285799
2023-06-19 21:00:00+02:00,0.02103999032706938,0.10761974676013222,0.0,0.8448296488979445
2023-06-19 22:00:00+02:00,0.01516518783314741,0.11395314246781722,0.0,0.8303388585418621
2023-06-19 23:00:00+02:00,0.0,0.11812742600242779,0.0,0.7900553608669819
2023-06-20 00:00:00+02:00,0.0,0.12642801280113616,0.0,0.7327861200443508
2023-06-20 01:00:00+02:00,0.0,0.13496850095240837,0.0,0.668063900620878
2023-06-20 02:00:00+02:00,0.0,0.13487254041138283,0.0,0.6389131642487289
2023-06-20 03:00:00+02:00,0.0,0.14562012100624222,0.0,0.5990018335270103
2023-06-20 04:00:00+02:00,0.0,0.152817161583157,0.0,0.6037297880376482
2023-06-20 05:00:00+02:00,0.0,0.16044602459468665,0.0,0.631802203673947
2023-06-20 06:00:00+02:00,0.028554272586737015,0.15401666834597613,0.0,0.6669677866449
2023-06-20 07:00:00+02:00,0.0793098336679466,0.15037016778700596,0.0,0.7629831748722027
2023-06-20 08:00:00+02:00,0.1581414857375507,0.13635992879727854,0.0,0.7897957584256934
2023-06-20 09:00:00+02:00,0.24469235503754067,0.12532446657934257,0.0,0.742839942826883
2023-06-20 10:00:00+02:00,0.34907256679001475,0.11947087357678522,0.0,0.6761639707189029
2023-06-20 11:00:00+02:00,0.4240104544159729,0.13775135664214874,0.0,0.6351706125552419
2023-06-20 12:00:00+02:00,0.49847016044358855,0.14643578560495923,0.0,0.6197595370050166
2023-06-20 13:00:00+02:00,0.556056887215405,0.14394081153829544,0.0,0.6160520765134208
2023-06-20 14:00:00+02:00,0.5547589657341897,0.1629889789318632,0.0,0.5848591165344903
2023-06-20 15:00:00+02:00,0.49867509541430677,0.19057763447670317,0.0,0.5973328899361036
2023-06-20 16:00:00+02:00,0.41041643469166506,0.21231269701898578,0.0,0.6657183343900354
2023-06-20 17:00:00+02:00,0.3305601077684699,0.20041358993182,0.0,0.760066137101113
2023-06-20 18:00:00+02:00,0.2330110617066028,0.1696102562626248,0.0,0.8285241125902372
2023-06-20 19:00:00+02:00,0.13143162788727755,0.11855924843704269,0.0,0.8828844693442961
2023-06-20 20:00:00+02:00,0.05444439055413733,0.08713217125118151,0.0,0.8819064799393295
2023-06-20 21:00:00+02:00,0.021723106896130075,0.08286192717554541,0.0,0.8298771076037135
2023-06-20 22:00:00+02:00,0.01516518783314741,0.07672045254991147,0.0,0.788814184820619
2023-06-20 23:00:00+02:00,0.0,0.06832390521017757,0.0,0.7942002284407319
2023-06-21 00:00:00+02:00,0.0,0.07259414928581367,0.020263424518743668,0.7029489989886712
2023-06-21 01:00:00+02:00,0.0,0.07206636631017325,0.028368794326241134,0.6369589162858573
2023-06-21 02:00:00+02:00,0.0,0.06678853655376908,0.0425531914893617,0.6123029742040669
2023-06-21 03:00:00+02:00,0.0,0.058919772189675604,0.022289766970618033,0.5904151786109046
2023-06-21 04:00:00+02:00,0.0,0.057720265426856474,0.0121580547112462,0.6019876956272002
2023-06-21 05:00:00+02:00,0.0,0.05594499541788416,0.0121580547112462,0.6109811134199943
2023-06-21 06:00:00+02:00,0.027597909390052047,0.062086470043518104,0.016210739614994935,0.6830573381881072
2023-06-21 07:00:00+02:00,0.07903658704032232,0.06256627274864575,0.0,0.7386811112250817
2023-06-21 08:00:00+02:00,0.17542433493478626,0.05234647512942678,0.0,0.737018345477662
2023-06-21 09:00:00+02:00,0.2917590866458225,0.04097515101790144,0.0,0.6931499588786225
2023-06-21 10:00:00+02:00,0.41512993901818385,0.03891199938585253,0.0,0.8345235040714706
2023-06-21 11:00:00+02:00,0.49874340707121284,0.036273084507650454,0.0,0.6355379597395984
2023-06-21 12:00:00+02:00,0.5400719594993848,0.034257913146114316,0.0,0.6567471568337943
2023-06-21 13:00:00+02:00,0.550113773064577,0.0348336763922675,0.0,0.6353940107319264
2023-06-21 14:00:00+02:00,0.5393888429303241,0.03963170344354401,0.0,0.5893184468505781
2023-06-21 15:00:00+02:00,0.4953278242259094,0.0408791904768759,0.0,0.6017232734171066
2023-06-21 16:00:00+02:00,0.42120967648282404,0.041790815616618446,0.0,0.6633513907189574
2023-06-21 17:00:00+02:00,0.32243102059664763,0.04284638156789928,0.008105369807497468,0.735364969001457
2023-06-21 18:00:00+02:00,0.22064665180660423,0.04893987592302045,0.030395136778115502,0.8023196948655351
2023-06-21 19:00:00+02:00,0.119067217987279,0.06851582629222863,0.09321175278622088,0.8403179241637757
2023-06-21 20:00:00+02:00,0.04877452303093356,0.08861955963707722,0.13171225937183384,0.8513602386852022
2023-06-21 21:00:00+02:00,0.02028856210110262,0.09912723887937279,0.23708206686930092,0.8108399965899352
2023-06-21 22:00:00+02:00,0.014891941205523134,0.11707186005114696,0.3546099290780142,0.7928761415312333
2023-06-21 23:00:00+02:00,0.0,0.14048623206137636,0.3971631205673759,0.806094744117534
2023-06-22 00:00:00+02:00,0.0,0.14120593611906784,0.39918946301925023,0.7380254932530015
2023-06-22 01:00:00+02:00,0.0,0.1413978572011189,0.3586626139817629,0.6871259680205726
2023-06-22 02:00:00+02:00,0.0,0.14504435776008903,0.2613981762917933,0.6667260999497235
2023-06-22 03:00:00+02:00,0.0,0.14422869316137205,0.342451874366768,0.6338556699049891
2023-06-22 04:00:00+02:00,0.0,0.14494839721906352,0.3708206686930091,0.6147624630214643
2023-06-22 05:00:00+02:00,0.0,0.15291312212418254,0.2695035460992908,0.6276570858338015
2023-06-22 06:00:00+02:00,0.023977391574030366,0.16102178784083984,0.182370820668693,0.6410296444833377
2023-06-22 07:00:00+02:00,0.05615218197678906,0.16481222921134828,0.14994934143870314,0.6883650404474939
2023-06-22 08:00:00+02:00,0.12501033213810703,0.14566810127675497,0.14792299898682879,0.7635395693216855
2023-06-22 09:00:00+02:00,0.1907944577386519,0.12978663173702973,0.11550151975683891,0.7517523031095872
2023-06-22 10:00:00+02:00,0.2772087037248297,0.1344886982472807,0.08105369807497467,0.6938395549898809
2023-06-22 11:00:00+02:00,0.38138398050658556,0.1643804067767334,0.0729483282674772,0.6275037475549148
2023-06-22 12:00:00+02:00,0.46287978719552636,0.1760875927818481,0.09929078014184398,0.5875512702938026
2023-06-22 13:00:00+02:00,0.4984018487866825,0.19623930639720946,0.12563323201621074,0.5841323256018994
2023-06-22 14:00:00+02:00,0.4932101628618212,0.2217648103100005,0.1519756838905775,0.6050696870738174
2023-06-22 15:00:00+02:00,0.4869938020833689,0.24182056338433636,0.18034447821681865,0.6254097525688276
2023-06-22 16:00:00+02:00,0.47367302898668534,0.25472725615227015,0.17223910840932116,0.6348232794820124
2023-06-22 17:00:00+02:00,0.41089461629000756,0.2565025261612425,0.23505572441742653,0.6903703194993381
2023-06-22 18:00:00+02:00,0.3140969984541072,0.24153268176125975,0.342451874366768,0.757448484981597
2023-06-22 19:00:00+02:00,0.1713256355204221,0.22186077085102604,0.36271529888551163,0.8210708837229999
2023-06-22 20:00:00+02:00,0.07070256489778184,0.19978984641515407,0.3059777102330294,0.7932987217890188
2023-06-22 21:00:00+02:00,0.02363583328950002,0.18083763956261184,0.2613981762917933,0.7765331653902245
2023-06-22 22:00:00+02:00,0.01516518783314741,0.18189320551389268,0.13576494427558258,0.7636078983724216
2023-06-22 23:00:00+02:00,0.0,0.18400433741645433,0.12158054711246201,0.7453677606950164
2023-06-23 00:00:00+02:00,0.0,0.18549172580235007,0.1337386018237082,0.7217188438825812
2023-06-23 01:00:00+02:00,0.0,0.1800699552344076,0.05268490374873354,0.6970603081574116
2023-06-23 02:00:00+02:00,0.0,0.15852681377417605,0.0,0.6786166639084646
2023-06-23 03:00:00+02:00,0.0,0.12676387469472553,0.028368794326241134,0.6493743676922981
2023-06-23 04:00:00+02:00,0.0,0.10469295025885356,0.060790273556231005,0.6335801275766191
2023-06-23 05:00:00+02:00,0.0,0.08953118477681976,0.10536980749746708,0.6711766587789453
2023-06-23 06:00:00+02:00,0.031013492235355516,0.07513710362299023,0.0790273556231003,0.7604909382298978
2023-06-23 07:00:00+02:00,0.09707086446352464,0.0673163195294095,0.05268490374873354,0.7761124384854851
2023-06-23 08:00:00+02:00,0.23710976112096696,0.05704854163967776,0.0668693009118541,0.775121475609196
2023-06-23 09:00:00+02:00,0.41492500404746563,0.05345002135122037,0.0790273556231003,0.7754862291501732
2023-06-23 10:00:00+02:00,0.5885732359026941,0.05656873893455011,0.02634245187436677,0.7288975157237504
2023-06-23 11:00:00+02:00,0.7216443435557174,0.06189454896146704,0.002026342451874367,0.6751364308056298
2023-06-23 12:00:00+02:00,0.7952843097004602,0.06602085222556485,0.0,0.6475358956690275
2023-06-23 13:00:00+02:00,0.8263661135927217,0.06803602358710098,0.0,0.6475714821492828
2023-06-23 14:00:00+02:00,0.8153679368308446,0.07408153767170939,0.0,0.6026984189122986
2023-06-23 15:00:00+02:00,0.7611967929043315,0.08401345366785178,0.008105369807497468,0.6061321904285704
2023-06-23 16:00:00+02:00,0.6815454009518546,0.09010694802297295,0.030395136778115502,0.6458491588379931
2023-06-23 17:00:00+02:00,0.5577646786380568,0.09634438318963241,0.05876393110435663,0.6855274518454169
2023-06-23 18:00:00+02:00,0.3929286505237113,0.10013482456014086,0.1276595744680851,0.7625801134471797
2023-06-23 19:00:00+02:00,0.21060483824141202,0.09883935725629621,0.14184397163120568,0.8086182374952267
2023-06-23 20:00:00+02:00,0.07739710727457665,0.09384940912296863,0.13576494427558258,0.8415322852167494
2023-06-23 21:00:00+02:00,0.025002066427621407,0.09975098239603875,0.14387031408308004,0.8226672962787142
2023-06-23 22:00:00+02:00,0.015438434460771689,0.10925107595756624,0.1580547112462006,0.8106592255333105
2023-06-23 23:00:00+02:00,0.0,0.12043047898704053,0.13171225937183384,0.8165989474535427
2023-06-24 00:00:00+02:00,0.0,0.12417294008703621,0.10536980749746708,0.7499667155283354
2023-06-24 01:00:00+02:00,0.0,0.12446082171011279,0.09929078014184398,0.7271739568437633
2023-06-24 02:00:00+02:00,0.0,0.12110220277421924,0.1580547112462006,0.7275054725358956
2023-06-24 03:00:00+02:00,0.0,0.12566032847293193,0.1337386018237082,0.7035841023168337
2023-06-24 04:00:00+02:00,0.0,0.12820328281010848,0.19655521783181357,0.6658965065488542
2023-06-24 05:00:00+02:00,0.0,0.1330972704024105,0.20871327254305977,0.6661517844997019
2023-06-24 06:00:00+02:00,0.032174790402758696,0.13045835552420842,0.2553191489361702,0.6703735075990853
2023-06-24 07:00:00+02:00,0.10485839335081655,0.12407697954601067,0.24316109422492402,0.7046525385031048
2023-06-24 08:00:00+02:00,0.27461286076239905,0.09644034373065795,0.20263424518743667,0.6979751557984006
2023-06-24 09:00:00+02:00,0.4854226339745293,0.07547296551657957,0.23100303951367782,0.67935741361468
2023-06-24 10:00:00+02:00,0.6620765787336248,0.07403355740119662,0.20466058763931105,0.6620585657992731
2023-06-24 11:00:00+02:00,0.7861305476750469,0.08377355231528795,0.1580547112462006,0.6164116375132129
2023-06-24 12:00:00+02:00,0.8577894757695137,0.08550084205374749,0.1337386018237082,0.5641033889155145
2023-06-24 13:00:00+02:00,0.8835429704231018,0.07849572255888378,0.09523809523809523,0.5490405092348362
2023-06-24 14:00:00+02:00,0.8770533630170253,0.07355375469606897,0.05065856129685917,0.5608025687946225
2023-06-24 15:00:00+02:00,0.8331972792833287,0.07273809009735197,0.002026342451874367,0.5744591962474261
2023-06-24 16:00:00+02:00,0.7432308271380352,0.07177848468709666,0.0,0.5933100986514257
2023-06-24 17:00:00+02:00,0.6044898519618083,0.07336183361401791,0.0,0.6984124403745703
2023-06-24 18:00:00+02:00,0.4244203243574093,0.07547296551657957,0.004052684903748734,0.7715688392315796
2023-06-24 19:00:00+02:00,0.22467703956406232,0.08012705175631779,0.004052684903748734,0.8323450003900237
2023-06-24 20:00:00+02:00,0.07876334041269804,0.08578872367682408,0.002026342451874367,0.9242487588924212
2023-06-24 21:00:00+02:00,0.02472881979999713,0.10368536457808548,0.014184397163120567,0.9052804722077434
2023-06-24 22:00:00+02:00,0.014960252862429203,0.1310820990408744,0.004052684903748734,0.8732245584731142
2023-06-24 23:00:00+02:00,0.0,0.14341302856265503,0.0,0.853101590805317
2023-06-25 00:00:00+02:00,0.0,0.14461253532547416,0.0,0.7433150347543074
2023-06-25 01:00:00+02:00,0.0,0.15233735887802935,0.0060790273556231,0.6969497195045691
2023-06-25 02:00:00+02:00,0.0,0.15152169427931234,0.0060790273556231,0.6700896890622133
2023-06-25 03:00:00+02:00,0.0,0.15080199022162086,0.014184397163120567,0.6316337883042962
2023-06-25 04:00:00+02:00,0.0,0.1441327326203465,0.09523809523809523,0.6348177194228741
2023-06-25 05:00:00+02:00,0.0,0.13439273770625518,0.10131712259371833,0.6315150459489361
2023-06-25 06:00:00+02:00,0.03169660880441621,0.12412495981652344,0.13171225937183384,0.6258533374944688
2023-06-25 07:00:00+02:00,0.10485839335081655,0.1126096948934598,0.10131712259371833,0.6406682301304993
2023-06-25 08:00:00+02:00,0.27372480922262016,0.07945532796913908,0.0911854103343465,0.6519276424791389
2023-06-25 09:00:00+02:00,0.4790696498822648,0.053881843785835264,0.09321175278622088,0.6028735074038006
2023-06-25 10:00:00+02:00,0.6418563282894283,0.05364194243327144,0.19858156028368795,0.5937811163548048
2023-06-25 11:00:00+02:00,0.7570980934899674,0.06338193734736276,0.27760891590678827,0.579710435119113
2023-06-25 12:00:00+02:00,0.8098346926214529,0.07456134037683704,0.3323201621073962,0.5396729486298502
2023-06-25 13:00:00+02:00,0.7866087292733893,0.08900340180117935,0.19250253292806485,0.527336946392422
2023-06-25 14:00:00+02:00,0.7779331488463186,0.10258181835629189,0.3282674772036474,0.5008172031290646
2023-06-25 15:00:00+02:00,0.7836713280264284,0.13674377096138068,0.3667679837892604,0.5041143165438644
2023-06-25 16:00:00+02:00,0.7072988956054428,0.15814297161007393,0.5349544072948328,0.515660513845135
2023-06-25 17:00:00+02:00,0.5712220750485525,0.16701932165493547,0.7031408308004052,0.5870749427976808
2023-06-25 18:00:00+02:00,0.39142579407177774,0.1786785273895374,0.6504559270516718,0.6618645762593571
2023-06-25 19:00:00+02:00,0.2001531547347834,0.20737072915617097,0.49240121580547114,0.7542969289155463
2023-06-25 20:00:00+02:00,0.07206879803590324,0.22291633680230688,0.41742654508611954,0.7435867478706009
2023-06-25 21:00:00+02:00,0.02438726151546678,0.2495933672074043,0.4397163120567376,0.7305686854400831
2023-06-25 22:00:00+02:00,0.015438434460771689,0.2635076456561062,0.4012158054711246,0.7450988914884975
2023-06-25 23:00:00+02:00,0.0,0.26960114001122737,0.5268490374873354,0.7224778821072886
2023-06-26 00:00:00+02:00,0.0,0.2683056727073827,0.5876393110435664,0.6603729420309518
2023-06-26 01:00:00+02:00,0.0,0.26777788973174227,0.5997973657548126,0.59328674535216
2023-06-26 02:00:00+02:00,0.0,0.2450352415086916,0.5775075987841946,0.5542082194590385
2023-06-26 03:00:00+02:00,0.0,0.2333760357740897,0.403242147922999,0.5344481519791726
2023-06-26 04:00:00+02:00,0.0,0.21576727649590488,0.30192502532928067,0.5446951015053033
2023-06-26 05:00:00+02:00,0.0,0.1975347737010541,0.2188449848024316,0.5803041468959129
2023-06-26 06:00:00+02:00,0.030603622293919098,0.18016591577543312,0.2006079027355623,0.6159495190571112
2023-06-26 07:00:00+02:00,0.09235736013700585,0.14907470048316132,0.1641337386018237,0.6593093256134858
2023-06-26 08:00:00+02:00,0.2220128849447256,0.13439273770625518,0.0729483282674772,0.7023313161282567
2023-06-26 09:00:00+02:00,0.38609748483310435,0.13650386960881686,0.04660587639311044,0.637604772214343
2023-06-26 10:00:00+02:00,0.5440340355999368,0.13933470556907,0.022289766970618033,0.6040367148618172
2023-06-26 11:00:00+02:00,0.6600955406833487,0.15113785211521022,0.014184397163120567,0.574876093940089
2023-06-26 12:00:00+02:00,0.7208246036728445,0.17546384926518213,0.002026342451874367,0.5472809963566405
2023-06-26 13:00:00+02:00,0.7358531681921798,0.2001736885792562,0.0,0.5227733277729629
2023-06-26 14:00:00+02:00,0.7284755092463243,0.2146157500035985,0.0,0.5041296386465973
2023-06-26 15:00:00+02:00,0.691860461144671,0.2256512122215345,0.014184397163120567,0.5109496122842918
2023-06-26 16:00:00+02:00,0.6292869834187115,0.22939367332153018,0.044579533941236066,0.5327820522980405
2023-06-26 17:00:00+02:00,0.5178706710049122,0.2263229360087132,0.12360688956433637,0.5688710093848798
2023-06-26 18:00:00+02:00,0.3598658085811737,0.21845417164461972,0.1641337386018237,0.6004517034316734
2023-06-26 19:00:00+02:00,0.19421004058395536,0.2079944726728369,0.23100303951367782,0.6630506417382753
2023-06-26 20:00:00+02:00,0.07241035632043358,0.18146138307927778,0.2796352583586626,0.7162021974984987
2023-06-26 21:00:00+02:00,0.02329427500496967,0.17229715141133964,0.3302938196555218,0.728585401612823
2023-06-26 22:00:00+02:00,0.01516518783314741,0.17632749413441193,0.4072948328267477,0.7131350328762502
2023-06-26 23:00:00+02:00,0.0,0.17349665817415877,0.44376899696048633,0.6763086600169079
2023-06-27 00:00:00+02:00,0.0,0.16927439436903544,0.24924012158054712,0.6327746330197754
2023-06-27 01:00:00+02:00,0.0,0.1590066164793037,0.23100303951367782,0.5908178672635477
2023-06-27 02:00:00+02:00,0.0,0.1406781531434274,0.2573454913880446,0.5657239003152544
2023-06-27 03:00:00+02:00,0.0,0.13156190174600205,0.20466058763931105,0.5317289382145023
2023-06-27 04:00:00+02:00,0.0,0.121150183044732,0.19858156028368795,0.5462350506733178
2023-06-27 05:00:00+02:00,0.0,0.11275363570499809,0.13576494427558258,0.5440920004572884
2023-06-27 06:00:00+02:00,0.03039868732320089,0.1065641808088514,0.0972644376899696,0.5933676803562652
2023-06-27 07:00:00+02:00,0.09413346321656366,0.0944251723691218,0.07700101317122594,0.6831093598338085
2023-06-27 08:00:00+02:00,0.22611158435908976,0.06894764872684352,0.05268490374873354,0.6389929861901212
2023-06-27 09:00:00+02:00,0.40023799781266073,0.06021523949352026,0.02634245187436677,0.5798800860574612
2023-06-27 10:00:00+02:00,0.5671233756341884,0.0627581938306968,0.004052684903748734,0.5668667208897642
2023-06-27 11:00:00+02:00,0.6844144905419095,0.06928351062043288,0.002026342451874367,0.5745472996517469
2023-06-27 12:00:00+02:00,0.7583277033142766,0.07374567577812004,0.022289766970618033,0.5629537779675958
2023-06-27 13:00:00+02:00,0.7753373058838879,0.07916744634606249,0.03850050658561297,0.5502941687285839
2023-06-27 14:00:00+02:00,0.7526578357910728,0.08228616392939223,0.03850050658561297,0.549216343271098
2023-06-27 15:00:00+02:00,0.6995113667181508,0.09001098748194741,0.0121580547112462,0.5221540418258978
2023-06-27 16:00:00+02:00,0.6256664656026898,0.09634438318963241,0.0243161094224924,0.5142391897809229
2023-06-27 17:00:00+02:00,0.5042766512806044,0.10450102917680248,0.0364741641337386,0.5437357733912085
2023-06-27 18:00:00+02:00,0.35214659135078785,0.10723590459603011,0.05065856129685917,0.6112933552913327
2023-06-27 19:00:00+02:00,0.19666926023257386,0.108483391629362,0.07700101317122594,0.718398627434911
2023-06-27 20:00:00+02:00,0.07828515881435555,0.11121826704858961,0.09929078014184398,0.736329984935101
2023-06-27 21:00:00+02:00,0.024523884829278923,0.11903905114217034,0.1458966565349544,0.7118770541464883
2023-06-27 22:00:00+02:00,0.01516518783314741,0.1280593419985702,0.11955420466058764,0.6684784496821305
2023-06-27 23:00:00+02:00,0.0,0.12882702632677442,0.09523809523809523,0.6790920061022845
2023-06-28 00:00:00+02:00,0.0,0.12964269092549144,0.11144883485309018,0.6243096868747888
2023-06-28 01:00:00+02:00,0.0,0.12143806466780858,0.05673758865248227,0.5471087517749131
2023-06-28 02:00:00+02:00,0.0,0.11121826704858961,0.034447821681864235,0.5127532381176401
2023-06-28 03:00:00+02:00,0.0,0.10838743108833647,0.0972644376899696,0.5051119525420048
2023-06-28 04:00:00+02:00,0.0,0.10258181835629189,0.22897669706180346,0.5017243923459004
2023-06-28 05:00:00+02:00,0.0,0.095816600213992,0.17223910840932116,0.5035218403357618
2023-06-28 06:00:00+02:00,0.029852194067952337,0.08885946098964105,0.16818642350557245,0.5401164110495069
2023-06-28 07:00:00+02:00,0.09317710001987868,0.08295788771657094,0.1033434650455927,0.6564745809211833
2023-06-28 08:00:00+02:00,0.22781937578174152,0.06985927386658605,0.07092198581560284,0.6926070331788264
2023-06-28 09:00:00+02:00,0.40706916350326766,0.06155868706787768,0.034447821681864235,0.6614060420033631
2023-06-28 10:00:00+02:00,0.570812205107116,0.05863189056659901,0.0060790273556231,0.5678449553066995
2023-06-28 11:00:00+02:00,0.6982134452369355,0.05474548865506503,0.0,0.5320095453236464
2023-06-28 12:00:00+02:00,0.7674131536827838,0.05311415945763102,0.0,0.5471178960341591
2023-06-28 13:00:00+02:00,0.8008858655667579,0.0516267710717353,0.0,0.5312128222536687
2023-06-28 14:00:00+02:00,0.7882482090391351,0.053066179187118256,0.0,0.5358305608838438
2023-06-28 15:00:00+02:00,0.7398152442927318,0.05345002135122037,0.0,0.5470112643538041
2023-06-28 16:00:00+02:00,0.6458184043899803,0.05613691649993522,0.0,0.5649591795254244
2023-06-28 17:00:00+02:00,0.5161628795822605,0.05613691649993522,0.0,0.6002362139455375
2023-06-28 18:00:00+02:00,0.35767983556017946,0.05824804840249689,0.0121580547112462,0.7010585105741262
2023-06-28 19:00:00+02:00,0.1933903007010825,0.0611268646332628,0.08308004052684904,0.8013658043045941
2023-06-28 20:00:00+02:00,0.0719321747220911,0.06414962167556701,0.12968591691995948,0.781632301551722
2023-06-28 21:00:00+02:00,0.023089340034251463,0.07259414928581367,0.16210739614994935,0.7391122179577647
2023-06-28 22:00:00+02:00,0.015096876176241341,0.08406143393836454,0.17831813576494426,0.7265289689660218
2023-06-28 23:00:00+02:00,0.0,0.08996300721143465,0.1945288753799392,0.7181193784004487
2023-06-29 00:00:00+02:00,0.0,0.08641246719349004,0.1945288753799392,0.6319889075620899
2023-06-29 01:00:00+02:00,0.0,0.07787197904221783,0.19250253292806485,0.5809681688369062
2023-06-29 02:00:00+02:00,0.0,0.07134666225248178,0.1580547112462006,0.5490825238249739
2023-06-29 03:00:00+02:00,0.0,0.06534912843838613,0.17223910840932116,0.5432996018777517
2023-06-29 04:00:00+02:00,0.0,0.060071298681981966,0.11347517730496454,0.5341912709416744
2023-06-29 05:00:00+02:00,0.0,0.05815208786147136,0.044579533941236066,0.5291348896606476
2023-06-29 06:00:00+02:00,0.029032454185079503,0.05613691649993522,0.028368794326241134,0.5798063194535714
2023-06-29 07:00:00+02:00,0.08771216746739313,0.05474548865506503,0.030395136778115502,0.6291594726625301
2023-06-29 08:00:00+02:00,0.20520821734583253,0.04965957998071193,0.0243161094224924,0.723914411022676
2023-06-29 09:00:00+02:00,0.3528297079198485,0.04961159971019916,0.04660587639311044,0.6490701622719193
2023-06-29 10:00:00+02:00,0.4836465308949715,0.04961159971019916,0.18642350557244175,0.5942620186077628
2023-06-29 11:00:00+02:00,0.5844062248314239,0.05311415945763102,0.19858156028368795,0.5724916072952788
2023-06-29 12:00:00+02:00,0.6281256852513083,0.059063713001213894,0.1519756838905775,0.5623362176131657
2023-06-29 13:00:00+02:00,0.6266228287993748,0.06981129359607328,0.14387031408308004,0.5836290658608306
2023-06-29 14:00:00+02:00,0.5929451819446826,0.08156645987170075,0.10131712259371833,0.5181920436737874
2023-06-29 15:00:00+02:00,0.5328992355242476,0.11107432623705131,0.1094224924012158,0.5296932652235878
2023-06-29 16:00:00+02:00,0.44908083250050035,0.1357361852806126,0.13171225937183384,0.5361836990281804
2023-06-29 17:00:00+02:00,0.3677216491253717,0.15612780024853778,0.14387031408308004,0.585517823428314
2023-06-29 18:00:00+02:00,0.2537778054060479,0.17292089492800558,0.20466058763931105,0.6560300054388136
2023-06-29 19:00:00+02:00,0.13798954695026022,0.1722011908703141,0.2917933130699088,0.7415587333038396
2023-06-29 20:00:00+02:00,0.0587480249392197,0.16457232785878445,0.41134751773049644,0.7636987179261061
2023-06-29 21:00:00+02:00,0.022337911808284698,0.15852681377417605,0.32016210739615,0.7162083753419857
2023-06-29 22:00:00+02:00,0.015301811146959549,0.1495065229177762,0.3485309017223911,0.7403610524282807
2023-06-29 23:00:00+02:00,0.0,0.1433170680216295,0.2066869300911854,0.7401055294654642
2023-06-30 00:00:00+02:00,0.0,0.12877904605626164,0.47011144883485306,0.6852814459142262
2023-06-30 01:00:00+02:00,0.0,0.12777146037549358,0.6565349544072948,0.5802338419861465
2023-06-30 02:00:00+02:00,0.0,0.13098613849984886,0.5997973657548126,0.5094197979322519
2023-06-30 03:00:00+02:00,0.0,0.13041037525369567,0.44376899696048633,0.48403929104329646
2023-06-30 04:00:00+02:00,0.0,0.1330972704024105,0.23505572441742653,0.4710162863379891
2023-06-30 05:00:00+02:00,0.0,0.12335727548831919,0.20263424518743667,0.5066315095720857
2023-06-30 06:00:00+02:00,0.02431894985856071,0.11616023491140443,0.1519756838905775,0.5935436316440847
2023-06-30 07:00:00+02:00,0.06626230719888733,0.11404910300884276,0.09929078014184398,0.7080926156232747
2023-06-30 08:00:00+02:00,0.153496293067938,0.10761974676013222,0.0364741641337386,0.7679491093719247
2023-06-30 09:00:00+02:00,0.2678500067286982,0.1083394508178237,0.034447821681864235,0.7589460520415205
2023-06-30 10:00:00+02:00,0.380837487251337,0.12215776872550006,0.010131712259371834,0.7200940132468271
2023-06-30 11:00:00+02:00,0.46813978477729373,0.14019835043829976,0.010131712259371834,0.652617856374746
2023-06-30 12:00:00+02:00,0.5001096402093342,0.16610769651519294,0.12563323201621074,0.6335596181871278
2023-06-30 13:00:00+02:00,0.5084436623518747,0.19484787855233926,0.2695035460992908,0.5988351490044211
2023-06-30 14:00:00+02:00,0.4940982144016001,0.22363604085999836,0.3181357649442756,0.5673406997544755
2023-06-30 15:00:00+02:00,0.5006561334645828,0.2535757296599638,0.3728470111448835,0.5556537648732609
2023-06-30 16:00:00+02:00,0.45755147795685297,0.27224005488942943,0.23910840932117527,0.5404654697153713
2023-06-30 17:00:00+02:00,0.36977099883255377,0.2805406416881378,0.25329280648429586,0.5742998026310369
2023-06-30 18:00:00+02:00,0.26238507417621265,0.27708606221121873,0.3181357649442756,0.6246475029163925
2023-06-30 19:00:00+02:00,0.14393266110108827,0.2702728637984061,0.3120567375886525,0.6224206790409099
2023-06-30 20:00:00+02:00,0.055674000378446574,0.2508408542407362,0.23910840932117527,0.6625780209482457
2023-06-30 21:00:00+02:00,0.020493497071820826,0.2405250960804917,0.2938196555217832,0.646628216428254
2023-06-30 22:00:00+02:00,0.014823629548617065,0.24988124883048088,0.4194528875379939,0.6737317869188323
2023-06-30 23:00:00+02:00,0.0,0.2903765971432547,0.4336372847011145,0.6356290243052516
2023-07-01 00:00:00+02:00,0.0,0.3277532278726987,0.47213779128672745,0.620165186818992
2023-07-01 01:00:00+02:00,0.0,0.3523191263752345,0.5106382978723404,0.5943010615277149
2023-07-01 02:00:00+02:00,0.0,0.35289488962138765,0.60790273556231,0.584787325789631
2023-07-01 03:00:00+02:00,0.0,0.34752109932395797,0.7051671732522796,0.5638578730082615
2023-07-01 04:00:00+02:00,0.0,0.3464655333726771,0.6565349544072948,0.5102708860249144
2023-07-01 05:00:00+02:00,0.014687006234804924,0.3511675998829281,0.6504559270516718,0.4934235318256972
2023-07-01 06:00:00+02:00,0.025616871339776033,0.35467015963035997,0.7497467071935157,0.4957038579275472
2023-07-01 07:00:00+02:00,0.0670137354248541,0.35855656154189397,0.8044579533941236,0.5108152975598034
2023-07-01 08:00:00+02:00,0.15226668324362874,0.3615793185841982,0.8693009118541033,0.5565199300566874
2023-07-01 09:00:00+02:00,0.24250638201654642,0.37203901755598096,0.7254305977710233,0.5549298178504445
2023-07-01 10:00:00+02:00,0.31641959478891357,0.3842260062662233,0.6808510638297872,0.535948557694444
2023-07-01 11:00:00+02:00,0.38411644678282836,0.4009231404046656,0.5775075987841946,0.5060861074804681
2023-07-01 12:00:00+02:00,0.43084162010657984,0.4254410586366886,0.47213779128672745,0.470355230812755
2023-07-01 13:00:00+02:00,0.4494907024419368,0.45576458960075616,0.5329280648429585,0.431421889496003
2023-07-01 14:00:00+02:00,0.45399927179773736,0.4604666561110071,0.6058763931104356,0.37063151929753907
2023-07-01 15:00:00+02:00,0.43323252809829227,0.3939180209098019,0.668693009118541,0.3979164786290907
2023-07-01 16:00:00+02:00,0.41150942120216216,0.39929181120723156,0.6869300911854104,0.3652798265889841
2023-07-01 17:00:00+02:00,0.381793850448022,0.4830653635225195,0.6808510638297872,0.3882921542381641
2023-07-01 18:00:00+02:00,0.2799411700010725,0.480714330267394,0.5309017223910841,0.46603132302944195
2023-07-01 19:00:00+02:00,0.1532230464403137,0.45518882635460295,0.42958459979736574,0.556850827964471
2023-07-01 20:00:00+02:00,0.058884648253031836,0.391854869277753,0.3546099290780142,0.6107768665581192
2023-07-01 21:00:00+02:00,0.021244925297787588,0.3353341106137156,0.44984802431610943,0.618661692181977
2023-07-01 22:00:00+02:00,0.015096876176241341,0.29330339364453334,0.44984802431610943,0.6654619433764747
2023-07-01 23:00:00+02:00,0.0,0.29205590661120145,0.49848024316109424,0.6564341746721228
2023-07-02 00:00:00+02:00,0.0,0.290520537954793,0.5086119554204661,0.5345834520059629
2023-07-02 01:00:00+02:00,0.0,0.28174014845095696,0.4316109422492401,0.5028380492956106
2023-07-02 02:00:00+02:00,0.0,0.27468704868558047,0.342451874366768,0.47792188698818294
2023-07-02 03:00:00+02:00,0.0,0.24114883959715763,0.4012158054711246,0.4673507126761199
2023-07-02 04:00:00+02:00,0.0,0.18505990336773517,0.38095238095238093,0.45684786741479283
2023-07-02 05:00:00+02:00,0.015028564519335272,0.16970621680365033,0.3161094224924012,0.4523247775503787
2023-07-02 06:00:00+02:00,0.0281444026453006,0.15780710971648457,0.2917933130699088,0.42257303849522976
2023-07-02 07:00:00+02:00,0.08067606680606798,0.13386495473061477,0.364741641337386,0.38867717215666386
2023-07-02 08:00:00+02:00,0.18737887489334842,0.11942289330627245,0.28368794326241137,0.34776005173428753
2023-07-02 09:00:00+02:00,0.31983517763421704,0.1252764863088298,0.2188449848024316,0.3168080381602005
2023-07-02 10:00:00+02:00,0.4563901797894498,0.134632639058819,0.12360688956433637,0.313585926917988
2023-07-02 11:00:00+02:00,0.5523680577424773,0.14667568695752306,0.07700101317122594,0.3090640726222712
2023-07-02 12:00:00+02:00,0.5922620653756219,0.16572385435109083,0.07092198581560284,0.309492212939195
2023-07-02 13:00:00+02:00,0.6128238741043488,0.1875068971638862,0.0486322188449848,0.2926804452202331
2023-07-02 14:00:00+02:00,0.6194501048242375,0.21327230242924108,0.08713272543059777,0.26983727323103707
2023-07-02 15:00:00+02:00,0.5939015451413675,0.24282814906510441,0.11752786220871327,0.26114534470925826
2023-07-02 16:00:00+02:00,0.5268194980596074,0.2642753299843104,0.23302938196555217,0.2659538614516216
2023-07-02 17:00:00+02:00,0.4272894139474642,0.27799768735096125,0.2512664640324215,0.3809555746156985
2023-07-02 18:00:00+02:00,0.3051481713994121,0.27718202275224424,0.29584599797365757,0.5622659127033992
2023-07-02 19:00:00+02:00,0.17788355458340477,0.30923284345477137,0.24924012158054712,0.5433888130903589
2023-07-02 20:00:00+02:00,0.06510100903148415,0.28572251090351647,0.20871327254305977,0.6076018346868184
2023-07-02 21:00:00+02:00,0.02117661364088152,0.25323986776637447,0.19655521783181357,0.6753000316609021
2023-07-02 22:00:00+02:00,0.014960252862429203,0.22651485709076427,0.20466058763931105,0.7435795847248121
2023-07-02 23:00:00+02:00,0.0,0.22085318517025798,0.1661600810536981,0.638759085679509
2023-07-03 00:00:00+02:00,0.0,0.2168228424471857,0.1540020263424519,0.5110960324293585
2023-07-03 01:00:00+02:00,0.0,0.2191738757023112,0.18034447821681865,0.4804312990862667
2023-07-03 02:00:00+02:00,0.0,0.2165349608241091,0.18642350557244175,0.4589303747646502
2023-07-03 03:00:00+02:00,0.0,0.1968630499138754,0.3728470111448835,0.4468521216154645
2023-07-03 04:00:00+02:00,0.0,0.17627951386389915,0.2796352583586626,0.44572758955944675
2023-07-03 05:00:00+02:00,0.014823629548617065,0.17138552627159712,0.2066869300911854,0.48267097392708747
2023-07-03 06:00:00+02:00,0.025411936369057822,0.16279705784981213,0.28976697061803447,0.5302945129185566
2023-07-03 07:00:00+02:00,0.07637243242098561,0.14446859451393587,0.21681864235055726,0.6063840119397214
2023-07-03 08:00:00+02:00,0.19557627372207675,0.14638780533444645,0.0729483282674772,0.5770537400796449
2023-07-03 09:00:00+02:00,0.34811620359332973,0.18294877146517352,0.0060790273556231,0.5542955773185997
2023-07-03 10:00:00+02:00,0.4688229013463544,0.2054035380651476,0.002026342451874367,0.4966866671013189
2023-07-03 11:00:00+02:00,0.5498405264369528,0.22680273871384085,0.0,0.47270178760032616
2023-07-03 12:00:00+02:00,0.5990932310662288,0.2590934607689318,0.0,0.4287871896811192
2023-07-03 13:00:00+02:00,0.6432225614275496,0.29195994607017595,0.0,0.42775607082216505
2023-07-03 14:00:00+02:00,0.6526495700805872,0.3043868361329821,0.0,0.4300613585643582
2023-07-03 15:00:00+02:00,0.6445887945656711,0.31225560049707557,0.016210739614994935,0.4181135856731576
2023-07-03 16:00:00+02:00,0.5878218076767273,0.33168761005474545,0.028368794326241134,0.42857639745780396
2023-07-03 17:00:00+02:00,0.4889748401336449,0.34075588118165806,0.028368794326241134,0.45592239493389175
2023-07-03 18:00:00+02:00,0.3547424343132185,0.33063204410346464,0.040526849037487336,0.568829122555153
2023-07-03 19:00:00+02:00,0.19598614366351316,0.322187516493218,0.05268490374873354,0.6361320442887782
2023-07-03 20:00:00+02:00,0.0712490581530304,0.2803967008765995,0.07700101317122594,0.6840032028069418
2023-07-03 21:00:00+02:00,0.02363583328950002,0.24095691851510656,0.1398176291793313,0.7171712929106149
2023-07-03 22:00:00+02:00,0.014960252862429203,0.22042136273564308,0.1661600810536981,0.6987430932703851
2023-07-03 23:00:00+02:00,0.0,0.20631516320489013,0.14792299898682879,0.6520819713147543
2023-07-04 00:00:00+02:00,0.0,0.19681506964336262,0.09321175278622088,0.5642200329058596
2023-07-04 01:00:00+02:00,0.0,0.18251694903055862,0.05876393110435663,0.49164190121693296
2023-07-04 02:00:00+02:00,0.0,0.16941833518057373,0.0425531914893617,0.4785092984155116
2023-07-04 03:00:00+02:00,0.0,0.1398624885447104,0.014184397163120567,0.4691277737824745
2023-07-04 04:00:00+02:00,0.0,0.1070919637844918,0.0,0.4840306420624148
2023-07-04 05:00:00+02:00,0.014891941205523134,0.08636448692297727,0.0,0.5030500823420497
2023-07-04 06:00:00+02:00,0.027461286076239905,0.0736497152370945,0.0,0.5562595873250659
2023-07-04 07:00:00+02:00,0.08190567663037723,0.06199050950249257,0.002026342451874367,0.6073245615113866
2023-07-04 08:00:00+02:00,0.2035004259231808,0.05666469947557564,0.10739614994934144,0.5457482155888416
2023-07-04 09:00:00+02:00,0.33629828694857977,0.06765218142299886,0.2634245187436677,0.49232161277861225
2023-07-04 10:00:00+02:00,0.4613769307435929,0.07561690632811788,0.6180344478216818,0.459533475812665
2023-07-04 11:00:00+02:00,0.5607020798850177,0.09135443505630485,0.6545086119554204,0.43711350186560316
2023-07-04 12:00:00+02:00,0.6089301096607028,0.12043047898704053,0.5349544072948328,0.403474766830931
2023-07-04 13:00:00+02:00,0.6172641318032432,0.1517136153613634,0.5795339412360689,0.4019940077088333
2023-07-04 14:00:00+02:00,0.6085885513761724,0.18601950877799048,0.5349544072948328,0.3979998847705908
2023-07-04 15:00:00+02:00,0.578599733994408,0.2308330814369131,0.5876393110435664,0.3745694238600505
2023-07-04 16:00:00+02:00,0.5204665139673429,0.25736617103047227,0.6970618034447822,0.4083952303008187
2023-07-04 17:00:00+02:00,0.4248301942988457,0.27703808194070595,0.8328267477203647,0.49178758107166665
2023-07-04 18:00:00+02:00,0.30610453459609704,0.3076974747983629,0.8145896656534954,0.5272289513829586
2023-07-04 19:00:00+02:00,0.1690713508425218,0.3229552008214222,0.8409321175278622,0.5990160425670302
2023-07-04 20:00:00+02:00,0.06434958080551739,0.3206521478368095,0.8753799392097265,0.644738468304042
2023-07-04 21:00:00+02:00,0.02206466518066042,0.35265498826882385,0.8591691995947315,0.6494676583833772
2023-07-04 22:00:00+02:00,0.01523349949005348,0.3907033427854466,0.5754812563323202,0.6422515467089066
2023-07-04 23:00:00+02:00,0.0,0.4516862666071711,0.4579533941236069,0.5879023100731242
2023-07-05 00:00:00+02:00,0.0,0.439451297626416,0.601823708206687,0.5825369036029137
2023-07-05 01:00:00+02:00,0.0,0.45825956366741993,0.5552178318135765,0.5276100175833973
2023-07-05 02:00:00+02:00,0.0,0.5054241695814681,0.4376899696048632,0.475883125075525
2023-07-05 03:00:00+02:00,0.0,0.5127651509699211,0.22897669706180346,0.41570920216877816
2023-07-05 04:00:00+02:00,0.0,0.49765136575840013,0.1580547112462006,0.41144077247086297
2023-07-05 05:00:00+02:00,0.015028564519335272,0.46248182747254324,0.160081053698075,0.41878612883462135
2023-07-05 06:00:00+02:00,0.0281444026453006,0.4200192880687461,0.11955420466058764,0.44988617089485244
2023-07-05 07:00:00+02:00,0.0870973625552385,0.37208699782649374,0.1580547112462006,0.5135104229893014
2023-07-05 08:00:00+02:00,0.21675288736295825,0.33960435468935174,0.1580547112462006,0.5414886851382035
2023-07-05 09:00:00+02:00,0.37147879025520547,0.3220915559521924,0.0972644376899696,0.5399525704366923
2023-07-05 10:00:00+02:00,0.5024322365441406,0.31614200240860957,0.05268490374873354,0.4676014211245579
2023-07-05 11:00:00+02:00,0.5917838837772794,0.31441471267015003,0.034447821681864235,0.4270060543507192
2023-07-05 12:00:00+02:00,0.6326342546071089,0.31753343025347974,0.014184397163120567,0.3976867801029349
2023-07-05 13:00:00+02:00,0.6240269858369442,0.2804446811471123,0.0,0.3693179399763948
2023-07-05 14:00:00+02:00,0.6056511501292114,0.32237943757526905,0.0,0.35037906192848534
2023-07-05 15:00:00+02:00,0.570812205107116,0.3311598270791051,0.008105369807497468,0.36430085188171557
2023-07-05 16:00:00+02:00,0.5230623569297735,0.3220915559521924,0.010131712259371834,0.3941940688071418
2023-07-05 17:00:00+02:00,0.44484550977232407,0.30750555371631183,0.014184397163120567,0.4443572913297805
2023-07-05 18:00:00+02:00,0.32782764149222715,0.2844750238701846,0.0182370820668693,0.5381244782413651
2023-07-05 19:00:00+02:00,0.17699550304362585,0.24580292583689586,0.028368794326241134,0.6152079065545781
2023-07-05 20:00:00+02:00,0.06749191702319658,0.17464818466646514,0.0972644376899696,0.7042625835642422
2023-07-05 21:00:00+02:00,0.023089340034251463,0.11601629409986612,0.0911854103343465,0.7347388874265561
2023-07-05 22:00:00+02:00,0.015643369431489897,0.0959605410255303,0.0547112462006079,0.7547880884904634
2023-07-05 23:00:00+02:00,0.0,0.08909936234220488,0.05268490374873354,0.6833195395272016
2023-07-06 00:00:00+02:00,0.0,0.08718015152169427,0.05268490374873354,0.543858717731025
2023-07-06 01:00:00+02:00,0.0,0.07763207768965401,0.07497467071935157,0.4395395078221868
2023-07-06 02:00:00+02:00,0.0,0.06674055628325631,0.0790273556231003,0.40739796707505826
2023-07-06 03:00:00+02:00,0.0,0.06251829247813298,0.09523809523809523,0.3791115425332897
2023-07-06 04:00:00+02:00,0.0,0.059591495976854314,0.08713272543059777,0.3853957536169768
2023-07-06 05:00:00+02:00,0.015506746117677758,0.0536899227037842,0.060790273556231005,0.4268362809063866
2023-07-06 06:00:00+02:00,0.029032454185079503,0.05124292890763318,0.008105369807497468,0.5535815200997891
2023-07-06 07:00:00+02:00,0.09174255522485122,0.04423780941276947,0.0,0.643577364465467
2023-07-06 08:00:00+02:00,0.23936404579886725,0.0327705247602186,0.0,0.6418193321679375
2023-07-06 09:00:00+02:00,0.4292704519977402,0.029795747988427157,0.0,0.5553537614373385
2023-07-06 10:00:00+02:00,0.6049680335601507,0.03094727448073352,0.0,0.45291861708758974
2023-07-06 11:00:00+02:00,0.7266310945098604,0.032482643137142005,0.0,0.40724462879617146
2023-07-06 12:00:00+02:00,0.7887263906374775,0.03440185395765261,0.0,0.41416060927430864
2023-07-06 13:00:00+02:00,0.805940928177807,0.0348336763922675,0.0,0.3944190753249035
2023-07-06 14:00:00+02:00,0.7958991146126148,0.03387407098201219,0.0,0.34808341372390245
2023-07-06 15:00:00+02:00,0.796104049583333,0.03401801179355049,0.0,0.3494397479255175
2023-07-06 16:00:00+02:00,0.6847560488264398,0.036896828024316396,0.0,0.3929846500289577
2023-07-06 17:00:00+02:00,0.5447171521689975,0.0377124926230334,0.0,0.4689855556218641
2023-07-06 18:00:00+02:00,0.35843126378614626,0.04174283534610568,0.0,0.5879277669918317
2023-07-06 19:00:00+02:00,0.18512459021544814,0.04351810535507799,0.0182370820668693,0.7310012780078587
2023-07-06 20:00:00+02:00,0.06810672193535121,0.04471761211789712,0.028368794326241134,0.750966827918297
2023-07-06 21:00:00+02:00,0.023089340034251463,0.0547934689255778,0.0121580547112462,0.753659231944005
2023-07-06 22:00:00+02:00,0.014755317891710994,0.0809427163550348,0.02634245187436677,0.7430025531254267
2023-07-06 23:00:00+02:00,0.0,0.11812742600242779,0.0243161094224924,0.6891946391027899
2023-07-07 00:00:00+02:00,0.0,0.15838287296263776,0.05065856129685917,0.5371616884331469
2023-07-07 01:00:00+02:00,0.0,0.1811735014562012,0.0547112462006079,0.4786319977433592
2023-07-07 02:00:00+02:00,0.014687006234804924,0.179782073611331,0.05065856129685917,0.4710460677471374
2023-07-07 03:00:00+02:00,0.014618694577898855,0.1888983250087564,0.020263424518743668,0.4499960192573619
2023-07-07 04:00:00+02:00,0.014618694577898855,0.20026964912028172,0.0,0.42250557749523787
2023-07-07 05:00:00+02:00,0.014687006234804924,0.21125713106770494,0.0,0.3943354241714346
2023-07-07 06:00:00+02:00,0.014960252862429203,0.2110172297151411,0.0060790273556231,0.425563475352256
2023-07-07 07:00:00+02:00,0.028895830871267365,0.20501969590104546,0.044579533941236066,0.4538537291061011
2023-07-07 08:00:00+02:00,0.09228904848009978,0.18995389096003723,0.0851063829787234,0.5572693339982112
2023-07-07 09:00:00+02:00,0.2365632678657184,0.13847106069984022,0.12360688956433637,0.58634432790744
2023-07-07 10:00:00+02:00,0.43384733301044687,0.0926499023601495,0.1398176291793313,0.49936585264373534
2023-07-07 11:00:00+02:00,0.605241280187775,0.08554882232426025,0.11144883485309018,0.42306605142319287
2023-07-07 12:00:00+02:00,0.7251282380579269,0.0980236926575792,0.11144883485309018,0.37255290218394543
2023-07-07 13:00:00+02:00,0.8308063712916163,0.13928672529855723,0.06889564336372847,0.32250471531057456
2023-07-07 14:00:00+02:00,0.8142749503203475,0.14969844399982726,0.060790273556231005,0.31305065964234496
2023-07-07 15:00:00+02:00,0.749788746201018,0.14509233803060181,0.05673758865248227,0.32261604425375023
2023-07-07 16:00:00+02:00,0.6378259405319702,0.1422135217998359,0.044579533941236066,0.3801713297386792
2023-07-07 17:00:00+02:00,0.502910418142483,0.140150370167787,0.07092198581560284,0.4359187874058033
2023-07-07 18:00:00+02:00,0.3241388120192994,0.14254938369342526,0.12158054711246201,0.5621356774573829
2023-07-07 19:00:00+02:00,0.17187212877567065,0.1365518498793296,0.11955420466058764,0.6424148972977836
2023-07-07 20:00:00+02:00,0.08566281776021105,0.12455678225113832,0.06889564336372847,0.6558697490261067
2023-07-07 21:00:00+02:00,0.025685182996682102,0.13871096205240405,0.05876393110435663,0.6561274981143492
2023-07-07 22:00:00+02:00,0.014687006234804924,0.18822660122157767,0.03850050658561297,0.6295966347327154
2023-07-07 23:00:00+02:00,0.0,0.22018146138307926,0.0425531914893617,0.5715416684523988
2023-07-08 00:00:00+02:00,0.0,0.22550727140999619,0.18642350557244175,0.5234490876165813
2023-07-08 01:00:00+02:00,0.0,0.2319846079292195,0.4154002026342452,0.4658962732690471
2023-07-08 02:00:00+02:00,0.0,0.22296431707281963,0.36271529888551163,0.44226391412804217
2023-07-08 03:00:00+02:00,0.0,0.20271664291643274,0.19858156028368795,0.4153689149897798
2023-07-08 04:00:00+02:00,0.0,0.17364059898569706,0.06889564336372847,0.39393755528759666
2023-07-08 05:00:00+02:00,0.014823629548617065,0.15881469539725263,0.0,0.36305090434848664
2023-07-08 06:00:00+02:00,0.02698310447789742,0.15771114917545903,0.0,0.37505156168170595
2023-07-08 07:00:00+02:00,0.0835451563961229,0.12868308551523613,0.0,0.39106351740894674
2023-07-08 08:00:00+02:00,0.22440379293643803,0.10282171970885572,0.0,0.40637858611872923
2023-07-08 09:00:00+02:00,0.4139003291938746,0.0883796582845134,0.0,0.3996243478883917
2023-07-08 10:00:00+02:00,0.5655522075253487,0.08770793449733469,0.010131712259371834,0.32371339379842556
2023-07-08 11:00:00+02:00,0.6853708537385945,0.09077867181015166,0.03242147922998987,0.2922970356428107
2023-07-08 12:00:00+02:00,0.7457583584435599,0.08569276313579856,0.0364741641337386,0.2846379568270477
2023-07-08 13:00:00+02:00,0.7969921011231119,0.08286192717554541,0.034447821681864235,0.34748142573860064
2023-07-08 14:00:00+02:00,0.8057359932070888,0.0875639936857964,0.0911854103343465,0.2629709657671907
2023-07-08 15:00:00+02:00,0.7572347168037795,0.08468517745503049,0.18439716312056736,0.26724742666163886
2023-07-08 16:00:00+02:00,0.6738944953783748,0.08271798636400711,0.044579533941236066,0.3257672328018476
2023-07-08 17:00:00+02:00,0.5506602663198256,0.07590478795119446,0.016210739614994935,0.4512704331525697
2023-07-08 18:00:00+02:00,0.38111073387896127,0.0726901098268392,0.028368794326241134,0.56127532259949
2023-07-08 19:00:00+02:00,0.1905212111110276,0.07081887927684136,0.040526849037487336,0.5616807274014965
2023-07-08 20:00:00+02:00,0.07411814774308532,0.06616479303710314,0.04660587639311044,0.5709478341696145
2023-07-08 21:00:00+02:00,0.023977391574030366,0.06717237871787121,0.044579533941236066,0.5693349864484543
2023-07-08 22:00:00+02:00,0.014413759607180648,0.07120272144094347,0.0,0.5651126455647223
2023-07-08 23:00:00+02:00,0.0,0.08209424284734117,0.0,0.5341411079034459
2023-07-09 00:00:00+02:00,0.0,0.09423325128707075,0.0,0.5029105855852296
2023-07-09 01:00:00+02:00,0.0,0.1022939367332153,0.0,0.4704338224398767
2023-07-09 02:00:00+02:00,0.0,0.11491274787807253,0.0,0.4351242904612517
2023-07-09 03:00:00+02:00,0.0,0.11443294517294487,0.0,0.40335071468282824
2023-07-09 04:00:00+02:00,0.0,0.10809954946525988,0.002026342451874367,0.3925169715137176
2023-07-09 05:00:00+02:00,0.014413759607180648,0.10498083188193014,0.0,0.3435281990733563
2023-07-09 06:00:00+02:00,0.02589011796740031,0.10032674564219192,0.09321175278622088,0.35131763564112006
2023-07-09 07:00:00+02:00,0.08190567663037723,0.08981906639989636,0.08105369807497467,0.36252910582253045
2023-07-09 08:00:00+02:00,0.21456691434196404,0.08079877554349651,0.004052684903748734,0.3564084903396891
2023-07-09 09:00:00+02:00,0.37400632156073005,0.07624064984478382,0.0,0.3383449217344522
2023-07-09 10:00:00+02:00,0.5214228771640279,0.07043503711273924,0.0,0.28925149347276635
2023-07-09 11:00:00+02:00,0.6273742570253416,0.08439729583195389,0.0,0.26080814645200334
2023-07-09 12:00:00+02:00,0.6941830574794774,0.11179403029474279,0.0,0.2645266045558913
2023-07-09 13:00:00+02:00,0.708460193772846,0.09816763346911749,0.004052684903748734,0.26062416396765076
2023-07-09 14:00:00+02:00,0.6935682525673228,0.09188221803194525,0.0060790273556231,0.2664236435863032
2023-07-09 15:00:00+02:00,0.6438373663397042,0.08310182852810924,0.0121580547112462,0.30393590585081176
2023-07-09 16:00:00+02:00,0.5939698567982736,0.08243010474093053,0.030395136778115502,0.3938924570301422
2023-07-09 17:00:00+02:00,0.5002462635231464,0.08612458557041344,0.06281661600810537,0.43881655135609904
2023-07-09 18:00:00+02:00,0.35276139626294245,0.09432921182809628,0.06889564336372847,0.5005694663508123
2023-07-09 19:00:00+02:00,0.1979671817137892,0.10872329298192582,0.08308004052684904,0.5565450194574417
2023-07-09 20:00:00+02:00,0.0835451563961229,0.10857935217038753,0.10739614994934144,0.622005394943751
2023-07-09 21:00:00+02:00,0.039689072662426335,0.096632264812709,0.14994934143870314,0.6280380347826825
2023-07-09 22:00:00+02:00,0.02247453512209684,0.08780389503836022,0.11752786220871327,0.6538694175034789
2023-07-09 23:00:00+02:00,0.0,0.09332162614732821,0.09321175278622088,0.5659793060265131
2023-07-10 00:00:00+02:00,0.0,0.09082665208066443,0.09321175278622088,0.480901699005297
2023-07-10 01:00:00+02:00,0.0,0.07825582120631995,0.11144883485309018,0.4674541381831736
2023-07-10 02:00:00+02:00,0.0,0.07379365604863279,0.05065856129685917,0.44974741442836547
2023-07-10 03:00:00+02:00,0.0,0.07053099765376476,0.05065856129685917,0.4342675145490399
2023-07-10 04:00:00+02:00,0.0,0.06314203599479894,0.06281661600810537,0.42308928221647435
2023-07-10 05:00:00+02:00,0.014618694577898855,0.05532125190121821,0.04660587639311044,0.44781293556465207
2023-07-10 06:00:00+02:00,0.0281444026453006,0.053881843785835264,0.034447821681864235,0.486684125674155
2023-07-10 07:00:00+02:00,0.08914671226242059,0.05527327163070545,0.02634245187436677,0.5323469938472967
2023-07-10 08:00:00+02:00,0.22993703714582966,0.052058593506350184,0.0364741641337386,0.5649442301950713
2023-07-10 09:00:00+02:00,0.4202533132861391,0.05105100782558212,0.0668693009118541,0.48775194407607736
2023-07-10 10:00:00+02:00,0.5982051795264499,0.06088696328069897,0.0972644376899696,0.4277736190503239
2023-07-10 11:00:00+02:00,0.7197999288192535,0.07278607036786473,0.10739614994934144,0.3621243188048726
2023-07-10 12:00:00+02:00,0.7914588569137203,0.08449325637297943,0.1033434650455927,0.36522459876998165
2023-07-10 13:00:00+02:00,0.8209694926971423,0.09572063967296647,0.14387031408308004,0.357319386262617
2023-07-10 14:00:00+02:00,0.8230871540612305,0.10464496998834079,0.13576494427558258,0.3146411446209677
2023-07-10 15:00:00+02:00,0.7736978261181422,0.10997078001525772,0.11144883485309018,0.32121757821043967
2023-07-10 16:00:00+02:00,0.6915189028601407,0.11025866163833431,0.07700101317122594,0.342741855831322
2023-07-10 17:00:00+02:00,0.5767553192579441,0.10488487134090461,0.0911854103343465,0.3983017468139859
2023-07-10 18:00:00+02:00,0.4039268272855885,0.09528881723835159,0.0851063829787234,0.5088406679678517
2023-07-10 19:00:00+02:00,0.21210769469334553,0.08473315772554325,0.0486322188449848,0.7337065329989046
2023-07-10 20:00:00+02:00,0.07357165448783676,0.07125070171145624,0.034447821681864235,0.813094876281931
2023-07-10 21:00:00+02:00,0.02213297683756649,0.0693794711614584,0.05065856129685917,0.7386197055625925
2023-07-10 22:00:00+02:00,0.014755317891710994,0.07484922199991363,0.08915906788247213,0.7081403127785351
2023-07-10 23:00:00+02:00,0.0,0.08103867689606034,0.1337386018237082,0.675366880130972
2023-07-11 00:00:00+02:00,0.0,0.09063473099861337,0.17223910840932116,0.6004885307350528
2023-07-11 01:00:00+02:00,0.0,0.10219797619218976,0.1762917933130699,0.5015516577402355
2023-07-11 02:00:00+02:00,0.0,0.10291768024988124,0.20466058763931105,0.41821058307032893
2023-07-11 03:00:00+02:00,0.0,0.10373334484859825,0.18034447821681865,0.4003064080814813
2023-07-11 04:00:00+02:00,0.0,0.11424102409089382,0.17426545086119555,0.3822053996429431
2023-07-11 05:00:00+02:00,0.014550382920992786,0.11568043220627677,0.1580547112462006,0.3715765211200561
2023-07-11 06:00:00+02:00,0.027939467674582392,0.11472082679602147,0.12968591691995948,0.4413533909774941
2023-07-11 07:00:00+02:00,0.08866853066407811,0.11217787245884492,0.1337386018237082,0.49255564104963556
2023-07-11 08:00:00+02:00,0.2267263892712444,0.09312970506527715,0.1276595744680851,0.4676722213126887
2023-07-11 09:00:00+02:00,0.40064786775409716,0.0947130539921984,0.09523809523809523,0.4412896314291677
2023-07-11 10:00:00+02:00,0.5503187080352953,0.10704398351397905,0.060790273556231005,0.41300493773446084
2023-07-11 11:00:00+02:00,0.6697274843071046,0.12997855281908077,0.05673758865248227,0.4037223863576256
2023-07-11 12:00:00+02:00,0.726221224568424,0.14302918639855292,0.0668693009118541,0.3742837519701325
2023-07-11 13:00:00+02:00,0.7355116099076494,0.16058996540622494,0.12563323201621074,0.3692363924423674
2023-07-11 14:00:00+02:00,0.7211661619573748,0.16941833518057373,0.15602836879432624,0.33334562687990066
2023-07-11 15:00:00+02:00,0.6537425565910844,0.18616344958952877,0.13171225937183384,0.3533541766827787
2023-07-11 16:00:00+02:00,0.5523680577424773,0.20166107696515193,0.17426545086119555,0.3614648716207157
2023-07-11 17:00:00+02:00,0.4293387636546463,0.23510332551254923,0.24721377912867273,0.42480863911200506
2023-07-11 18:00:00+02:00,0.29196402161654067,0.2774219241048081,0.24924012158054712,0.5151127683765337
2023-07-11 19:00:00+02:00,0.1612838219552299,0.28615433333813134,0.3262411347517731,0.6388267969458963
2023-07-11 20:00:00+02:00,0.05649374026131941,0.2644672510663615,0.41742654508611954,0.6776253335142224
2023-07-11 21:00:00+02:00,0.02131323695469366,0.2277143638535834,0.5815602836879432,0.670675374896907
2023-07-11 22:00:00+02:00,0.016668044285080938,0.18673921283568196,0.630192502532928,0.6386451630929542
2023-07-11 23:00:00+02:00,0.0,0.19623930639720946,0.3465045592705167,0.5918054962061245
2023-07-12 00:00:00+02:00,0.0,0.17392848060877367,0.4072948328267477,0.515437365934846
2023-07-12 01:00:00+02:00,0.0,0.17301685546903112,0.17426545086119555,0.4511352556317638
2023-07-12 02:00:00+02:00,0.0,0.17282493438698007,0.23100303951367782,0.3894960182116366
2023-07-12 03:00:00+02:00,0.0,0.18688315364722025,0.23100303951367782,0.3524949296331721
2023-07-12 04:00:00+02:00,0.0,0.19350443097798184,0.17831813576494426,0.3650184985550606
2023-07-12 05:00:00+02:00,0.016668044285080938,0.18601950877799048,0.11347517730496454,0.38404535224687986
2023-07-12 06:00:00+02:00,0.027188039448615628,0.17517596764210555,0.0851063829787234,0.4558004411508039
2023-07-12 07:00:00+02:00,0.079719703609383,0.15200149698444,0.04660587639311044,0.5093863150714381
2023-07-12 08:00:00+02:00,0.1903162761403094,0.1423574626113742,0.034447821681864235,0.5186645419578325
2023-07-12 09:00:00+02:00,0.31792245124084706,0.14053421233188912,0.034447821681864235,0.4560264329708676
2023-07-12 10:00:00+02:00,0.41813565192205093,0.1496504637293145,0.016210739614994935,0.43654437895676645
2023-07-12 11:00:00+02:00,0.49628418742259434,0.16687538084339718,0.008105369807497468,0.4115734788542741
2023-07-12 12:00:00+02:00,0.5489524748971738,0.1914892596164457,0.0060790273556231,0.4151448990287466
2023-07-12 13:00:00+02:00,0.563776104445791,0.20669900536899224,0.002026342451874367,0.3666259087230669
2023-07-12 14:00:00+02:00,0.5602238982866753,0.22114106679333456,0.004052684903748734,0.33504966167269845
2023-07-12 15:00:00+02:00,0.5234039152143038,0.23683061525100876,0.008105369807497468,0.3182816341365094
2023-07-12 16:00:00+02:00,0.4624016055971839,0.2509368147817617,0.0364741641337386,0.31533395215995397
2023-07-12 17:00:00+02:00,0.3835016418706737,0.26566675782918064,0.08915906788247213,0.35507798057473466
2023-07-12 18:00:00+02:00,0.2812390914822878,0.27295975894712093,0.17831813576494426,0.43420004829462133
2023-07-12 19:00:00+02:00,0.16025914710163885,0.24757819584586815,0.2573454913880446,0.5237284591570279
2023-07-12 20:00:00+02:00,0.05861140162540756,0.21327230242924108,0.2634245187436677,0.5707476615317848
2023-07-12 21:00:00+02:00,0.020425185414914757,0.17795882333184593,0.26545086119554206,0.6077291035170757
2023-07-12 22:00:00+02:00,0.014618694577898855,0.17699921792159062,0.3242147922998987,0.5751521315468234
2023-07-12 23:00:00+02:00,0.0,0.18026187631645865,0.3059777102330294,0.5499468356553545
2023-07-13 00:00:00+02:00,0.0,0.1749840465600545,0.22897669706180346,0.5306577858788676
2023-07-13 01:00:00+02:00,0.0,0.16318090001391428,0.1641337386018237,0.5121605168975687
2023-07-13 02:00:00+02:00,0.0,0.154448490780591,0.0,0.44237870476534114
2023-07-13 03:00:00+02:00,0.0,0.14115795584855506,0.0,0.3971459527681536
2023-07-13 04:00:00+02:00,0.0,0.12853914470369784,0.0,0.3951842913930978
2023-07-13 05:00:00+02:00,0.014482071264086717,0.11568043220627677,0.0,0.3985633251143048
2023-07-13 06:00:00+02:00,0.0247971314569032,0.10493285161141738,0.0,0.45378725340841114
2023-07-13 07:00:00+02:00,0.07698723733314024,0.10027876537167915,0.0,0.5006663359875726
2023-07-13 08:00:00+02:00,0.20800899527898137,0.09005896775246018,0.0,0.5230728411849477
2023-07-13 09:00:00+02:00,0.3888982627662532,0.08885946098964105,0.0,0.46697669236991224
2023-07-13 10:00:00+02:00,0.553051174311538,0.10224595646270253,0.0,0.4327510411862757
2023-07-13 11:00:00+02:00,0.6747142352612476,0.12681185496523828,0.0,0.43590235224035745
2023-07-13 12:00:00+02:00,0.7098264269109673,0.14792317399085494,0.0,0.4129146134591407
2023-07-13 13:00:00+02:00,0.7032685078479847,0.15977430080750793,0.0,0.3955258141407936
2023-07-13 14:00:00+02:00,0.6902892930358314,0.17085774329595668,0.0,0.37010033150036803
2023-07-13 15:00:00+02:00,0.6490290522645655,0.17325675682159494,0.0,0.3842146304128482
2023-07-13 16:00:00+02:00,0.5876851843629152,0.16337282109596532,0.014184397163120567,0.39743335550513326
2023-07-13 17:00:00+02:00,0.4680031614634816,0.1471554896626507,0.010131712259371834,0.4576644873443397
2023-07-13 18:00:00+02:00,0.33718633848835866,0.13554426419856155,0.004052684903748734,0.4893146235045824
2023-07-13 19:00:00+02:00,0.1896331595712487,0.1149607281485853,0.0,0.5810483582962518
2023-07-13 20:00:00+02:00,0.06578412560054485,0.08674832908707938,0.0,0.6812338207496162
2023-07-13 21:00:00+02:00,0.02028856210110262,0.06880370791530523,0.004052684903748734,0.7077622129938553
2023-07-13 22:00:00+02:00,0.014208824636462438,0.060167259223007495,0.0182370820668693,0.6806032869238636
2023-07-13 23:00:00+02:00,0.0,0.05824804840249689,0.030395136778115502,0.6453356417749653
2023-07-14 00:00:00+02:00,0.0,0.05488942946660333,0.05065856129685917,0.5965336957287313
2023-07-14 01:00:00+02:00,0.0,0.050187362956352344,0.03850050658561297,0.5365442505847012
2023-07-14 02:00:00+02:00,0.0,0.04687672429097155,0.020263424518743668,0.4887197986650694
2023-07-14 03:00:00+02:00,0.0,0.0454373161755886,0.040526849037487336,0.4467330064877246
2023-07-14 04:00:00+02:00,0.0,0.05181869215378636,0.060790273556231005,0.4333205368674923
2023-07-14 05:00:00+02:00,0.014345447950274579,0.0695234119729967,0.11144883485309018,0.4178825238178933
2023-07-14 06:00:00+02:00,0.025685182996682102,0.10550861485757056,0.19858156028368795,0.4527466175178312
2023-07-14 07:00:00+02:00,0.08142749503203475,0.13967056746265935,0.3363728470111449,0.47710230589730374
2023-07-14 08:00:00+02:00,0.23014197211654788,0.1420695809882976,0.6058763931104356,0.5433346930796428
2023-07-14 09:00:00+02:00,0.4233273378469122,0.13775135664214874,0.7821681864235056,0.5447347674640306
2023-07-14 10:00:00+02:00,0.5899394690408155,0.17939823144722888,0.7922998986828774,0.5079249522761186
2023-07-14 11:00:00+02:00,0.713446944726989,0.23534322686511305,0.8470111448834853,0.44376802654940584
2023-07-14 12:00:00+02:00,0.7918004151982506,0.273343601111223,0.8490374873353597,0.45272981483443203
2023-07-14 13:00:00+02:00,0.8290302682120585,0.3037151123458034,0.8470111448834853,0.4070479178524652
2023-07-14 14:00:00+02:00,0.8239068939441032,0.3402280982060177,0.8470111448834853,0.38386828789634725
2023-07-14 15:00:00+02:00,0.7958308029557087,0.3956932909187742,0.8470111448834853,0.3321531332911001
2023-07-14 16:00:00+02:00,0.7031318845341725,0.44693621982640735,0.8470111448834853,0.33658033882105587
2023-07-14 17:00:00+02:00,0.5712903867054585,0.4757243821340664,0.8470111448834853,0.3817553866074196
2023-07-14 18:00:00+02:00,0.3929286505237113,0.46939098642638144,0.8470111448834853,0.4784258975284381
2023-07-14 19:00:00+02:00,0.1963277019480435,0.4174283534610568,0.9118541033434651,0.5871881303483293
2023-07-14 20:00:00+02:00,0.06291503601048994,0.34603371093806223,0.8774062816616008,0.6405230508085566
2023-07-14 21:00:00+02:00,0.02001531547347834,0.3372053411637135,0.6545086119554204,0.5258463027207452
2023-07-14 22:00:00+02:00,0.014755317891710994,0.3530868107034387,0.5268490374873354,0.5580259010855239
2023-07-14 23:00:00+02:00,0.0,0.35467015963035997,0.5086119554204661,0.541331762659209
2023-07-15 00:00:00+02:00,0.0,0.35289488962138765,0.3323201621073962,0.522737991559103
2023-07-15 01:00:00+02:00,0.0,0.34886454689831536,0.3890577507598784,0.4505597046130448
2023-07-15 02:00:00+02:00,0.0,0.32026830567270737,0.5491388044579534,0.3919531583976237
2023-07-15 03:00:00+02:00,0.0,0.30501057964964806,0.47416413373860183,0.370701334183368
2023-07-15 04:00:00+02:00,0.0,0.27286379840609537,0.5369807497467072,0.35130602024447927
2023-07-15 05:00:00+02:00,0.014618694577898855,0.2480579985509958,0.6504559270516718,0.3514689980609763
2023-07-15 06:00:00+02:00,0.024523884829278923,0.23630283227536836,0.729483282674772,0.3528063034537663
2023-07-15 07:00:00+02:00,0.06667217714032375,0.23270431198691097,0.7983789260385005,0.3644016784909635
2023-07-15 08:00:00+02:00,0.16169369189666633,0.2764623186945528,0.7882472137791287,0.37408024539859064
2023-07-15 09:00:00+02:00,0.27796013195079644,0.3530868107034387,0.7315096251266464,0.38519336010814786
2023-07-15 10:00:00+02:00,0.3832283952430494,0.3978044228213358,0.806484295845998,0.4309581679532506
2023-07-15 11:00:00+02:00,0.46158186571431103,0.40965554963798884,0.8814589665653495,0.3965886902679265
2023-07-15 12:00:00+02:00,0.42141461145354225,0.3209400294598861,0.8996960486322189,0.41917028395680356
2023-07-15 13:00:00+02:00,0.4029704640889035,0.34905646798036644,0.9037487335359676,0.36169556070360015
2023-07-15 14:00:00+02:00,0.4078205917292344,0.3604277920918918,0.828774062816616,0.31349523512471456
2023-07-15 15:00:00+02:00,0.3969590382811694,0.35802877856625354,0.7862208713272543,0.31285605231808017
2023-07-15 16:00:00+02:00,0.3417632195010653,0.34795292175857284,0.8368794326241135,0.3175550934703139
2023-07-15 17:00:00+02:00,0.3556304858529974,0.514204559085304,0.7943262411347518,0.2920091376274667
2023-07-15 18:00:00+02:00,0.2628632557745551,0.5290784429442613,0.7983789260385005,0.355173864909193
2023-07-15 19:00:00+02:00,0.14133681813865762,0.4769238888968856,0.8976697061803445,0.5018174380250108
2023-07-15 20:00:00+02:00,0.05143867765027027,0.4434336600789755,0.9017223910840932,0.5408202214552118
2023-07-15 21:00:00+02:00,0.020083627130384408,0.43187041488539907,0.867274569402229,0.49303827414965534
2023-07-15 22:00:00+02:00,0.014618694577898855,0.41574904399311,0.8247213779128673,0.5562699724074358
2023-07-15 23:00:00+02:00,0.0,0.43801188951103304,0.8794326241134752,0.4889095914749557
2023-07-16 00:00:00+02:00,0.0,0.48743156813918115,0.8936170212765957,0.4424213318854009
2023-07-16 01:00:00+02:00,0.0,0.4893987592302045,0.9098277608915907,0.4130244618216502
2023-07-16 02:00:00+02:00,0.0,0.44995897686871156,0.7416413373860182,0.35962998379755295
2023-07-16 03:00:00+02:00,0.0,0.3400841573944794,0.7497467071935157,0.355191040364972
2023-07-16 04:00:00+02:00,0.0,0.32559411569962426,0.6504559270516718,0.30333131896770416
2023-07-16 05:00:00+02:00,0.014413759607180648,0.3049146191086225,0.6524822695035462,0.29091722563594524
2023-07-16 06:00:00+02:00,0.025138689741433545,0.27914921384326763,0.5227963525835866,0.2882998237828247
2023-07-16 07:00:00+02:00,0.077738665559107,0.24978528828945537,0.47416413373860183,0.28362846042029777
2023-07-16 08:00:00+02:00,0.20008484307787733,0.23275229225742372,0.4214792299898683,0.2843690876205288
2023-07-16 09:00:00+02:00,0.36574061107509565,0.24997720937150641,0.28976697061803447,0.32519563875561613
2023-07-16 10:00:00+02:00,0.4984018487866825,0.2652829156650785,0.3404255319148936,0.32430735584162096
2023-07-16 11:00:00+02:00,0.5831766150071146,0.2584217369817531,0.3383991894630192,0.26437833105777847
2023-07-16 12:00:00+02:00,0.6189036115689889,0.24585090610740862,0.2755825734549139,0.2529165252003099
2023-07-16 13:00:00+02:00,0.6308581515275511,0.23841396417793,0.1519756838905775,0.2692077299620129
2023-07-16 14:00:00+02:00,0.6212945195607014,0.224115843565126,0.2006079027355623,0.28196001210775534
2023-07-16 15:00:00+02:00,0.5892563524717548,0.22507544897538131,0.1276595744680851,0.24029250244155334
2023-07-16 16:00:00+02:00,0.5200566440259065,0.21024954538693688,0.0,0.2296402706194005
2023-07-16 17:00:00+02:00,0.4282457771441492,0.20094137290746045,0.2512664640324215,0.2700997195821002
2023-07-16 18:00:00+02:00,0.31710271135797424,0.2157192962253921,0.3485309017223911,0.37283487262219794
2023-07-16 19:00:00+02:00,0.16722693610605793,0.1975347737010541,0.2877406281661601,0.513678470840999
2023-07-16 20:00:00+02:00,0.05984101144971681,0.1615015905459675,0.1945288753799392,0.5432708162797587
2023-07-16 21:00:00+02:00,0.019673757188947993,0.12695579577677657,0.1540020263424519,0.5299710336773839
2023-07-16 22:00:00+02:00,0.014413759607180648,0.12263757143062771,0.12563323201621074,0.5850627508664433
2023-07-16 23:00:00+02:00,0.0,0.14087007422547848,0.11550151975683891,0.5389871869850951
2023-07-17 00:00:00+02:00,0.0,0.14552416046521668,0.07497467071935157,0.5060250745903587
2023-07-17 01:00:00+02:00,0.0,0.140150370167787,0.0,0.4722275637236459
2023-07-17 02:00:00+02:00,0.0,0.13074623714728503,0.034447821681864235,0.36659884871770887
2023-07-17 03:00:00+02:00,0.0,0.1270997365883149,0.034447821681864235,0.35221938730480196
2023-07-17 04:00:00+02:00,0.0,0.12201382791396177,0.04660587639311044,0.3480019886958594
2023-07-17 05:00:00+02:00,0.014550382920992786,0.11524860977166189,0.02634245187436677,0.3630685750826299
2023-07-17 06:00:00+02:00,0.02582180631049424,0.10920309568705347,0.0,0.41087955825257494
2023-07-17 07:00:00+02:00,0.02431894985856071,0.10910713514602795,0.014184397163120567,0.4114817965042722
2023-07-17 08:00:00+02:00,0.21156120143809698,0.059591495976854314,0.008105369807497468,0.4522906769052162
2023-07-17 09:00:00+02:00,0.37871982588724884,0.059495535435828785,0.004052684903748734,0.3968982107354747
2023-07-17 10:00:00+02:00,0.5260680698336406,0.08588468421784962,0.002026342451874367,0.3428774008700811
2023-07-17 11:00:00+02:00,0.6399436018960583,0.11683195869858314,0.002026342451874367,0.32595986426708184
2023-07-17 12:00:00+02:00,0.7148814895220165,0.14389283126778268,0.002026342451874367,0.4130009860163999
2023-07-17 13:00:00+02:00,0.7486957596905208,0.16965823653313755,0.0,0.37387093375594166
2023-07-17 14:00:00+02:00,0.7554586137242217,0.19172916096900952,0.002026342451874367,0.32723131174653064
2023-07-17 15:00:00+02:00,0.7355799215645555,0.19086551609977975,0.0,0.3056707073550598
2023-07-17 16:00:00+02:00,0.6649456683236797,0.17368857925620984,0.0,0.3216814275136032
2023-07-17 17:00:00+02:00,0.554963900704908,0.15564799754341013,0.0,0.3646205071652383
2023-07-17 18:00:00+02:00,0.38719047134360146,0.1287310657857489,0.0060790273556231,0.43791171077067365
2023-07-17 19:00:00+02:00,0.19940172650881663,0.0923620207370729,0.0060790273556231,0.5365865101868078
2023-07-17 20:00:00+02:00,0.06715035873866623,0.07403355740119662,0.0,0.6559045952160292
2023-07-17 21:00:00+02:00,0.020356873758008688,0.06530114816787337,0.0,0.6367056194484668
2023-07-17 22:00:00+02:00,0.014345447950274579,0.0652531678973606,0.002026342451874367,0.6356764764485432
2023-07-17 23:00:00+02:00,0.0,0.062086470043518104,0.016210739614994935,0.5900941705071268
2023-07-18 00:00:00+02:00,0.0,0.07216232685119878,0.03242147922998987,0.5464735259407663
2023-07-18 01:00:00+02:00,0.0,0.08674832908707938,0.0668693009118541,0.47183401933024893
2023-07-18 02:00:00+02:00,0.0,0.10594043729218544,0.0790273556231003,0.42450838540968727
2023-07-18 03:00:00+02:00,0.0,0.12834722362164677,0.06484295845997974,0.36534581226273644
2023-07-18 04:00:00+02:00,0.0,0.14969844399982726,0.05268490374873354,0.3415246508685738
2023-07-18 05:00:00+02:00,0.014413759607180648,0.15276918131264422,0.05673758865248227,0.3559427876834794
2023-07-18 06:00:00+02:00,0.025070378084527476,0.1471554896626507,0.0182370820668693,0.430594032196622
2023-07-18 07:00:00+02:00,0.07828515881435555,0.13132200039343822,0.022289766970618033,0.46749985422497686
2023-07-18 08:00:00+02:00,0.20220250444196547,0.09533679750886435,0.0243161094224924,0.4837277947167178
2023-07-18 09:00:00+02:00,0.37557748966956966,0.07019513576017541,0.0,0.43625400980402773
2023-07-18 10:00:00+02:00,0.536314818369551,0.06323799653582446,0.0,0.41716871161105157
2023-07-18 11:00:00+02:00,0.6598906057126306,0.05748036407429265,0.0,0.40717395111402505
2023-07-18 12:00:00+02:00,0.7412497890877593,0.0567126797460884,0.0,0.38675517674033544
2023-07-18 13:00:00+02:00,0.7683012052225627,0.053354060810194844,0.02634245187436677,0.38028821874099306
2023-07-18 14:00:00+02:00,0.7600354947369283,0.05738440353326712,0.07700101317122594,0.3827893493761484
2023-07-18 15:00:00+02:00,0.7277240810203575,0.06582893114351378,0.08713272543059777,0.40040809748704675
2023-07-18 16:00:00+02:00,0.6490290522645655,0.08252606528195605,0.13576494427558258,0.41028226227566716
2023-07-18 17:00:00+02:00,0.5217644354485582,0.09648832400117072,0.3343465045592705,0.46243235282567374
2023-07-18 18:00:00+02:00,0.3569967189911188,0.10666014134987692,0.49240121580547114,0.5673353899617328
2023-07-18 19:00:00+02:00,0.18334848713589033,0.11078644461397473,0.49240121580547114,0.7231956565410447
2023-07-18 20:00:00+02:00,0.06318828263811421,0.11616023491140443,0.48632218844984804,0.7203064190656462
2023-07-18 21:00:00+02:00,0.01981038050276013,0.12465274279216386,0.6160081053698075,0.6756838140107044
2023-07-18 22:00:00+02:00,0.014413759607180648,0.14048623206137636,0.6423505572441742,0.6485901280697053
2023-07-18 23:00:00+02:00,0.0,0.14230948234086144,0.745694022289767,0.5956796412203096
2023-07-19 00:00:00+02:00,0.0,0.14154179801265718,0.6666666666666666,0.5445967512878769
2023-07-19 01:00:00+02:00,0.0,0.15123381265623576,0.49442755825734547,0.4461139655526283
2023-07-19 02:00:00+02:00,0.014345447950274579,0.141781699365221,0.39918946301925023,0.4414493978179369
2023-07-19 03:00:00+02:00,0.014345447950274579,0.13885490286394234,0.364741641337386,0.4122893946805574
2023-07-19 04:00:00+02:00,0.014345447950274579,0.12498860468575321,0.23505572441742653,0.37667787815255294
2023-07-19 05:00:00+02:00,0.014413759607180648,0.12964269092549144,0.20263424518743667,0.3371455100118316
2023-07-19 06:00:00+02:00,0.014482071264086717,0.15219341806649106,0.160081053698075,0.3275297120958023
2023-07-19 07:00:00+02:00,0.023840768260218227,0.16303695920237596,0.12158054711246201,0.3834327341672392
2023-07-19 08:00:00+02:00,0.07473295265523994,0.14216554152932312,0.05876393110435663,0.45727564021376343
2023-07-19 09:00:00+02:00,0.19865029828284986,0.11836732735499161,0.03850050658561297,0.4719929176682739
2023-07-19 10:00:00+02:00,0.361163730062389,0.13717559339599555,0.03850050658561297,0.46376483844965866
2023-07-19 11:00:00+02:00,0.5150698930717634,0.1533449445587974,0.03850050658561297,0.39833634273751267
2023-07-19 12:00:00+02:00,0.6104329661126363,0.16692336111390996,0.0364741641337386,0.3931026520939846
2023-07-19 13:00:00+02:00,0.6607786572524095,0.2019489585882285,0.03242147922998987,0.3918545579138017
2023-07-19 14:00:00+02:00,0.6870103335043402,0.2268507189843536,0.05876393110435663,0.37722105411874457
2023-07-19 15:00:00+02:00,0.691860461144671,0.254967157504834,0.06484295845997974,0.33919638259949464
2023-07-19 16:00:00+02:00,0.6559968412689846,0.27881335194967827,0.06281661600810537,0.34537914928958513
2023-07-19 17:00:00+02:00,0.6006643991750684,0.2999726512458077,0.1661600810536981,0.3475247931489935
2023-07-19 18:00:00+02:00,0.5036618463684498,0.2985812234009375,0.22695035460992907,0.38609202285008637
2023-07-19 19:00:00+02:00,0.36314476811266505,0.29109630120094615,0.2573454913880446,0.4581036252735555
2023-07-19 20:00:00+02:00,0.1929804307596461,0.265186955124053,0.24113475177304963,0.5637681717717167
2023-07-19 21:00:00+02:00,0.06352984092264456,0.21811830975103036,0.21479229989868287,0.6183253619754663
2023-07-19 22:00:00+02:00,0.019468822218229785,0.17239311195236517,0.17831813576494426,0.6102228207400466
2023-07-19 23:00:00+02:00,0.014277136293368508,0.15368080645238677,0.1702127659574468,0.5903766309693169
2023-07-20 00:00:00+02:00,0.014277136293368508,0.15358484591136123,0.19047619047619047,0.562645493068745
2023-07-20 01:00:00+02:00,0.014208824636462438,0.1427892850459891,0.20871327254305977,0.5167715824058926
2023-07-20 02:00:00+02:00,0.014208824636462438,0.13568820501009984,0.22492401215805471,0.45946490174996013
2023-07-20 03:00:00+02:00,0.014208824636462438,0.12566032847293193,0.21479229989868287,0.43685859668713534
2023-07-20 04:00:00+02:00,0.014208824636462438,0.108483391629362,0.09523809523809523,0.3950748158029682
2023-07-20 05:00:00+02:00,0.014208824636462438,0.08732409233323257,0.034447821681864235,0.4023082254392022
2023-07-20 06:00:00+02:00,0.014345447950274579,0.07096282008837965,0.0243161094224924,0.3929138498408269
2023-07-20 07:00:00+02:00,0.02431894985856071,0.06194252923197981,0.022289766970618033,0.4216007369098125
2023-07-20 08:00:00+02:00,0.0784217821281677,0.05743238380377988,0.02634245187436677,0.4297150160478573
2023-07-20 09:00:00+02:00,0.0,0.0,0.0060790273556231,0.0
2023-07-20 10:00:00+02:00,0.40870864326901335,0.043853967248667344,0.0,0.40578932133835455
2023-07-20 11:00:00+02:00,0.5829033683794903,0.03943978236149295,0.0,0.38179641064082875
2023-07-20 12:00:00+02:00,0.7000578599733994,0.03473771585124197,0.010131712259371834,0.3714048943226774
2023-07-20 13:00:00+02:00,0.767549776996596,0.03540943963842068,0.002026342451874367,0.37262098622271267
2023-07-20 14:00:00+02:00,0.7720583463523966,0.04020746668969719,0.004052684903748734,0.34066651688168015
2023-07-20 15:00:00+02:00,0.7353749865938373,0.043853967248667344,0.0425531914893617,0.3492267295767764
2023-07-20 16:00:00+02:00,0.6982817568938416,0.048220171865328974,0.08713272543059777,0.35363293043887667
2023-07-20 17:00:00+02:00,0.613097120731973,0.05863189056659901,0.12360688956433637,0.3701745933826222
2023-07-20 18:00:00+02:00,0.48801847693695993,0.06861178683325415,0.12158054711246201,0.45055204618889166
2023-07-20 19:00:00+02:00,0.3255050451574208,0.0796952293217029,0.2127659574468085,0.5236506183290927
2023-07-20 20:00:00+02:00,0.16142044526904203,0.095816600213992,0.2735562310030395,0.5993484263099067
2023-07-20 21:00:00+02:00,0.054854260495573744,0.09605650156655582,0.3262411347517731,0.6423969815516715
2023-07-20 22:00:00+02:00,0.018102589080108394,0.09279384317168779,0.3566362715298885,0.5927129304349291
2023-07-20 23:00:00+02:00,0.014482071264086717,0.09538477777937711,0.3667679837892604,0.5916912008471897
2023-07-21 00:00:00+02:00,0.014413759607180648,0.1007585680768068,0.38095238095238093,0.550422795633523
2023-07-21 01:00:00+02:00,0.014345447950274579,0.10613235837423651,0.2066869300911854,0.4917355646803921
2023-07-21 02:00:00+02:00,0.014345447950274579,0.10891521406397689,0.12563323201621074,0.44721255066600085
2023-07-21 03:00:00+02:00,0.014345447950274579,0.10286969997936847,0.0364741641337386,0.4296983358704426
2023-07-21 04:00:00+02:00,0.014345447950274579,0.10517275296398121,0.0425531914893617,0.4063342281516078
2023-07-21 05:00:00+02:00,0.014413759607180648,0.10042270618321746,0.05065856129685917,0.40351566835835573
2023-07-21 06:00:00+02:00,0.014482071264086717,0.10176615375757488,0.0182370820668693,0.39631240764922326
2023-07-21 07:00:00+02:00,0.022337911808284698,0.11553649139473847,0.0364741641337386,0.4196064554702603
2023-07-21 08:00:00+02:00,0.06674048879722982,0.1197587551998618,0.1033434650455927,0.45841920107860623
2023-07-21 09:00:00+02:00,0.18034277423202327,0.09514487642681328,0.1033434650455927,0.4955803010578087
2023-07-21 10:00:00+02:00,0.3398504931076954,0.08113463743708586,0.07092198581560284,0.4760005093562032
2023-07-21 11:00:00+02:00,0.490067826644142,0.08458921691400495,0.04660587639311044,0.42081649203279314
2023-07-21 12:00:00+02:00,0.5982734911833559,0.09500093561527499,0.028368794326241134,0.3874962992189307
2023-07-21 13:00:00+02:00,0.656406711210421,0.1135693003037151,0.016210739614994935,0.37883637297729944
2023-07-21 14:00:00+02:00,0.6852342304247824,0.1336730336485637,0.0364741641337386,0.36873337245884075
2023-07-21 15:00:00+02:00,0.6700690425916349,0.1485469175075209,0.08308004052684904,0.36585142588964226
2023-07-21 16:00:00+02:00,0.6431542497706436,0.17258503303441625,0.1580547112462006,0.3528616590331798
2023-07-21 17:00:00+02:00,0.583586484948551,0.19004985150106274,0.24316109422492402,0.3768323294941527
2023-07-21 18:00:00+02:00,0.4815288695308833,0.19379231260105842,0.28368794326241137,0.4121319769231986
2023-07-21 19:00:00+02:00,0.34367594589443523,0.19455999692926268,0.364741641337386,0.48153915096486977
2023-07-21 20:00:00+02:00,0.1838266687342328,0.18136542253825225,0.38095238095238093,0.5457766389233081
2023-07-21 21:00:00+02:00,0.06223191944142924,0.1563677016011016,0.30192502532928067,0.5734178253209397
2023-07-21 22:00:00+02:00,0.019332198904417647,0.13439273770625518,0.2877406281661601,0.5993298927794459
2023-07-21 23:00:00+02:00,0.014687006234804924,0.13343313229599987,0.3161094224924012,0.6167247474352955
2023-07-22 00:00:00+02:00,0.014823629548617065,0.1305063357947212,0.3465045592705167,0.5870744527737433
2023-07-22 01:00:00+02:00,0.014618694577898855,0.11966279465883628,0.3485309017223911,0.5036077176146567
2023-07-22 02:00:00+02:00,0.014550382920992786,0.109299056228079,0.2573454913880446,0.4662117265681134
2023-07-22 03:00:00+02:00,0.014550382920992786,0.09576861994347924,0.1033434650455927,0.4902457838050328
2023-07-22 04:00:00+02:00,0.014550382920992786,0.08367759177426241,0.028368794326241134,0.4819156424084722
2023-07-22 05:00:00+02:00,0.014687006234804924,0.07427345875376044,0.008105369807497468,0.46076291395640273
2023-07-22 06:00:00+02:00,0.014687006234804924,0.07720025525503912,0.0,0.45236567907780345
2023-07-22 07:00:00+02:00,0.02363583328950002,0.08689226989861769,0.0,0.43747751511624733
2023-07-22 08:00:00+02:00,0.07432308271380353,0.09164231667938143,0.0060790273556231,0.4339102969262313
2023-07-22 09:00:00+02:00,0.20985341001544525,0.07739217633709018,0.010131712259371834,0.4539188467291093
2023-07-22 10:00:00+02:00,0.4078205917292344,0.07849572255888378,0.008105369807497468,0.4158485816740405
2023-07-22 11:00:00+02:00,0.5932184285723068,0.12695579577677657,0.030395136778115502,0.3640392735813966
2023-07-22 12:00:00+02:00,0.7128321398148344,0.18122148172671396,0.06281661600810537,0.32181808561507524
2023-07-22 13:00:00+02:00,0.767618088653502,0.22497948843435578,0.0972644376899696,0.31485712938546795
2023-07-22 14:00:00+02:00,0.7751323709131697,0.24887366314971282,0.1884498480243161,0.2760407995770143
2023-07-22 15:00:00+02:00,0.7562783536070945,0.26600261972276995,0.24113475177304963,0.2737463869411288
2023-07-22 16:00:00+02:00,0.7220542134971537,0.28418714224710795,0.3282674772036474,0.2837725319339542
2023-07-22 17:00:00+02:00,0.6525812584236812,0.30760151425733734,0.3667679837892604,0.320908920539209
2023-07-22 18:00:00+02:00,0.5227207986452432,0.3190208186393755,0.3242147922998987,0.3674169492279219
2023-07-22 19:00:00+02:00,0.35713334230493093,0.31652584457271166,0.3505572441742654,0.42083230941389027
2023-07-22 20:00:00+02:00,0.18170900737014464,0.2743511867919911,0.3789260385005066,0.49735909301122494
2023-07-22 21:00:00+02:00,0.05881633659612577,0.20794649240232416,0.3221884498480243,0.5391331118517975
2023-07-22 22:00:00+02:00,0.018239212393920536,0.17037794059082903,0.3910840932117528,0.4942287866249988
2023-07-22 23:00:00+02:00,0.014345447950274579,0.17541586899466938,0.4518743667679838,0.5183783747895503
2023-07-23 00:00:00+02:00,0.0,0.3387886900906347,0.0,0.27720561012168143
2023-07-23 01:00:00+02:00,0.0,0.40044333769953794,0.0,0.25505994293429235
2023-07-23 02:00:00+02:00,0.014277136293368508,0.3819229532816106,0.767983789260385,0.3691171548086431
2023-07-23 03:00:00+02:00,0.014277136293368508,0.38043556489571484,0.8085106382978723,0.356970077330357
2023-07-23 04:00:00+02:00,0.014277136293368508,0.37818049218161487,0.8145896656534954,0.34502045108611035
2023-07-23 05:00:00+02:00,0.014277136293368508,0.3763572419021298,0.8105369807497467,0.3329169912846126
2023-07-23 06:00:00+02:00,0.014277136293368508,0.37290266242521075,0.8145896656534954,0.30319972564700604
2023-07-23 07:00:00+02:00,0.0636664642364567,0.4106631353187569,0.8145896656534954,0.2774223404309414
2023-07-23 08:00:00+02:00,0.06311997098120814,0.3918068890072402,0.7943262411347518,0.2815030809384118
2023-07-23 09:00:00+02:00,0.17282849197235564,0.3958852120008252,0.790273556231003,0.27597667251073466
2023-07-23 10:00:00+02:00,0.44935407912812464,0.4574918793392157,0.7740628166160081,0.2725860233928869
2023-07-23 11:00:00+02:00,0.4958743174811579,0.36512985860214275,0.78419452887538,0.24424486105605353
2023-07-23 12:00:00+02:00,0.3908793008165292,0.3086570802086182,0.745694022289767,0.28509550578073983
2023-07-23 13:00:00+02:00,0.4420447318391752,0.3168137261957883,0.7375886524822695,0.2916097881629627
2023-07-23 14:00:00+02:00,0.4597374509778472,0.3189728383688627,0.6565349544072948,0.24609766462532845
2023-07-23 15:00:00+02:00,0.4693010829446969,0.30707373128169696,0.6970618034447822,0.2464968915838481
2023-07-23 16:00:00+02:00,0.47661043023364635,0.3213238716239882,0.7497467071935157,0.253456612244758
2023-07-23 17:00:00+02:00,0.3981203364485726,0.2732476405701975,0.7537993920972644,0.24888310907571995
2023-07-23 18:00:00+02:00,0.4074790334447041,0.35068779717780046,0.7335359675785208,0.27235051454119735
2023-07-23 19:00:00+02:00,0.2957211627463745,0.3371093806226879,0.7375886524822695,0.2977328747831988
2023-07-23 20:00:00+02:00,0.14372772613037005,0.28322753683685264,0.75177304964539,0.37853476120029994
2023-07-23 21:00:00+02:00,0.04597374509778472,0.21639102001257082,0.745694022289767,0.4028480674716815
2023-07-23 22:00:00+02:00,0.016668044285080938,0.18203714632543097,0.4133738601823708,0.42487116309163403
2023-07-23 23:00:00+02:00,0.014482071264086717,0.17061784194339286,0.3485309017223911,0.47635624639834556
2023-07-24 00:00:00+02:00,0.014413759607180648,0.1675471046305759,0.26545086119554206,0.4756230326102988
2023-07-24 01:00:00+02:00,0.014413759607180648,0.172633013304929,0.2613981762917933,0.4016503865961226
2023-07-24 02:00:00+02:00,0.014413759607180648,0.19417615476516056,0.3323201621073962,0.3687921897323776
2023-07-24 03:00:00+02:00,0.014413759607180648,0.210633387551039,0.1702127659574468,0.3486931931481951
2023-07-24 04:00:00+02:00,0.014345447950274579,0.1913932990754202,0.3221884498480243,0.34114062350680263
2023-07-24 05:00:00+02:00,0.014482071264086717,0.16937035491006097,0.39918946301925023,0.33641884683965173
2023-07-24 06:00:00+02:00,0.014550382920992786,0.16581981489211636,0.23708206686930092,0.3687461009181945
2023-07-24 07:00:00+02:00,0.020151938787290477,0.16375666326006744,0.3302938196555218,0.40093694190723406
2023-07-24 08:00:00+02:00,0.05164361262098848,0.16567587408057804,0.5227963525835866,0.4332131648968042
2023-07-24 09:00:00+02:00,0.127947733385068,0.1786785273895374,0.5065856129685917,0.4613624360587364
2023-07-24 10:00:00+02:00,0.22536015613312302,0.21082530863309007,0.48834853090172237,0.47158232557950897
2023-07-24 11:00:00+02:00,0.3194253076927806,0.24839386044458517,0.47213779128672745,0.45994024394377997
2023-07-24 12:00:00+02:00,0.3880102112264743,0.29949284854068003,0.48226950354609927,0.42108029645853806
2023-07-24 13:00:00+02:00,0.4811189995894469,0.32664968165090513,0.3910840932117528,0.39076449927532636
2023-07-24 14:00:00+02:00,0.5424628674910973,0.3602358710098407,0.303951367781155,0.3721399614637702
2023-07-24 15:00:00+02:00,0.5597457166883328,0.36474601643804067,0.3282674772036474,0.32225425712853206
2023-07-24 16:00:00+02:00,0.5538026025375048,0.3653697599547066,0.3242147922998987,0.3469095814259737
2023-07-24 17:00:00+02:00,0.48856497019220846,0.3476170598649835,0.3546099290780142,0.376839742906337
2023-07-24 18:00:00+02:00,0.40597617699277055,0.32650574083936684,0.47011144883485306,0.4474316243522445
2023-07-24 19:00:00+02:00,0.27959961171654213,0.27070468623302096,0.6382978723404256,0.4861090699338001
2023-07-24 20:00:00+02:00,0.1449573359546793,0.22046934300615587,0.7031408308004052,0.558716855271464
2023-07-24 21:00:00+02:00,0.049662574570712464,0.1833805938997884,0.6930091185410334,0.553694329623631
2023-07-24 22:00:00+02:00,0.01748778416795377,0.15799903079853564,0.7396149949341438,0.5334125861237933
2023-07-24 23:00:00+02:00,0.0,0.16207735379212068,0.0,0.549443570659859
2023-07-25 00:00:00+02:00,0.0,0.17728709954466723,0.0,0.486907401344855
2023-07-25 01:00:00+02:00,0.0,0.18952206852542233,0.0,0.4402381256867067
2023-07-25 02:00:00+02:00,0.0,0.21015358484591135,0.8449848024316109,0.40382197739817605
2023-07-25 03:00:00+02:00,0.0,0.22507544897538131,0.8470111448834853,0.38018726962576077
2023-07-25 04:00:00+02:00,0.0,0.24772213665740644,0.7659574468085106,0.37066130070668735
2023-07-25 05:00:00+02:00,0.014687006234804924,0.27267187732404435,0.7862208713272543,0.37650143158636906
2023-07-25 06:00:00+02:00,0.020835055356351172,0.2644192707958487,0.7659574468085106,0.43027116548537137
2023-07-25 07:00:00+02:00,0.060729062989495715,0.24537110340228097,0.6990881458966566,0.4519837500810472
2023-07-25 08:00:00+02:00,0.17084745392207962,0.2231562381548707,0.6261398176291794,0.43395601296803454
2023-07-25 09:00:00+02:00,0.30767570270493666,0.2117369337728326,0.5045592705167173,0.41387357405528225
2023-07-25 10:00:00+02:00,0.4185455218634873,0.22166884976897497,0.39311043566362713,0.37270735352554524
2023-07-25 11:00:00+02:00,0.49211717635132407,0.22574717276256,0.2755825734549139,0.36213000136999524
2023-07-25 12:00:00+02:00,0.5354950784866782,0.23419170037280668,0.1884498480243161,0.34748352410361555
2023-07-25 13:00:00+02:00,0.5604288332573935,0.2472423339522788,0.1276595744680851,0.3331102405341956
2023-07-25 14:00:00+02:00,0.5676698688894368,0.23946953012921085,0.08105369807497467,0.33757673925049886
2023-07-25 15:00:00+02:00,0.5563984454999354,0.23409573983178117,0.14184397163120568,0.34913764087015364
2023-07-25 16:00:00+02:00,0.5084436623518747,0.23630283227536836,0.3586626139817629,0.3965919016956544
2023-07-25 17:00:00+02:00,0.42366889613144254,0.24364381366382143,0.38095238095238093,0.4472613556295476
2023-07-25 18:00:00+02:00,0.29811207073808693,0.21960569813692607,0.5126646403242148,0.5100902427287007
2023-07-25 19:00:00+02:00,0.14557214086683393,0.19897418181643706,0.48024316109422494,0.5745511288638235
2023-07-25 20:00:00+02:00,0.05034569113977316,0.1770471981921034,0.47821681864235055,0.5952185080665097
2023-07-25 21:00:00+02:00,0.017214537540329495,0.15761518863443352,0.44376899696048633,0.5505496916914004
2023-07-25 22:00:00+02:00,0.013935578008838162,0.14106199530752953,0.3221884498480243,0.5990691772754444
2023-07-25 23:00:00+02:00,0.01400388966574423,0.13693569204343173,0.18034447821681865,0.5879407404631543
2023-07-26 00:00:00+02:00,0.013935578008838162,0.13400889554215306,0.12360688956433637,0.5698298474750368
2023-07-26 01:00:00+02:00,0.013867266351932092,0.13703165258445726,0.0729483282674772,0.4877465065229236
2023-07-26 02:00:00+02:00,0.0,0.141781699365221,0.028368794326241134,0.40426618010816584
2023-07-26 03:00:00+02:00,0.0,0.14624386452290816,0.020263424518743668,0.38653795640713784
2023-07-26 04:00:00+02:00,0.0,0.14130189666009335,0.030395136778115502,0.3680684877215301
2023-07-26 05:00:00+02:00,0.01400388966574423,0.12781944064600637,0.03850050658561297,0.37712208086254273
2023-07-26 06:00:00+02:00,0.02131323695469366,0.11927895249473415,0.0547112462006079,0.4013362913717381
2023-07-26 07:00:00+02:00,0.06694542376794803,0.11472082679602147,0.07092198581560284,0.4606029025556647
2023-07-26 08:00:00+02:00,0.18867679637456372,0.08799581612041128,0.16818642350557245,0.4057807948634572
2023-07-26 09:00:00+02:00,0.3553572392253731,0.0757128668691434,0.1337386018237082,0.36736665842928234
2023-07-26 10:00:00+02:00,0.5036618463684498,0.0852129604306709,0.06889564336372847,0.5860029171568752
2023-07-26 11:00:00+02:00,0.5975220629573892,0.09811965319860473,0.0547112462006079,0.35737313350095323
2023-07-26 12:00:00+02:00,0.6225241293850106,0.11035462217935985,0.05268490374873354,0.3634291266391507
2023-07-26 13:00:00+02:00,0.6368012656783791,0.12095826196268093,0.030395136778115502,0.36046105777908843
2023-07-26 14:00:00+02:00,0.6191768581966132,0.13074623714728503,0.028368794326241134,0.3412466374028089
2023-07-26 15:00:00+02:00,0.5994347893507591,0.14557214073572947,0.0425531914893617,0.338898722540556
2023-07-26 16:00:00+02:00,0.5443072822275611,0.15703942538828033,0.0668693009118541,0.3852505690406075
2023-07-26 17:00:00+02:00,0.4501055073540914,0.16620365705621848,0.10536980749746708,0.4420234630015631
2023-07-26 18:00:00+02:00,0.3048749247717878,0.16154957081648025,0.0972644376899696,0.4646698015410685
2023-07-26 19:00:00+02:00,0.1539061630093744,0.14408475234983373,0.1033434650455927,0.5417526120699329
2023-07-26 20:00:00+02:00,0.050687249424303506,0.1200466368229384,0.11347517730496454,0.6171278036058917
2023-07-26 21:00:00+02:00,0.016872979255799146,0.11188999083576832,0.11347517730496454,0.627680444387494
2023-07-26 22:00:00+02:00,0.014208824636462438,0.12647599307164892,0.10739614994934144,0.6237447659504085
2023-07-26 23:00:00+02:00,0.0,0.1610697681113526,0.182370820668693,0.5945337317240564
2023-07-27 00:00:00+02:00,0.0,0.18784275905747555,0.2553191489361702,0.5088574706512508
2023-07-27 01:00:00+02:00,0.0,0.22171683003948775,0.2735562310030395,0.4689399620860453
2023-07-27 02:00:00+02:00,0.014208824636462438,0.2121207759369347,0.3890577507598784,0.46822454153812626
2023-07-27 03:00:00+02:00,0.014208824636462438,0.23975741175228743,0.43566362715298884,0.43874710924265004
2023-07-27 04:00:00+02:00,0.014208824636462438,0.27209611407789114,0.3323201621073962,0.41156853657948456
2023-07-27 05:00:00+02:00,0.014413759607180648,0.2897528536265887,0.5329280648429585,0.3777267902516348
2023-07-27 06:00:00+02:00,0.014413759607180648,0.3140308705060479,0.46808510638297873,0.37764128574511974
2023-07-27 07:00:00+02:00,0.020630120385632965,0.3362457357534582,0.5126646403242148,0.3884037334477353
2023-07-27 08:00:00+02:00,0.059567764822092535,0.3543342977367706,0.48226950354609927,0.40797858287455124
2023-07-27 09:00:00+02:00,0.17658563310218944,0.3645540953559896,0.3951367781155015,0.4079748761684591
2023-07-27 10:00:00+02:00,0.3292621862872546,0.37880423569828087,0.3100303951367781,0.39945642779710516
2023-07-27 11:00:00+02:00,0.4670467982667966,0.38619319735724666,0.44782168186423504,0.3693226372392155
2023-07-27 12:00:00+02:00,0.5749109045214802,0.3927664944174955,0.4518743667679838,0.37649142453080564
2023-07-27 13:00:00+02:00,0.6472529491850078,0.4089838258508101,0.45997973657548125,0.3989420426833332
2023-07-27 14:00:00+02:00,0.6856441003662187,0.4119106223520888,0.5207700101317123,0.386978329905051
2023-07-27 15:00:00+02:00,0.691792149487765,0.408599983686708,0.5329280648429585,0.32792041257942467
2023-07-27 16:00:00+02:00,0.6664485247756132,0.4060570293495314,0.5065856129685917,0.3320781311185129
2023-07-27 17:00:00+02:00,0.5970438813590467,0.392046790359804,0.5673758865248227,0.36953936229404877
2023-07-27 18:00:00+02:00,0.4742195222419339,0.34766504013549626,0.5673758865248227,0.44254192759380706
2023-07-27 19:00:00+02:00,0.31908374940825024,0.2914801433650483,0.6322188449848024,0.5170909874230198
2023-07-27 20:00:00+02:00,0.15028564519335272,0.2424443069010023,0.684903748733536,0.602930348818307
2023-07-27 21:00:00+02:00,0.04706673160828183,0.20026964912028172,0.6200607902735562,0.5631397363109789
2023-07-27 22:00:00+02:00,0.016326486000550592,0.1792542906356906,0.6038500506585613,0.5307330330634236
2023-07-27 23:00:00+02:00,0.013867266351932092,0.1685067100408312,0.5835866261398176,0.502189354711777
2023-07-28 00:00:00+02:00,0.0,0.1851558639087607,0.45592705167173253,0.4290213404581269
2023-07-28 01:00:00+02:00,0.0,0.17584769142928428,0.36271529888551163,0.40639341294309783
2023-07-28 02:00:00+02:00,0.0,0.16937035491006097,0.36879432624113473,0.37187553925367656
2023-07-28 03:00:00+02:00,0.0,0.17642345467543744,0.3708206686930091,0.36642783970467885
2023-07-28 04:00:00+02:00,0.0,0.17531990845364384,0.41134751773049644,0.35921469444596726
2023-07-28 05:00:00+02:00,0.013935578008838162,0.1704259208613418,0.3910840932117528,0.3870847165734372
2023-07-28 06:00:00+02:00,0.019058952276793367,0.1665874992203206,0.3910840932117528,0.41546232818684337
2023-07-28 07:00:00+02:00,0.05225841753314311,0.15305706293572083,0.524822695035461,0.48579472969744675
2023-07-28 08:00:00+02:00,0.1480996721723585,0.14969844399982726,0.22897669706180346,0.5449844853557401
2023-07-28 09:00:00+02:00,0.2852694792397459,0.1508979507626464,0.022289766970618033,0.5032775599972062
2023-07-28 10:00:00+02:00,0.40959669480879224,0.1533449445587974,0.034447821681864235,0.4764181473391992
2023-07-28 11:00:00+02:00,0.4963524990795004,0.16183745243955686,0.0243161094224924,0.4120206479800229
2023-07-28 12:00:00+02:00,0.5555103939601566,0.17575173088825874,0.02634245187436677,0.3983042179513806
2023-07-28 13:00:00+02:00,0.5700607768811493,0.17939823144722888,0.004052684903748734,0.35390118186104685
2023-07-28 14:00:00+02:00,0.5795560971910929,0.19527970098695416,0.014184397163120567,0.3418142797309794
2023-07-28 15:00:00+02:00,0.580580772044684,0.21528747379077723,0.034447821681864235,0.33740498994713575
2023-07-28 16:00:00+02:00,0.524496901724801,0.211449052149756,0.0182370820668693,0.34054159668283324
2023-07-28 17:00:00+02:00,0.43282265815685583,0.1973908328895158,0.03242147922998987,0.39401861279768646
2023-07-28 18:00:00+02:00,0.2914858400181982,0.17858256684851187,0.05065856129685917,0.4796463139189142
2023-07-28 19:00:00+02:00,0.14372772613037005,0.16841074949980567,0.08105369807497467,0.5373886708099392
2023-07-28 20:00:00+02:00,0.04658855000993934,0.1487868188600847,0.08308004052684904,0.572240653834872
2023-07-28 21:00:00+02:00,0.014618694577898855,0.14197362044727208,0.12158054711246201,0.5832257594238389
2023-07-28 22:00:00+02:00,0.012842591498341051,0.14087007422547848,0.060790273556231005,0.583866673077535
2023-07-28 23:00:00+02:00,0.0,0.14360494964470608,0.07092198581560284,0.5373375172149821
2023-07-29 00:00:00+02:00,0.0,0.14821105561393155,0.08308004052684904,0.4958150696191651
2023-07-29 01:00:00+02:00,0.0,0.1437488904562444,0.2127659574468085,0.45614604337697173
2023-07-29 02:00:00+02:00,0.0,0.14355696937419332,0.2634245187436677,0.4279057076493863
2023-07-29 03:00:00+02:00,0.0,0.1381831790767636,0.28368794326241137,0.39160718865350264
2023-07-29 04:00:00+02:00,0.0,0.1413978572011189,0.26545086119554206,0.3483421533688734
2023-07-29 05:00:00+02:00,0.01297921481215319,0.15180957590238892,0.26545086119554206,0.34105338815322594
2023-07-29 06:00:00+02:00,0.01885401730607516,0.16337282109596532,0.2188449848024316,0.35294704103371044
2023-07-29 07:00:00+02:00,0.05642542860441334,0.16380464353058022,0.22087132725430597,0.3481711443558434
2023-07-29 08:00:00+02:00,0.16176200355357237,0.16653951894980784,0.20466058763931105,0.39372750335461465
2023-07-29 09:00:00+02:00,0.304055184888915,0.18203714632543097,0.15602836879432624,0.35104753086590373
2023-07-29 10:00:00+02:00,0.4224392863071333,0.191633200427984,0.12158054711246201,0.33793704579505085
2023-07-29 11:00:00+02:00,0.5081704157242504,0.20190097831771575,0.0851063829787234,0.2753856768832983
2023-07-29 12:00:00+02:00,0.5478594883866768,0.216966783258724,0.02634245187436677,0.2854362882381026
2023-07-29 13:00:00+02:00,0.5832449266640207,0.24551504421381926,0.034447821681864235,0.244281187826642
2023-07-29 14:00:00+02:00,0.5729298664712043,0.27113650866763583,0.028368794326241134,0.22626630167896739
2023-07-29 15:00:00+02:00,0.5475862417590525,0.29613422960478647,0.0729483282674772,0.22068330210317938
2023-07-29 16:00:00+02:00,0.4903410732717663,0.30035649340990983,0.1519756838905775,0.22457647592618954
2023-07-29 17:00:00+02:00,0.39525124685851765,0.2966140323099141,0.24113475177304963,0.29447814347649
2023-07-29 18:00:00+02:00,0.27126558957400165,0.28610635306761856,0.5653495440729484,0.3939636299906529
2023-07-29 19:00:00+02:00,0.14106357151103335,0.2602449872612382,0.6869300911854104,0.445438333469421
2023-07-29 20:00:00+02:00,0.046246991725409,0.22430776464717705,0.7274569402228976,0.4845703615889097
2023-07-29 21:00:00+02:00,0.01516518783314741,0.20257270210489445,0.6727456940222898,0.4901270414496728
2023-07-29 22:00:00+02:00,0.012774279841434982,0.1894261079843968,0.6788247213779128,0.5156434661497671
2023-07-29 23:00:00+02:00,0.0,0.19432009557669885,0.5045592705167173,0.4543586024426738
2023-07-30 00:00:00+02:00,0.0,0.19926206343951366,0.48226950354609927,0.4209091649395236
2023-07-30 01:00:00+02:00,0.0,0.22056530354718137,0.46403242147923,0.3550563581225304
2023-07-30 02:00:00+02:00,0.0,0.22214865247410262,0.49848024316109424,0.32702397596291216
2023-07-30 03:00:00+02:00,0.0,0.2286739692638387,0.42958459979736574,0.3363642315505713
2023-07-30 04:00:00+02:00,0.0,0.21240865756001132,0.28368794326241137,0.32432477630936873
2023-07-30 05:00:00+02:00,0.012774279841434982,0.21226471674847303,0.3404255319148936,0.31631441270231536
2023-07-30 06:00:00+02:00,0.01885401730607516,0.2198455994894899,0.4194528875379939,0.29616623838220624
2023-07-30 07:00:00+02:00,0.05758672677181652,0.22512342924589407,0.3728470111448835,0.2889119465841011
2023-07-30 08:00:00+02:00,0.16142044526904203,0.2285300284523004,0.3221884498480243,0.2910925591394161
2023-07-30 09:00:00+02:00,0.30883700087233984,0.2635076456561062,0.2917933130699088,0.28861539958787547
2023-07-30 10:00:00+02:00,0.4599423859485654,0.2914801433650483,0.20466058763931105,0.2848963236996388
2023-07-30 11:00:00+02:00,0.5316013140430322,0.27689414112916766,0.1641337386018237,0.27580034845053525
2023-07-30 12:00:00+02:00,0.6296968533601479,0.3673849313162427,0.1884498480243161,0.28957571825869877
2023-07-30 13:00:00+02:00,0.6580461909761667,0.3669051286111151,0.16818642350557245,0.27143220520608513
2023-07-30 14:00:00+02:00,0.6164443919203705,0.3008362961150375,0.14792299898682879,0.2606284884580916
2023-07-30 15:00:00+02:00,0.5991615427231348,0.2936392555381227,0.13171225937183384,0.25561757820689934
2023-07-30 16:00:00+02:00,0.5370662465955177,0.2904725576842802,0.17223910840932116,0.2457556465992684
2023-07-30 17:00:00+02:00,0.4569366730446983,0.3543822780072834,0.17831813576494426,0.25701765259128717
2023-07-30 18:00:00+02:00,0.3136188168557647,0.3480488822995984,0.17831813576494426,0.30247207191809755
2023-07-30 19:00:00+02:00,0.15370122803865618,0.32554613542911154,0.1580547112462006,0.38356432748793734
2023-07-30 20:00:00+02:00,0.04679348498065755,0.3057782639778523,0.1762917933130699,0.4585907053700005
2023-07-30 21:00:00+02:00,0.015028564519335272,0.26974508082276566,0.2066869300911854,0.4536462708164982
2023-07-30 22:00:00+02:00,0.012637656527622842,0.2604369083432892,0.20466058763931105,0.470473360638193
2023-07-30 23:00:00+02:00,0.0,0.26888143595353586,0.2188449848024316,0.46307017755762636
2023-07-31 00:00:00+02:00,0.0,0.2706567059625082,0.24316109422492402,0.4025117320107441
2023-07-31 01:00:00+02:00,0.0,0.27276783786506986,0.3566362715298885,0.3131446906237572
2023-07-31 02:00:00+02:00,0.0,0.2938311766201738,0.48429584599797365,0.285004563721071
2023-07-31 03:00:00+02:00,0.0,0.30174792125478,0.5916919959473151,0.27739466264123464
2023-07-31 04:00:00+02:00,0.0,0.3096166856188735,0.5775075987841946,0.2710377980163706
2023-07-31 05:00:00+02:00,0.012705968184528911,0.3240587470432158,0.49240121580547114,0.3042508638715138
2023-07-31 06:00:00+02:00,0.018239212393920536,0.34785696121754733,0.5612968591691996,0.35065374146053796
2023-07-31 07:00:00+02:00,0.05833815499778328,0.38057950570725313,0.6362715298885512,0.39235955375635884
2023-07-31 08:00:00+02:00,0.18389498039113888,0.3918068890072402,0.6423505572441742,0.420516856114824
2023-07-31 09:00:00+02:00,0.35733827727564915,0.4141656950661888,0.624113475177305,0.4115388829307473
2023-07-31 10:00:00+02:00,0.5247701483524253,0.45725197798665185,0.7092198581560284,0.3860199870932582
2023-07-31 11:00:00+02:00,0.6176056900877737,0.49031038436994706,0.7193515704154002,0.3762534445417213
2023-07-31 12:00:00+02:00,0.6948661740485381,0.5116616047481275,0.7943262411347518,0.3542425821027582
2023-07-31 13:00:00+02:00,0.7354432982507434,0.5361315427096378,0.8085106382978723,0.335709726641204
2023-07-31 14:00:00+02:00,0.7365362847612404,0.5478867089852653,0.8470111448834853,0.2854160238605801
2023-07-31 15:00:00+02:00,0.6851659187678762,0.5431846424750142,0.8713272543059777,0.26870767639424536
2023-07-31 16:00:00+02:00,0.59629245313308,0.5345481937827166,0.8713272543059777,0.27103347352592977
2023-07-31 17:00:00+02:00,0.4809140646187287,0.540785628949376,0.8834853090172239,0.3232081529438996
2023-07-31 18:00:00+02:00,0.3225676439104598,0.5284546994275954,0.8814589665653495,0.38012437812817856
2023-07-31 19:00:00+02:00,0.15117369673313164,0.5245203172455486,0.8611955420466059,0.4523502344690862
2023-07-31 20:00:00+02:00,0.04214829231104483,0.5007221030712171,0.8611955420466059,0.4810106793170623
2023-07-31 21:00:00+02:00,0.015848304402208104,0.5004342214481405,0.8774062816616008,0.4698392426123325
2023-07-31 22:00:00+02:00,0.014413759607180648,0.49155787140327895,0.8774062816616008,0.48679248820157156
2023-07-31 23:00:00+02:00,0.0,0.4947725495276342,0.8713272543059777,0.4739643410869244
2023-08-01 00:00:00+02:00,0.0,0.5070554987789021,0.8875379939209727,0.4187950280818985
2023-08-01 01:00:00+02:00,0.0,0.5047524457942894,0.8713272543059777,0.378162098968774
2023-08-01 02:00:00+02:00,0.0,0.5091666306814637,0.8713272543059777,0.3307811094687989
2023-08-01 03:00:00+02:00,0.0,0.49669176034814483,0.78419452887538,0.3086847425233208
2023-08-01 04:00:00+02:00,0.0,0.48728762732764286,0.7254305977710233,0.2961414045022741
2023-08-01 05:00:00+02:00,0.0,0.47836329701226854,0.7537993920972644,0.2704072641906179
2023-08-01 06:00:00+02:00,0.01871739399226302,0.4344133692225757,0.7700101317122594,0.30876789839842544
2023-08-01 07:00:00+02:00,0.050209067825961025,0.38619319735724666,0.43566362715298884,0.3747623055916802
2023-08-01 08:00:00+02:00,0.13730643038119952,0.3535666134085664,0.342451874366768,0.3855001644263325
2023-08-01 09:00:00+02:00,0.2526848188955508,0.36095557506753223,0.36879432624113473,0.39771433538665724
2023-08-01 10:00:00+02:00,0.37147879025520547,0.3687763591611129,0.4194528875379939,0.3835347963451845
2023-08-01 11:00:00+02:00,0.46622705838392375,0.3890240333174998,0.4072948328267477,0.3813824793639249
2023-08-01 12:00:00+02:00,0.5281857311977287,0.4404588833071841,0.47011144883485306,0.3680007764551428
2023-08-01 13:00:00+02:00,0.5633662345043545,0.47342132914945373,0.46808510638297873,0.3177673715287219
2023-08-01 14:00:00+02:00,0.5762088260026955,0.48272950162893014,0.5086119554204661,0.28192689676489474
2023-08-01 15:00:00+02:00,0.551070136261262,0.4973634841353235,0.502532928064843,0.2637507636477848
2023-08-01 16:00:00+02:00,0.5022273015734223,0.49760338548788735,0.5268490374873354,0.2666222078830556
2023-08-01 17:00:00+02:00,0.41840889854967517,0.4848886138020046,0.48632218844984804,0.3110123930080513
2023-08-01 18:00:00+02:00,0.2852694792397459,0.4374361262648799,0.4316109422492401,0.3796875888303731
2023-08-01 19:00:00+02:00,0.13662331381213882,0.3815870913880212,0.3546099290780142,0.5154219213261287
2023-08-01 20:00:00+02:00,0.041533487398890206,0.3199804240496308,0.4093211752786221,0.5143288962718943
2023-08-01 21:00:00+02:00,0.017419472511047703,0.3007883158445247,0.47416413373860183,0.5299952497729672
2023-08-01 22:00:00+02:00,0.0,0.31129599508682027,0.6382978723404256,0.5197439757563957
2023-08-01 23:00:00+02:00,0.0,0.3413316444278113,0.8875379939209727,0.4808279324014072
2023-08-02 00:00:00+02:00,0.0,0.37818049218161487,0.9078014184397163,0.4129689837362523
2023-08-02 01:00:00+02:00,0.0,0.438635633027699,0.9037487335359676,0.360118917247044
2023-08-02 02:00:00+02:00,0.0,0.47639610592124515,0.9057750759878419,0.39035341190819717
2023-08-02 03:00:00+02:00,0.0,0.5078231831071063,0.92806484295846,0.36083050858288646
2023-08-02 04:00:00+02:00,0.0,0.555275670644231,0.9381965552178319,0.2869396603691331
2023-08-02 05:00:00+02:00,0.0,0.6030640200749452,0.9463019250253293,0.2667256281356827
2023-08-02 06:00:00+02:00,0.01864908233535695,0.6272940566838915,0.9381965552178319,0.2715107915787801
2023-08-02 07:00:00+02:00,0.049047769658557845,0.6454305989377168,0.9402228976697061,0.29754469031438985
2023-08-02 08:00:00+02:00,0.1536329163817501,0.6340112945556786,0.9442755825734549,0.37051896004009266
2023-08-02 09:00:00+02:00,0.29968323884692655,0.6432714867646423,0.9199594731509625,0.3849008925903943
2023-08-02 10:00:00+02:00,0.41123617457453787,0.6728753136710184,0.9463019250253293,0.3796943844582087
2023-08-02 11:00:00+02:00,0.49894834204193106,0.6811279201992141,0.9300911854103343,0.40123830867226484
2023-08-02 12:00:00+02:00,0.5491574098678921,0.6908199348427926,0.92806484295846,0.38337354937574913
2023-08-02 13:00:00+02:00,0.5607703915419239,0.6949942183774032,0.92806484295846,0.3586031894290396
2023-08-02 14:00:00+02:00,0.5838597315761753,0.7011356930030371,0.9300911854103343,0.2778535696696086
2023-08-02 15:00:00+02:00,0.5649374026131941,0.6930750075568926,0.9260385005065856,0.26643538148892837
2023-08-02 16:00:00+02:00,0.5131571666783935,0.7064135227594412,0.92806484295846,0.2748018496560774
2023-08-02 17:00:00+02:00,0.4220977280226029,0.7149060306402008,0.9260385005065856,0.31536694499683016
2023-08-02 18:00:00+02:00,0.26839649998394677,0.7222949922991665,0.9402228976697061,0.41134489339083125
2023-08-02 19:00:00+02:00,0.12104825603755501,0.7209515447248092,0.9442755825734549,0.46911505057754743
2023-08-02 20:00:00+02:00,0.03845946283811708,0.7216712487825006,0.9442755825734549,0.478561075049244
2023-08-02 21:00:00+02:00,0.015779992745302035,0.7170171625427624,0.9422492401215805,0.4496951477706954
2023-08-02 22:00:00+02:00,0.0,0.7100120430478987,0.9321175278622087,0.4401524986742073
2023-08-02 23:00:00+02:00,0.0,0.7007038705684222,0.9321175278622087,0.4137495219071795
2023-08-03 00:00:00+02:00,0.0,0.6846784602171586,0.9321175278622087,0.4130328657905631
2023-08-03 01:00:00+02:00,0.0,0.6648626084953867,0.9321175278622087,0.3987899399731438
2023-08-03 02:00:00+02:00,0.0,0.6438472500107956,0.9321175278622087,0.3253162344640222
2023-08-03 03:00:00+02:00,0.0,0.6253748458633809,0.9321175278622087,0.32237893231541015
2023-08-03 04:00:00+02:00,0.0,0.5966826440967474,0.9321175278622087,0.2794769197246965
2023-08-03 05:00:00+02:00,0.0,0.568758126658318,0.9300911854103343,0.30938113426241476
2023-08-03 06:00:00+02:00,0.018170900737014464,0.5301340088955421,0.9240121580547113,0.38146106573661986
2023-08-03 07:00:00+02:00,0.04563218681325437,0.5041287022776234,0.9078014184397163,0.44183565130513397
2023-08-03 08:00:00+02:00,0.13170487451490184,0.47250970400971115,0.8470111448834853,0.4257369555026808
2023-08-03 09:00:00+02:00,0.24011547402483402,0.4442493246776925,0.8449848024316109,0.4250891237151647
2023-08-03 10:00:00+02:00,0.3520099680369757,0.4139737739841377,0.8044579533941236,0.3880639415471012
2023-08-03 11:00:00+02:00,0.45263303865961596,0.3908952638674977,0.646403242147923,0.37142688954726155
2023-08-03 12:00:00+02:00,0.5155480746701059,0.3791400975918702,0.5916919959473151,0.36864156760285444
2023-08-03 13:00:00+02:00,0.5579013019518689,0.3686803986200874,0.6970618034447822,0.3707730024222429
2023-08-03 14:00:00+02:00,0.5695142836259007,0.3583166601893301,0.662613981762918,0.3337048203617397
2023-08-03 15:00:00+02:00,0.5425994908049094,0.3401321376649921,0.6707193515704154,0.34068171647842865
2023-08-03 16:00:00+02:00,0.49512288925519116,0.32046022675475844,0.7173252279635258,0.3698797772334582
2023-08-03 17:00:00+02:00,0.3843896934104526,0.27622241734198894,0.7396149949341438,0.45231242711783154
2023-08-03 18:00:00+02:00,0.2573300115651635,0.24762617611638094,0.7213779128672746,0.5345205657628074
2023-08-03 19:00:00+02:00,0.1248737088242949,0.2207092443587197,0.6990881458966566,0.5675689229543919
2023-08-03 20:00:00+02:00,0.03880102112264743,0.20449191292540506,0.8409321175278622,0.5672528518709768
2023-08-03 21:00:00+02:00,0.016121551029832384,0.18923418690234575,0.8470111448834853,0.5577711184130405
2023-08-03 22:00:00+02:00,0.0,0.16860267058185674,0.8145896656534954,0.6280701595688145
2023-08-03 23:00:00+02:00,0.0,0.15929449810238028,0.6889564336372846,0.6108905493871319
2023-08-04 00:00:00+02:00,0.0,0.14566810127675497,0.5775075987841946,0.5583093521044425
2023-08-04 01:00:00+02:00,0.0,0.14710750939213793,0.4376899696048632,0.4780616392658251
2023-08-04 02:00:00+02:00,0.0,0.15492829348571865,0.4518743667679838,0.42524715925687223
2023-08-04 03:00:00+02:00,0.0,0.15401666834597613,0.5734549138804458,0.4110411779943901
2023-08-04 04:00:00+02:00,0.0,0.1598222810780207,0.662613981762918,0.3388740111666083
2023-08-04 05:00:00+02:00,0.0,0.1598222810780207,0.6099290780141844,0.3290484063295658
2023-08-04 06:00:00+02:00,0.018170900737014464,0.15665558322417822,0.6403242147923,0.35549252963598715
2023-08-04 07:00:00+02:00,0.04856958806021536,0.1554080961908463,0.6281661600810537,0.373663842984292
2023-08-04 08:00:00+02:00,0.14509395926849145,0.14586002235880605,0.5288753799392097,0.4352679892025282
2023-08-04 09:00:00+02:00,0.26935286318063173,0.14158977828316996,0.5045592705167173,0.47163854395523996
2023-08-04 10:00:00+02:00,0.40515643710989774,0.14293322585752738,0.4072948328267477,0.4366434747189527
2023-08-04 11:00:00+02:00,0.5038667813391681,0.15344090509982294,0.3161094224924012,0.40244476103468985
2023-08-04 12:00:00+02:00,0.5445805288551854,0.1656278938100653,0.3161094224924012,0.3964033497088921
2023-08-04 13:00:00+02:00,0.5674649339187187,0.18256492930107138,0.30192502532928067,0.3817151081187702
2023-08-04 14:00:00+02:00,0.5939015451413675,0.19806255667669453,0.30192502532928067,0.35508712483398064
2023-08-04 15:00:00+02:00,0.5940381684551796,0.2135122037818049,0.25329280648429586,0.328211772288892
2023-08-04 16:00:00+02:00,0.5416431276082244,0.22776234412409616,0.2755825734549139,0.33894777777049817
2023-08-04 17:00:00+02:00,0.4458701846259151,0.23256037117537268,0.3606889564336373,0.3820456332541739
2023-08-04 18:00:00+02:00,0.29496973452040776,0.217782447857441,0.3708206686930091,0.45734878903330456
2023-08-04 19:00:00+02:00,0.14441084269943075,0.19691103018438816,0.3667679837892604,0.5436820261528723
2023-08-04 20:00:00+02:00,0.04214829231104483,0.1741683819613375,0.4072948328267477,0.5199415494964196
2023-08-04 21:00:00+02:00,0.015575057774583827,0.1751279873715928,0.3768996960486322,0.5075982563527914
2023-08-04 22:00:00+02:00,0.0,0.1741683819613375,0.37487335359675783,0.5556291812597243
2023-08-04 23:00:00+02:00,0.0,0.1697541970741631,0.38095238095238093,0.5857455513498661
2023-08-05 00:00:00+02:00,0.0,0.16495617002288657,0.3789260385005066,0.4965206056175051
2023-08-05 01:00:00+02:00,0.0,0.1478272134498294,0.3221884498480243,0.4870991700137718
2023-08-05 02:00:00+02:00,0.0,0.13055431606523396,0.3120567375886525,0.4701097201599287
2023-08-05 03:00:00+02:00,0.0,0.11903905114217034,0.21073961499493415,0.4563312614300217
2023-08-05 04:00:00+02:00,0.0,0.11764762329730014,0.14994934143870314,0.42736450754222516
2023-08-05 05:00:00+02:00,0.0,0.1331452506729233,0.10131712259371833,0.390201676715961
2023-08-05 06:00:00+02:00,0.018580770678450882,0.14053421233188912,0.08105369807497467,0.3797271270286894
2023-08-05 07:00:00+02:00,0.054512702211043394,0.1623172551446845,0.14994934143870314,0.349369443015751
2023-08-05 08:00:00+02:00,0.17248693368782528,0.19129733853439465,0.20871327254305977,0.36484069391419494
2023-08-05 09:00:00+02:00,0.33500036546736445,0.23779022066126407,0.47011144883485306,0.34908339835345314
2023-08-05 10:00:00+02:00,0.47456108052646423,0.3209880097303988,0.8186423505572442,0.3203275644493829
2023-08-05 11:00:00+02:00,0.5573548086966204,0.4002034363469741,0.8449848024316109,0.291804272981243
2023-08-05 12:00:00+02:00,0.60619764338446,0.47049453264817503,0.8591691995947315,0.31723519317482235
2023-08-05 13:00:00+02:00,0.618971923225895,0.5040807220071106,0.8470111448834853,0.31240085199579837
2023-08-05 14:00:00+02:00,0.5947212850242404,0.5351719372993825,0.8429584599797366,0.28274462450272786
2023-08-05 15:00:00+02:00,0.5487475399264556,0.5857431424198369,0.8530901722391084,0.28047788965654913
2023-08-05 16:00:00+02:00,0.4744244572126521,0.6410643943210551,0.8591691995947315,0.29109947727323615
2023-08-05 17:00:00+02:00,0.3663554159872503,0.6631832990274399,0.8652482269503546,0.31688477117984937
2023-08-05 18:00:00+02:00,0.2428479403010768,0.6733551163761461,0.8834853090172239,0.3525644942526055
2023-08-05 19:00:00+02:00,0.11790591981987582,0.6568019230492421,0.889564336372847,0.3726344549723995
2023-08-05 20:00:00+02:00,0.037503099641432114,0.6229758323377427,0.8996960486322189,0.3877914881404745
2023-08-05 21:00:00+02:00,0.015779992745302035,0.5994654997864878,0.9057750759878419,0.43760095473442806
2023-08-05 22:00:00+02:00,0.0,0.5692859096339585,0.8834853090172239,0.4792395510422259
2023-08-05 23:00:00+02:00,0.0,0.5862229451249645,0.8226950354609929,0.44723269253753895
2023-08-06 00:00:00+02:00,0.0,0.5940917094890581,0.7659574468085106,0.42998302245805864
2023-08-06 01:00:00+02:00,0.0,0.6193293317787725,0.6808510638297872,0.36728955789168016
2023-08-06 02:00:00+02:00,0.0,0.6205768188121045,0.7011144883485309,0.31040916419962544
2023-08-06 03:00:00+02:00,0.0,0.6110287449800642,0.6727456940222898,0.30167114686366353
2023-08-06 04:00:00+02:00,0.0,0.5949553543582878,0.7092198581560284,0.2915392329868007
2023-08-06 05:00:00+02:00,0.0,0.5772026542685648,0.6565349544072948,0.2955701779739959
2023-08-06 06:00:00+02:00,0.018034277423202325,0.5596898555314055,0.5126646403242148,0.29992225882538
2023-08-06 07:00:00+02:00,0.05041400279667923,0.5384345956942505,0.49240121580547114,0.29760684152163897
2023-08-06 08:00:00+02:00,0.15875629064970534,0.5143484998968424,0.4518743667679838,0.3059553939426759
2023-08-06 09:00:00+02:00,0.3164879064458196,0.5154040658481233,0.3850050658561297,0.25942710087644055
2023-08-06 10:00:00+02:00,0.4577564129275712,0.5140606182737658,0.2877406281661601,0.34082554298011625
2023-08-06 11:00:00+02:00,0.5637077927888848,0.520154112628887,0.24924012158054712,0.32548403204932436
2023-08-06 12:00:00+02:00,0.6235488042386017,0.5278789361814421,0.23505572441742653,0.2684123649667171
2023-08-06 13:00:00+02:00,0.6453402227916378,0.5293663245673379,0.20263424518743667,0.25051375003700777
2023-08-06 14:00:00+02:00,0.6531277516789297,0.5312375551173357,0.14994934143870314,0.24360271183366008
2023-08-06 15:00:00+02:00,0.6321560730087664,0.5305178510596442,0.2188449848024316,0.26205994733827837
2023-08-06 16:00:00+02:00,0.5770968775424744,0.5226970669660636,0.38703140830800403,0.266875877492826
2023-08-06 17:00:00+02:00,0.4795478314806073,0.49074220680456193,0.48632218844984804,0.2853459639627824
2023-08-06 18:00:00+02:00,0.33274608078946416,0.45135040471358173,0.49442755825734547,0.3559044850538605
2023-08-06 19:00:00+02:00,0.15827810905136283,0.40154688392133153,0.48834853090172237,0.3831342113119831
2023-08-06 20:00:00+02:00,0.04412933036132084,0.3311598270791051,0.46808510638297873,0.40245440057230014
2023-08-06 21:00:00+02:00,0.015506746117677758,0.2853386687394143,0.707193515704154,0.3896681402873796
2023-08-06 22:00:00+02:00,0.0,0.24541908367279372,0.7760891590678825,0.4424738488094665
2023-08-06 23:00:00+02:00,0.0,0.22210067220358987,0.6119554204660588,0.42842170110423544
2023-08-07 00:00:00+02:00,0.0,0.20108531371899874,0.4194528875379939,0.39636072258883237
2023-08-07 01:00:00+02:00,0.0,0.19408019422413503,0.18642350557244175,0.32456572271421213
2023-08-07 02:00:00+02:00,0.0,0.17906236955363952,0.14994934143870314,0.2434502363510908
2023-08-07 03:00:00+02:00,0.0,0.16361272244852915,0.13171225937183384,0.24765416621034653
2023-08-07 04:00:00+02:00,0.0,0.14811509507290602,0.12360688956433637,0.2582369559190503
2023-08-07 05:00:00+02:00,0.0,0.1438448509972699,0.06484295845997974,0.330876498524893
2023-08-07 06:00:00+02:00,0.018239212393920536,0.13995844908573593,0.02634245187436677,0.3750562589445267
2023-08-07 07:00:00+02:00,0.05881633659612577,0.12561234820241915,0.008105369807497468,0.427235140346953
2023-08-07 08:00:00+02:00,0.20937522841710277,0.08866753990758999,0.0,0.44288852037670345
2023-08-07 09:00:00+02:00,0.43077330844967376,0.08012705175631779,0.0,0.40151385100063497
2023-08-07 10:00:00+02:00,0.6167859502049008,0.10718792432551734,0.0,0.33753114571468
2023-08-07 11:00:00+02:00,0.7335305718573734,0.1295467303844659,0.0,0.33991909405361354
2023-08-07 12:00:00+02:00,0.7927567783949356,0.14533223938316564,0.0060790273556231,0.3521246160330566
2023-08-07 13:00:00+02:00,0.7894095072065382,0.15507223429725694,0.008105369807497468,0.3292999775743213
2023-08-07 14:00:00+02:00,0.77738665559107,0.15257726023059318,0.0121580547112462,0.33859278627311556
2023-08-07 15:00:00+02:00,0.7392687510374832,0.15190553644341445,0.016210739614994935,0.32737699160126427
2023-08-07 16:00:00+02:00,0.6668583947170497,0.15766316890494628,0.0121580547112462,0.33962810711652613
2023-08-07 17:00:00+02:00,0.5300301459341926,0.16193341298058236,0.014184397163120567,0.3710191361138446
2023-08-07 18:00:00+02:00,0.34306114098228063,0.1496504637293145,0.008105369807497468,0.35326941246659677
2023-08-07 19:00:00+02:00,0.1561604476872747,0.12302141359472984,0.028368794326241134,0.4473803482513031
2023-08-07 20:00:00+02:00,0.04119192911435986,0.0978797518460409,0.044579533941236066,0.5510000774993038
2023-08-07 21:00:00+02:00,0.01537012280386562,0.09447315263963457,0.08308004052684904,0.5724980354051612
2023-08-07 22:00:00+02:00,0.0,0.09850349536270685,0.0911854103343465,0.5378375707827497
2023-08-07 23:00:00+02:00,0.0,0.10224595646270253,0.12158054711246201,0.47161506814998966
2023-08-08 00:00:00+02:00,0.0,0.10474093052936631,0.07700101317122594,0.4330084227565649
2023-08-08 01:00:00+02:00,0.0,0.11227383299987044,0.07700101317122594,0.3876167724213524
2023-08-08 02:00:00+02:00,0.0,0.10565255566910886,0.07092198581560284,0.3228619329333831
2023-08-08 03:00:00+02:00,0.0,0.09500093561527499,0.04660587639311044,0.29798271518089264
2023-08-08 04:00:00+02:00,0.0,0.08362961150374965,0.06484295845997974,0.3074200906717076
2023-08-08 05:00:00+02:00,0.0,0.07883158445247314,0.044579533941236066,0.3297944710829506
2023-08-08 06:00:00+02:00,0.018239212393920536,0.08550084205374749,0.028368794326241134,0.39153688374373613
2023-08-08 07:00:00+02:00,0.055674000378446574,0.08818773720246234,0.0060790273556231,0.40397371259041226
2023-08-08 08:00:00+02:00,0.19755731177235275,0.07101080035889241,0.0121580547112462,0.38475694358272233
2023-08-08 09:00:00+02:00,0.4130122776540957,0.06904360926786905,0.008105369807497468,0.41787165396601234
2023-08-08 10:00:00+02:00,0.6025088139115322,0.0883796582845134,0.008105369807497468,0.3923053112396583
2023-08-08 11:00:00+02:00,0.7275874577065454,0.10790762838320882,0.010131712259371834,0.3311779877959082
2023-08-08 12:00:00+02:00,0.7866770409302954,0.12777146037549358,0.014184397163120567,0.3521928225778082
2023-08-08 13:00:00+02:00,0.8045063833827796,0.13400889554215306,0.016210739614994935,0.35898944291623675
2023-08-08 14:00:00+02:00,0.7933032716501841,0.1350644614934339,0.016210739614994935,0.3304759134916916
2023-08-08 15:00:00+02:00,0.7426843338827868,0.1437488904562444,0.020263424518743668,0.32711664886964265
2023-08-08 16:00:00+02:00,0.6513516485993719,0.1537767669934123,0.0364741641337386,0.34447703010794994
2023-08-08 17:00:00+02:00,0.4977187322176218,0.1512817929267485,0.06484295845997974,0.37834027638201956
2023-08-08 18:00:00+02:00,0.3201084242618413,0.12743559848190422,0.10536980749746708,0.44505368832330117
2023-08-08 19:00:00+02:00,0.1424981163060608,0.10363738430757272,0.14994934143870314,0.5764431083678883
2023-08-08 20:00:00+02:00,0.039142579407177774,0.09624842264860689,0.14994934143870314,0.5975308417029339
2023-08-08 21:00:00+02:00,0.01523349949005348,0.10157423267552382,0.14387031408308004,0.5319629664855255
2023-08-08 22:00:00+02:00,0.0,0.1199026960114001,0.160081053698075,0.5247128766718769
2023-08-08 23:00:00+02:00,0.0,0.13276140850882118,0.22492401215805471,0.48021704516882824
2023-08-09 00:00:00+02:00,0.0,0.14749135155624007,0.281661600810537,0.4481996843302135
2023-08-09 01:00:00+02:00,0.0,0.1579030702575101,0.23505572441742653,0.4022846271279674
2023-08-09 02:00:00+02:00,0.0,0.15521617510879526,0.19858156028368795,0.32647709329062835
2023-08-09 03:00:00+02:00,0.0,0.13631194852676579,0.1458966565349544,0.30287364750802753
2023-08-09 04:00:00+02:00,0.0,0.11664003761653208,0.09929078014184398,0.3166151616829974
2023-08-09 05:00:00+02:00,0.0,0.10574851621013438,0.08713272543059777,0.33080693390545957
2023-08-09 06:00:00+02:00,0.017351160854141633,0.09327364587681544,0.05673758865248227,0.3898157960011438
2023-08-09 07:00:00+02:00,0.0504823144535853,0.08530892097169643,0.0364741641337386,0.41132166259754976
2023-08-09 08:00:00+02:00,0.1836217337635146,0.06640469438966697,0.0364741641337386,0.4304955542187845
2023-08-09 09:00:00+02:00,0.3951829352016116,0.05297021864609272,0.022289766970618033,0.4409738106121482
2023-08-09 10:00:00+02:00,0.5714953216761768,0.04726056645507367,0.016210739614994935,0.4284108259979278
2023-08-09 11:00:00+02:00,0.6915189028601407,0.044525691035846054,0.004052684903748734,0.3766709600187329
2023-08-09 12:00:00+02:00,0.7650905573479775,0.04917977727558428,0.0,0.38359917367785956
2023-08-09 13:00:00+02:00,0.7983583342612333,0.05565711379480757,0.0,0.3504802613101131
2023-08-09 14:00:00+02:00,0.7937131415916205,0.054553567573013974,0.0,0.32552048132589717
2023-08-09 15:00:00+02:00,0.7551853670965974,0.05364194243327144,0.0,0.3303050269846459
2023-08-09 16:00:00+02:00,0.6814770892949485,0.053833863515322496,0.0060790273556231,0.3369263138196036
2023-08-09 17:00:00+02:00,0.5477228650728646,0.0536899227037842,0.0060790273556231,0.376045863746134
2023-08-09 18:00:00+02:00,0.3608221717778587,0.05191465269481189,0.014184397163120567,0.4542530838250318
2023-08-09 19:00:00+02:00,0.16114719864141777,0.05345002135122037,0.0243161094224924,0.5403335141311466
2023-08-09 20:00:00+02:00,0.042011668997232694,0.06122282517428833,0.06889564336372847,0.586970292230783
2023-08-09 21:00:00+02:00,0.014960252862429203,0.07734419606657741,0.17426545086119555,0.6172910316887843
2023-08-09 22:00:00+02:00,0.0,0.09850349536270685,0.3890577507598784,0.6046309271714081
2023-08-09 23:00:00+02:00,0.0,0.11241777381140874,0.6261398176291794,0.5729863510703036
2023-08-10 00:00:00+02:00,0.0,0.11692791923960867,0.5653495440729484,0.4846520368833481
2023-08-10 01:00:00+02:00,0.0,0.11995067628191287,0.3789260385005066,0.41349609730937786
2023-08-10 02:00:00+02:00,0.0,0.13141796093446373,0.3140830800405269,0.3939704256184885
2023-08-10 03:00:00+02:00,0.0,0.12973865146651695,0.2998986828774063,0.34658029185926736
2023-08-10 04:00:00+02:00,0.0,0.12446082171011279,0.541033434650456,0.33493450351744625
2023-08-10 05:00:00+02:00,0.0,0.13304929013189776,0.28976697061803447,0.3329426932152889
2023-08-10 06:00:00+02:00,0.01755609582485984,0.14058219260240187,0.2127659574468085,0.40635301194846407
2023-08-10 07:00:00+02:00,0.05164361262098848,0.1442766734318848,0.1945288753799392,0.44551704234810036
2023-08-10 08:00:00+02:00,0.16893472752870967,0.1189430906011448,0.17426545086119555,0.48857560464542865
2023-08-10 09:00:00+02:00,0.3547424343132185,0.07513710362299023,0.08915906788247213,0.46326145094817883
2023-08-10 10:00:00+02:00,0.5189636575154094,0.06563701006146272,0.03242147922998987,0.4113844315891476
2023-08-10 11:00:00+02:00,0.6546989197877693,0.06995523440761159,0.03242147922998987,0.3725003905143066
2023-08-10 12:00:00+02:00,0.7378342062424558,0.05815208786147136,0.1276595744680851,0.37323607543974807
2023-08-10 13:00:00+02:00,0.7652954923186956,0.05297021864609272,0.16210739614994935,0.3830898533448616
2023-08-10 14:00:00+02:00,0.7674814653396899,0.05541721244224374,0.12360688956433637,0.35015294760243726
2023-08-10 15:00:00+02:00,0.7268360294805786,0.06390972032300318,0.1661600810536981,0.3462143027495927
2023-08-10 16:00:00+02:00,0.6369378889921913,0.07432143902427321,0.13171225937183384,0.3730772996077075
2023-08-10 17:00:00+02:00,0.506804182586129,0.08732409233323257,0.08713272543059777,0.41137516482391717
2023-08-10 18:00:00+02:00,0.3199034892911231,0.09557669886142818,0.07092198581560284,0.43656625167536617
2023-08-10 19:00:00+02:00,0.14290798624749723,0.10018280483065363,0.044579533941236066,0.5115171321064779
2023-08-10 20:00:00+02:00,0.03893764443645957,0.10565255566910886,0.0790273556231003,0.5461383035425419
2023-08-10 21:00:00+02:00,0.015028564519335272,0.10402122647167485,0.11347517730496454,0.6181567015938465
2023-08-10 22:00:00+02:00,0.0,0.10243787754475359,0.12360688956433637,0.6109865562275747
2023-08-10 23:00:00+02:00,0.0,0.10997078001525772,0.11550151975683891,0.5608085068805674
2023-08-11 00:00:00+02:00,0.0,0.10728388486654288,0.11752786220871327,0.47012318890961546
2023-08-11 01:00:00+02:00,0.0,0.10819551000628541,0.14792299898682879,0.4202441576962286
2023-08-11 02:00:00+02:00,0.0,0.10977885893320666,0.12563323201621074,0.3485813689266551
2023-08-11 03:00:00+02:00,0.0,0.10723590459603011,0.14387031408308004,0.3088650183015812
2023-08-11 04:00:00+02:00,0.0,0.09984694293706427,0.0851063829787234,0.3038510191286454
2023-08-11 05:00:00+02:00,0.0,0.08732409233323257,0.0668693009118541,0.3126142431169193
2023-08-11 06:00:00+02:00,0.017146225883423422,0.07959926878067738,0.016210739614994935,0.35752845289329716
2023-08-11 07:00:00+02:00,0.05014075616905495,0.0799831109447795,0.0243161094224924,0.3880804992185315
2023-08-11 08:00:00+02:00,0.17296511528616776,0.07312193226145408,0.05673758865248227,0.40558495197049516
2023-08-11 09:00:00+02:00,0.34552036063089914,0.06674055628325631,0.19250253292806485,0.38669525165851226
2023-08-11 10:00:00+02:00,0.5014758733474556,0.06424558221659253,0.32016210739615,0.3716735185172275
2023-08-11 11:00:00+02:00,0.6283989318789326,0.06357385842941382,0.3910840932117528,0.3084583779308772
2023-08-11 12:00:00+02:00,0.7225323950954963,0.06789208277556269,0.3850050658561297,0.3324652526564541
2023-08-11 13:00:00+02:00,0.7578495217159341,0.0832937496101603,0.45390070921985815,0.29962558932316996
2023-08-11 14:00:00+02:00,0.7529993940756032,0.08967512558835807,0.3910840932117528,0.2723670722126277
2023-08-11 15:00:00+02:00,0.7043614943584817,0.09509689615630053,0.36879432624113473,0.26263067858819233
2023-08-11 16:00:00+02:00,0.6107062127402606,0.09644034373065795,0.38703140830800403,0.2913120055980396
2023-08-11 17:00:00+02:00,0.4751075737817128,0.10013482456014086,0.2695035460992908,0.3763952951843784
2023-08-11 18:00:00+02:00,0.3047383014579757,0.10162221294603659,0.26545086119554206,0.3996874896523694
2023-08-11 19:00:00+02:00,0.13245630274086861,0.10680408216141522,0.19858156028368795,0.45035941472365737
2023-08-11 20:00:00+02:00,0.033814270168504364,0.09490497507424946,0.24113475177304963,0.48689492315189675
2023-08-11 21:00:00+02:00,0.014960252862429203,0.07691237363196253,0.2066869300911854,0.5008734267592223
2023-08-11 22:00:00+02:00,0.0,0.07096282008837965,0.2066869300911854,0.47531190380167343
2023-08-11 23:00:00+02:00,0.0,0.07427345875376044,0.24113475177304963,0.4844595279240983
2023-08-12 00:00:00+02:00,0.0,0.07206636631017325,0.25937183383991896,0.4634138039247636
2023-08-12 01:00:00+02:00,0.0,0.07763207768965401,0.1458966565349544,0.4009927927650118
2023-08-12 02:00:00+02:00,0.0,0.08195030203580288,0.030395136778115502,0.4031192853096108
2023-08-12 03:00:00+02:00,0.0,0.08564478286528579,0.034447821681864235,0.35901217843115396
2023-08-12 04:00:00+02:00,0.0,0.0875639936857964,0.07497467071935157,0.32927526620037356
2023-08-12 05:00:00+02:00,0.0,0.09231404046656014,0.034447821681864235,0.3294929818119354
2023-08-12 06:00:00+02:00,0.016326486000550592,0.08267000609349436,0.016210739614994935,0.3507385056767198
2023-08-12 07:00:00+02:00,0.045358940185630095,0.07844774228837102,0.040526849037487336,0.3318766056604281
2023-08-12 08:00:00+02:00,0.15226668324362874,0.06961937251402223,0.08713272543059777,0.3395836266434203
2023-08-12 09:00:00+02:00,0.3144385567386375,0.07436941929478598,0.1276595744680851,0.33504459689192456
2023-08-12 10:00:00+02:00,0.464450955304366,0.08650842773451556,0.14387031408308004,0.3179284959921729
2023-08-12 11:00:00+02:00,0.5787363573082202,0.09792773211655367,0.17426545086119555,0.2939160612074577
2023-08-12 12:00:00+02:00,0.6434958080551739,0.1176956035678129,0.18439716312056736,0.27602720832134303
2023-08-12 13:00:00+02:00,0.6564750228673271,0.15713538592930587,0.1661600810536981,0.25308629864464255
2023-08-12 14:00:00+02:00,0.631677891410424,0.19695901045490094,0.14387031408308004,0.23584515504005954
2023-08-12 15:00:00+02:00,0.5943114150828039,0.210633387551039,0.14184397163120568,0.22561476318535917
2023-08-12 16:00:00+02:00,0.5268878097165134,0.2176385070459027,0.17831813576494426,0.23203859878627742
2023-08-12 17:00:00+02:00,0.41779409363752057,0.22142894841641117,0.2006079027355623,0.2797866904586402
2023-08-12 18:00:00+02:00,0.2810341565115696,0.2121207759369347,0.18642350557244175,0.2878598230572914
2023-08-12 19:00:00+02:00,0.12111656769446108,0.16831478895878013,0.20466058763931105,0.365272295925242
2023-08-12 20:00:00+02:00,0.03278959531491332,0.11779156410883844,0.22492401215805471,0.44140590790155965
2023-08-12 21:00:00+02:00,0.014755317891710994,0.09284182344220056,0.21479229989868287,0.4599013235298124
2023-08-12 22:00:00+02:00,0.0,0.08463719718451772,0.18439716312056736,0.504069346046821
2023-08-12 23:00:00+02:00,0.0,0.07926340688708802,0.1458966565349544,0.46913395688038806
2023-08-13 00:00:00+02:00,0.0,0.07120272144094347,0.12563323201621074,0.4076160554589999
2023-08-13 01:00:00+02:00,0.0,0.0715865636050456,0.20263424518743667,0.3677545202575567
2023-08-13 02:00:00+02:00,0.0,0.06933149089094563,0.23302938196555217,0.3721851874816358
2023-08-13 03:00:00+02:00,0.0,0.06405366113454147,0.2006079027355623,0.3550701996445971
2023-08-13 04:00:00+02:00,0.0,0.05714450218070329,0.1519756838905775,0.27522307183918115
2023-08-13 05:00:00+02:00,0.0,0.06088696328069897,0.1337386018237082,0.2866541109851995
2023-08-13 06:00:00+02:00,0.016189862686738454,0.06405366113454147,0.19047619047619047,0.26227198038471755
2023-08-13 07:00:00+02:00,0.0422166039679509,0.06587691141402655,0.20871327254305977,0.2657758117987871
2023-08-13 08:00:00+02:00,0.1362817555276085,0.05613691649993522,0.1661600810536981,0.279729604032165
2023-08-13 09:00:00+02:00,0.2783016902353268,0.04903583646404598,0.08308004052684904,0.24884109974000887
2023-08-13 10:00:00+02:00,0.437877720767905,0.053881843785835264,0.09321175278622088,0.23796238081942808
2023-08-13 11:00:00+02:00,0.5612485731402663,0.07686439336144976,0.11550151975683891,0.22152957568146345
2023-08-13 12:00:00+02:00,0.6365280190507548,0.0992711796909111,0.0851063829787234,0.22480086465960258
2023-08-13 13:00:00+02:00,0.6771734549098661,0.12028653817550222,0.08713272543059777,0.22753083102459615
2023-08-13 14:00:00+02:00,0.6823651408347274,0.12383707819344685,0.07497467071935157,0.21764925282379147
2023-08-13 15:00:00+02:00,0.6595490474281003,0.1280113617280574,0.05268490374873354,0.20480763695945747
2023-08-13 16:00:00+02:00,0.5861823279109817,0.12345323602934473,0.028368794326241134,0.20033496039966728
2023-08-13 17:00:00+02:00,0.4742195222419339,0.10315758160244506,0.016210739614994935,0.2961279357525873
2023-08-13 18:00:00+02:00,0.3087003775585277,0.08511699988964537,0.004052684903748734,0.3542601303309171
2023-08-13 19:00:00+02:00,0.1362817555276085,0.0676042011524861,0.0,0.41742597067535636
2023-08-13 20:00:00+02:00,0.03606855484640465,0.05565711379480757,0.0,0.48140694511424964
2023-08-13 21:00:00+02:00,0.014823629548617065,0.05536923217173098,0.0,0.503619583277693
2023-08-13 22:00:00+02:00,0.0,0.05901573273070113,0.0,0.5341329542009284
2023-08-13 23:00:00+02:00,0.0,0.06789208277556269,0.0,0.4898996915549273
2023-08-14 00:00:00+02:00,0.0,0.07432143902427321,0.004052684903748734,0.45319996974149357
2023-08-14 01:00:00+02:00,0.0,0.08290990744605818,0.03242147922998987,0.3360663264796639
2023-08-14 02:00:00+02:00,0.0,0.09250596154861121,0.0547112462006079,0.30267483819930635
2023-08-14 03:00:00+02:00,0.0,0.1053166937755195,0.0851063829787234,0.24500760598685306
2023-08-14 04:00:00+02:00,0.0,0.11841530762550438,0.09929078014184398,0.24733710982462961
2023-08-14 05:00:00+02:00,0.0,0.11971077492934905,0.0972644376899696,0.2647522288580017
2023-08-14 06:00:00+02:00,0.015984927716020243,0.11150614867166621,0.07497467071935157,0.3432952891194726
2023-08-14 07:00:00+02:00,0.04098699414364165,0.11150614867166621,0.06484295845997974,0.3731645349612842
2023-08-14 08:00:00+02:00,0.13662331381213882,0.1098748194742322,0.060790273556231005,0.3949428549643168
2023-08-14 09:00:00+02:00,0.28888999705576757,0.10469295025885356,0.0911854103343465,0.356570727865853
2023-08-14 10:00:00+02:00,0.44218135515298734,0.12393303873447238,0.16818642350557245,0.34658523413405695
2023-08-14 11:00:00+02:00,0.5571498737259022,0.15017824670495492,0.22289766970618036,0.35183424688031784
2023-08-14 12:00:00+02:00,0.6292186717618055,0.15684750430622926,0.28368794326241137,0.31878971890081
2023-08-14 13:00:00+02:00,0.687830073387213,0.165483952998527,0.2674772036474164,0.30442990408107684
2023-08-14 14:00:00+02:00,0.7036783777894211,0.1690344930164716,0.2553191489361702,0.28380490698648164
2023-08-14 15:00:00+02:00,0.6626913836457794,0.1675471046305759,0.27760891590678827,0.30385336776005584
2023-08-14 16:00:00+02:00,0.5839280432330813,0.16236523541519726,0.2613981762917933,0.32012616149728246
2023-08-14 17:00:00+02:00,0.45789303624138333,0.15655962268315268,0.24113475177304963,0.34291274233836766
2023-08-14 18:00:00+02:00,0.2901196068800768,0.1416377585536827,0.25937183383991896,0.42627061969167324
2023-08-14 19:00:00+02:00,0.12145812597899143,0.1291628882203638,0.23708206686930092,0.579602077846123
2023-08-14 20:00:00+02:00,0.03080855726463731,0.13429677716522964,0.22087132725430597,0.5641979204297178
2023-08-14 21:00:00+02:00,0.014618694577898855,0.1197587551998618,0.22695035460992907,0.5065216664640029
2023-08-14 22:00:00+02:00,0.0,0.09413729074604522,0.2188449848024316,0.4992125143648486
2023-08-14 23:00:00+02:00,0.0,0.08415739447939007,0.11347517730496454,0.4854002000017479
2023-08-15 00:00:00+02:00,0.0,0.08583670394733685,0.11347517730496454,0.47618647295401295
2023-08-15 01:00:00+02:00,0.0,0.09461709345117288,0.11550151975683891,0.4196518039941104
2023-08-15 02:00:00+02:00,0.0,0.10080654834731957,0.11347517730496454,0.40596861181431304
2023-08-15 03:00:00+02:00,0.0,0.08967512558835807,0.14184397163120568,0.3645520556085179
2023-08-15 04:00:00+02:00,0.0,0.07120272144094347,0.21681864235055726,0.34885184647425127
2023-08-15 05:00:00+02:00,0.0,0.06501326654479678,0.3262411347517731,0.3344385294281507
2023-08-15 06:00:00+02:00,0.015438434460771689,0.06045514084608409,0.2188449848024316,0.3632110435096357
2023-08-15 07:00:00+02:00,0.03907426775027171,0.05786420623839477,0.1519756838905775,0.3987740000860623
2023-08-15 08:00:00+02:00,0.13040695303368652,0.058200068131984126,0.18034447821681865,0.4293962288150787
2023-08-15 09:00:00+02:00,0.2838349344447184,0.0611268646332628,0.13779128672745694,0.4203961379004335
2023-08-15 10:00:00+02:00,0.42674292069221564,0.053833863515322496,0.0668693009118541,0.3292740306316762
2023-08-15 11:00:00+02:00,0.5269561213734195,0.050715145931992764,0.02634245187436677,0.3043394572997723
2023-08-15 12:00:00+02:00,0.591374013835843,0.04654086239738219,0.0364741641337386,0.29310760023485494
2023-08-15 13:00:00+02:00,0.6311313981551754,0.04678076374994602,0.05065856129685917,0.2824430127257283
2023-08-15 14:00:00+02:00,0.638645680414843,0.04985150106276299,0.05268490374873354,0.26300655224744607
2023-08-15 15:00:00+02:00,0.6152147820960612,0.051338889448658706,0.0668693009118541,0.2647559355640938
2023-08-15 16:00:00+02:00,0.5492257215247981,0.051866672424299126,0.0668693009118541,0.3368442710072119
2023-08-15 17:00:00+02:00,0.445801872969009,0.05349800162173314,0.06889564336372847,0.353108042991177
2023-08-15 18:00:00+02:00,0.2848596092983095,0.05421770567942462,0.11347517730496454,0.42823475220412377
2023-08-15 19:00:00+02:00,0.1208433210668368,0.055753074335833104,0.19250253292806485,0.5275904987506346
2023-08-15 20:00:00+02:00,0.033131153599443665,0.060071298681981966,0.25937183383991896,0.5424197229326695
2023-08-15 21:00:00+02:00,0.014413759607180648,0.06568499033197549,0.2877406281661601,0.5447043735249604
2023-08-15 22:00:00+02:00,0.0,0.07134666225248178,0.2938196555217832,0.53679236538976
2023-08-15 23:00:00+02:00,0.0,0.07125070171145624,0.2573454913880446,0.5237440315261563
2023-08-16 00:00:00+02:00,0.0,0.07355375469606897,0.16210739614994935,0.4349852837283692
2023-08-16 01:00:00+02:00,0.0,0.07849572255888378,0.1702127659574468,0.39867132012376827
2023-08-16 02:00:00+02:00,0.0,0.07686439336144976,0.3262411347517731,0.3961363338554193
2023-08-16 03:00:00+02:00,0.0,0.07552094578709234,0.3505572441742654,0.3495925961804667
2023-08-16 04:00:00+02:00,0.0,0.0782078409358072,0.2917933130699088,0.3348163789464349
2023-08-16 05:00:00+02:00,0.0,0.0802709925678561,0.30192502532928067,0.35778076442838574
2023-08-16 06:00:00+02:00,0.015575057774583827,0.08444527610246666,0.26545086119554206,0.4126829390739544
2023-08-16 07:00:00+02:00,0.04173842236960842,0.0947130539921984,0.22492401215805471,0.44568632051406876
2023-08-16 08:00:00+02:00,0.1470066856618614,0.08180636122426457,0.25329280648429586,0.4267180338293909
2023-08-16 09:00:00+02:00,0.3175125812994107,0.057624304885830945,0.3282674772036474,0.4187642613704483
2023-08-16 10:00:00+02:00,0.47661043023364635,0.04687672429097155,0.21681864235055726,0.39655644297581005
2023-08-16 11:00:00+02:00,0.6006643991750684,0.04486155292943541,0.17223910840932116,0.35504202657652606
2023-08-16 12:00:00+02:00,0.6571581394363878,0.04989948133327576,0.1276595744680851,0.3569532746469579
2023-08-16 13:00:00+02:00,0.6566799578380453,0.053306080539682076,0.0851063829787234,0.34912751130860575
2023-08-16 14:00:00+02:00,0.6464332093021349,0.05968745651787984,0.044579533941236066,0.34806945495027797
2023-08-16 15:00:00+02:00,0.5934916751999311,0.0663567141191542,0.044579533941236066,0.3488716155734094
2023-08-16 16:00:00+02:00,0.5087852206364051,0.06870774737427969,0.1094224924012158,0.3467587142844817
2023-08-16 17:00:00+02:00,0.3889665744231593,0.07974320959221567,0.18642350557244175,0.37688014915539747
2023-08-16 18:00:00+02:00,0.2481762495397502,0.08151847960118798,0.2755825734549139,0.44437063757348294
2023-08-16 19:00:00+02:00,0.11196280566904777,0.08770793449733469,0.2877406281661601,0.5374034976343078
2023-08-16 20:00:00+02:00,0.031218427206073724,0.09063473099861337,0.24924012158054712,0.5207524816064171
2023-08-16 21:00:00+02:00,0.014482071264086717,0.0972080280588622,0.14792299898682879,0.539458076928063
2023-08-16 22:00:00+02:00,0.0,0.11534457031268741,0.16210739614994935,0.49942367936054355
2023-08-16 23:00:00+02:00,0.0,0.12738761821139147,0.3221884498480243,0.4766069495923569
2023-08-17 00:00:00+02:00,0.0,0.1200466368229384,0.2553191489361702,0.41851034149428246
2023-08-17 01:00:00+02:00,0.0,0.11361728057422787,0.22289766970618036,0.3802758630540193
2023-08-17 02:00:00+02:00,0.0,0.11155412894217896,0.18642350557244175,0.3634099753243413
2023-08-17 03:00:00+02:00,0.0,0.10805156919474711,0.160081053698075,0.34379076793040386
2023-08-17 04:00:00+02:00,0.0,0.10666014134987692,0.13576494427558258,0.3462339493427664
2023-08-17 05:00:00+02:00,0.0,0.10056664699475575,0.1033434650455927,0.3244395669466678
2023-08-17 06:00:00+02:00,0.015301811146959549,0.09874339671527067,0.07092198581560284,0.36105687317533
2023-08-17 07:00:00+02:00,0.039689072662426335,0.10219797619218976,0.04660587639311044,0.36687253769303285
2023-08-17 08:00:00+02:00,0.13505214570329924,0.08367759177426241,0.05876393110435663,0.3900762612387498
2023-08-17 09:00:00+02:00,0.29585778606018664,0.06184656869095428,0.0547112462006079,0.41514737016614134
2023-08-17 10:00:00+02:00,0.46643199335464197,0.05488942946660333,0.03242147922998987,0.40325606591706725
2023-08-17 11:00:00+02:00,0.6105012777695424,0.06419760194607976,0.03242147922998987,0.36031513291238604
2023-08-17 12:00:00+02:00,0.6891963065253344,0.06851582629222863,0.034447821681864235,0.3658967744134922
2023-08-17 13:00:00+02:00,0.733189013572843,0.06985927386658605,0.05065856129685917,0.3642131265042013
2023-08-17 14:00:00+02:00,0.7383123878407982,0.07177848468709666,0.0911854103343465,0.3527469961562919
2023-08-17 15:00:00+02:00,0.7029269495634544,0.07604872876273276,0.09929078014184398,0.3410809434369483
2023-08-17 16:00:00+02:00,0.6145316655270004,0.07700833417298807,0.12158054711246201,0.3326861796957439
2023-08-17 17:00:00+02:00,0.48439795912093825,0.07633661038580936,0.11752786220871327,0.3654225452823854
2023-08-17 18:00:00+02:00,0.3051481713994121,0.07537700497555405,0.12360688956433637,0.43693903641287646
2023-08-17 19:00:00+02:00,0.12897240823865908,0.07561690632811788,0.14994934143870314,0.5328574272430077
2023-08-17 20:00:00+02:00,0.03374595851159829,0.08689226989861769,0.1661600810536981,0.5772875233386995
2023-08-17 21:00:00+02:00,0.016258174343644523,0.12047845925755328,0.18034447821681865,0.5154330414444052
2023-08-17 22:00:00+02:00,0.0,0.15531213564982077,0.2006079027355623,0.4587174789218935
2023-08-17 23:00:00+02:00,0.0,0.15329696428828465,0.21681864235055726,0.45550945421371647
2023-08-18 00:00:00+02:00,0.0,0.1478751937203422,0.19047619047619047,0.4338841049716174
2023-08-18 01:00:00+02:00,0.0,0.13967056746265935,0.14387031408308004,0.42199106987548163
2023-08-18 02:00:00+02:00,0.0,0.12690781550626382,0.1276595744680851,0.3447939639876824
2023-08-18 03:00:00+02:00,0.0,0.11486476760755976,0.11144883485309018,0.2978780593595682
2023-08-18 04:00:00+02:00,0.0,0.10757176648961946,0.0790273556231003,0.3092820385002285
2023-08-18 05:00:00+02:00,0.0,0.09845551509219408,0.13779128672745694,0.33072872030514444
2023-08-18 06:00:00+02:00,0.015301811146959549,0.09533679750886435,0.13779128672745694,0.38699464256451255
2023-08-18 07:00:00+02:00,0.04009894260386275,0.09658428454219624,0.1094224924012158,0.4322551948573912
2023-08-18 08:00:00+02:00,0.1402438316281605,0.07907148580503696,0.060790273556231005,0.43709892530763
2023-08-18 09:00:00+02:00,0.29742895416902626,0.0655410495204372,0.0,0.43641859596160204
2023-08-18 10:00:00+02:00,0.4729216007607186,0.060791002739673444,0.0,0.37976629770905246
2023-08-18 11:00:00+02:00,0.6113210176524152,0.06424558221659253,0.010131712259371834,0.35503906016076703
2023-08-18 12:00:00+02:00,0.696710588785002,0.07796793958324337,0.0668693009118541,0.34427599467380277
2023-08-18 13:00:00+02:00,0.7247866797733965,0.09092261262168995,0.11550151975683891,0.34812481052969146
2023-08-18 14:00:00+02:00,0.7167942159153864,0.09965502185501321,0.11144883485309018,0.34607146680463374
2023-08-18 15:00:00+02:00,0.6725965738971595,0.096632264812709,0.0547112462006079,0.3339151225611173
2023-08-18 16:00:00+02:00,0.5841329782037996,0.09754388995245154,0.030395136778115502,0.3355741816024449
2023-08-18 17:00:00+02:00,0.43145642501873444,0.10114241024090893,0.0364741641337386,0.39565901580256896
2023-08-18 18:00:00+02:00,0.2537778054060479,0.10445304890628973,0.05065856129685917,0.46792589617688574
2023-08-18 19:00:00+02:00,0.10444852340938014,0.10546063458705779,0.08105369807497467,0.5793518646760494
2023-08-18 20:00:00+02:00,0.027802844360770254,0.11284959624602363,0.14792299898682879,0.6329192050662227
2023-08-18 21:00:00+02:00,0.014687006234804924,0.1366957906908679,0.23505572441742653,0.5698037780264074
2023-08-18 22:00:00+02:00,0.0,0.16063794567673773,0.2917933130699088,0.5354808844336307
2023-08-18 23:00:00+02:00,0.0,0.18467606120363306,0.27152988855116517,0.4890723242794839
2023-08-19 00:00:00+02:00,0.0,0.20991368349334752,0.41742654508611954,0.47696528027787843
2023-08-19 01:00:00+02:00,0.0,0.22737850195999404,0.6504559270516718,0.4085559872463165
2023-08-19 02:00:00+02:00,0.0,0.22905781142794082,0.6646403242147924,0.36629983058408844
2023-08-19 03:00:00+02:00,0.0,0.20660304482796674,0.44984802431610943,0.28741784121830094
2023-08-19 04:00:00+02:00,0.0,0.1854437455318373,0.27152988855116517,0.2630768571572126
2023-08-19 05:00:00+02:00,0.0,0.17699921792159062,0.19858156028368795,0.25651821680786835
2023-08-19 06:00:00+02:00,0.01516518783314741,0.16481222921134828,0.2188449848024316,0.2582011244268262
2023-08-19 07:00:00+02:00,0.03777634626905639,0.1391907647575317,0.21479229989868287,0.28366219354750705
2023-08-19 08:00:00+02:00,0.14447915435633682,0.11606427437037889,0.22492401215805471,0.29553063977567956
2023-08-19 09:00:00+02:00,0.3246169936176419,0.10123837078193446,0.1661600810536981,0.33074960246701557
2023-08-19 10:00:00+02:00,0.499904705238616,0.08511699988964537,0.19250253292806485,0.26328209457581614
2023-08-19 11:00:00+02:00,0.6353667208833517,0.08698823043964321,0.1398176291793313,0.22820386946442422
2023-08-19 12:00:00+02:00,0.7004677299148359,0.08909936234220488,0.12968591691995948,0.21353836338921947
2023-08-19 13:00:00+02:00,0.7329840786021249,0.08214222311785394,0.0972644376899696,0.2198681680087254
2023-08-19 14:00:00+02:00,0.754775497155161,0.09317768533578992,0.07092198581560284,0.22029198383520837
2023-08-19 15:00:00+02:00,0.7189118772794746,0.08751601341528363,0.028368794326241134,0.24834524815669776
2023-08-19 16:00:00+02:00,0.6402851601805887,0.0757128668691434,0.004052684903748734,0.2756142676011678
2023-08-19 17:00:00+02:00,0.5256581998922042,0.07206636631017325,0.0,0.3273909556293154
2023-08-19 18:00:00+02:00,0.501885743288892,0.07081887927684136,0.0,0.37950719054612825
2023-08-19 19:00:00+02:00,0.31621465981819535,0.06712439844735844,0.0,0.45445794847125554
2023-08-19 20:00:00+02:00,0.02370414494640609,0.06271021356018405,0.002026342451874367,0.48378092942513207
2023-08-19 21:00:00+02:00,0.014618694577898855,0.06530114816787337,0.0,0.4702861667261125
2023-08-19 22:00:00+02:00,0.0,0.06592489168453931,0.0,0.4725688414593729
2023-08-19 23:00:00+02:00,0.0,0.0655410495204372,0.0,0.4465460628420396
2023-08-20 00:00:00+02:00,0.0,0.06563701006146272,0.0,0.42438630912061504
2023-08-20 01:00:00+02:00,0.0,0.06386174005249041,0.0,0.3979804884438125
2023-08-20 02:00:00+02:00,0.0,0.06482134546274572,0.0,0.3713696806148019
2023-08-20 03:00:00+02:00,0.0,0.06309405572428617,0.0,0.3060040764002382
2023-08-20 04:00:00+02:00,0.0,0.0682759249396648,0.0,0.2750620698817146
2023-08-20 05:00:00+02:00,0.0,0.07168252414607112,0.0,0.269336356866952
2023-08-20 06:00:00+02:00,0.014891941205523134,0.07355375469606897,0.0,0.2763069526341696
2023-08-20 07:00:00+02:00,0.03989400763314454,0.07657651173837318,0.014184397163120567,0.2817268518874762
2023-08-20 08:00:00+02:00,0.16490433977125157,0.06482134546274572,0.002026342451874367,0.2698627301497445
2023-08-20 09:00:00+02:00,0.374894373100509,0.041982736698669504,0.004052684903748734,0.2528210136382314
2023-08-20 10:00:00+02:00,0.570812205107116,0.03598520288457386,0.0,0.2151303289485085
2023-08-20 11:00:00+02:00,0.7119440882750555,0.03320234719483348,0.0060790273556231,0.19704155369095966
2023-08-20 12:00:00+02:00,0.7918004151982506,0.031858899620476056,0.0,0.2016501480618888
2023-08-20 13:00:00+02:00,0.820696246069518,0.031762939079450526,0.0,0.20809128162457044
2023-08-20 14:00:00+02:00,0.8085367711402376,0.034977617203805794,0.0,0.2186624559366335
2023-08-20 15:00:00+02:00,0.7569614701761552,0.041263032640978026,0.0121580547112462,0.22513126728902189
2023-08-20 16:00:00+02:00,0.6311313981551754,0.04989948133327576,0.020263424518743668,0.2464888603873151
2023-08-20 17:00:00+02:00,0.5078971690966261,0.05340204108070761,0.02634245187436677,0.28721767383489794
2023-08-20 18:00:00+02:00,0.31867387946681386,0.06309405572428617,0.034447821681864235,0.33080569833676216
2023-08-20 19:00:00+02:00,0.12323422905854924,0.07552094578709234,0.07092198581560284,0.3756664058867726
2023-08-20 20:00:00+02:00,0.029988817381764475,0.09648832400117072,0.08915906788247213,0.4201753333671282
2023-08-20 21:00:00+02:00,0.01537012280386562,0.1252764863088298,0.15602836879432624,0.4486689711865308
2023-08-20 22:00:00+02:00,0.0,0.14307716666906567,0.19655521783181357,0.42284364380323697
2023-08-20 23:00:00+02:00,0.0,0.14365292991521886,0.24721377912867273,0.40712934813493484
2023-08-21 00:00:00+02:00,0.0,0.13525638257548495,0.21479229989868287,0.39793427712364504
2023-08-21 01:00:00+02:00,0.0,0.12906692767933825,0.18034447821681865,0.3610808442589446
2023-08-21 02:00:00+02:00,0.0,0.11755166275627461,0.1702127659574468,0.3395197445891095
2023-08-21 03:00:00+02:00,0.0,0.10905915487551518,0.07092198581560284,0.298129012819975
2023-08-21 04:00:00+02:00,0.0,0.10392526593064931,0.016210739614994935,0.2864247799769969
2023-08-21 05:00:00+02:00,0.0,0.09835955455116856,0.02634245187436677,0.33642984445194374
2023-08-21 06:00:00+02:00,0.015096876176241341,0.08909936234220488,0.014184397163120567,0.41837838065563104
2023-08-21 07:00:00+02:00,0.04003063094695668,0.08401345366785178,0.0121580547112462,0.46631712793419766
2023-08-21 08:00:00+02:00,0.16381135326075447,0.06491730600377124,0.014184397163120567,0.4606370084552539
2023-08-21 09:00:00+02:00,0.37837826760271853,0.044525691035846054,0.008105369807497468,0.4146339756090981
2023-08-21 10:00:00+02:00,0.5774384358270048,0.036417025319188744,0.004052684903748734,0.3692404719208394
2023-08-21 11:00:00+02:00,0.7162477226601378,0.03272254448970583,0.0,0.32244516300113124
2023-08-21 12:00:00+02:00,0.7995879440855426,0.03157101799739947,0.0,0.2892812748819147
2023-08-21 13:00:00+02:00,0.8297816964380252,0.030515452046118635,0.0,0.2800006993641099
2023-08-21 14:00:00+02:00,0.8183736497347116,0.030227570423042045,0.0,0.28760380481611064
2023-08-21 15:00:00+02:00,0.7672765303689717,0.03113919556278458,0.0,0.3009191545331872
2023-08-21 16:00:00+02:00,0.6644674867253373,0.032482643137142005,0.0,0.34514253262960926
2023-08-21 17:00:00+02:00,0.5127472967369571,0.03420993287560155,0.008105369807497468,0.4229887058736219
2023-08-21 18:00:00+02:00,0.31375544016957685,0.038048354516622765,0.020263424518743668,0.5842555254625379
2023-08-21 19:00:00+02:00,0.11981864621324576,0.04361406589610352,0.08308004052684904,0.725872988730415
2023-08-21 20:00:00+02:00,0.028759207557455226,0.05791218650890753,0.1458966565349544,0.6622236524896384
2023-08-21 21:00:00+02:00,0.014755317891710994,0.08530892097169643,0.16818642350557245,0.561273096474064
2023-08-21 22:00:00+02:00,0.0,0.1053166937755195,0.3221884498480243,0.4895407430850571
2023-08-21 23:00:00+02:00,0.0,0.11131422758961514,0.364741641337386,0.45380974391135953
2023-08-22 00:00:00+02:00,0.0,0.108483391629362,0.25937183383991896,0.4085430137749939
2023-08-22 01:00:00+02:00,0.0,0.10248585781526635,0.2755825734549139,0.38191305463117386
2023-08-22 02:00:00+02:00,0.0,0.09490497507424946,0.22897669706180346,0.38139879202338633
2023-08-22 03:00:00+02:00,0.0,0.08406143393836454,0.19250253292806485,0.34393879641654784
2023-08-22 04:00:00+02:00,0.0,0.07225828739222431,0.1580547112462006,0.34441858560679295
2023-08-22 05:00:00+02:00,0.0,0.06645267466017973,0.18642350557244175,0.3590355317304198
2023-08-22 06:00:00+02:00,0.015028564519335272,0.0645814441101819,0.2066869300911854,0.3775937163502704
2023-08-22 07:00:00+02:00,0.038664397808835294,0.06414962167556701,0.2127659574468085,0.44580741150083913
2023-08-22 08:00:00+02:00,0.1583464207082689,0.057624304885830945,0.21073961499493415,0.45539429605846427
2023-08-22 09:00:00+02:00,0.3617102233176376,0.04332618427302693,0.15602836879432624,0.4285928326232499
2023-08-22 10:00:00+02:00,0.5479961117004889,0.03790441370508447,0.11752786220871327,0.3920832711376556
2023-08-22 11:00:00+02:00,0.6820918942071031,0.038144315057648294,0.08105369807497467,0.36022950589988656
2023-08-22 12:00:00+02:00,0.7650905573479775,0.039487762632005714,0.0668693009118541,0.3574470278652542
2023-08-22 13:00:00+02:00,0.801978852077255,0.04150293399354185,0.11752786220871327,0.3299324925135312
2023-08-22 14:00:00+02:00,0.798085087633609,0.04145495372302909,0.18642350557244175,0.302354692891846
2023-08-22 15:00:00+02:00,0.7590791315402434,0.04289436183841204,0.14184397163120568,0.32898279868262
2023-08-22 16:00:00+02:00,0.6534693099634601,0.04764440861917579,0.1094224924012158,0.35894990471792043
2023-08-22 17:00:00+02:00,0.4884966585353024,0.054553567573013974,0.1276595744680851,0.43047751596668793
2023-08-22 18:00:00+02:00,0.2921006449303528,0.06199050950249257,0.160081053698075,0.5613387093754364
2023-08-22 19:00:00+02:00,0.11408046703313593,0.07206636631017325,0.19047619047619047,0.7065571239605388
2023-08-22 20:00:00+02:00,0.0281444026453006,0.08319778906913476,0.21073961499493415,0.6883127842986771
2023-08-22 21:00:00+02:00,0.014482071264086717,0.10570053593962161,0.27152988855116517,0.6503521173397224
2023-08-22 22:00:00+02:00,0.0,0.13098613849984886,0.47213779128672745,0.5987489094619998
2023-08-22 23:00:00+02:00,0.0,0.1416377585536827,0.5754812563323202,0.5742086208138258
2023-08-23 00:00:00+02:00,0.0,0.1361680077152275,0.563323201621074,0.4986475934404683
2023-08-23 01:00:00+02:00,0.0,0.12532446657934257,0.47619047619047616,0.4121082561059795
2023-08-23 02:00:00+02:00,0.0,0.11779156410883844,0.4457953394123607,0.33493252765841575
2023-08-23 03:00:00+02:00,0.0,0.1126096948934598,0.43566362715298884,0.30085638554158944
2023-08-23 04:00:00+02:00,0.0,0.11256171462294703,0.4072948328267477,0.28891849719996787
2023-08-23 05:00:00+02:00,0.0,0.10713994405500457,0.3829787234042553,0.28940693537109474
2023-08-23 06:00:00+02:00,0.014823629548617065,0.10061462726526851,0.425531914893617,0.3216007427758933
2023-08-23 07:00:00+02:00,0.03791296958286853,0.09231404046656014,0.48429584599797365,0.3815145679629873
2023-08-23 08:00:00+02:00,0.15424772129390474,0.07273809009735197,0.3343465045592705,0.46233362983586734
2023-08-23 09:00:00+02:00,0.35412762940106385,0.05153081053070977,0.2613981762917933,0.41571674334137354
2023-08-23 10:00:00+02:00,0.5316013140430322,0.04884391538199492,0.22897669706180346,0.3405076185436552
2023-08-23 11:00:00+02:00,0.6614617738214702,0.04294234210892481,0.2978723404255319,0.2955686973933297
2023-08-23 12:00:00+02:00,0.7442555019916263,0.04054332858328655,0.1661600810536981,0.3463475044113681
2023-08-23 13:00:00+02:00,0.7726048396076451,0.03790441370508447,0.1094224924012158,0.28794829397956545
2023-08-23 14:00:00+02:00,0.7480809547783662,0.03747259127046958,0.11144883485309018,0.27205681145474636
2023-08-23 15:00:00+02:00,0.689811111437489,0.038816038844827004,0.05876393110435663,0.300175933689577
2023-08-23 16:00:00+02:00,0.5945846617104282,0.04279840129738651,0.008105369807497468,0.331253980525224
2023-08-23 17:00:00+02:00,0.45761978961375904,0.047692388889688554,0.0243161094224924,0.44702412118522306
2023-08-23 18:00:00+02:00,0.2671668901596375,0.0536899227037842,0.05876393110435663,0.5678636165975715
2023-08-23 19:00:00+02:00,0.10192099210385558,0.057576324615318177,0.07092198581560284,0.6951008781622084
2023-08-23 20:00:00+02:00,0.025138689741433545,0.08031897283836886,0.04660587639311044,0.6858620669681459
2023-08-23 21:00:00+02:00,0.014618694577898855,0.12350121629985748,0.25937183383991896,0.558332582897724
2023-08-23 22:00:00+02:00,0.0,0.13674377096138068,0.3850050658561297,0.5188734860825283
2023-08-23 23:00:00+02:00,0.0,0.1347765798703573,0.3789260385005066,0.4880623325943697
2023-08-24 00:00:00+02:00,0.0,0.13592810636266367,0.281661600810537,0.41977104162783463
2023-08-24 01:00:00+02:00,0.0,0.14509233803060181,0.3161094224924012,0.3368604559062623
2023-08-24 02:00:00+02:00,0.0,0.1382311593472764,0.2938196555217832,0.3358614618334402
2023-08-24 03:00:00+02:00,0.0,0.18246896876004587,0.1540020263424519,0.30857267328981197
2023-08-24 04:00:00+02:00,0.0,0.18429221903953094,0.05268490374873354,0.29691156284525794
2023-08-24 05:00:00+02:00,0.0,0.1807416790215863,0.0060790273556231,0.30041848318107095
2023-08-24 06:00:00+02:00,0.014823629548617065,0.1975347737010541,0.010131712259371834,0.3280825275996042
2023-08-24 07:00:00+02:00,0.03538543827734396,0.22114106679333456,0.044579533941236066,0.3640465644875965
2023-08-24 08:00:00+02:00,0.13976565002981803,0.20549949860617311,0.07700101317122594,0.3941759080490609
2023-08-24 09:00:00+02:00,0.31928868437896846,0.18203714632543097,0.02634245187436677,0.36837949402417114
2023-08-24 10:00:00+02:00,0.4837831542087836,0.1771911390036417,0.09929078014184398,0.33097423621239747
2023-08-24 11:00:00+02:00,0.6048314102463386,0.17949419198825442,0.3363728470111449,0.32623516158348315
2023-08-24 12:00:00+02:00,0.6650139799805858,0.23850992471895555,0.48429584599797365,0.31034232098398223
2023-08-24 13:00:00+02:00,0.667131641344674,0.2691693175766125,0.5430597771023303,0.28795990937620625
2023-08-24 14:00:00+02:00,0.6639209934700887,0.3130232848252798,0.12968591691995948,0.2657695114493158
2023-08-24 15:00:00+02:00,0.6331807478623575,0.3655137007662449,0.182370820668693,0.26674329886982595
2023-08-24 16:00:00+02:00,0.574705969550762,0.3261698789457775,0.6545086119554204,0.31107503949366466
2023-08-24 17:00:00+02:00,0.4478512226761911,0.27252793651250606,0.5997973657548126,0.4305161913686868
2023-08-24 18:00:00+02:00,0.27017260306350455,0.2015171361536136,0.26545086119554206,0.6228171951044925
2023-08-24 19:00:00+02:00,0.10260410867291626,0.15013026643444213,0.23910840932117527,0.7283956193117901
2023-08-24 20:00:00+02:00,0.02691479282099135,0.12945076984344037,0.19858156028368795,0.7029074901857512
2023-08-24 21:00:00+02:00,0.014413759607180648,0.13429677716522964,0.09321175278622088,0.6069548709500464
2023-08-24 22:00:00+02:00,0.0,0.1420695809882976,0.02634245187436677,0.5150423409607828
2023-08-24 23:00:00+02:00,0.0,0.13707963285497002,0.0182370820668693,0.4086076361196378
2023-08-25 00:00:00+02:00,0.0,0.12484466387421492,0.1519756838905775,0.36024668135566557
2023-08-25 01:00:00+02:00,0.0,0.1113622078601279,0.36271529888551163,0.34360839378712854
2023-08-25 02:00:00+02:00,0.0,0.10522073323449396,0.25937183383991896,0.3401894490952253
2023-08-25 03:00:00+02:00,0.0,0.11025866163833431,0.2877406281661601,0.3179658133194899
2023-08-25 04:00:00+02:00,0.0,0.1095869378511556,0.39918946301925023,0.2998371270912448
2023-08-25 05:00:00+02:00,0.0,0.10829147054731093,0.39918946301925023,0.2949123391309163
2023-08-25 06:00:00+02:00,0.014482071264086717,0.10915511541654072,0.3829787234042553,0.3308517871509453
2023-08-25 07:00:00+02:00,0.014823629548617065,0.12978663173702973,0.2796352583586626,0.43986015366243814
2023-08-25 08:00:00+02:00,0.027871156017676323,0.13113007931138715,0.3100303951367781,0.4975035372972612
2023-08-25 09:00:00+02:00,0.09228904848009978,0.1526732207716187,0.2634245187436677,0.521573921304769
2023-08-25 10:00:00+02:00,0.2077357486513571,0.16951429572159926,0.24518743667679838,0.49489354885632497
2023-08-25 11:00:00+02:00,0.3072658327635002,0.20597930131130077,0.19858156028368795,0.4143480534527846
2023-08-25 12:00:00+02:00,0.385755926548574,0.21893397434974737,0.21681864235055726,0.38173833891205167
2023-08-25 13:00:00+02:00,0.46253822891099605,0.2168228424471857,0.17831813576494426,0.38610079959137916
2023-08-25 14:00:00+02:00,0.4992215886695553,0.2443635177215129,0.18642350557244175,0.36490507124687
2023-08-25 15:00:00+02:00,0.4990166536988371,0.2562146445381659,0.303951367781155,0.3014462681063128
2023-08-25 16:00:00+02:00,0.48146055787397724,0.2641793694432849,0.39918946301925023,0.30082067655534966
2023-08-25 17:00:00+02:00,0.4391756422491203,0.26365158646764447,0.3343465045592705,0.31891130516594457
2023-08-25 18:00:00+02:00,0.34476893240493234,0.26701020540353804,0.36879432624113473,0.37840502123264785
2023-08-25 19:00:00+02:00,0.21320068120384267,0.26892941622404865,0.4275582573454914,0.48768176167229527
2023-08-25 20:00:00+02:00,0.0866874926138021,0.25338380857791276,0.46403242147923,0.5994621038844927
2023-08-25 21:00:00+02:00,0.023772456603312158,0.19719891180746477,0.4316109422492401,0.6412138824885123
2023-08-25 22:00:00+02:00,0.0,0.15881469539725263,0.5207700101317123,0.5873051418566275
2023-08-25 23:00:00+02:00,0.0,0.14106199530752953,0.49645390070921985,0.5520860566593071
2023-08-26 00:00:00+02:00,0.0,0.12479668360370215,0.46605876393110435,0.5287519753615895
2023-08-26 01:00:00+02:00,0.0,0.12230170953703837,0.4275582573454914,0.4853884620991228
2023-08-26 02:00:00+02:00,0.0,0.14926662156521237,0.5531914893617021,0.404619195746518
2023-08-26 03:00:00+02:00,0.0,0.1707138024844184,0.48429584599797365,0.3627672083175991
2023-08-26 04:00:00+02:00,0.0,0.17311281601005665,0.4579533941236069,0.3432981277748206
2023-08-26 05:00:00+02:00,0.0,0.1621733143331462,0.425531914893617,0.3206401738386745
2023-08-26 06:00:00+02:00,0.014618694577898855,0.15569597781392291,0.44376899696048633,0.3311977568950663
2023-08-26 07:00:00+02:00,0.030876868921543378,0.15967834026648242,0.3383991894630192,0.34021131655939835
2023-08-26 08:00:00+02:00,0.10929865104971107,0.14019835043829976,0.4214792299898683,0.35700702188529415
2023-08-26 09:00:00+02:00,0.2474931329706895,0.12095826196268093,0.3383991894630192,0.3433828919910025
2023-08-26 10:00:00+02:00,0.3691561939203991,0.13866298178189126,0.3444782168186423,0.3082418978880128
2023-08-26 11:00:00+02:00,0.4612403074297807,0.1642364659651951,0.303951367781155,0.2895706534779248
2023-08-26 12:00:00+02:00,0.4869938020833689,0.17426434250236303,0.2998986828774063,0.29287332695186286
2023-08-26 13:00:00+02:00,0.4839880891795018,0.17508000710108002,0.23100303951367782,0.275881405960625
2023-08-26 14:00:00+02:00,0.49327847451872725,0.16730720327801207,0.2188449848024316,0.2640443442282514
2023-08-26 15:00:00+02:00,0.4348720078640379,0.16198139325109515,0.1458966565349544,0.31850602286992247
2023-08-26 16:00:00+02:00,0.37284502339332687,0.14835499642546984,0.2006079027355623,0.3213511473901683
2023-08-26 17:00:00+02:00,0.269626109808256,0.13871096205240405,0.3120567375886525,0.3407329925793701
2023-08-26 18:00:00+02:00,0.1583464207082689,0.12081432115114264,0.19858156028368795,0.41803907877893465
2023-08-26 19:00:00+02:00,0.06298334766739601,0.0989832980678345,0.3100303951367781,0.47263395382795437
2023-08-26 20:00:00+02:00,0.02097167867016331,0.07772803823067954,0.4012158054711246,0.4963063464456399
2023-08-26 21:00:00+02:00,0.014208824636462438,0.07614468930375828,0.46605876393110435,0.4916638964415171
2023-08-26 22:00:00+02:00,0.0,0.08545286178323473,0.44782168186423504,0.44807216523356075
2023-08-26 23:00:00+02:00,0.0,0.08986704667040912,0.44174265450861194,0.45522662097914646
2023-08-27 00:00:00+02:00,0.0,0.096632264812709,0.5227963525835866,0.46400628013286627
2023-08-27 01:00:00+02:00,0.0,0.08655640800502833,0.7213779128672746,0.4245520030864756
2023-08-27 02:00:00+02:00,0.0,0.095816600213992,0.5491388044579534,0.3500652169704963
2023-08-27 03:00:00+02:00,0.0,0.10675610189090246,0.47821681864235055,0.33871350448750603
2023-08-27 04:00:00+02:00,0.0,0.11716782059217248,0.4376899696048632,0.33402558345354877
2023-08-27 05:00:00+02:00,0.0,0.12450880198062556,0.4518743667679838,0.3334670853846242
2023-08-27 06:00:00+02:00,0.014345447950274579,0.13755943556009767,0.3708206686930091,0.33409947256342304
2023-08-27 07:00:00+02:00,0.026709857850273144,0.15152169427931234,0.47821681864235055,0.3277020791835142
2023-08-27 08:00:00+02:00,0.09140099694032087,0.14566810127675497,0.585612968591692,0.35139288282567605
2023-08-27 09:00:00+02:00,0.21695782233367647,0.12580426928447022,0.502532928064843,0.3723757153274285
2023-08-27 10:00:00+02:00,0.35330788951819103,0.14058219260240187,0.5086119554204661,0.36739557178768645
2023-08-27 11:00:00+02:00,0.4533161552286767,0.17738306008569274,0.45592705167173253,0.36089784707689393
2023-08-27 12:00:00+02:00,0.48938471007508133,0.21523949352026445,0.4579533941236069,0.33567537572964606
2023-08-27 13:00:00+02:00,0.4720335492209397,0.24978528828945537,0.569402228976697,0.3247714501567533
2023-08-27 14:00:00+02:00,0.4547507000237041,0.26494705377148914,0.502532928064843,0.3081234005446216
2023-08-27 15:00:00+02:00,0.4447088864585119,0.2765582792355783,0.5106382978723404,0.29669903452045443
2023-08-27 16:00:00+02:00,0.3871221596866954,0.2963741309573503,0.78419452887538,0.30692571966906274
2023-08-27 17:00:00+02:00,0.3116377788054887,0.2838512803535186,0.9807497467071935,0.3310502236872866
2023-08-27 18:00:00+02:00,0.19181913259224292,0.24781809719843198,0.9787234042553191,0.37659805621116055
2023-08-27 19:00:00+02:00,0.07719217230385844,0.2228683565317941,0.9179331306990881,0.41911690423642056
2023-08-27 20:00:00+02:00,0.02110830198397545,0.19028975285362656,0.8004052684903749,0.4816351578053125
2023-08-27 21:00:00+02:00,0.01414051297955637,0.190817535829267,0.7578520770010132,0.48264897870250334
2023-08-27 22:00:00+02:00,0.0,0.20026964912028172,0.8368794326241135,0.44971886858791454
2023-08-27 23:00:00+02:00,0.0,0.20617122239335184,0.8693009118541033,0.43524031141282143
2023-08-28 00:00:00+02:00,0.0,0.20612324212283908,0.5227963525835866,0.460260266745256
2023-08-28 01:00:00+02:00,0.0,0.20228482048181787,0.3829787234042553,0.4111877206454413
2023-08-28 02:00:00+02:00,0.0,0.1953756615279797,0.5876393110435664,0.3818174153086843
2023-08-28 03:00:00+02:00,0.0,0.17407242142031196,0.7659574468085106,0.37462527471782825
2023-08-28 04:00:00+02:00,0.0,0.1590066164793037,0.8308004052684904,0.3785578642331703
2023-08-28 05:00:00+02:00,0.0,0.14350898910368057,0.790273556231003,0.39671299268242477
2023-08-28 06:00:00+02:00,0.014345447950274579,0.1368397315024062,0.729483282674772,0.40097227812109393
2023-08-28 07:00:00+02:00,0.025138689741433545,0.13827913961778915,0.6808510638297872,0.4587213081339701
2023-08-28 08:00:00+02:00,0.08252048154253186,0.13304929013189776,0.6281661600810537,0.4640957363574422
2023-08-28 09:00:00+02:00,0.19441497555467357,0.12532446657934257,0.47213779128672745,0.49717856696656904
2023-08-28 10:00:00+02:00,0.31184271377620687,0.12177392656139795,0.2938196555217832,0.5054097351069278
2023-08-28 11:00:00+02:00,0.42011668997232693,0.12182190683191071,0.24721377912867273,0.45393935611860053
2023-08-28 12:00:00+02:00,0.5009976917491131,0.12777146037549358,0.2695035460992908,0.45584071963945333
2023-08-28 13:00:00+02:00,0.5483376699850192,0.1366957906908679,0.23708206686930092,0.4668504140963835
2023-08-28 14:00:00+02:00,0.5696509069397129,0.1468676080395741,0.2127659574468085,0.4370624707766305
2023-08-28 15:00:00+02:00,0.5581062369225871,0.15967834026648242,0.17831813576494426,0.4087182195180537
2023-08-28 16:00:00+02:00,0.5105613237159629,0.17939823144722888,0.2695035460992908,0.3961023504618145
2023-08-28 17:00:00+02:00,0.4048148788253674,0.1888503447382436,0.403242147922999,0.41812186188165934
2023-08-28 18:00:00+02:00,0.25077209250218085,0.19062561474721593,0.44782168186423504,0.45479575925843246
2023-08-28 19:00:00+02:00,0.09399683990275153,0.1792542906356906,0.547112462006079,0.5875969915900325
2023-08-28 20:00:00+02:00,0.022679470092815047,0.16068592594725048,0.5207700101317123,0.5988614687194461
2023-08-28 21:00:00+02:00,0.014208824636462438,0.1590066164793037,0.47821681864235055,0.5462433268818195
2023-08-28 22:00:00+02:00,0.0,0.1618854327100696,0.5653495440729484,0.5074522037256779
2023-08-28 23:00:00+02:00,0.0,0.154448490780591,0.6099290780141844,0.47723488452030377
2023-08-29 00:00:00+02:00,0.0,0.14528425911265286,0.4518743667679838,0.42497099388972676
2023-08-29 01:00:00+02:00,0.0,0.13635992879727854,0.41134751773049644,0.40673023842797296
2023-08-29 02:00:00+02:00,0.0,0.13002653308959355,0.27152988855116517,0.4062694780465529
2023-08-29 03:00:00+02:00,0.0,0.12685983523575106,0.21479229989868287,0.3823683722050134
2023-08-29 04:00:00+02:00,0.0,0.12062240006909158,0.22492401215805471,0.3701726122691651
2023-08-29 05:00:00+02:00,0.0,0.12028653817550222,0.2796352583586626,0.3743733307006929
2023-08-29 06:00:00+02:00,0.014277136293368508,0.11256171462294703,0.17831813576494426,0.3656679334292273
2023-08-29 07:00:00+02:00,0.014345447950274579,0.10886723379346412,0.1661600810536981,0.4193920737924108
2023-08-29 08:00:00+02:00,0.029100765841985572,0.10546063458705779,0.1094224924012158,0.45081263393248205
2023-08-29 09:00:00+02:00,0.11865734804584258,0.09821561373963025,0.09321175278622088,0.4719665979532489
2023-08-29 10:00:00+02:00,0.27734532703864184,0.08761197395630915,0.11144883485309018,0.45748816328414027
2023-08-29 11:00:00+02:00,0.4194335734032662,0.08487709853708154,0.0972644376899696,0.4292331232381706
2023-08-29 12:00:00+02:00,0.5227207986452432,0.0874200528742581,0.08713272543059777,0.4179115596822819
2023-08-29 13:00:00+02:00,0.5555103939601566,0.09010694802297295,0.1094224924012158,0.45437997462848256
2023-08-29 14:00:00+02:00,0.5526413043701016,0.09284182344220056,0.05268490374873354,0.47979680828802634
2023-08-29 15:00:00+02:00,0.5458101386794947,0.0948569948037367,0.040526849037487336,0.4070704031009869
2023-08-29 16:00:00+02:00,0.5265462514319831,0.09533679750886435,0.0486322188449848,0.3841559356452957
2023-08-29 17:00:00+02:00,0.4746977038402764,0.0992711796909111,0.1033434650455927,0.3886003166310305
2023-08-29 18:00:00+02:00,0.3644426895938803,0.10349344349603443,0.11752786220871327,0.3970068182748602
2023-08-29 19:00:00+02:00,0.21415704440052763,0.10570053593962161,0.0972644376899696,0.48987942192297823
2023-08-29 20:00:00+02:00,0.07685061401932809,0.11064250380243643,0.0668693009118541,0.5518090284958442
2023-08-29 21:00:00+02:00,0.022884405063533255,0.10018280483065363,0.08915906788247213,0.5272731868440956
2023-08-29 22:00:00+02:00,0.0,0.09336960641784098,0.11144883485309018,0.5077118061669664
2023-08-29 23:00:00+02:00,0.0,0.09149837586784314,0.16818642350557245,0.4891721550775766
2023-08-30 00:00:00+02:00,0.0,0.08813975693194957,0.19047619047619047,0.45781930620389266
2023-08-30 01:00:00+02:00,0.0,0.08770793449733469,0.24316109422492402,0.471199651037993
2023-08-30 02:00:00+02:00,0.0,0.0896271453178453,0.2857142857142857,0.4376875670492294
2023-08-30 03:00:00+02:00,0.0,0.09874339671527067,0.3059777102330294,0.41762180831389184
2023-08-30 04:00:00+02:00,0.0,0.1086273324409003,0.3302938196555218,0.3933570619940881
2023-08-30 05:00:00+02:00,0.0,0.11529659004217464,0.5288753799392097,0.38692272405924205
2023-08-30 06:00:00+02:00,0.014618694577898855,0.12772348010498083,0.6180344478216818,0.4040666252546849
2023-08-30 07:00:00+02:00,0.014687006234804924,0.1376553961011232,0.48632218844984804,0.42449219525621024
2023-08-30 08:00:00+02:00,0.02964725909723413,0.144852436678038,0.39918946301925023,0.4741570950581431
2023-08-30 09:00:00+02:00,0.10670280808728043,0.14643578560495923,0.45390070921985815,0.4848961894614927
2023-08-30 10:00:00+02:00,0.2636146840005219,0.1379432777241998,0.342451874366768,0.4681686906803485
2023-08-30 11:00:00+02:00,0.42524006424028216,0.14005440962676147,0.22087132725430597,0.4235392899975712
2023-08-30 12:00:00+02:00,0.5491574098678921,0.15113785211521022,0.15602836879432624,0.3911320914716516
2023-08-30 13:00:00+02:00,0.5990932310662288,0.17541586899466938,0.17426545086119555,0.41145930600132374
2023-08-30 14:00:00+02:00,0.5833132383209267,0.1975347737010541,0.23910840932117527,0.42141341523732095
2023-08-30 15:00:00+02:00,0.5764137609734138,0.218598112456158,0.22897669706180346,0.38458951351537335
2023-08-30 16:00:00+02:00,0.5492257215247981,0.24637868908304902,0.22897669706180346,0.3546686188002404
2023-08-30 17:00:00+02:00,0.4804358830203862,0.2662905013458466,0.38095238095238093,0.35958722891708206
2023-08-30 18:00:00+02:00,0.3652624294767532,0.27415926570994004,0.38095238095238093,0.37347701659016475
2023-08-30 19:00:00+02:00,0.21429366771433978,0.25477523642278294,0.5430597771023303,0.4139456098121105
2023-08-30 20:00:00+02:00,0.07903658704032232,0.2179263886689793,0.5349544072948328,0.4925268501972158
2023-08-30 21:00:00+02:00,0.02103999032706938,0.18002197496389483,0.46200607902735563,0.5195585074369503
2023-08-30 22:00:00+02:00,0.0,0.17450424385492685,0.3323201621073962,0.5079293992725439
2023-08-30 23:00:00+02:00,0.0,0.17239311195236517,0.28976697061803447,0.4835103241171248
2023-08-31 00:00:00+02:00,0.0,0.16030208378314836,0.25937183383991896,0.45795077701860637
2023-08-31 01:00:00+02:00,0.0,0.1471554896626507,0.19047619047619047,0.4296482900837718
2023-08-31 02:00:00+02:00,0.0,0.1332412112139488,0.13779128672745694,0.40214425706597656
2023-08-31 03:00:00+02:00,0.0,0.12422092035754896,0.10536980749746708,0.3804446459416233
2023-08-31 04:00:00+02:00,0.0,0.1252764863088298,0.1337386018237082,0.35785193213446975
2023-08-31 05:00:00+02:00,0.0,0.12685983523575106,0.1762917933130699,0.34084765545625806
2023-08-31 06:00:00+02:00,0.014277136293368508,0.13415283635369135,0.25329280648429586,0.3427853457476993
2023-08-31 07:00:00+02:00,0.014413759607180648,0.1361680077152275,0.3080040526849038,0.40489263445544654
2023-08-31 08:00:00+02:00,0.027802844360770254,0.15099391130367193,0.47821681864235055,0.46556784649865823
2023-08-31 09:00:00+02:00,0.11858903638893652,0.14705952912162518,0.5734549138804458,0.49565233681463694
2023-08-31 10:00:00+02:00,0.28895830871267364,0.13074623714728503,0.3951367781155015,0.4410312645565766
2023-08-31 11:00:00+02:00,0.437877720767905,0.13127402012292544,0.3100303951367781,0.3951057050204028
2023-08-31 12:00:00+02:00,0.5304400158756291,0.14998632562290384,0.4093211752786221,0.38051347027072363
2023-08-31 13:00:00+02:00,0.5717002566468949,0.1796381327997927,0.38095238095238093,0.38981987022518916
2023-08-31 14:00:00+02:00,0.588504924245788,0.19211300313311164,0.3404255319148936,0.3889322050955427
2023-08-31 15:00:00+02:00,0.5782581757098776,0.2121207759369347,0.403242147922999,0.3618471681354252
2023-08-31 16:00:00+02:00,0.5423262441772851,0.2231562381548707,0.44984802431610943,0.3567046645635348
2023-08-31 17:00:00+02:00,0.4671151099237027,0.22003752057154097,0.524822695035461,0.3776327592702225
2023-08-31 18:00:00+02:00,0.36259827485741647,0.22214865247410262,0.5450861195542046,0.3865639033497829
2023-08-31 19:00:00+02:00,0.21367886280218515,0.20948186105873262,0.47213779128672745,0.48954210115973895
2023-08-31 20:00:00+02:00,0.0739132127723671,0.20286058372797106,0.6099290780141844,0.5898223348848489
2023-08-31 21:00:00+02:00,0.02028856210110262,0.20050955047284555,0.5673758865248227,0.6110157145979477
2023-08-31 22:00:00+02:00,0.0,0.21427988811000914,0.5612968591691996,0.5385489118521967
2023-08-31 23:00:00+02:00,0.0,0.21605515811898146,0.46605876393110435,0.49523519411000516
2023-09-01 00:00:00+02:00,0.0,0.2181662900215431,0.6524822695035462,0.4816929845221208
2023-09-01 01:00:00+02:00,0.0,0.2101056045753986,0.7213779128672746,0.43895333196355557
2023-09-01 02:00:00+02:00,0.0,0.2187420532676963,0.7193515704154002,0.39922709678890256
2023-09-01 03:00:00+02:00,0.0,0.2202774219241048,0.9422492401215805,0.3868086789667028
2023-09-01 04:00:00+02:00,0.0,0.2125525983715496,0.9888551165146909,0.3835140366892978
2023-09-01 05:00:00+02:00,0.0,0.2191738757023112,1.0,0.37570544880672463
2023-09-01 06:00:00+02:00,0.0,0.23193662765870673,0.9463019250253293,0.39309597897213333
2023-09-01 07:00:00+02:00,0.027939467674582392,0.24441149799202566,0.7659574468085106,0.43878961385672544
2023-09-01 08:00:00+02:00,0.11824747810440617,0.23841396417793,0.9463019250253293,0.46334707796067826
2023-09-01 09:00:00+02:00,0.2955162277756563,0.22608303465614937,0.9199594731509625,0.47323050951452905
2023-09-01 10:00:00+02:00,0.469369394601603,0.216966783258724,0.47416413373860183,0.44319013215370295
2023-09-01 11:00:00+02:00,0.6007327108319744,0.20890609781257946,0.30192502532928067,0.4035255529079348
2023-09-01 12:00:00+02:00,0.6676098229430164,0.1847240414741458,0.2634245187436677,0.39803856017258965
2023-09-01 13:00:00+02:00,0.7020388980236754,0.1610697681113526,0.1884498480243161,0.39559772739163734
2023-09-01 14:00:00+02:00,0.7049079876137303,0.1377993369126615,0.0547112462006079,0.3776978768932306
2023-09-01 15:00:00+02:00,0.6693176143656682,0.12239767007806389,0.05268490374873354,0.3659229663681061
2023-09-01 16:00:00+02:00,0.5792828505634686,0.10570053593962161,0.040526849037487336,0.37298969148175093
2023-09-01 17:00:00+02:00,0.434940319520944,0.09097059289220272,0.03242147922998987,0.3940310909906447
2023-09-01 18:00:00+02:00,0.2436676801839496,0.07729621579606465,0.0182370820668693,0.45339976435251667
2023-09-01 19:00:00+02:00,0.08231554657181366,0.06875572764479246,0.020263424518743668,0.5473311646492957
2023-09-01 20:00:00+02:00,0.019263887247511578,0.06486932573325847,0.0121580547112462,0.5904024554059776
2023-09-01 21:00:00+02:00,0.0,0.06750824061146056,0.0,0.5428326636528448
2023-09-01 22:00:00+02:00,0.0,0.07504114308196469,0.022289766970618033,0.5045459185549115
2023-09-01 23:00:00+02:00,0.0,0.08353365096272412,0.0364741641337386,0.548898418834637
2023-09-02 00:00:00+02:00,0.0,0.09423325128707075,0.022289766970618033,0.5053289278632336
2023-09-02 01:00:00+02:00,0.0,0.1022939367332153,0.016210739614994935,0.4495169703574499
2023-09-02 02:00:00+02:00,0.0,0.10675610189090246,0.0060790273556231,0.43895938730105805
2023-09-02 03:00:00+02:00,0.0,0.1143849649024321,0.060790273556231005,0.3949260470264911
2023-09-02 04:00:00+02:00,0.0,0.11884713006011927,0.09321175278622088,0.35944068626603093
2023-09-02 05:00:00+02:00,0.0,0.10498083188193014,0.05876393110435663,0.37827985076740545
2023-09-02 06:00:00+02:00,0.0,0.10368536457808548,0.0243161094224924,0.4025345900316457
2023-09-02 07:00:00+02:00,0.027392974419333836,0.10109442997039617,0.0,0.4213183989536067
2023-09-02 08:00:00+02:00,0.10424358843866194,0.08650842773451556,0.002026342451874367,0.4260457356798959
2023-09-02 09:00:00+02:00,0.2662105269629525,0.07168252414607112,0.060790273556231005,0.4075688535821038
2023-09-02 10:00:00+02:00,0.416291237185587,0.07173050441658389,0.07092198581560284,0.3520557917039563
2023-09-02 11:00:00+02:00,0.5169143078082273,0.07643257092683488,0.0547112462006079,0.3287697750794522
2023-09-02 12:00:00+02:00,0.5988882960955106,0.07897552526401143,0.044579533941236066,0.3340390522032356
2023-09-02 13:00:00+02:00,0.6385090571010309,0.0782078409358072,0.034447821681864235,0.3093297304010622
2023-09-02 14:00:00+02:00,0.6473895724988199,0.07657651173837318,0.06281661600810537,0.2898219744562849
2023-09-02 15:00:00+02:00,0.5761405143457895,0.0810866571665731,0.07092198581560284,0.31158299649755417
2023-09-02 16:00:00+02:00,0.4804358830203862,0.09020290856399847,0.06484295845997974,0.34746078858869833
2023-09-02 17:00:00+02:00,0.36266658651432254,0.09879137698578344,0.10536980749746708,0.3691885727811226
2023-09-02 18:00:00+02:00,0.20609626888561144,0.09739994914091325,0.12563323201621074,0.43215140183238426
2023-09-02 19:00:00+02:00,0.06865321519059976,0.08770793449733469,0.1580547112462006,0.48215955522907455
2023-09-02 20:00:00+02:00,0.019058952276793367,0.1035414237665472,0.2978723404255319,0.5495453878258355
2023-09-02 21:00:00+02:00,0.0,0.1540646486164889,0.425531914893617,0.5148812164973319
2023-09-02 22:00:00+02:00,0.0,0.19777467505361793,0.48226950354609927,0.48544134654114146
2023-09-02 23:00:00+02:00,0.0,0.20674698563950503,0.684903748733536,0.4786606660897945
2023-09-03 00:00:00+02:00,0.0,0.20242876129335616,0.729483282674772,0.4283222325696693
2023-09-03 01:00:00+02:00,0.0,0.18697911418824578,0.7335359675785208,0.4109126735954355
2023-09-03 02:00:00+02:00,0.0,0.17493606628954173,0.585612968591692,0.4043023843727699
2023-09-03 03:00:00+02:00,0.0,0.1649081897523738,0.6605876393110436,0.3549284715079244
2023-09-03 04:00:00+02:00,0.0,0.1545924315921293,0.6788247213779128,0.34973975661586654
2023-09-03 05:00:00+02:00,0.0,0.1471554896626507,0.6322188449848024,0.3501113057846794
2023-09-03 06:00:00+02:00,0.0,0.1452362788421401,0.5997973657548126,0.3325165287573956
2023-09-03 07:00:00+02:00,0.027461286076239905,0.1457640618177805,0.42350557244174264,0.30703074826276705
2023-09-03 08:00:00+02:00,0.11729111490772119,0.13487254041138283,0.47416413373860183,0.31955987724379376
2023-09-03 09:00:00+02:00,0.305079859742506,0.10267777889731741,0.3951367781155015,0.3636300395673135
2023-09-03 10:00:00+02:00,0.5076922341259079,0.08559680259477302,0.541033434650456,0.31030945065309046
2023-09-03 11:00:00+02:00,0.6609152805662216,0.08794783584989851,0.3728470111448835,0.2819713772380006
2023-09-03 12:00:00+02:00,0.754775497155161,0.09735196887040048,0.20263424518743667,0.2614171803315362
2023-09-03 13:00:00+02:00,0.8034817085291885,0.11160210921269173,0.1540020263424519,0.25891604969638093
2023-09-03 14:00:00+02:00,0.7987682042026697,0.12455678225113832,0.160081053698075,0.26341949296762135
2023-09-03 15:00:00+02:00,0.7289536908446668,0.13664781042035515,0.20263424518743667,0.26173955176442254
2023-09-03 16:00:00+02:00,0.6105695894264485,0.15013026643444213,0.1945288753799392,0.2756871661543135
2023-09-03 17:00:00+02:00,0.4593958926933168,0.17018601950877799,0.21479229989868287,0.33073267202320544
2023-09-03 18:00:00+02:00,0.26129208766571554,0.20343634697412422,0.47213779128672745,0.3861631958105971
2023-09-03 19:00:00+02:00,0.08347684473921684,0.2308810617074259,0.9746707193515705,0.3916483351928962
2023-09-03 20:00:00+02:00,0.019468822218229785,0.2767022200471166,0.9564336372847011,0.4231341354619601
2023-09-03 21:00:00+02:00,0.0,0.33869272954960916,0.9037487335359676,0.43766187037297977
2023-09-03 22:00:00+02:00,0.0,0.36225104237137684,1.0,0.401285137776781
2023-09-03 23:00:00+02:00,0.0,0.3493923298739558,1.0,0.3733498755203185
2023-09-04 00:00:00+02:00,0.0,0.32425066812526687,1.0,0.33994726712168455
2023-09-04 01:00:00+02:00,0.0,0.3136950086124585,1.0,0.3038172860014362
2023-09-04 02:00:00+02:00,0.0,0.29023265633171635,0.9908814589665653,0.3171202800315389
2023-09-04 03:00:00+02:00,0.0,0.28394724089454415,0.9523809523809523,0.3091604522350938
2023-09-04 04:00:00+02:00,0.0,0.2763183778830145,0.9604863221884499,0.28229869094567644
2023-09-04 05:00:00+02:00,0.0,0.2837073395419803,0.9564336372847011,0.2854229419944001
2023-09-04 06:00:00+02:00,0.0,0.29949284854068003,0.9827760891590679,0.29202334666748664
2023-09-04 07:00:00+02:00,0.015028564519335272,0.304818658567597,0.9787234042553191,0.33294775799606285
2023-09-04 08:00:00+02:00,0.02828102595911274,0.30760151425733734,0.9969604863221885,0.3763013867089505
2023-09-04 09:00:00+02:00,0.12323422905854924,0.27511887112019534,0.9665653495440729,0.37638442007807077
2023-09-04 10:00:00+02:00,0.3207232291739959,0.2138000854048815,0.8429584599797366,0.36438611137626176
2023-09-04 11:00:00+02:00,0.5278441729131984,0.1710976446485205,0.7335359675785208,0.34595964258309375
2023-09-04 12:00:00+02:00,0.6807256610689818,0.16673144003185889,0.690982776089159,0.32909560820646183
2023-09-04 13:00:00+02:00,0.7764986040512911,0.18165330416132885,0.5815602836879432,0.3029430896214766
2023-09-04 14:00:00+02:00,0.817690533165651,0.1873629563523479,0.4518743667679838,0.2804149981589669
2023-09-04 15:00:00+02:00,0.8084001478264254,0.20310048508053488,0.364741641337386,0.29692960109735445
2023-09-04 16:00:00+02:00,0.7483542014059905,0.2234441197779473,0.3363728470111449,0.3109682800528986
2023-09-04 17:00:00+02:00,0.6305849048999268,0.25228026235611917,0.3383991894630192,0.3247959165187322
2023-09-04 18:00:00+02:00,0.46287978719552636,0.27459108814455496,0.3546099290780142,0.3505768859349046
2023-09-04 19:00:00+02:00,0.2517284556988658,0.26369956673815725,0.2978723404255319,0.42334876215177847
2023-09-04 20:00:00+02:00,0.07767035390220092,0.2588055791458552,0.2755825734549139,0.48928410705952763
2023-09-04 21:00:00+02:00,0.0,0.2933993541855589,0.2735562310030395,0.48282344940965666
2023-09-04 22:00:00+02:00,0.0,0.32952849788167105,0.27760891590678827,0.4461009920813057
2023-09-04 23:00:00+02:00,0.0,0.33528613034320287,0.2573454913880446,0.40227671843741886
2023-09-05 00:00:00+02:00,0.0,0.3450261252572942,0.19655521783181357,0.3795320244260604
2023-09-05 01:00:00+02:00,0.0,0.33758918332781557,0.18034447821681865,0.3510574154154828
2023-09-05 02:00:00+02:00,0.0,0.3208920491893733,0.3404255319148936,0.3405607479976427
2023-09-05 03:00:00+02:00,0.0,0.3027555069355481,0.2573454913880446,0.2982659159334159
2023-09-05 04:00:00+02:00,0.0,0.2936392555381227,0.2917933130699088,0.2898828900948366
2023-09-05 05:00:00+02:00,0.0,0.2946948214894035,0.3120567375886525,0.2830985029373975
2023-09-05 06:00:00+02:00,0.0,0.2935432949970972,0.24518743667679838,0.2917479268451009
2023-09-05 07:00:00+02:00,0.014823629548617065,0.30088427638555026,0.09321175278622088,0.33258003803932645
2023-09-05 08:00:00+02:00,0.027324662762427766,0.29728575609709285,0.0729483282674772,0.3808719234622296
2023-09-05 09:00:00+02:00,0.11770098484915761,0.2591414410394446,0.02634245187436677,0.39653135882948254
2023-09-05 10:00:00+02:00,0.31047648063808553,0.18539576526132454,0.0364741641337386,0.37025515561434763
2023-09-05 11:00:00+02:00,0.520671448938061,0.13693569204343173,0.06889564336372847,0.34008392522315667
2023-09-05 12:00:00+02:00,0.6799059211861089,0.11121826704858961,0.0729483282674772,0.30232132728259
2023-09-05 13:00:00+02:00,0.7766352273651033,0.09221807992553462,0.08105369807497467,0.3136724219812315
2023-09-05 14:00:00+02:00,0.8165292349982478,0.08247808501144328,0.1762917933130699,0.31802759175435913
2023-09-05 15:00:00+02:00,0.8112692374164804,0.07911946607554973,0.23100303951367782,0.31717687117964977
2023-09-05 16:00:00+02:00,0.7523162775065425,0.0706269581947903,0.22897669706180346,0.3249689013907927
2023-09-05 17:00:00+02:00,0.631677891410424,0.06227839112556916,0.16210739614994935,0.3263708291282266
2023-09-05 18:00:00+02:00,0.4550239466513284,0.05536923217173098,0.13171225937183384,0.35788616054004335
2023-09-05 19:00:00+02:00,0.24803962622593806,0.05556115325378204,0.0729483282674772,0.4422102893956903
2023-09-05 20:00:00+02:00,0.07712386064695237,0.06357385842941382,0.0972644376899696,0.5158274486341197
2023-09-05 21:00:00+02:00,0.0,0.09005896775246018,0.11144883485309018,0.4872044436194449
2023-09-05 22:00:00+02:00,0.0,0.11942289330627245,0.044579533941236066,0.414645958523692
2023-09-05 23:00:00+02:00,0.0,0.14801913453188048,0.0,0.36933746406358414
2023-09-06 00:00:00+02:00,0.0,0.16030208378314836,0.0,0.3560689434510238
2023-09-06 01:00:00+02:00,0.0,0.1567995240357165,0.0,0.3427752161861514
2023-09-06 02:00:00+02:00,0.0,0.15041814805751874,0.0,0.30731629764670065
2023-09-06 03:00:00+02:00,0.0,0.1398624885447104,0.0,0.28878158883210037
2023-09-06 04:00:00+02:00,0.0,0.13242554661523182,0.0,0.272294786189404
2023-09-06 05:00:00+02:00,0.0,0.121965847643449,0.0,0.2971075282442045
2023-09-06 06:00:00+02:00,0.0,0.11947087357678522,0.002026342451874367,0.3083859694016692
2023-09-06 07:00:00+02:00,0.015028564519335272,0.11932693276524692,0.034447821681864235,0.356987252786136
2023-09-06 08:00:00+02:00,0.02705141613480349,0.12052643952806605,0.06484295845997974,0.40027008131089287
2023-09-06 09:00:00+02:00,0.12296098243092496,0.11332939895115128,0.09321175278622088,0.3830419111776324
2023-09-06 10:00:00+02:00,0.31901543775134417,0.08650842773451556,0.0911854103343465,0.36349152811279534
2023-09-06 11:00:00+02:00,0.5228574219590554,0.06779612223453715,0.09321175278622088,0.3388965016695567
2023-09-06 12:00:00+02:00,0.6767635849684297,0.06059908165762238,0.12158054711246201,0.3069335058536269
2023-09-06 13:00:00+02:00,0.7734245794905179,0.0581041075909586,0.10131712259371833,0.30651821650204125
2023-09-06 14:00:00+02:00,0.8180320914501813,0.05882381164865007,0.0729483282674772,0.278419358644733
2023-09-06 15:00:00+02:00,0.8110643024457622,0.05863189056659901,0.0729483282674772,0.23726438073925685
2023-09-06 16:00:00+02:00,0.7529993940756032,0.05925563408326496,0.040526849037487336,0.26841063411965543
2023-09-06 17:00:00+02:00,0.6360498374524124,0.05920765381275219,0.020263424518743668,0.3197567106934845
2023-09-06 18:00:00+02:00,0.46246991725409,0.058200068131984126,0.002026342451874367,0.38659813175535646
2023-09-06 19:00:00+02:00,0.24599027651875596,0.061414746256339386,0.002026342451874367,0.4934246501428369
2023-09-06 20:00:00+02:00,0.07200048637899717,0.07494518254093915,0.016210739614994935,0.5798975117796357
2023-09-06 21:00:00+02:00,0.0,0.10977885893320666,0.030395136778115502,0.5437471437758805
2023-09-06 22:00:00+02:00,0.0,0.13832711988830193,0.044579533941236066,0.4401630010081351
2023-09-06 23:00:00+02:00,0.0,0.15080199022162086,0.03850050658561297,0.38452390586842755
2023-09-07 00:00:00+02:00,0.0,0.14888277940111025,0.04660587639311044,0.37081859595806177
2023-09-07 01:00:00+02:00,0.0,0.1459080026293188,0.0425531914893617,0.33549127073930907
2023-09-07 02:00:00+02:00,0.0,0.1379432777241998,0.02634245187436677,0.26489741343437107
2023-09-07 03:00:00+02:00,0.0,0.12657195361267445,0.044579533941236066,0.25149915285415864
2023-09-07 04:00:00+02:00,0.0,0.11860722870755544,0.0243161094224924,0.23594548637094317
2023-09-07 05:00:00+02:00,0.0,0.1128975765165364,0.0,0.26123134449413754
2023-09-07 06:00:00+02:00,0.0,0.11155412894217896,0.0,0.3460629403297364
2023-09-07 07:00:00+02:00,0.026231676251930656,0.11947087357678522,0.0,0.3807535538792495
2023-09-07 08:00:00+02:00,0.12453215053976455,0.12162998574985964,0.0,0.38282518612279914
2023-09-07 09:00:00+02:00,0.34210477778559567,0.09456911318066011,0.0,0.31838654022422935
2023-09-07 10:00:00+02:00,0.5591992234330843,0.07038705684222647,0.0,0.2836399533109541
2023-09-07 11:00:00+02:00,0.7143349962667679,0.0581041075909586,0.008105369807497468,0.23620805522799074
2023-09-07 12:00:00+02:00,0.8019105404203489,0.05695258109865223,0.0,0.2470306782788249
2023-09-07 13:00:00+02:00,0.8331972792833287,0.055897015147371394,0.010131712259371834,0.23906096593280077
2023-09-07 14:00:00+02:00,0.8168707932827781,0.05618489677044799,0.03850050658561297,0.24429947634513394
2023-09-07 15:00:00+02:00,0.7555952370380339,0.0546495281140395,0.07497467071935157,0.25449786591968676
2023-09-07 16:00:00+02:00,0.637757628875064,0.0517707118832736,0.06484295845997974,0.2803932532007783
2023-09-07 17:00:00+02:00,0.45789303624138333,0.04807623105379068,0.05268490374873354,0.3261975992441973
2023-09-07 18:00:00+02:00,0.2395006691126794,0.04610903996276731,0.014184397163120567,0.4368324047325215
2023-09-07 19:00:00+02:00,0.06926802010275439,0.04730854672558644,0.002026342451874367,0.585877517442944
2023-09-07 20:00:00+02:00,0.017282849197235564,0.057000561369164995,0.004052684903748734,0.49559154893649626
2023-09-07 21:00:00+02:00,0.0,0.07005119494863711,0.0182370820668693,0.3694080192397461
2023-09-07 22:00:00+02:00,0.0,0.0766724722793987,0.010131712259371834,0.3442218746630867
2023-09-07 23:00:00+02:00,0.0,0.08103867689606034,0.002026342451874367,0.313993435339436
2023-09-08 00:00:00+02:00,0.0,0.07681641309093701,0.0,0.2924359198697087
2023-09-08 01:00:00+02:00,0.0,0.0703390765717137,0.0,0.2508570036317652
2023-09-08 02:00:00+02:00,0.0,0.06453346383966913,0.0,0.23434487183077246
2023-09-08 03:00:00+02:00,0.0,0.06621277330761591,0.0,0.24092006985154701
2023-09-08 04:00:00+02:00,0.0,0.06357385842941382,0.0,0.22618512166289323
2023-09-08 05:00:00+02:00,0.0,0.06506124681530955,0.0,0.26042671273361134
2023-09-08 06:00:00+02:00,0.0,0.06563701006146272,0.0,0.3274346958120881
2023-09-08 07:00:00+02:00,0.025343624712151753,0.06328597680633723,0.0,0.388461810430939
2023-09-08 08:00:00+02:00,0.1201602044977761,0.06438952302813082,0.0,0.38740746077870336
2023-09-08 09:00:00+02:00,0.3250268635590783,0.057000561369164995,0.0,0.33106023599727674
2023-09-08 10:00:00+02:00,0.5260680698336406,0.049467658898660866,0.0060790273556231,0.2895557041475718
2023-09-08 11:00:00+02:00,0.6721867039557231,0.048699974570456626,0.010131712259371834,0.2525995913205774
2023-09-08 12:00:00+02:00,0.761674974502674,0.04932371808712257,0.004052684903748734,0.23793655638276745
2023-09-08 13:00:00+02:00,0.813865080378911,0.04994746160378852,0.0060790273556231,0.22395879306577496
2023-09-08 14:00:00+02:00,0.81284040552532,0.05061918539096723,0.010131712259371834,0.21969407007395192
2023-09-08 15:00:00+02:00,0.755731860351846,0.04994746160378852,0.014184397163120567,0.23242621034815628
2023-09-08 16:00:00+02:00,0.6435641197120799,0.04927573781660981,0.022289766970618033,0.266392876874853
2023-09-08 17:00:00+02:00,0.47223848419165787,0.0484600732178928,0.020263424518743668,0.3159212410812982
2023-09-08 18:00:00+02:00,0.24920092439334124,0.048987856193533214,0.0182370820668693,0.4778466450580535
2023-09-08 19:00:00+02:00,0.0710441231823122,0.05340204108070761,0.014184397163120567,0.5587470094529922
2023-09-08 20:00:00+02:00,0.018307524050826605,0.06645267466017973,0.014184397163120567,0.5278468897641952
2023-09-08 21:00:00+02:00,0.0,0.08732409233323257,0.0182370820668693,0.4366559581663376
2023-09-08 22:00:00+02:00,0.0,0.09754388995245154,0.0425531914893617,0.40907568740725775
2023-09-08 23:00:00+02:00,0.0,0.10267777889731741,0.020263424518743668,0.3915073526009833
2023-09-09 00:00:00+02:00,0.0,0.10219797619218976,0.0,0.37357055754763946
2023-09-09 01:00:00+02:00,0.0,0.09480901453322393,0.0,0.3435579804825046
2023-09-09 02:00:00+02:00,0.0,0.09504891588578776,0.0,0.3547283041245215
2023-09-09 03:00:00+02:00,0.0,0.09145039559733037,0.0,0.357362881433421
2023-09-09 04:00:00+02:00,0.0,0.09816763346911749,0.02634245187436677,0.3110978975145663
2023-09-09 05:00:00+02:00,0.0,0.10090250888834511,0.02634245187436677,0.2939909408740606
2023-09-09 06:00:00+02:00,0.0,0.102965660520394,0.0243161094224924,0.290564582769973
2023-09-09 07:00:00+02:00,0.014618694577898855,0.10291768024988124,0.0121580547112462,0.31371221044594333
2023-09-09 08:00:00+02:00,0.024114014887842504,0.10358940403705995,0.08915906788247213,0.3173907575791351
2023-09-09 09:00:00+02:00,0.1183841014182183,0.09922319942039833,0.0547112462006079,0.3214968272449019
2023-09-09 10:00:00+02:00,0.33786945505741933,0.0796952293217029,0.0060790273556231,0.32534391225372894
2023-09-09 11:00:00+02:00,0.5598140283452389,0.0568566205576267,0.0182370820668693,0.24636035598836042
2023-09-09 12:00:00+02:00,0.713446944726989,0.04989948133327576,0.03242147922998987,0.2212411823877552
2023-09-09 13:00:00+02:00,0.8044380717258734,0.05109898809609488,0.060790273556231005,0.2216354670714853
2023-09-09 14:00:00+02:00,0.8390037701203445,0.05397780432686079,0.10131712259371833,0.22165511366465906
2023-09-09 15:00:00+02:00,0.8317627344883013,0.05488942946660333,0.1398176291793313,0.21496858670070884
2023-09-09 16:00:00+02:00,0.7747908126286394,0.058200068131984126,0.0668693009118541,0.21621359195914824
2023-09-09 17:00:00+02:00,0.6581828142899788,0.05488942946660333,0.0486322188449848,0.24482794799294133
2023-09-09 18:00:00+02:00,0.48036757136348013,0.05234647512942678,0.014184397163120567,0.3395398864606475
2023-09-09 19:00:00+02:00,0.2530946888369872,0.05345002135122037,0.004052684903748734,0.3972089720261469
2023-09-09 20:00:00+02:00,0.06803841027844514,0.06285415437172234,0.010131712259371834,0.46574689196264796
2023-09-09 21:00:00+02:00,0.0,0.08569276313579856,0.020263424518743668,0.47131456943570305
2023-09-09 22:00:00+02:00,0.0,0.11903905114217034,0.03242147922998987,0.41104661554754396
2023-09-09 23:00:00+02:00,0.0,0.14753933182675283,0.03242147922998987,0.3885854950610885
2023-09-10 00:00:00+02:00,0.0,0.15895863620879094,0.02634245187436677,0.37334728187693933
2023-09-10 01:00:00+02:00,0.0,0.1554560764613591,0.014184397163120567,0.3445545034179319
2023-09-10 02:00:00+02:00,0.0,0.16524405164596317,0.0121580547112462,0.3192489987015638
2023-09-10 03:00:00+02:00,0.0,0.1722011908703141,0.03242147922998987,0.2811726783089925
2023-09-10 04:00:00+02:00,0.0,0.15396868807546335,0.11347517730496454,0.2717076250284708
2023-09-10 05:00:00+02:00,0.0,0.13991046881522318,0.06889564336372847,0.25323630298981703
2023-09-10 06:00:00+02:00,0.0,0.1311780595818999,0.07497467071935157,0.25294222713098613
2023-09-10 07:00:00+02:00,0.014550382920992786,0.1330972704024105,0.034447821681864235,0.2603109367940104
2023-09-10 08:00:00+02:00,0.02363583328950002,0.129114907949851,0.0486322188449848,0.2659443496744224
2023-09-10 09:00:00+02:00,0.10936696270661714,0.12561234820241915,0.0668693009118541,0.272682525511694
2023-09-10 10:00:00+02:00,0.3075390793911245,0.09811965319860473,0.09321175278622088,0.27959850598983116
2023-09-10 11:00:00+02:00,0.5153431396993877,0.08382153258580072,0.11347517730496454,0.235107616761572
2023-09-10 12:00:00+02:00,0.674099430349093,0.08209424284734117,0.07092198581560284,0.209482829534061
2023-09-10 13:00:00+02:00,0.7697357500175902,0.09317768533578992,0.08308004052684904,0.20555332894046244
2023-09-10 14:00:00+02:00,0.8110643024457622,0.09955906131398769,0.0,0.19914110873618493
2023-09-10 15:00:00+02:00,0.7988365158595758,0.10718792432551734,0.0,0.2083386508848695
2023-09-10 16:00:00+02:00,0.7375609596148315,0.09979896266655151,0.1094224924012158,0.22478430698817228
2023-09-10 17:00:00+02:00,0.6194501048242375,0.08209424284734117,0.0425531914893617,0.30944118710464896
2023-09-10 18:00:00+02:00,0.4545457650529859,0.07312193226145408,0.0364741641337386,0.29869294844205335
2023-09-10 19:00:00+02:00,0.24291625195798286,0.06717237871787121,0.030395136778115502,0.35518474001550066
2023-09-10 20:00:00+02:00,0.06564750228673272,0.06597287195505208,0.0547112462006079,0.42290455944178873
2023-09-10 21:00:00+02:00,0.0,0.08588468421784962,0.03850050658561297,0.4045137996348604
2023-09-10 22:00:00+02:00,0.0,0.11587235328832783,0.0364741641337386,0.4086456937372879
2023-09-10 23:00:00+02:00,0.0,0.13549628392804877,0.06484295845997974,0.38873438634355006
2023-09-11 00:00:00+02:00,0.0,0.13914278448701892,0.06889564336372847,0.3641959510484223
2023-09-11 01:00:00+02:00,0.0,0.1284431841626723,0.08915906788247213,0.3301733111579634
2023-09-11 02:00:00+02:00,0.0,0.10968289839218112,0.10739614994934144,0.29066614966955406
2023-09-11 03:00:00+02:00,0.0,0.0896271453178453,0.0972644376899696,0.26959769015530216
2023-09-11 04:00:00+02:00,0.0,0.07648055119734765,0.11550151975683891,0.24982415392574941
2023-09-11 05:00:00+02:00,0.0,0.06995523440761159,0.15602836879432624,0.24652889386399568
2023-09-11 06:00:00+02:00,0.0,0.06822794466915204,0.05876393110435663,0.27407654455857927
2023-09-11 07:00:00+02:00,0.014755317891710994,0.0695234119729967,0.0243161094224924,0.3031940430818834
2023-09-11 08:00:00+02:00,0.02247453512209684,0.07422547848324769,0.016210739614994935,0.36370936623034156
2023-09-11 09:00:00+02:00,0.09597787795302753,0.07374567577812004,0.0,0.40010698098841146
2023-09-11 10:00:00+02:00,0.24865443113809269,0.06434154275761807,0.016210739614994935,0.381739574480749
2023-09-11 11:00:00+02:00,0.41335383593862607,0.05704854163967776,0.09321175278622088,0.33132057872889836
2023-09-11 12:00:00+02:00,0.5496355914662345,0.0568566205576267,0.0851063829787234,0.29965586075625583
2023-09-11 13:00:00+02:00,0.6411049000634614,0.06189454896146704,0.060790273556231005,0.2976413149391813
2023-09-11 14:00:00+02:00,0.6883765666424615,0.07700833417298807,0.0,0.2754470878002143
2023-09-11 15:00:00+02:00,0.6650139799805858,0.0885235990960517,0.0,0.2454450130690072
2023-09-11 16:00:00+02:00,0.5985467378109802,0.0627581938306968,0.0,0.2694365656918512
2023-09-11 17:00:00+02:00,0.5124740501093328,0.06362183869992659,0.022289766970618033,0.339202810709377
2023-09-11 18:00:00+02:00,0.3560403557944338,0.0682759249396648,0.05673758865248227,0.3599594011246703
2023-09-11 19:00:00+02:00,0.18034277423202327,0.07005119494863711,0.0972644376899696,0.4315977235322649
2023-09-11 20:00:00+02:00,0.04945763959999426,0.07484922199991363,0.1337386018237082,0.49575773818072116
2023-09-11 21:00:00+02:00,0.0,0.08046291364990715,0.2938196555217832,0.4853397796415604
2023-09-11 22:00:00+02:00,0.0,0.08670034881656662,0.3951367781155015,0.41904585903632097
2023-09-11 23:00:00+02:00,0.0,0.09327364587681544,0.44174265450861194,0.38734543207743866
2023-09-12 00:00:00+02:00,0.0,0.09931915996142386,0.37487335359675783,0.3943308546690249
2023-09-12 01:00:00+02:00,0.0,0.09025088883451124,0.2613981762917933,0.3611128465390922
2023-09-12 02:00:00+02:00,0.0,0.07825582120631995,0.09523809523809523,0.2844323518904909
2023-09-12 03:00:00+02:00,0.0,0.08468517745503049,0.03242147922998987,0.2565499740760471
2023-09-12 04:00:00+02:00,0.0,0.0630460754537734,0.010131712259371834,0.25051362753102335
2023-09-12 05:00:00+02:00,0.0,0.05268233702301613,0.010131712259371834,0.23244462137263266
2023-09-12 06:00:00+02:00,0.0,0.04985150106276299,0.0182370820668693,0.25193211293988754
2023-09-12 07:00:00+02:00,0.014618694577898855,0.043758006707641815,0.028368794326241134,0.3192674097260402
2023-09-12 08:00:00+02:00,0.02090336701325724,0.04596509915122901,0.040526849037487336,0.3916536502400656
2023-09-12 09:00:00+02:00,0.07753373058838879,0.042654460485848214,0.04660587639311044,0.40700813464218005
2023-09-12 10:00:00+02:00,0.2045934124336779,0.03790441370508447,0.030395136778115502,0.37349790400646254
2023-09-12 11:00:00+02:00,0.32427543533311154,0.03723268991790576,0.014184397163120567,0.33729292071362693
2023-09-12 12:00:00+02:00,0.4240104544159729,0.04174283534610568,0.0182370820668693,0.3010313462726804
2023-09-12 13:00:00+02:00,0.48713042539718104,0.04548529644610136,0.0364741641337386,0.28700378743541266
2023-09-12 14:00:00+02:00,0.49935821198336744,0.0600233184114692,0.016210739614994935,0.2678373092263623
2023-09-12 15:00:00+02:00,0.4668418632960784,0.06746026034094779,0.008105369807497468,0.2598853901204658
2023-09-12 16:00:00+02:00,0.39798371313476044,0.09835955455116856,0.0547112462006079,0.2727989192356436
2023-09-12 17:00:00+02:00,0.3406019213336621,0.0842533550204156,0.19655521783181357,0.32170651165993075
2023-09-12 18:00:00+02:00,0.25678351830991497,0.0726901098268392,0.3181357649442756,0.3419149838342429
2023-09-12 19:00:00+02:00,0.13635006718451456,0.0739375968601711,0.4579533941236069,0.43780940358075954
2023-09-12 20:00:00+02:00,0.04440257698894512,0.060167259223007495,0.364741641337386,0.440501312328103
2023-09-12 21:00:00+02:00,0.0,0.057096521910190524,0.3789260385005066,0.42376454678172837
2023-09-12 22:00:00+02:00,0.0,0.05498539000762886,0.49240121580547114,0.3901768428360289
2023-09-12 23:00:00+02:00,0.0,0.06362183869992659,0.662613981762918,0.3757537637463336
2023-09-13 00:00:00+02:00,0.0,0.07057897792427753,0.7112462006079028,0.38495068811066957
2023-09-13 01:00:00+02:00,0.0,0.07029109630120094,0.585612968591692,0.3751632633972616
2023-09-13 02:00:00+02:00,0.0,0.07153858333453283,0.37487335359675783,0.2825370437071406
2023-09-13 03:00:00+02:00,0.0,0.07432143902427321,0.303951367781155,0.2449878368876949
2023-09-13 04:00:00+02:00,0.0,0.07149060306402007,0.24924012158054712,0.24463778766510186
2023-09-13 05:00:00+02:00,0.0,0.06741228007043504,0.13576494427558258,0.24014978900257875
2023-09-13 06:00:00+02:00,0.0,0.06602085222556485,0.08105369807497467,0.2704723818136261
2023-09-13 07:00:00+02:00,0.019195575590605505,0.06256627274864575,0.14792299898682879,0.3069168256762122
2023-09-13 08:00:00+02:00,0.06885815016131798,0.06352587815890105,0.2735562310030395,0.3196427881069296
2023-09-13 09:00:00+02:00,0.20076795964693803,0.06491730600377124,0.22087132725430597,0.305465102418503
2023-09-13 10:00:00+02:00,0.3319263409065913,0.06808400385761375,0.2127659574468085,0.28106690942495505
2023-09-13 11:00:00+02:00,0.4494223907850307,0.06558902979094995,0.18439716312056736,0.26744475538969387
2023-09-13 12:00:00+02:00,0.5319428723275625,0.05983139732941814,0.1276595744680851,0.26343283921132377
2023-09-13 13:00:00+02:00,0.5699924652242432,0.05748036407429265,0.10131712259371833,0.28515024357580465
2023-09-13 14:00:00+02:00,0.558857665148554,0.058919772189675604,0.11347517730496454,0.26157818228900276
2023-09-13 15:00:00+02:00,0.5033202880839195,0.062086470043518104,0.13171225937183384,0.24981921165095985
2023-09-13 16:00:00+02:00,0.44880758587287606,0.0651092270858223,0.14792299898682879,0.2635644325320219
2023-09-13 17:00:00+02:00,0.33944062316625895,0.06578095087300102,0.14792299898682879,0.2891233618461916
2023-09-13 18:00:00+02:00,0.19154588596461866,0.06674055628325631,0.13576494427558258,0.31506557823179937
2023-09-13 19:00:00+02:00,0.05478594883866767,0.06726833925889673,0.13171225937183384,0.3469396078470908
2023-09-13 20:00:00+02:00,0.016053239372926312,0.0769603539024753,0.11347517730496454,0.36283726821539686
2023-09-13 21:00:00+02:00,0.0,0.08842763855502617,0.18034447821681865,0.32433392056861476
2023-09-13 22:00:00+02:00,0.0,0.08588468421784962,0.18034447821681865,0.3278401006140947
2023-09-13 23:00:00+02:00,0.0,0.07974320959221567,0.14994934143870314,0.3133389304300688
2023-09-14 00:00:00+02:00,0.0,0.07197040576914772,0.281661600810537,0.2971159322131174
2023-09-14 01:00:00+02:00,0.0,0.06640469438966697,0.2634245187436677,0.24798555939649441
2023-09-14 02:00:00+02:00,0.0,0.06107888436275003,0.24518743667679838,0.23593930852745626
2023-09-14 03:00:00+02:00,0.0,0.05618489677044799,0.20871327254305977,0.23589371499163742
2023-09-14 04:00:00+02:00,0.0,0.05407376486788632,0.20871327254305977,0.23995851561202627
2023-09-14 05:00:00+02:00,0.0,0.052634356752503365,0.160081053698075,0.246189224469346
2023-09-14 06:00:00+02:00,0.0,0.05220253431788848,0.12563323201621074,0.2764354570331243
2023-09-14 07:00:00+02:00,0.020561808728726896,0.054025784597373554,0.1033434650455927,0.34306954231137776
2023-09-14 08:00:00+02:00,0.09659268286518216,0.05249041594096507,0.08915906788247213,0.3442949009766434
2023-09-14 09:00:00+02:00,0.293261943097756,0.04591711888071624,0.07092198581560284,0.32416575546535936
2023-09-14 10:00:00+02:00,0.49956314695408566,0.04145495372302909,0.044579533941236066,0.28620014623161505
2023-09-14 11:00:00+02:00,0.6562017762397029,0.0378564334345717,0.0364741641337386,0.26956198116906244
2023-09-14 12:00:00+02:00,0.7407716074894167,0.03598520288457386,0.030395136778115502,0.2780552228881044
2023-09-14 13:00:00+02:00,0.7595573131385859,0.0346897355807292,0.0182370820668693,0.25426853491148416
2023-09-14 14:00:00+02:00,0.7086651287435641,0.033586189358935606,0.0060790273556231,0.2578541641259766
2023-09-14 15:00:00+02:00,0.6447254178794831,0.034353873687139845,0.010131712259371834,0.2549476286888147
2023-09-14 16:00:00+02:00,0.5505236430060134,0.03521751855636962,0.020263424518743668,0.28109705835205656
2023-09-14 17:00:00+02:00,0.4076839684154223,0.03598520288457386,0.05065856129685917,0.30775642613264503
2023-09-14 18:00:00+02:00,0.21859730209942213,0.03732865045893129,0.06281661600810537,0.36181529361568865
2023-09-14 19:00:00+02:00,0.05649374026131941,0.04164687480508015,0.05673758865248227,0.44433604164995616
2023-09-14 20:00:00+02:00,0.015643369431489897,0.05867987083711178,0.05268490374873354,0.4820955506687794
2023-09-14 21:00:00+02:00,0.0,0.09077867181015166,0.04660587639311044,0.3994346828389165
2023-09-14 22:00:00+02:00,0.0,0.11759964302678738,0.016210739614994935,0.353491330062615
2023-09-14 23:00:00+02:00,0.0,0.13626396825625303,0.0060790273556231,0.3428145093724989
2023-09-15 00:00:00+02:00,0.0,0.1438448509972699,0.0121580547112462,0.356180149888215
2023-09-15 01:00:00+02:00,0.0,0.14250140342291248,0.02634245187436677,0.3094574945096838
2023-09-15 02:00:00+02:00,0.0,0.14010238989727422,0.08308004052684904,0.30411618162907217
2023-09-15 03:00:00+02:00,0.0,0.13583214582163813,0.0729483282674772,0.3026582805278761
2023-09-15 04:00:00+02:00,0.0,0.13132200039343822,0.0668693009118541,0.28091566951108315
2023-09-15 05:00:00+02:00,0.0,0.13362505337805095,0.1276595744680851,0.2801915999822825
2023-09-15 06:00:00+02:00,0.0,0.1379432777241998,0.11955420466058764,0.2747697248699454
2023-09-15 07:00:00+02:00,0.014618694577898855,0.14106199530752953,0.14792299898682879,0.3016155462722812
2023-09-15 08:00:00+02:00,0.020630120385632965,0.1534888853703357,0.1580547112462006,0.36783631805797956
2023-09-15 09:00:00+02:00,0.09905190251380065,0.15612780024853778,0.182370820668693,0.3949448308233473
2023-09-15 10:00:00+02:00,0.3039868732320089,0.1170238797806342,0.17426545086119555,0.3535177722836244
2023-09-15 11:00:00+02:00,0.5172558660927576,0.07681641309093701,0.12968591691995948,0.3220055297935511
2023-09-15 12:00:00+02:00,0.665218914951304,0.07096282008837965,0.1033434650455927,0.303134363012029
2023-09-15 13:00:00+02:00,0.7417279706861017,0.08137453878964969,0.07700101317122594,0.29904497352367687
2023-09-15 14:00:00+02:00,0.7626996493562651,0.09999088374860257,0.06889564336372847,0.2937062542864445
2023-09-15 15:00:00+02:00,0.724308498175054,0.10368536457808548,0.0668693009118541,0.303106189943958
2023-09-15 16:00:00+02:00,0.6452035994778257,0.09989492320757704,0.07497467071935157,0.3139209043042436
2023-09-15 17:00:00+02:00,0.5105613237159629,0.0967762056242473,0.0547112462006079,0.320892858146143
2023-09-15 18:00:00+02:00,0.3253001101867026,0.09888733752680896,0.0790273556231003,0.37394396006949837
2023-09-15 19:00:00+02:00,0.1467334390342371,0.10805156919474711,0.14387031408308004,0.4430933850229271
2023-09-15 20:00:00+02:00,0.03982569597623847,0.1106904840729492,0.2127659574468085,0.5009096310238264
2023-09-15 21:00:00+02:00,0.0,0.13468061932933176,0.21073961499493415,0.5031893393413276
2023-09-15 22:00:00+02:00,0.0,0.17738306008569274,0.20871327254305977,0.4489237538590142
2023-09-15 23:00:00+02:00,0.0,0.21120915079719219,0.1661600810536981,0.41372802196095965
2023-09-16 00:00:00+02:00,0.0,0.2267547584433281,0.18034447821681865,0.4192352790738273
2023-09-16 01:00:00+02:00,0.0,0.21595919757795592,0.22695035460992907,0.4280644834814269
2023-09-16 02:00:00+02:00,0.0,0.20372422859720082,0.23100303951367782,0.39043100772416356
2023-09-16 03:00:00+02:00,0.0,0.17920631036517784,0.0,0.38366564937554953
2023-09-16 04:00:00+02:00,0.0,0.16625163732673123,0.4133738601823708,0.3460924714724892
2023-09-16 05:00:00+02:00,0.0,0.15329696428828465,0.3100303951367781,0.31712324644729795
2023-09-16 06:00:00+02:00,0.0,0.14034229124983805,0.27760891590678827,0.31050307267505334
2023-09-16 07:00:00+02:00,0.014891941205523134,0.13122603985241268,0.1762917933130699,0.32899465909122955
2023-09-16 08:00:00+02:00,0.018375835707732675,0.1294027895729276,0.1519756838905775,0.36653459914544484
2023-09-16 09:00:00+02:00,0.06434958080551739,0.13468061932933176,0.25937183383991896,0.3923058065180226
2023-09-16 10:00:00+02:00,0.18423653867566922,0.1255163876613936,0.3161094224924012,0.3984584242810115
2023-09-16 11:00:00+02:00,0.3221577739690234,0.13612002744471471,0.4316109422492401,0.3475871946226381
2023-09-16 12:00:00+02:00,0.4279725305165249,0.15257726023059318,0.4072948328267477,0.3086847425233208
2023-09-16 13:00:00+02:00,0.5095366488623718,0.1786785273895374,0.4214792299898683,0.30281087851642974
2023-09-16 14:00:00+02:00,0.5429410490894397,0.17968611307030546,0.2735562310030395,0.2768729866212628
2023-09-16 15:00:00+02:00,0.5445122171982794,0.1584788335036633,0.3120567375886525,0.27271588586652334
2023-09-16 16:00:00+02:00,0.5023639248872345,0.12647599307164892,0.2735562310030395,0.31550842286710734
2023-09-16 17:00:00+02:00,0.40952838315188617,0.11376122138576616,0.23100303951367782,0.3296879619085801
2023-09-16 18:00:00+02:00,0.28226376633587885,0.10248585781526635,0.2613981762917933,0.31624287222385145
2023-09-16 19:00:00+02:00,0.12705968184528912,0.09730398859988772,0.27760891590678827,0.39182713039049044
2023-09-16 20:00:00+02:00,0.03736647632761997,0.09456911318066011,0.2978723404255319,0.46409042656469945
2023-09-16 21:00:00+02:00,0.0,0.10095048915885788,0.303951367781155,0.4873857099544339
2023-09-16 22:00:00+02:00,0.0,0.11093038542551302,0.2998986828774063,0.44159371959798877
2023-09-16 23:00:00+02:00,0.0,0.11500870841909806,0.21681864235055726,0.45613480075271085
2023-09-17 00:00:00+02:00,0.0,0.11376122138576616,0.14184397163120568,0.48889933940742336
2023-09-17 01:00:00+02:00,0.0,0.1192309722242214,0.24518743667679838,0.4223151721554296
2023-09-17 02:00:00+02:00,0.0,0.13343313229599987,0.44984802431610943,0.36637779917243474
2023-09-17 03:00:00+02:00,0.0,0.1427413047754763,0.5977710233029382,0.35985548559367897
2023-09-17 04:00:00+02:00,0.0,0.1316098820165148,0.7031408308004052,0.3418443061520965
2023-09-17 05:00:00+02:00,0.0,0.12695579577677657,0.7011144883485309,0.2938746696560953
2023-09-17 06:00:00+02:00,0.0,0.12973865146651695,0.6261398176291794,0.28987745779610946
2023-09-17 07:00:00+02:00,0.014550382920992786,0.12834722362164677,0.4012158054711246,0.29712495396637895
2023-09-17 08:00:00+02:00,0.018102589080108394,0.1372235736665083,0.2695035460992908,0.3045822570576617
2023-09-17 09:00:00+02:00,0.06482776240385987,0.13923874502804445,0.12968591691995948,0.3132083276660992
2023-09-17 10:00:00+02:00,0.17911316440771402,0.13328919148446158,0.16210739614994935,0.3185304892319013
2023-09-17 11:00:00+02:00,0.31600972484747714,0.11913501168319586,0.3181357649442756,0.28080112914017963
2023-09-17 12:00:00+02:00,0.44730472942094257,0.11697589951012143,0.3262411347517731,0.25197091084787077
2023-09-17 13:00:00+02:00,0.5462200086209311,0.11870318924858098,0.5288753799392097,0.2394522842007718
2023-09-17 14:00:00+02:00,0.5591309117761782,0.11971077492934905,0.6220871327254306,0.24347099600697755
2023-09-17 15:00:00+02:00,0.4919805530375119,0.12465274279216386,0.23910840932117527,0.2864062464465361
2023-09-17 16:00:00+02:00,0.4259914924662489,0.12729165767036593,0.06889564336372847,0.3409528118103735
2023-09-17 17:00:00+02:00,0.3366398452331101,0.13612002744471471,0.09321175278622088,0.3138462749040362
2023-09-17 18:00:00+02:00,0.21552327753864903,0.14197362044727208,0.12563323201621074,0.32447527593290754
2023-09-17 19:00:00+02:00,0.10841059950993216,0.14091805449599124,0.17426545086119555,0.38994368261574974
2023-09-17 20:00:00+02:00,0.03237972537347691,0.16399656461263126,0.05876393110435663,0.5037113881336793
2023-09-17 21:00:00+02:00,0.0,0.19158522015747123,0.04660587639311044,0.5103260018467858
2023-09-17 22:00:00+02:00,0.0,0.218598112456158,0.21479229989868287,0.4380523258446334
2023-09-17 23:00:00+02:00,0.0,0.21370412486385595,0.3485309017223911,0.46256852090320816
2023-09-18 00:00:00+02:00,0.0,0.26811375162533163,0.3667679837892604,0.4492078226622816
2023-09-18 01:00:00+02:00,0.0,0.2509847950522745,0.3221884498480243,0.4168473307348938
2023-09-18 02:00:00+02:00,0.0,0.18443615985106923,0.3789260385005066,0.4025982270739876
2023-09-18 03:00:00+02:00,0.0,0.22829012709973656,0.3525835866261398,0.360503317381195
2023-09-18 04:00:00+02:00,0.0,0.26062882942534027,0.37487335359675783,0.31099768868966704
2023-09-18 05:00:00+02:00,0.0,0.28586645171505476,0.44376899696048633,0.31335487031715037
2023-09-18 06:00:00+02:00,0.0,0.2862023136086441,0.46200607902735563,0.3189802520010293
2023-09-18 07:00:00+02:00,0.014960252862429203,0.27651029896506557,0.403242147922999,0.3654986605176856
2023-09-18 08:00:00+02:00,0.017214537540329495,0.28711393874838664,0.4457953394123607,0.41727114656137676
2023-09-18 09:00:00+02:00,0.0587480249392197,0.29095236038940786,0.5734549138804458,0.3995773962778911
2023-09-18 10:00:00+02:00,0.19666926023257386,0.28078054304070166,0.7882472137791287,0.37481506752771454
2023-09-18 11:00:00+02:00,0.36041230183642226,0.2909043801188951,0.806484295845998,0.33625043147000083
2023-09-18 12:00:00+02:00,0.4884283468783963,0.3116798372509224,0.6950354609929078,0.33492609954853336
2023-09-18 13:00:00+02:00,0.5564667571568415,0.3675768523982938,0.75177304964539,0.341682191131917
2023-09-18 14:00:00+02:00,0.569787530253525,0.4282718945969417,0.6869300911854104,0.3728106512721879
2023-09-18 15:00:00+02:00,0.5483376699850192,0.452933753640503,0.662613981762918,0.3901476792112293
2023-09-18 16:00:00+02:00,0.49464470765684865,0.4605146363815199,0.707193515704154,0.4043032471690874
2023-09-18 17:00:00+02:00,0.40795721504304655,0.46718389398279425,0.8409321175278622,0.4082174256599531
2023-09-18 18:00:00+02:00,0.31758089295631675,0.4636813342353624,0.8996960486322189,0.43207973359350926
2023-09-18 19:00:00+02:00,0.16558745634031227,0.4264006640469439,0.9949341438703141,0.5032644640198993
2023-09-18 20:00:00+02:00,0.04891114634474571,0.376933005148283,0.9929078014184397,0.5659390222834371
2023-09-18 21:00:00+02:00,0.0,0.35673331126240887,0.8834853090172239,0.5349312803575567
2023-09-18 22:00:00+02:00,0.0,0.34051597982909426,0.8085106382978723,0.4510025492483527
2023-09-18 23:00:00+02:00,0.0,0.3322153930303859,0.6707193515704154,0.4180656435059284
2023-09-19 00:00:00+02:00,0.0,0.30760151425733734,0.5086119554204661,0.41079281817736246
2023-09-19 01:00:00+02:00,0.0,0.26782587000225505,0.46200607902735563,0.3760805821756452
2023-09-19 02:00:00+02:00,0.0,0.1887543841972181,0.4214792299898683,0.37379963828944657
2023-09-19 03:00:00+02:00,0.0,0.18553970607286283,0.3951367781155015,0.3422652780688048
2023-09-19 04:00:00+02:00,0.0,0.18688315364722025,0.45592705167173253,0.330380274169202
2023-09-19 05:00:00+02:00,0.0,0.17671133629851404,0.5734549138804458,0.3460004163501074
2023-09-19 06:00:00+02:00,0.0,0.17407242142031196,0.5349544072948328,0.3681348409132357
2023-09-19 07:00:00+02:00,0.024592196486184992,0.23145682495357908,0.5957446808510638,0.374347138746079
2023-09-19 08:00:00+02:00,0.029032454185079503,0.24714637341125328,0.6930091185410334,0.4121330899859116
2023-09-19 09:00:00+02:00,0.0870973625552385,0.25256814397919575,0.7639311043566362,0.38057722981905007
2023-09-19 10:00:00+02:00,0.26129208766571554,0.23673465470998323,0.7659574468085106,0.3556506876836791
2023-09-19 11:00:00+02:00,0.45379433682701914,0.259045480498419,0.7740628166160081,0.32083453615097046
2023-09-19 12:00:00+02:00,0.590349338982252,0.3364376568355092,0.7436676798378926,0.29638469428410114
2023-09-19 13:00:00+02:00,0.6666534597463315,0.40236254852004855,0.8936170212765957,0.31929545503370016
2023-09-19 14:00:00+02:00,0.6708204708176017,0.422898104299512,0.828774062816616,0.32570520410058285
2023-09-19 15:00:00+02:00,0.5030470414562952,0.31033638967656496,0.7619047619047619,0.38150431064102835
2023-09-19 16:00:00+02:00,0.6032602421374991,0.4313426319097587,0.7092198581560284,0.31644069097584404
2023-09-19 17:00:00+02:00,0.5216961237916522,0.43489317192770327,0.624113475177305,0.31803883437861996
2023-09-19 18:00:00+02:00,0.37762683937675173,0.39132708630211255,0.7477203647416414,0.37200787286470777
2023-09-19 19:00:00+02:00,0.18888173134528194,0.3096166856188735,0.7558257345491388,0.4639332538193095
2023-09-19 20:00:00+02:00,0.051165431022645994,0.25981316482662326,0.7740628166160081,0.501614671743802
2023-09-19 21:00:00+02:00,0.0,0.2475302155753554,0.8652482269503546,0.4820427887327451
2023-09-19 22:00:00+02:00,0.0,0.266194540804821,0.7821681864235056,0.4215822033793517
2023-09-19 23:00:00+02:00,0.0,0.2837073395419803,0.9078014184397163,0.4160145259062966
2023-09-20 00:00:00+02:00,0.0,0.2934953147265844,0.8328267477203647,0.4103214329560303
2023-09-20 01:00:00+02:00,0.0,0.2950306833829929,0.9523809523809523,0.3833679893166109
2023-09-20 02:00:00+02:00,0.0,0.3077454550688757,1.0,0.3365363536263143
2023-09-20 03:00:00+02:00,0.0,0.28586645171505476,0.9463019250253293,0.32120102053900934
2023-09-20 04:00:00+02:00,0.0,0.18808266041003938,1.0,0.3123504386911744
2023-09-20 05:00:00+02:00,0.0,0.19124935826388187,1.0,0.301624935543496
2023-09-20 06:00:00+02:00,0.0,0.1983984185702839,1.0,0.3094242566608388
2023-09-20 07:00:00+02:00,0.02438726151546678,0.2802527600650612,1.0,0.33500653927427443
2023-09-20 08:00:00+02:00,0.02807609098839453,0.32357894433808815,1.0,0.40701072828555923
2023-09-20 09:00:00+02:00,0.07097581152540612,0.36061971317394287,1.0,0.40953521221998046
2023-09-20 10:00:00+02:00,0.21074146155522416,0.3555817847701025,1.0,0.40842797812572607
2023-09-20 11:00:00+02:00,0.3888982627662532,0.359564147222662,1.0,0.37285525950570486
2023-09-20 12:00:00+02:00,0.5147283347872331,0.39310235631108487,1.0,0.3315328567873064
2023-09-20 13:00:00+02:00,0.5668501290065641,0.4305269673110417,1.0,0.33366305603799745
2023-09-20 14:00:00+02:00,0.44491382142923014,0.3086090999381054,1.0,0.3532975855346678
2023-09-20 15:00:00+02:00,0.4169060420977417,0.3104323502175905,1.0,0.38517025707527747
2023-09-20 16:00:00+02:00,0.5102880770883386,0.4700147299430474,1.0,0.3231565040705783
2023-09-20 17:00:00+02:00,0.4230540912192879,0.4787951194468834,1.0,0.34781985956455297
2023-09-20 18:00:00+02:00,0.3018009002110147,0.44708016063794564,1.0,0.37273540408763184
2023-09-20 19:00:00+02:00,0.15356460472484404,0.3880644279072445,1.0,0.42838809048301063
2023-09-20 20:00:00+02:00,0.04474413527347547,0.35553380449958977,1.0,0.5199401914217378
2023-09-20 21:00:00+02:00,0.0,0.39027152035083174,1.0,0.49865401629592404
2023-09-20 22:00:00+02:00,0.0,0.43412548759949904,1.0,0.4187489392677154
2023-09-20 23:00:00+02:00,0.0,0.4624338472020305,1.0,0.38292390911260554
2023-09-21 00:00:00+02:00,0.0,0.47462083591227283,1.0,0.38198323703495596
2023-09-21 01:00:00+02:00,0.0,0.47212586184560906,1.0,0.3611521397254397
2023-09-21 02:00:00+02:00,0.0,0.439451297626416,1.0,0.33189612974761745
2023-09-21 03:00:00+02:00,0.0,0.4182440180597738,0.9929078014184397,0.3273269510690202
2023-09-21 04:00:00+02:00,0.0,0.4122944645161909,0.5815602836879432,0.2955041975546702
2023-09-21 05:00:00+02:00,0.0,0.3798598016495617,0.182370820668693,0.29857371080832906
2023-09-21 06:00:00+02:00,0.0,0.33734928197525177,0.12563323201621074,0.3448971392283407
2023-09-21 07:00:00+02:00,0.023977391574030366,0.30568230343682673,0.1641337386018237,0.3950634506727229
2023-09-21 08:00:00+02:00,0.02711972779170956,0.26888143595353586,0.17426545086119555,0.43662037168608225
2023-09-21 09:00:00+02:00,0.053556339014358426,0.2780936478919868,0.13779128672745694,0.4037469752255889
2023-09-21 10:00:00+02:00,0.1293139665231894,0.2640834089022594,0.15602836879432624,0.38138729913273
2023-09-21 11:00:00+02:00,0.20725756705301462,0.21720668461128784,0.22492401215805471,0.386451093825941
2023-09-21 12:00:00+02:00,0.26593728033532826,0.17253705276390346,0.3444782168186423,0.43308218936045473
2023-09-21 13:00:00+02:00,0.29414999463753494,0.1707138024844184,0.18439716312056736,0.41469081176917777
2023-09-21 14:00:00+02:00,0.3145068683955436,0.18294877146517352,0.5997973657548126,0.3767626423687349
2023-09-21 15:00:00+02:00,0.329672056228691,0.23323209496255137,0.2634245187436677,0.3593388743544811
2023-09-21 16:00:00+02:00,0.32372894207786296,0.2721440943484039,0.25937183383991896,0.37804582775080886
2023-09-21 17:00:00+02:00,0.2584913097325667,0.2534317888484255,0.646403242147923,0.40273377211274675
2023-09-21 18:00:00+02:00,0.18444147364638744,0.24316401095869378,0.9219858156028369,0.4631304754118294
2023-09-21 19:00:00+02:00,0.0942700865303758,0.2394215498586981,0.7152988855116514,0.48673775040650674
2023-09-21 20:00:00+02:00,0.02923738915579771,0.23275229225742372,0.8774062816616008,0.548039789569379
2023-09-21 21:00:00+02:00,0.0,0.23121692360101526,1.0,0.5425527968340338
2023-09-21 22:00:00+02:00,0.0,0.24273218852407888,0.9219858156028369,0.5088764994600758
2023-09-21 23:00:00+02:00,0.0,0.26964912028174015,0.8915906788247214,0.4938018818767724
2023-09-22 00:00:00+02:00,0.0,0.2957503874406844,0.7963525835866262,0.45269719476993575
2023-09-22 01:00:00+02:00,0.0,0.3054903823547757,0.9848024316109423,0.39445898629559967
2023-09-22 02:00:00+02:00,0.0,0.3180132329586074,0.9037487335359676,0.3923507822694927
2023-09-22 03:00:00+02:00,0.0,0.32535421434706047,0.9685916919959473,0.3587397250245273
2023-09-22 04:00:00+02:00,0.0,0.3231471219034733,0.6322188449848024,0.33740017017833057
2023-09-22 05:00:00+02:00,0.0,0.29608624933427374,0.6382978723404256,0.318806521584209
2023-09-22 06:00:00+02:00,0.0,0.28505078711633774,0.8733535967578521,0.37455694566709224
2023-09-22 07:00:00+02:00,0.015506746117677758,0.2774699043753209,0.8936170212765957,0.4327452361151687
2023-09-22 08:00:00+02:00,0.017009602569611284,0.268449613518921,0.8308004052684904,0.49202914526085867
2023-09-22 09:00:00+02:00,0.05574231203535265,0.25861365806380415,0.9118541033434651,0.502979282153919
2023-09-22 10:00:00+02:00,0.17945472269224436,0.24868174206766175,0.8571428571428571,0.5182512284652774
2023-09-22 11:00:00+02:00,0.3373229618021708,0.24733829449330433,0.7477203647416414,0.4526591371522857
2023-09-22 12:00:00+02:00,0.4718286142502215,0.25160853856894044,0.6443768996960486,0.41873559302401303
2023-09-22 13:00:00+02:00,0.5743644112662317,0.28586645171505476,0.563323201621074,0.3974684467070243
2023-09-22 14:00:00+02:00,0.6171275084894311,0.30726565236374803,0.42958459979736574,0.371570588288538
2023-09-22 15:00:00+02:00,0.6033968654513112,0.3378290846803794,0.48834853090172237,0.34351534810801815
2023-09-22 16:00:00+02:00,0.5364514416833631,0.3705036488995725,0.5126646403242148,0.3486634117390468
2023-09-22 17:00:00+02:00,0.4665686166684541,0.37549359703290003,0.6484295845997974,0.3653060237980247
2023-09-22 18:00:00+02:00,0.31799076289775313,0.35870050235343226,0.7416413373860182,0.414429600986812
2023-09-22 19:00:00+02:00,0.1452305825823036,0.30414693478041827,0.7416413373860182,0.4686927153317306
2023-09-22 20:00:00+02:00,0.03647842478784107,0.2278583046651217,0.7619047619047619,0.5506647273406683
2023-09-22 21:00:00+02:00,0.0,0.2181662900215431,0.8044579533941236,0.572496427064084
2023-09-22 22:00:00+02:00,0.0,0.2475302155753554,0.585612968591692,0.48339998573067766
2023-09-22 23:00:00+02:00,0.0,0.2743511867919911,0.6261398176291794,0.47877050919787734
2023-09-23 00:00:00+02:00,0.0,0.2723839957009677,0.524822695035461,0.4905435663699558
2023-09-23 01:00:00+02:00,0.0,0.25448735479970636,0.44376899696048633,0.4781478840626733
2023-09-23 02:00:00+02:00,0.0,0.23092904197793865,0.3262411347517731,0.4462444458106134
2023-09-23 03:00:00+02:00,0.0,0.20986570322283477,0.26545086119554206,0.4303289922021797
2023-09-23 04:00:00+02:00,0.0,0.18861044338567978,0.2573454913880446,0.4120268258235098
2023-09-23 05:00:00+02:00,0.0,0.1680748876062163,0.2127659574468085,0.4173766651790187
2023-09-23 06:00:00+02:00,0.0,0.1537767669934123,0.1398176291793313,0.4338322058319005
2023-09-23 07:00:00+02:00,0.014823629548617065,0.14499637748957628,0.12158054711246201,0.45311619082761356
2023-09-23 08:00:00+02:00,0.017282849197235564,0.13357707310753816,0.1033434650455927,0.44754072716999427
2023-09-23 09:00:00+02:00,0.07432308271380353,0.12825126308062124,0.044579533941236066,0.4401516306234632
2023-09-23 10:00:00+02:00,0.24633183480328633,0.09456911318066011,0.020263424518743668,0.44242207217573404
2023-09-23 11:00:00+02:00,0.44634836622425755,0.07432143902427321,0.014184397163120567,0.4023655568776462
2023-09-23 12:00:00+02:00,0.6034651771082172,0.0758568076806817,0.014184397163120567,0.36859078152585056
2023-09-23 13:00:00+02:00,0.6687028094535136,0.09231404046656014,0.0182370820668693,0.3348651839099816
2023-09-23 14:00:00+02:00,0.6719134573280988,0.11006674055628325,0.028368794326241134,0.311947627532547
2023-09-23 15:00:00+02:00,0.6437007430258921,0.12134210412678306,0.0425531914893617,0.31555352112456186
2023-09-23 16:00:00+02:00,0.5898028457270034,0.12820328281010848,0.07497467071935157,0.3266222778669977
2023-09-23 17:00:00+02:00,0.5074872991551898,0.1221097884549873,0.13171225937183384,0.3473493371395382
2023-09-23 18:00:00+02:00,0.373938009903824,0.10982683920371943,0.08915906788247213,0.3780866015178225
2023-09-23 19:00:00+02:00,0.17658563310218944,0.09073069153963889,0.07497467071935157,0.4695219359602202
2023-09-23 20:00:00+02:00,0.038664397808835294,0.07388961658965833,0.11752786220871327,0.5364839527304982
2023-09-23 21:00:00+02:00,0.0,0.06664459574223079,0.17426545086119555,0.5580857036613626
2023-09-23 22:00:00+02:00,0.0,0.06453346383966913,0.2695035460992908,0.5160072291340159
2023-09-23 23:00:00+02:00,0.0,0.06784410250504992,0.3262411347517731,0.4711089592447196
2023-09-24 00:00:00+02:00,0.0,0.07513710362299023,0.3444782168186423,0.4403151037183245
2023-09-24 01:00:00+02:00,0.0,0.08434931556144112,0.2998986828774063,0.39791425775809136
2023-09-24 02:00:00+02:00,0.0,0.09207413911399631,0.3829787234042553,0.40043627055511777
2023-09-24 03:00:00+02:00,0.0,0.1002307851011664,0.3708206686930091,0.363922879857447
2023-09-24 04:00:00+02:00,0.0,0.10718792432551734,0.3890577507598784,0.3047147131746773
2023-09-24 05:00:00+02:00,0.0,0.11846328789601715,0.44782168186423504,0.2919333951645464
2023-09-24 06:00:00+02:00,0.0,0.13405687581266582,0.5369807497467072,0.2876372876769244
2023-09-24 07:00:00+02:00,0.014755317891710994,0.14749135155624007,0.5552178318135765,0.31377880864961766
2023-09-24 08:00:00+02:00,0.017146225883423422,0.16078188648827602,0.5065856129685917,0.30696130614931805
2023-09-24 09:00:00+02:00,0.08368177970993504,0.17138552627159712,0.5511651469098278,0.34227504011239945
2023-09-24 10:00:00+02:00,0.30214245849554505,0.159150557290842,0.6139817629179332,0.31728140449498987
2023-09-24 11:00:00+02:00,0.5408233877253515,0.12973865146651695,0.7375886524822695,0.2743509738242364
2023-09-24 12:00:00+02:00,0.6952077323330684,0.14187765990624654,0.9523809523809523,0.23474780549538424
2023-09-24 13:00:00+02:00,0.6308581515275511,0.13803923826522532,0.9240121580547113,0.23519929911157395
2023-09-24 14:00:00+02:00,0.6502586620888748,0.14389283126778268,0.9341438703140831,0.2326856902834604
2023-09-24 15:00:00+02:00,0.6232755576109774,0.12964269092549144,0.9746707193515705,0.2033467694425023
2023-09-24 16:00:00+02:00,0.5639810394165091,0.12446082171011279,0.8530901722391084,0.2210922911052937
2023-09-24 17:00:00+02:00,0.6178789367153978,0.1676910454421142,0.8226950354609929,0.24633502683006403
2023-09-24 18:00:00+02:00,0.43746785082646855,0.1701380392382652,0.8429584599797366,0.2534915809406647
2023-09-24 19:00:00+02:00,0.19222900253367933,0.15449647105110378,0.8713272543059777,0.348707402188215
2023-09-24 20:00:00+02:00,0.03921089106408385,0.16428444623570787,0.75177304964539,0.4956512290063506
2023-09-24 21:00:00+02:00,0.0,0.21360816432283045,0.7173252279635258,0.5048568023515683
2023-09-24 22:00:00+02:00,0.0,0.2745431078740422,0.7213779128672746,0.4346364700744736
2023-09-24 23:00:00+02:00,0.0,0.298677183941963,0.7274569402228976,0.36043993060524854
2023-09-25 00:00:00+02:00,0.0,0.30457875721503314,0.7315096251266464,0.34150167034168777
2023-09-25 01:00:00+02:00,0.0,0.2856265503624909,0.7355623100303952,0.3485934796016601
2023-09-25 02:00:00+02:00,0.0,0.2644192707958487,0.5977710233029382,0.3223831342998666
2023-09-25 03:00:00+02:00,0.0,0.2421564252779257,0.5086119554204661,0.27447082924230937
2023-09-25 04:00:00+02:00,0.0,0.20127723480104978,0.47011144883485306,0.27700334437326357
2023-09-25 05:00:00+02:00,0.0,0.17560779007672045,0.4012158054711246,0.2717956006723806
2023-09-25 06:00:00+02:00,0.0,0.16078188648827602,0.3242147922998987,0.28138124966130834
2023-09-25 07:00:00+02:00,0.015506746117677758,0.1372235736665083,0.22492401215805471,0.35504758663566427
2023-09-25 08:00:00+02:00,0.01762440748176591,0.11294555678704915,0.13171225937183384,0.4322110819022386
2023-09-25 09:00:00+02:00,0.07889996372651017,0.09077867181015166,0.11752786220871327,0.4193252305767676
2023-09-25 10:00:00+02:00,0.28335675284637596,0.06381375978197765,0.08105369807497467,0.3696910974862849
2023-09-25 11:00:00+02:00,0.5046865212220408,0.04299032237943757,0.0486322188449848,0.31860215221634963
2023-09-25 12:00:00+02:00,0.664194240097713,0.03507357774483132,0.040526849037487336,0.277710856230634
2023-09-25 13:00:00+02:00,0.761606662845768,0.03142707718586117,0.004052684903748734,0.2573909326071618
2023-09-25 14:00:00+02:00,0.7967871661523936,0.029891708529452686,0.0,0.2619908779972092
2023-09-25 15:00:00+02:00,0.7894778188634443,0.030467471775605867,0.0,0.2589145691157147
2023-09-25 16:00:00+02:00,0.7273142110789211,0.03113919556278458,0.0,0.2636388169202604
2023-09-25 17:00:00+02:00,0.5957459598778314,0.031043235021759052,0.0,0.3143229751725379
2023-09-25 18:00:00+02:00,0.41014318806404076,0.030995254751246284,0.0,0.42547080769995216
2023-09-25 19:00:00+02:00,0.177132126357438,0.031187175833297345,0.0,0.48130932993272957
2023-09-25 20:00:00+02:00,0.03593193153259251,0.03200284043201435,0.0,0.5218759058541484
2023-09-25 21:00:00+02:00,0.0,0.03531347909739515,0.0,0.514465431867382
2023-09-25 22:00:00+02:00,0.0,0.04371002643712905,0.008105369807497468,0.45446066462061907
2023-09-25 23:00:00+02:00,0.0,0.05556115325378204,0.014184397163120567,0.40905616332006844
2023-09-26 00:00:00+02:00,0.0,0.06611681276659037,0.014184397163120567,0.36307463042013244
2023-09-26 01:00:00+02:00,0.0,0.07480124172940086,0.03242147922998987,0.3220110898526894
2023-09-26 02:00:00+02:00,0.0,0.08473315772554325,0.0182370820668693,0.26795284015399445
2023-09-26 03:00:00+02:00,0.0,0.09423325128707075,0.04660587639311044,0.2748011093657443
2023-09-26 04:00:00+02:00,0.0,0.09706408724732389,0.06484295845997974,0.26395192158791636
2023-09-26 05:00:00+02:00,0.0,0.10392526593064931,0.07497467071935157,0.25136620145877875
2023-09-26 06:00:00+02:00,0.0,0.1162082151819172,0.10739614994934144,0.2695312144576122
2023-09-26 07:00:00+02:00,0.015438434460771689,0.13280938877933393,0.12360688956433637,0.30426247926815453
2023-09-26 08:00:00+02:00,0.017351160854141633,0.14734741074470176,0.1580547112462006,0.3970424100095421
2023-09-26 09:00:00+02:00,0.07398152442927318,0.1437488904562444,0.1276595744680851,0.4376396301364268
2023-09-26 10:00:00+02:00,0.2619752042347762,0.11649609680499377,0.09523809523809523,0.39885221368637735
2023-09-26 11:00:00+02:00,0.47114549768116076,0.07926340688708802,0.09321175278622088,0.3470121388822833
2023-09-26 12:00:00+02:00,0.6371428239629094,0.05791218650890753,0.15602836879432624,0.29934016244522077
2023-09-26 13:00:00+02:00,0.744870306903781,0.05349800162173314,0.18439716312056736,0.29044892933635647
2023-09-26 14:00:00+02:00,0.7807339267794674,0.048891895652507684,0.11752786220871327,0.28605854585535345
2023-09-26 15:00:00+02:00,0.7543656272137246,0.04447771076533329,0.0911854103343465,0.28758712463869596
2023-09-26 16:00:00+02:00,0.6728698205247837,0.04347012508456522,0.12360688956433637,0.2998948313020687
2023-09-26 17:00:00+02:00,0.551001824604356,0.04414184887174394,0.1519756838905775,0.33092790238624553
2023-09-26 18:00:00+02:00,0.37284502339332687,0.047596428348663025,0.05673758865248227,0.35121644151391884
2023-09-26 19:00:00+02:00,0.16019083544473278,0.05268233702301613,0.0851063829787234,0.4023891604433075
2023-09-26 20:00:00+02:00,0.03319946525634974,0.05340204108070761,0.05673758865248227,0.5100835748612762
2023-09-26 21:00:00+02:00,0.0,0.053354060810194844,0.030395136778115502,0.505508218339192
2023-09-26 22:00:00+02:00,0.0,0.05925563408326496,0.008105369807497468,0.4183827051460719
2023-09-26 23:00:00+02:00,0.0,0.05800814704993306,0.002026342451874367,0.35971833221384253
2023-09-27 00:00:00+02:00,0.0,0.053354060810194844,0.014184397163120567,0.35297150739568933
2023-09-27 01:00:00+02:00,0.0,0.04658884266789496,0.010131712259371834,0.33814178793529015
2023-09-27 02:00:00+02:00,0.0,0.040783229935850374,0.004052684903748734,0.3177763932819835
2023-09-27 03:00:00+02:00,0.0,0.03824027559867382,0.0121580547112462,0.312930931984683
2023-09-27 04:00:00+02:00,0.0,0.03967968371405678,0.03242147922998987,0.2866172889362468
2023-09-27 05:00:00+02:00,0.0,0.04270244075636098,0.18034447821681865,0.2881065745332418
2023-09-27 06:00:00+02:00,0.0,0.04989948133327576,0.23505572441742653,0.2895884467180525
2023-09-27 07:00:00+02:00,0.015438434460771689,0.0600233184114692,0.29584599797365757,0.33271138634805586
2023-09-27 08:00:00+02:00,0.017077914226517353,0.0739375968601711,0.4518743667679838,0.4308674761599772
2023-09-27 09:00:00+02:00,0.06960957838728474,0.09859945590373238,0.5005065856129686,0.456649681144847
2023-09-27 10:00:00+02:00,0.23526534638450308,0.10512477269346844,0.6099290780141844,0.3885774638645556
2023-09-27 11:00:00+02:00,0.44190810852536305,0.0986954164447579,0.5815602836879432,0.3335713736879955
2023-09-27 12:00:00+02:00,0.5801025904463415,0.09221807992553462,0.6869300911854104,0.2959612512299981
2023-09-27 13:00:00+02:00,0.6619399554198127,0.1040692067421876,0.7619047619047619,0.2808159559645482
2023-09-27 14:00:00+02:00,0.6969838354126263,0.12302141359472984,0.9300911854103343,0.26758919967573014
2023-09-27 15:00:00+02:00,0.6528545050513054,0.1469155883100869,1.0,0.2442391784909309
2023-09-27 16:00:00+02:00,0.5566033804706536,0.1593904586434058,0.9827760891590679,0.25408628327419325
2023-09-27 17:00:00+02:00,0.4130122776540957,0.17728709954466723,0.9219858156028369,0.37727727774890224
2023-09-27 18:00:00+02:00,0.24428248509610423,0.18664325229465642,1.0,0.4096391277509718
2023-09-27 19:00:00+02:00,0.09980333073976742,0.2009893531779732,1.0,0.3984873376394157
2023-09-27 20:00:00+02:00,0.02582180631049424,0.23208056847024502,1.0,0.43337305379155777
2023-09-27 21:00:00+02:00,0.0,0.2634116851150807,0.8247213779128673,0.3813078499637175
2023-09-27 22:00:00+02:00,0.0,0.2801567995240357,0.723404255319149,0.3379468078386455
2023-09-27 23:00:00+02:00,0.0,0.25885355941636795,0.6565349544072948,0.3115100979444084
2023-09-28 00:00:00+02:00,0.0,0.23620687173434282,0.6058763931104356,0.3021157223460331
2023-09-28 01:00:00+02:00,0.0,0.22243653409717923,0.5572441742654508,0.3350402724014837
2023-09-28 02:00:00+02:00,0.0,0.19959792533310303,0.4457953394123607,0.3501288540128382
2023-09-28 03:00:00+02:00,0.0,0.16980217734467587,0.3829787234042553,0.2752034252460074
2023-09-28 04:00:00+02:00,0.0,0.14336504829214225,0.3465045592705167,0.2694056764744166
2023-09-28 05:00:00+02:00,0.0,0.10824349027679818,0.303951367781155,0.25791792367430294
2023-09-28 06:00:00+02:00,0.0,0.08679630935759215,0.2553191489361702,0.2722856471845847
2023-09-28 07:00:00+02:00,0.016189862686738454,0.07657651173837318,0.2735562310030395,0.29964820233210276
2023-09-28 08:00:00+02:00,0.01748778416795377,0.06971533305504776,0.1884498480243161,0.38101352909291786
2023-09-28 09:00:00+02:00,0.05396620895579484,0.06942745143197117,0.22289766970618036,0.4062508272645343
2023-09-28 10:00:00+02:00,0.20028977804859555,0.05872785110762454,0.13576494427558258,0.3482717259531225
2023-09-28 11:00:00+02:00,0.40508812545299167,0.04428578968328223,0.23505572441742653,0.30091730118014115
2023-09-28 12:00:00+02:00,0.5596774050314267,0.04553327671661413,0.3140830800405269,0.2713181601135458
2023-09-28 13:00:00+02:00,0.654425673160145,0.05474548865506503,0.3505572441742654,0.27144246252804405
2023-09-28 14:00:00+02:00,0.7030635728772665,0.07000321467812436,0.42958459979736574,0.25418661460507685
2023-09-28 15:00:00+02:00,0.6941147458225714,0.08646044746400279,0.403242147922999,0.24774856996413872
2023-09-28 16:00:00+02:00,0.6430176264568315,0.10330152241398337,0.46808510638297873,0.2518964039536478
2023-09-28 17:00:00+02:00,0.5418480625789426,0.11865520897806821,0.5997973657548126,0.24719612723271672
2023-09-28 18:00:00+02:00,0.3549473692839367,0.11942289330627245,0.7943262411347518,0.2814723142269616
2023-09-28 19:00:00+02:00,0.14646019240661284,0.10901117460500241,0.9787234042553191,0.3859262063782414
2023-09-28 20:00:00+02:00,0.03183323211822835,0.10392526593064931,1.0,0.5134071304970854
2023-09-28 21:00:00+02:00,0.0,0.1305063357947212,1.0,0.4953835953685291
2023-09-28 22:00:00+02:00,0.0,0.1697541970741631,1.0,0.38029217571348073
2023-09-28 23:00:00+02:00,0.0,0.19316856908439248,1.0,0.34037602522295707
2023-09-29 00:00:00+02:00,0.0,0.22795426520614723,1.0,0.3509563437942661
2023-09-29 01:00:00+02:00,0.0,0.27089660731507204,1.0,0.32183143185877766
2023-09-29 02:00:00+02:00,0.0,0.3120636794150245,1.0,0.3226421189568064
2023-09-29 03:00:00+02:00,0.0,0.3370134200816624,1.0,0.279797192792568
2023-09-29 04:00:00+02:00,0.0,0.34905646798036644,1.0,0.24450681212875242
2023-09-29 05:00:00+02:00,0.0,0.34699331634831754,1.0,0.22641803687120354
2023-09-29 06:00:00+02:00,0.0,0.34454632255216655,0.9726443768996961,0.22693168169464234
2023-09-29 07:00:00+02:00,0.01639479765745666,0.3423392301085793,0.8936170212765957,0.2601484542558777
2023-09-29 08:00:00+02:00,0.01762440748176591,0.3505438563662622,0.8551165146909828,0.3316975654508651
2023-09-29 09:00:00+02:00,0.06195867281380496,0.34852868500472606,0.7963525835866262,0.3550936754498474
2023-09-29 10:00:00+02:00,0.22631651932980798,0.3363416962944837,0.6342451874366768,0.31589282300125837
2023-09-29 11:00:00+02:00,0.4072057868170798,0.34094780226370913,0.5045592705167173,0.29933213124868774
2023-09-29 12:00:00+02:00,0.5359732600850207,0.3495362706854941,0.4093211752786221,0.28802168781107546
2023-09-29 13:00:00+02:00,0.590349338982252,0.3209880097303988,0.3080040526849038,0.2884455036375584
2023-09-29 14:00:00+02:00,0.6143950422131883,0.3021797436893949,0.2573454913880446,0.2626922120110927
2023-09-29 15:00:00+02:00,0.6051046568739629,0.2751668513907081,0.2188449848024316,0.24805623707864083
2023-09-29 16:00:00+02:00,0.5441706589137489,0.25060095288817236,0.1702127659574468,0.25823918204447627
2023-09-29 17:00:00+02:00,0.45106187055077634,0.22128500760487285,0.1398176291793313,0.2723454497604234
2023-09-29 18:00:00+02:00,0.30637778122372133,0.16879459166390778,0.09523809523809523,0.2811751494463873
2023-09-29 19:00:00+02:00,0.127947733385068,0.1243168808985745,0.0911854103343465,0.34219250202164353
2023-09-29 20:00:00+02:00,0.027666221046958116,0.10584447675115992,0.0790273556231003,0.4078393311297
2023-09-29 21:00:00+02:00,0.0,0.10123837078193446,0.0547112462006079,0.38276513328056494
2023-09-29 22:00:00+02:00,0.0,0.09255394181912396,0.0486322188449848,0.310265092685969
2023-09-29 23:00:00+02:00,0.0,0.08574074340631131,0.03850050658561297,0.27762214029639115
2023-09-30 00:00:00+02:00,0.0,0.07547296551657957,0.0121580547112462,0.2839998870831263
2023-09-30 01:00:00+02:00,0.0,0.062230410855056394,0.004052684903748734,0.2818112433312782
2023-09-30 02:00:00+02:00,0.0,0.04884391538199492,0.0,0.2665804435593133
2023-09-30 03:00:00+02:00,0.0,0.04601307942174178,0.0,0.2916699635111813
2023-09-30 04:00:00+02:00,0.0,0.04687672429097155,0.0,0.28877084148620374
2023-09-30 05:00:00+02:00,0.0,0.05268233702301613,0.0,0.2394688418722021
2023-09-30 06:00:00+02:00,0.0,0.05378588324480973,0.0060790273556231,0.22367880374097962
2023-09-30 07:00:00+02:00,0.015028564519335272,0.056472778393524575,0.0060790273556231,0.24719303831097322
2023-09-30 08:00:00+02:00,0.015848304402208104,0.06055110138710962,0.016210739614994935,0.26726509739578214
2023-09-30 09:00:00+02:00,0.058064908370159006,0.06520518762684784,0.020263424518743668,0.29016609610178645
2023-09-30 10:00:00+02:00,0.23540196969831523,0.05925563408326496,0.03850050658561297,0.2821022302683656
2023-09-30 11:00:00+02:00,0.45317953191486454,0.04937169835763534,0.034447821681864235,0.22319975484106758
2023-09-30 12:00:00+02:00,0.6201332213932982,0.04774036916020132,0.034447821681864235,0.21939084995587507
2023-09-30 13:00:00+02:00,0.7205513570452202,0.04394992778969287,0.020263424518743668,0.23314719095521355
2023-09-30 14:00:00+02:00,0.758669261598807,0.04342214481405246,0.0121580547112462,0.2221811141750717
2023-09-30 15:00:00+02:00,0.7532043290463214,0.043805986978154576,0.008105369807497468,0.2180812223527918
2023-09-30 16:00:00+02:00,0.6963690305004716,0.04490953319994818,0.014184397163120567,0.25011192943510896
2023-09-30 17:00:00+02:00,0.5696509069397129,0.04678076374994602,0.008105369807497468,0.2459259153219653
2023-09-30 18:00:00+02:00,0.37154710191211154,0.047596428348663025,0.0,0.2385701791302636
2023-09-30 19:00:00+02:00,0.14953421696738595,0.045725197798665185,0.0,0.31038927259448285
2023-09-30 20:00:00+02:00,0.028895830871267365,0.04399790806020564,0.004052684903748734,0.42406714911545657
2023-09-30 21:00:00+02:00,0.0,0.04687672429097155,0.010131712259371834,0.39086273224119505
2023-09-30 22:00:00+02:00,0.0,0.05791218650890753,0.0182370820668693,0.3420595506262636
2023-09-30 23:00:00+02:00,0.0,0.06390972032300318,0.060790273556231005,0.30790408184640916
2023-10-01 00:00:00+02:00,0.0,0.07264212955632643,0.09321175278622088,0.3501299670755512
2023-10-01 01:00:00+02:00,0.0,0.09025088883451124,0.1580547112462006,0.32053762163679156
2023-10-01 02:00:00+02:00,0.0,0.10857935217038753,0.1580547112462006,0.280156386274407
2023-10-01 03:00:00+02:00,0.0,0.12436486116908727,0.2127659574468085,0.2600395964500968
2023-10-01 04:00:00+02:00,0.0,0.13141796093446373,0.3262411347517731,0.23559222572062227
2023-10-01 05:00:00+02:00,0.0,0.1287310657857489,0.2978723404255319,0.19047315129802073
2023-10-01 06:00:00+02:00,0.0,0.11755166275627461,0.2066869300911854,0.1873285133657902
2023-10-01 07:00:00+02:00,0.014823629548617065,0.1126096948934598,0.1641337386018237,0.197059964715436
2023-10-01 08:00:00+02:00,0.015779992745302035,0.11558447166525124,0.17831813576494426,0.25122336551381974
2023-10-01 09:00:00+02:00,0.06216360778452317,0.11179403029474279,0.25937183383991896,0.2823659121881262
2023-10-01 10:00:00+02:00,0.2571250765944453,0.09591256075501753,0.3120567375886525,0.2738807016656172
2023-10-01 11:00:00+02:00,0.4882917235645842,0.06467740465120742,0.30192502532928067,0.23353814170523138
2023-10-01 12:00:00+02:00,0.6556552829844543,0.05124292890763318,0.3383991894630192,0.20816986799726545
2023-10-01 13:00:00+02:00,0.7377658945855498,0.04466963184738435,0.281661600810537,0.20667205592537313
2023-10-01 14:00:00+02:00,0.6033968654513112,0.04231859859225886,0.2573454913880446,0.2134896809316572
2023-10-01 15:00:00+02:00,0.5831083033502086,0.04289436183841204,0.24113475177304963,0.20925078237649486
2023-10-01 16:00:00+02:00,0.6801791678137332,0.05676066001660117,0.18439716312056736,0.21519606435586536
2023-10-01 17:00:00+02:00,0.5639810394165091,0.05724046272172882,0.1519756838905775,0.23675852210038223
2023-10-01 18:00:00+02:00,0.36355463805410143,0.056328837581986285,0.08713272543059777,0.2608688170785862
2023-10-01 19:00:00+02:00,0.1391508451176634,0.05416972540891185,0.0547112462006079,0.3214714980866055
2023-10-01 20:00:00+02:00,0.0,0.0695234119729967,0.03850050658561297,0.4738777287721231
2023-10-01 21:00:00+02:00,0.0,0.09639236346014518,0.020263424518743668,0.5072851569395622
2023-10-01 22:00:00+02:00,0.0,0.11433698463191935,0.0,0.404369728121204
2023-10-01 23:00:00+02:00,0.0,0.12441284143960003,0.0,0.3695973167712681
2023-10-02 00:00:00+02:00,0.0,0.1305063357947212,0.0,0.3336671355164695
2023-10-02 01:00:00+02:00,0.0,0.13156190174600205,0.0,0.27000235466697564
2023-10-02 02:00:00+02:00,0.0,0.1230693938652426,0.0,0.24317753793249536
2023-10-02 03:00:00+02:00,0.0,0.11126624731910238,0.0,0.23356606450690695
2023-10-02 04:00:00+02:00,0.0,0.11400112273832999,0.0,0.23435895836480797
2023-10-02 05:00:00+02:00,0.0,0.11520062950114912,0.0,0.220232303765354
2023-10-02 06:00:00+02:00,0.0,0.11611225464089166,0.02634245187436677,0.24043027360573838
2023-10-02 07:00:00+02:00,0.01523349949005348,0.12388505846395961,0.08105369807497467,0.32772049546241716
2023-10-02 08:00:00+02:00,0.016258174343644523,0.1397665280036849,0.06889564336372847,0.4024540330543469
2023-10-02 09:00:00+02:00,0.057040233516567965,0.14897873994213578,0.08308004052684904,0.37758791127916336
2023-10-02 10:00:00+02:00,0.23437729484472417,0.14326908775111674,0.16818642350557245,0.3305526465113405
2023-10-02 11:00:00+02:00,0.46069381417453215,0.11203393164730661,0.3404255319148936,0.2413836741427417
2023-10-02 12:00:00+02:00,0.6266228287993748,0.08977108612938359,0.45390070921985815,0.24915099297993692
2023-10-02 13:00:00+02:00,0.7268360294805786,0.08861955963707722,0.5086119554204661,0.2352723254251307
2023-10-02 14:00:00+02:00,0.7648856223772593,0.09384940912296863,0.524822695035461,0.23095410020694027
2023-10-02 15:00:00+02:00,0.7542973155568186,0.10920309568705347,0.5612968591691996,0.2101692142175915
2023-10-02 16:00:00+02:00,0.6894695531529587,0.12465274279216386,0.425531914893617,0.21632430311797526
2023-10-02 17:00:00+02:00,0.5525046810562895,0.13386495473061477,0.2877406281661601,0.254224672222727
2023-10-02 18:00:00+02:00,0.3482528269071419,0.14801913453188048,0.22492401215805471,0.3149860065568025
2023-10-02 19:00:00+02:00,0.1284259149834105,0.16994611815621416,0.2674772036474164,0.481069129072646
2023-10-02 20:00:00+02:00,0.0,0.2333280555035769,0.47011144883485306,0.541332263192
2023-10-02 21:00:00+02:00,0.0,0.30726565236374803,0.6160081053698075,0.4932249780377982
2023-10-02 22:00:00+02:00,0.0,0.35812473910727904,0.524822695035461,0.4011297011328794
2023-10-02 23:00:00+02:00,0.0,0.39223871144185507,0.5997973657548126,0.30618460244489404
2023-10-03 00:00:00+02:00,0.0,0.4097994904495271,0.7315096251266464,0.12927998044978267
2023-10-03 01:00:00+02:00,0.0,0.42376174916874176,0.7173252279635258,0.30036350037403736
2023-10-03 02:00:00+02:00,0.0,0.4320143556969374,0.8632218844984803,0.25771923687156617
2023-10-03 03:00:00+02:00,0.0,0.41291820803285684,1.0,0.23384148432929264
2023-10-03 04:00:00+02:00,0.0,0.39631703443544014,1.0,0.207170378646079
2023-10-03 05:00:00+02:00,0.0,0.3632586280521449,1.0,0.18320835716598785
2023-10-03 06:00:00+02:00,0.0,0.34353873687139846,1.0,0.19041594236556117
2023-10-03 07:00:00+02:00,0.015301811146959549,0.34574582931498565,1.0,0.2399798930522617
2023-10-03 08:00:00+02:00,0.016189862686738454,0.3631626675111194,1.0,0.27805312452308956
2023-10-03 09:00:00+02:00,0.042011668997232694,0.35783685748420246,0.8004052684903749,0.3547206457003683
2023-10-03 10:00:00+02:00,0.14126850648175154,0.35404641611369403,0.9544072948328267,0.35667304031019376
2023-10-03 11:00:00+02:00,0.268669746611571,0.36100355533804496,1.0,0.3160974426355132
2023-10-03 12:00:00+02:00,0.36785827243918384,0.4071125953008123,1.0,0.2938701001536857
2023-10-03 13:00:00+02:00,0.4343255146087894,0.44103464655333724,0.8733535967578521,0.2582672326065629
2023-10-03 14:00:00+02:00,0.47661043023364635,0.4357088365264203,0.8044579533941236,0.25063274265876323
2023-10-03 15:00:00+02:00,0.36020736686570404,0.29728575609709285,0.6930091185410334,0.2920554767080453
2023-10-03 16:00:00+02:00,0.40180916592150034,0.37002384619444484,0.6403242147923,0.3061654511300846
2023-10-03 17:00:00+02:00,0.39661747999663904,0.37602138000854046,0.6727456940222898,0.313400096335016
2023-10-03 18:00:00+02:00,0.26074559441046696,0.3390765717137113,0.601823708206687,0.31185681323328923
2023-10-03 19:00:00+02:00,0.10110125222098273,0.27497493030865705,0.6342451874366768,0.382692852511768
2023-10-03 20:00:00+02:00,0.0,0.20828235429591352,0.7639311043566362,0.42955031263872523
2023-10-03 21:00:00+02:00,0.0,0.18558768634337558,0.8530901722391084,0.43638499059480385
2023-10-03 22:00:00+02:00,0.0,0.18405231768696712,0.6362715298885512,0.3416065764294077
2023-10-03 23:00:00+02:00,0.0,0.17133754600108433,0.502532928064843,0.33373892626132884
2023-10-04 00:00:00+02:00,0.0,0.16553193326903975,0.403242147922999,0.2876148024284027
2023-10-04 01:00:00+02:00,0.0,0.15675154376520373,0.39918946301925023,0.26143645940675675
2023-10-04 02:00:00+02:00,0.0,0.14864287804854642,0.38703140830800403,0.22760768655022948
2023-10-04 03:00:00+02:00,0.0,0.1398624885447104,0.3140830800405269,0.20722462116277954
2023-10-04 04:00:00+02:00,0.0,0.134632639058819,0.2512664640324215,0.19909254878460705
2023-10-04 05:00:00+02:00,0.0,0.12378909792293408,0.2006079027355623,0.21843547355984128
2023-10-04 06:00:00+02:00,0.0,0.11971077492934905,0.19858156028368795,0.25243093093895774
2023-10-04 07:00:00+02:00,0.015438434460771689,0.12047845925755328,0.22492401215805471,0.3486555083029248
2023-10-04 08:00:00+02:00,0.01659973262817487,0.11879914978960651,0.22897669706180346,0.4216845158236925
2023-10-04 09:00:00+02:00,0.05171192427789455,0.1135693003037151,0.18642350557244175,0.4133033433381592
2023-10-04 10:00:00+02:00,0.2151134075972126,0.09404133020501969,0.21073961499493415,0.3670893905082772
2023-10-04 11:00:00+02:00,0.4235322728176304,0.0714426227935073,0.22087132725430597,0.30475944391417864
2023-10-04 12:00:00+02:00,0.5744327229231377,0.06674055628325631,0.20263424518743667,0.2507362854173747
2023-10-04 13:00:00+02:00,0.656406711210421,0.07609670903324553,0.1641337386018237,0.23669575310878443
2023-10-04 14:00:00+02:00,0.6810672193535121,0.08358163123323689,0.13576494427558258,0.24173792534979122
2023-10-04 15:00:00+02:00,0.6668583947170497,0.09130645478579208,0.1398176291793313,0.21747515488901797
2023-10-04 16:00:00+02:00,0.5931501169154008,0.09351354722937927,0.12563323201621074,0.20520760420831022
2023-10-04 17:00:00+02:00,0.4665686166684541,0.08986704667040912,0.08308004052684904,0.25105803906591234
2023-10-04 18:00:00+02:00,0.2877286988883644,0.0850690196191326,0.0972644376899696,0.2797473972722927
2023-10-04 19:00:00+02:00,0.10800072956849575,0.07086685954735412,0.1094224924012158,0.3901581867995837
2023-10-04 20:00:00+02:00,0.0,0.06942745143197117,0.0972644376899696,0.4971642406749914
2023-10-04 21:00:00+02:00,0.0,0.07825582120631995,0.17831813576494426,0.4692646874047687
2023-10-04 22:00:00+02:00,0.0,0.07892754499349867,0.19655521783181357,0.3522460797922068
2023-10-04 23:00:00+02:00,0.0,0.08075079527298375,0.17223910840932116,0.28192492090586424
2023-10-05 00:00:00+02:00,0.0,0.0779199593127306,0.182370820668693,0.10151090743754507
2023-10-05 01:00:00+02:00,0.0,0.07532902470504128,0.19250253292806485,0.26444011474707435
2023-10-05 02:00:00+02:00,0.0,0.07806390012426889,0.1641337386018237,0.23626996142327106
2023-10-05 03:00:00+02:00,0.0,0.0788795647229859,0.16818642350557245,0.22880833384154745
2023-10-05 04:00:00+02:00,0.0,0.07945532796913908,0.16818642350557245,0.21693197892282634
2023-10-05 05:00:00+02:00,0.0,0.07336183361401791,0.14792299898682879,0.21941593410220264
2023-10-05 06:00:00+02:00,0.0,0.06587691141402655,0.12360688956433637,0.24001560203850145
2023-10-05 07:00:00+02:00,0.015301811146959549,0.06117484490377556,0.12563323201621074,0.31525228211994216
2023-10-05 08:00:00+02:00,0.016326486000550592,0.062134450314030865,0.12563323201621074,0.38931105042498215
2023-10-05 09:00:00+02:00,0.04925270462927605,0.06434154275761807,0.11955420466058764,0.3500384072315337
2023-10-05 10:00:00+02:00,0.20787237196516925,0.05872785110762454,0.11550151975683891,0.3274671933706
2023-10-05 11:00:00+02:00,0.42940707531155237,0.04678076374994602,0.11550151975683891,0.2487887105763544
2023-10-05 12:00:00+02:00,0.5936282985137432,0.03747259127046958,0.11144883485309018,0.22485869137641085
2023-10-05 13:00:00+02:00,0.7062059090949456,0.03867209803328871,0.08105369807497467,0.23323245044975977
2023-10-05 14:00:00+02:00,0.7330523902590309,0.0391039204679036,0.05268490374873354,0.22155342425909363
2023-10-05 15:00:00+02:00,0.7228739533800266,0.038144315057648294,0.03850050658561297,0.20076248293224236
2023-10-05 16:00:00+02:00,0.6490290522645655,0.036752887212778106,0.020263424518743668,0.24482041207477262
2023-10-05 17:00:00+02:00,0.5138402832474541,0.03776047289354617,0.014184397163120567,0.2850994627532275
2023-10-05 18:00:00+02:00,0.3169660880441621,0.036129143696112156,0.014184397163120567,0.3177903573100346
2023-10-05 19:00:00+02:00,0.11681293330937871,0.036417025319188744,0.010131712259371834,0.4464923156037034
2023-10-05 20:00:00+02:00,0.0,0.041934756428156736,0.008105369807497468,0.5337974867907351
2023-10-05 21:00:00+02:00,0.0,0.051386869719171474,0.016210739614994935,0.4976028833258429
2023-10-05 22:00:00+02:00,0.0,0.05867987083711178,0.03850050658561297,0.389622301739592
2023-10-05 23:00:00+02:00,0.0,0.06846784602171586,0.0547112462006079,0.33352985963064874
2023-10-06 00:00:00+02:00,0.0,0.07518508389350298,0.0851063829787234,0.30630878235340786
2023-10-06 01:00:00+02:00,0.0,0.07600074849222,0.10536980749746708,0.25417537198081597
2023-10-06 02:00:00+02:00,0.0,0.07432143902427321,0.06484295845997974,0.2102398918997379
2023-10-06 03:00:00+02:00,0.0,0.07744015660760295,0.04660587639311044,0.1817849294823341
2023-10-06 04:00:00+02:00,0.0,0.07619266957427105,0.07497467071935157,0.17884577398067597
2023-10-06 05:00:00+02:00,0.0,0.07787197904221783,0.0851063829787234,0.19000559528876507
2023-10-06 06:00:00+02:00,0.0,0.07734419606657741,0.0729483282674772,0.22323534132132294
2023-10-06 07:00:00+02:00,0.01516518783314741,0.07729621579606465,0.08915906788247213,0.2929321442253997
2023-10-06 08:00:00+02:00,0.016121551029832384,0.08166242041272628,0.07497467071935157,0.37605253686798523
2023-10-06 09:00:00+02:00,0.05171192427789455,0.08468517745503049,0.08915906788247213,0.3657072318700014
2023-10-06 10:00:00+02:00,0.22993703714582966,0.08036695310888162,0.0972644376899696,0.297484147448218
2023-10-06 11:00:00+02:00,0.46677355163917233,0.06184656869095428,0.08713272543059777,0.2290348209399754
2023-10-06 12:00:00+02:00,0.6413098350341797,0.051866672424299126,0.11550151975683891,0.21002094071947866
2023-10-06 13:00:00+02:00,0.7450069302175931,0.05695258109865223,0.11550151975683891,0.21011497170089097
2023-10-06 14:00:00+02:00,0.7859939243612347,0.06107888436275003,0.09929078014184398,0.20028998464819714
2023-10-06 15:00:00+02:00,0.7700089966452145,0.06323799653582446,0.0729483282674772,0.1794583920603166
2023-10-06 16:00:00+02:00,0.6969155237557202,0.06395770059351594,0.05673758865248227,0.18111127325815735
2023-10-06 17:00:00+02:00,0.5640493510734151,0.06155868706787768,0.0364741641337386,0.23510798953395187
2023-10-06 18:00:00+02:00,0.3539910060872517,0.056328837581986285,0.034447821681864235,0.27370104367170545
2023-10-06 19:00:00+02:00,0.12439552722595242,0.053066179187118256,0.0243161094224924,0.4067169026931238
2023-10-06 20:00:00+02:00,0.0,0.05488942946660333,0.020263424518743668,0.4728798477620139
2023-10-06 21:00:00+02:00,0.0,0.06520518762684784,0.02634245187436677,0.44720217609248425
2023-10-06 22:00:00+02:00,0.0,0.07892754499349867,0.060790273556231005,0.3514765392335717
2023-10-06 23:00:00+02:00,0.0,0.09346556695886651,0.044579533941236066,0.323135994681087
2023-10-07 00:00:00+02:00,0.0,0.09533679750886435,0.0364741641337386,0.34447814317066294
2023-10-07 01:00:00+02:00,0.0,0.09816763346911749,0.06281661600810537,0.2763417988240918
2023-10-07 02:00:00+02:00,0.0,0.09763985049347708,0.07497467071935157,0.21887943125786224
2023-10-07 03:00:00+02:00,0.0,0.09327364587681544,0.0790273556231003,0.21415333010027046
2023-10-07 04:00:00+02:00,0.0,0.09514487642681328,0.11347517730496454,0.18224618514211843
2023-10-07 05:00:00+02:00,0.0,0.09500093561527499,0.1276595744680851,0.17846310469358662
2023-10-07 06:00:00+02:00,0.0,0.09351354722937927,0.13779128672745694,0.1858078432729963
2023-10-07 07:00:00+02:00,0.015096876176241341,0.09591256075501753,0.13779128672745694,0.24358022658513834
2023-10-07 08:00:00+02:00,0.015916616059114173,0.109299056228079,0.160081053698075,0.2754683427344653
2023-10-07 09:00:00+02:00,0.04993582119833675,0.10934703649859177,0.18642350557244175,0.2955661037499505
2023-10-07 10:00:00+02:00,0.22816093406627186,0.10378132511911102,0.14387031408308004,0.33151642687628713
2023-10-07 11:00:00+02:00,0.4666369283253602,0.09130645478579208,0.1540020263424519,0.25907606635154556
2023-10-07 12:00:00+02:00,0.645545157762356,0.07710429471401359,0.14387031408308004,0.21072944313357767
2023-10-07 13:00:00+02:00,0.7514965376236696,0.08247808501144328,0.1094224924012158,0.23129278429928807
2023-10-07 14:00:00+02:00,0.7896827538341624,0.09735196887040048,0.09929078014184398,0.20589868615466142
2023-10-07 15:00:00+02:00,0.7760204224529486,0.10037472591270469,0.13779128672745694,0.1748509107521004
2023-10-07 16:00:00+02:00,0.7040199360739514,0.0992711796909111,0.14387031408308004,0.20304997743430786
2023-10-07 17:00:00+02:00,0.5612485731402663,0.09466507372168563,0.12968591691995948,0.23682771920186246
2023-10-07 18:00:00+02:00,0.3470232170828326,0.08574074340631131,0.12563323201621074,0.2838863372689513
2023-10-07 19:00:00+02:00,0.11934046461490327,0.08526094070118367,0.1276595744680851,0.38420969339248534
2023-10-07 20:00:00+02:00,0.0,0.10613235837423651,0.14184397163120568,0.40547757999980705
2023-10-07 21:00:00+02:00,0.0,0.1265239733421617,0.15602836879432624,0.37743222436886625
2023-10-07 22:00:00+02:00,0.0,0.14403677207932097,0.17831813576494426,0.2845078493414424
2023-10-07 23:00:00+02:00,0.0,0.15588789889597396,0.1884498480243161,0.31161006175733885
2023-10-08 00:00:00+02:00,0.0,0.15631972133058886,0.2066869300911854,0.28592868338171695
2023-10-08 01:00:00+02:00,0.0,0.14446859451393587,0.1458966565349544,0.27590933401672724
2023-10-08 02:00:00+02:00,0.0,0.13122603985241268,0.1276595744680851,0.26104019886399615
2023-10-08 03:00:00+02:00,0.0,0.11587235328832783,0.0911854103343465,0.2255321025886188
2023-10-08 04:00:00+02:00,0.0,0.0956726594024537,0.03850050658561297,0.20760333873180792
2023-10-08 05:00:00+02:00,0.0,0.07753611714862847,0.04660587639311044,0.1755848648304802
2023-10-08 06:00:00+02:00,0.0,0.06770016169351162,0.020263424518743668,0.18839015392422576
2023-10-08 07:00:00+02:00,0.015301811146959549,0.06976331332556053,0.0,0.2214383886098258
2023-10-08 08:00:00+02:00,0.016053239372926312,0.06674055628325631,0.0,0.27576550751503964
2023-10-08 09:00:00+02:00,0.046861796637563624,0.06256627274864575,0.008105369807497468,0.332318710005403
2023-10-08 10:00:00+02:00,0.2160014591369915,0.06227839112556916,0.002026342451874367,0.3337113709776065
2023-10-08 11:00:00+02:00,0.44771459936237895,0.05244243567045231,0.0,0.28173105387193265
2023-10-08 12:00:00+02:00,0.6272376337115294,0.04203071696918227,0.0060790273556231,0.24649788214057666
2023-10-08 13:00:00+02:00,0.7320277154054399,0.0377124926230334,0.0,0.2661138781067862
2023-10-08 14:00:00+02:00,0.7710336714988055,0.03723268991790576,0.0,0.24290842371400767
2023-10-08 15:00:00+02:00,0.7501303044855483,0.03636904504867598,0.002026342451874367,0.17771321072812524
2023-10-08 16:00:00+02:00,0.6777882598220207,0.03670490694226534,0.0060790273556231,0.17238857802492832
2023-10-08 17:00:00+02:00,0.5379542981352967,0.037520571540982345,0.016210739614994935,0.2229454674469485
2023-10-08 18:00:00+02:00,0.3277593298353211,0.03536145936790791,0.004052684903748734,0.26990746088924583
2023-10-08 19:00:00+02:00,0.10964020933424141,0.0348336763922675,0.0,0.3942806916307964
2023-10-08 20:00:00+02:00,0.0,0.03905594019739083,0.0,0.5044449746941059
2023-10-08 21:00:00+02:00,0.0,0.04447771076533329,0.0,0.4990748709610746
2023-10-08 22:00:00+02:00,0.0,0.052634356752503365,0.0121580547112462,0.3557148200043853
2023-10-08 23:00:00+02:00,0.0,0.00047980270512765146,0.016210739614994935,0.2938468693604042
2023-10-09 00:00:00+02:00,0.0,0.06184656869095428,0.1094224924012158,0.2815809270207737
2023-10-09 01:00:00+02:00,0.0,0.06381375978197765,0.0911854103343465,0.22885330959301758
2023-10-09 02:00:00+02:00,0.0,0.06808400385761375,0.05876393110435663,0.2156973534923303
2023-10-09 03:00:00+02:00,0.0,0.07576084713965617,0.05268490374873354,0.1977870006599958
2023-10-09 04:00:00+02:00,0.0,0.082334144199905,0.0547112462006079,0.17939562306871878
2023-10-09 05:00:00+02:00,0.0,0.08070281500247098,0.0911854103343465,0.1669034386426292
2023-10-09 06:00:00+02:00,0.0,0.07681641309093701,0.08713272543059777,0.17185899331440796
2023-10-09 07:00:00+02:00,0.015506746117677758,0.07379365604863279,0.0486322188449848,0.22289320078927843
2023-10-09 08:00:00+02:00,0.016326486000550592,0.06755622088197333,0.02634245187436677,0.2973272249692235
2023-10-09 09:00:00+02:00,0.04453920030275726,0.06482134546274572,0.030395136778115502,0.41315247619666723
2023-10-09 10:00:00+02:00,0.19953834982262877,0.05676066001660117,0.03242147922998987,0.38621138824422174
2023-10-09 11:00:00+02:00,0.41806734026514486,0.04553327671661413,0.02634245187436677,0.2931979245101751
2023-10-09 12:00:00+02:00,0.5983418028402621,0.03852815722175041,0.028368794326241134,0.2693662607820847
2023-10-09 13:00:00+02:00,0.7109877250783705,0.03636904504867598,0.034447821681864235,0.23871338784760246
2023-10-09 14:00:00+02:00,0.752794459104885,0.03891199938585253,0.040526849037487336,0.22362406594591477
2023-10-09 15:00:00+02:00,0.7277923926772636,0.038768058574314236,0.034447821681864235,0.20175900586766973
2023-10-09 16:00:00+02:00,0.651488271913184,0.04145495372302909,0.07092198581560284,0.21848329322108606
2023-10-09 17:00:00+02:00,0.50974158383309,0.0389599796563653,0.06281661600810537,0.24862622803822168
2023-10-09 18:00:00+02:00,0.3072658327635002,0.03723268991790576,0.05876393110435663,0.38736471115265925
2023-10-09 19:00:00+02:00,0.10171605713313736,0.036848847753803635,0.0,0.520456312636998
2023-10-09 20:00:00+02:00,0.0,0.04035140750123549,0.0,0.6164920877478074
2023-10-09 21:00:00+02:00,0.0,0.0441898291422567,0.0668693009118541,0.5475223207882904
2023-10-09 22:00:00+02:00,0.0,0.05105100782558212,0.028368794326241134,0.4551681817324162
2023-10-09 23:00:00+02:00,0.0,0.04745248753712473,0.008105369807497468,0.3702203146788521
2023-10-10 00:00:00+02:00,0.0,0.04596509915122901,0.0121580547112462,0.34561787482342915
2023-10-10 01:00:00+02:00,0.0,0.04726056645507367,0.0364741641337386,0.32610876080397
2023-10-10 02:00:00+02:00,0.0,0.048891895652507684,0.0486322188449848,0.28030935703534055
2023-10-10 03:00:00+02:00,0.0,0.05225051458840124,0.0486322188449848,0.2718253820815289
2023-10-10 04:00:00+02:00,0.0,0.053929824056348025,0.044579533941236066,0.2622581441170775
2023-10-10 05:00:00+02:00,0.0,0.05412174513839909,0.04660587639311044,0.2524719549723669
2023-10-10 06:00:00+02:00,0.0,0.05594499541788416,0.014184397163120567,0.24836230110649232
2023-10-10 07:00:00+02:00,0.015506746117677758,0.05901573273070113,0.014184397163120567,0.35375674282943725
2023-10-10 08:00:00+02:00,0.016121551029832384,0.06323799653582446,0.014184397163120567,0.45185438814020173
2023-10-10 09:00:00+02:00,0.040850370829829515,0.06563701006146272,0.0364741641337386,0.4755385186605124
2023-10-10 10:00:00+02:00,0.18724225157953628,0.07307395199094131,0.06889564336372847,0.36145338398448607
2023-10-10 11:00:00+02:00,0.41096292794691364,0.07206636631017325,0.0972644376899696,0.2967988758274005
2023-10-10 12:00:00+02:00,0.5850893414004845,0.05532125190121821,0.1398176291793313,0.27230467599340974
2023-10-10 13:00:00+02:00,0.6932950059396985,0.046396921585843895,0.160081053698075,0.22294126546249204
2023-10-10 14:00:00+02:00,0.742001217313726,0.05340204108070761,0.11955420466058764,0.21252207135463397
2023-10-10 15:00:00+02:00,0.7297051190706335,0.06371779924095211,0.08915906788247213,0.19111282938301943
2023-10-10 16:00:00+02:00,0.6574996977209181,0.06765218142299886,0.09321175278622088,0.20656814039438176
2023-10-10 17:00:00+02:00,0.5219693704192764,0.06750824061146056,0.1033434650455927,0.24195872988309652
2023-10-10 18:00:00+02:00,0.31573647821985285,0.06817996439863927,0.0790273556231003,0.35073393617431015
2023-10-10 19:00:00+02:00,0.10724930134252898,0.07638459065632211,0.05673758865248227,0.48147070466257597
2023-10-10 20:00:00+02:00,0.0,0.09298576425373886,0.03242147922998987,0.5864400949903406
2023-10-10 21:00:00+02:00,0.0,0.1104026024498726,0.014184397163120567,0.5270369482109263
2023-10-10 22:00:00+02:00,0.0,0.12546840739088086,0.0243161094224924,0.3954653990350328
2023-10-10 23:00:00+02:00,0.0,0.12297343332421708,0.02634245187436677,0.35845022392253273
2023-10-11 00:00:00+02:00,0.0,0.1162082151819172,0.03850050658561297,0.3355799919279786
2023-10-11 01:00:00+02:00,0.0,0.11553649139473847,0.0547112462006079,0.32590018945165417
2023-10-11 02:00:00+02:00,0.0,0.11937491303575969,0.09321175278622088,0.2979612204890995
2023-10-11 03:00:00+02:00,0.0,0.1207183606101171,0.1398176291793313,0.2767242230992124
2023-10-11 04:00:00+02:00,0.0,0.12086230142165541,0.14184397163120568,0.26170384803260943
2023-10-11 05:00:00+02:00,0.0,0.11707186005114696,0.19250253292806485,0.2524331570643837
2023-10-11 06:00:00+02:00,0.0,0.11942289330627245,0.18642350557244175,0.2676873101356145
2023-10-11 07:00:00+02:00,0.024250638201654642,0.1262360917190851,0.160081053698075,0.33259586067485036
2023-10-11 08:00:00+02:00,0.025616871339776033,0.13376899418958924,0.14387031408308004,0.44298465497755724
2023-10-11 09:00:00+02:00,0.04672517332375148,0.13813519880625086,0.13779128672745694,0.42788927773836705
2023-10-11 10:00:00+02:00,0.17836173618174725,0.13746347501907213,0.1458966565349544,0.3646600506179813
2023-10-11 11:00:00+02:00,0.3770803461215032,0.10143029186398553,0.17223910840932116,0.34132670961059675
2023-10-11 12:00:00+02:00,0.5445122171982794,0.0802709925678561,0.19250253292806485,0.3088235042442344
2023-10-11 13:00:00+02:00,0.6645357983822433,0.08147049933067523,0.2127659574468085,0.29852601890749536
2023-10-11 14:00:00+02:00,0.7017656513960512,0.09792773211655367,0.19858156028368795,0.2231109164008403
2023-10-11 15:00:00+02:00,0.6909040979479861,0.13208968472164245,0.27760891590678827,0.25729764717050924
2023-10-11 16:00:00+02:00,0.6169225735187129,0.15564799754341013,0.4579533941236069,0.2499873820086419
2023-10-11 17:00:00+02:00,0.4800943247358559,0.18347655444081393,0.5146909827760892,0.27610666274478224
2023-10-11 18:00:00+02:00,0.2810341565115696,0.19705497099592645,0.4072948328267477,0.32314130972825644
2023-10-11 19:00:00+02:00,0.087575544153581,0.20895407808309222,0.45997973657548125,0.43933514370875404
2023-10-11 20:00:00+02:00,0.0,0.27473502895609325,0.5065856129685917,0.466585134344399
2023-10-11 21:00:00+02:00,0.0,0.32933657679962,0.5227963525835866,0.4012821766154486
2023-10-11 22:00:00+02:00,0.0,0.34982415230857067,0.5734549138804458,0.36621816054407663
2023-10-11 23:00:00+02:00,0.0,0.3351901698021773,0.5329280648429585,0.3822535920765677
2023-10-12 00:00:00+02:00,0.0,0.30304338855862467,0.5207700101317123,0.37978137479981655
2023-10-12 01:00:00+02:00,0.0,0.2711844889381486,0.46605876393110435,0.3570482961850988
2023-10-12 02:00:00+02:00,0.0,0.2297775154856323,0.3586626139817629,0.3243266349168415
2023-10-12 03:00:00+02:00,0.0,0.19595142477413285,0.3850050658561297,0.33740128849547024
2023-10-12 04:00:00+02:00,0.0,0.18654729175363088,0.45390070921985815,0.280705990350481
2023-10-12 05:00:00+02:00,0.0,0.18851448284465427,0.4133738601823708,0.2476455224838915
2023-10-12 06:00:00+02:00,0.0,0.18822660122157767,0.48834853090172237,0.2756514624225004
2023-10-12 07:00:00+02:00,0.014891941205523134,0.17680729683953958,0.524822695035461,0.35257240819758073
2023-10-12 08:00:00+02:00,0.015506746117677758,0.18366847552286497,0.6666666666666666,0.41418816981245765
2023-10-12 09:00:00+02:00,0.034634010051377194,0.19235290448567546,0.6970618034447822,0.3833072014384703
2023-10-12 10:00:00+02:00,0.15493083786296544,0.19345645070746909,0.5916919959473151,0.3506434893930056
2023-10-12 11:00:00+02:00,0.3330193274170884,0.17508000710108002,0.5430597771023303,0.31852109996068656
2023-10-12 12:00:00+02:00,0.4649291369027085,0.14571608154726776,0.49240121580547114,0.27318616327956924
2023-10-12 13:00:00+02:00,0.5444439055413732,0.1488347991305975,0.4457953394123607,0.25571445309808627
2023-10-12 14:00:00+02:00,0.5902127156684398,0.1669713413844227,0.4093211752786221,0.24848475016794447
2023-10-12 15:00:00+02:00,0.5811272652999325,0.1903857133946521,0.3343465045592705,0.2357390186380689
2023-10-12 16:00:00+02:00,0.5262046931474528,0.20756265023822204,0.2066869300911854,0.23419623081470642
2023-10-12 17:00:00+02:00,0.4105530580054772,0.20300452453950935,0.12968591691995948,0.2656893219899702
2023-10-12 18:00:00+02:00,0.2345139181585363,0.17100168410749497,0.22492401215805471,0.34490912739736135
2023-10-12 19:00:00+02:00,0.07083918821159399,0.13775135664214874,0.2857142857142857,0.49190151416707484
2023-10-12 20:00:00+02:00,0.0,0.12724367739985318,0.2674772036474164,0.5476250007505843
2023-10-12 21:00:00+02:00,0.0,0.13247352688574457,0.22289766970618036,0.49272949922686693
2023-10-12 22:00:00+02:00,0.0,0.1486908583190592,0.3951367781155015,0.46191537932294935
2023-10-12 23:00:00+02:00,0.0,0.1574712478228952,0.5045592705167173,0.5002758910247724
2023-10-13 00:00:00+02:00,0.0,0.1771911390036417,0.6545086119554204,0.48853236499544683
2023-10-13 01:00:00+02:00,0.0,0.2038681694087391,0.8794326241134752,0.4445194116043867
2023-10-13 02:00:00+02:00,0.0,0.22987347602665784,1.0,0.1995958137801025
2023-10-13 03:00:00+02:00,0.0,0.2864422149612079,1.0,0.34325883984289973
2023-10-13 04:00:00+02:00,0.0,0.3188288975573244,1.0,0.29337548413907194
2023-10-13 05:00:00+02:00,0.0,0.34464228309319206,1.0,0.24495620737992718
2023-10-13 06:00:00+02:00,0.0,0.39046344143288275,1.0,0.25067327141380813
2023-10-13 07:00:00+02:00,0.014482071264086717,0.45101454281999237,1.0,0.28755808877430744
2023-10-13 08:00:00+02:00,0.014891941205523134,0.49256545708404703,1.0,0.41922379143759764
2023-10-13 09:00:00+02:00,0.03176492046132228,0.4982271290045533,1.0,0.5151358819182575
2023-10-13 10:00:00+02:00,0.1498757752519163,0.4969316617007086,1.0,0.4511770252099328
2023-10-13 11:00:00+02:00,0.33561517037951905,0.4923255557314832,1.0,0.3637963565719494
2023-10-13 12:00:00+02:00,0.4671151099237027,0.5008180636122426,1.0,0.29958481555615624
2023-10-13 13:00:00+02:00,0.5458101386794947,0.5080151041891574,1.0,0.2811190535766407
2023-10-13 14:00:00+02:00,0.5840646665468935,0.5244723369750358,1.0,0.22767107332617598
2023-10-13 15:00:00+02:00,0.5501820847214831,0.5503337027814162,1.0,0.21376089876958643
2023-10-13 16:00:00+02:00,0.4690278363170726,0.5687101463878053,1.0,0.21951416706807136
2023-10-13 17:00:00+02:00,0.34586191891542944,0.5924124000211113,1.0,0.21364018055519596
2023-10-13 18:00:00+02:00,0.1813674490856143,0.6086297314544259,1.0,0.28634002101524164
2023-10-13 19:00:00+02:00,0.05430776724032519,0.6110287449800642,1.0,0.3219153332786421
2023-10-13 20:00:00+02:00,0.0,0.6287814450697873,1.0,0.37400883268053775
2023-10-13 21:00:00+02:00,0.0,0.6473498097582274,1.0,0.3223052934719314
2023-10-13 22:00:00+02:00,0.0,0.6485493165210465,1.0,0.2697743869878815
2023-10-13 23:00:00+02:00,0.0,0.6269581947903022,1.0,0.24882899431943045
2023-10-14 00:00:00+02:00,0.0,0.6013847106069984,1.0,0.24737368686161354
2023-10-14 01:00:00+02:00,0.0,0.5936598870544432,1.0,0.25243253928003495
2023-10-14 02:00:00+02:00,0.0,0.5776344767031796,1.0,0.245232367492646
2023-10-14 03:00:00+02:00,0.0,0.5295102653788761,1.0,0.2204836299981407
2023-10-14 04:00:00+02:00,0.0,0.4709743353533027,1.0,0.18955089024484753
2023-10-14 05:00:00+02:00,0.0,0.4241935716033567,1.0,0.174424006003874
2023-10-14 06:00:00+02:00,0.0,0.35706917315599823,0.8611955420466059,0.1715230306258504
2023-10-14 07:00:00+02:00,0.014208824636462438,0.2884094060522313,0.7700101317122594,0.1848365269898809
2023-10-14 08:00:00+02:00,0.014618694577898855,0.2333280555035769,0.5288753799392097,0.1945132405444619
2023-10-14 09:00:00+02:00,0.02582180631049424,0.18592354823696494,0.4457953394123607,0.2150736152944132
2023-10-14 10:00:00+02:00,0.09597787795302753,0.1428852455870146,0.3890577507598784,0.2581189591084501
2023-10-14 11:00:00+02:00,0.2226960015137863,0.12287747278319154,0.3323201621073962,0.21998666535211658
2023-10-14 12:00:00+02:00,0.3265297200110118,0.12110220277421924,0.3221884498480243,0.20174973910243935
2023-10-14 13:00:00+02:00,0.39989643952813037,0.13453667851779347,0.27760891590678827,0.19830929446431628
2023-10-14 14:00:00+02:00,0.4190237034618298,0.1540646486164889,0.3323201621073962,0.18901092570638378
2023-10-14 15:00:00+02:00,0.40016968615575466,0.16553193326903975,0.25937183383991896,0.18416855333082677
2023-10-14 16:00:00+02:00,0.3583629521292402,0.1704259208613418,0.3728470111448835,0.16818909516209787
2023-10-14 17:00:00+02:00,0.28643077740714906,0.15684750430622926,0.3465045592705167,0.16546827305635028
2023-10-14 18:00:00+02:00,0.15404278632318655,0.14259736396393802,0.3444782168186423,0.20904270630254326
2023-10-14 19:00:00+02:00,0.051233742679552066,0.10891521406397689,0.3708206686930091,0.3490090192196412
2023-10-14 20:00:00+02:00,0.0,0.09399334993450692,0.3100303951367781,0.4491021815386552
2023-10-14 21:00:00+02:00,0.0,0.09178625749091973,0.2938196555217832,0.4010343120767853
2023-10-14 22:00:00+02:00,0.0,0.08737207260374534,0.4316109422492401,0.2947424431805992
2023-10-14 23:00:00+02:00,0.0,0.08070281500247098,0.5390070921985816,0.25697243182784824
2023-10-15 00:00:00+02:00,0.0,0.07672045254991147,0.5673758865248227,0.2315082737854239
2023-10-15 01:00:00+02:00,0.0,0.08473315772554325,0.5572441742654508,0.234744471561672
2023-10-15 02:00:00+02:00,0.0,0.0972080280588622,0.5430597771023303,0.2076612879546006
2023-10-15 03:00:00+02:00,0.0,0.11049856299089814,0.5106382978723404,0.2080838682123861
2023-10-15 04:00:00+02:00,0.0,0.12124614358575753,0.47416413373860183,0.19504665446705885
2023-10-15 05:00:00+02:00,0.0,0.13626396825625303,0.46808510638297873,0.1800427145659018
2023-10-15 06:00:00+02:00,0.0,0.15305706293572083,0.5126646403242148,0.16765073896471142
2023-10-15 07:00:00+02:00,0.014823629548617065,0.1593904586434058,0.44984802431610943,0.1749062663315139
2023-10-15 08:00:00+02:00,0.014960252862429203,0.15905459674981645,0.45997973657548125,0.19712755347583896
2023-10-15 09:00:00+02:00,0.03190154377513442,0.15454445132161654,0.44174265450861194,0.21428863012706076
2023-10-15 10:00:00+02:00,0.15937109556185997,0.13645588933830408,0.4457953394123607,0.23614195230268065
2023-10-15 11:00:00+02:00,0.3713421669413934,0.11246575408192151,0.41134751773049644,0.21365130067347243
2023-10-15 12:00:00+02:00,0.5404818294408212,0.1200466368229384,0.3323201621073962,0.22638467651637417
2023-10-15 13:00:00+02:00,0.6391238620131855,0.13242554661523182,0.30192502532928067,0.23289352134544317
2023-10-15 14:00:00+02:00,0.6595490474281003,0.13089017795882332,0.29584599797365757,0.1926752637995556
2023-10-15 15:00:00+02:00,0.6102963427988242,0.1307942174177978,0.2735562310030395,0.1782423001602813
2023-10-15 16:00:00+02:00,0.5071457408706593,0.12676387469472553,0.2553191489361702,0.16922256265246238
2023-10-15 17:00:00+02:00,0.37093229699995695,0.12119816331524476,0.2613981762917933,0.17208906461294365
2023-10-15 18:00:00+02:00,0.19776224674307097,0.11879914978960651,0.3708206686930091,0.20904208851819456
2023-10-15 19:00:00+02:00,0.05287322244529773,0.12604417063703405,0.49442755825734547,0.300942880604833
2023-10-15 20:00:00+02:00,0.0,0.14777923317931665,0.6788247213779128,0.3797942257651547
2023-10-15 21:00:00+02:00,0.0,0.1824209884895331,0.8693009118541033,0.3341461844163815
2023-10-15 22:00:00+02:00,0.0,0.20756265023822204,0.9098277608915907,0.26139148365528664
2023-10-15 23:00:00+02:00,0.0,0.22186077085102604,1.0,0.23121654655800342
2023-10-16 00:00:00+02:00,0.0,0.2293456930510174,1.0,0.24524595874831723
2023-10-16 01:00:00+02:00,0.0,0.23467150307793433,1.0,0.2096566824568657
2023-10-16 02:00:00+02:00,0.0,0.23476746361895987,1.0,0.2025962576926922
2023-10-16 03:00:00+02:00,0.0,0.24076499743305552,1.0,0.1858693766958967
2023-10-16 04:00:00+02:00,0.0,0.24781809719843198,1.0,0.1898129638235308
2023-10-16 05:00:00+02:00,0.0,0.2472423339522788,1.0,0.18161009125722752
2023-10-16 06:00:00+02:00,0.0,0.2484898209856107,1.0,0.19351659510305014
2023-10-16 07:00:00+02:00,0.014960252862429203,0.2561186839971404,1.0,0.24147140477468268
2023-10-16 08:00:00+02:00,0.015438434460771689,0.27348754192276137,1.0,0.2939260735174479
2023-10-16 09:00:00+02:00,0.02582180631049424,0.28078054304070166,1.0,0.29799952311871847
2023-10-16 10:00:00+02:00,0.10977683264805356,0.25846971725226586,1.0,0.2748168042408571
2023-10-16 11:00:00+02:00,0.25910611464472133,0.21332028269975384,1.0,0.26435572330327234
2023-10-16 12:00:00+02:00,0.4025605941474671,0.21015358484591135,1.0,0.236951403832012
2023-10-16 13:00:00+02:00,0.5132937899922057,0.24153268176125975,1.0,0.27136276834706274
2023-10-16 14:00:00+02:00,0.5711537633916464,0.2582777961702148,0.9807497467071935,0.2573062961513909
2023-10-16 15:00:00+02:00,0.5834498616347389,0.27387138408686346,0.867274569402229,0.2238348634236566
2023-10-16 16:00:00+02:00,0.4994265236402735,0.28519472792787603,0.75177304964539,0.233565079204605
2023-10-16 17:00:00+02:00,0.3618468466314497,0.29291955148043125,0.6808510638297872,0.2834877280947803
2023-10-16 18:00:00+02:00,0.1947565338392039,0.29522260446504395,0.7011144883485309,0.2816422154317053
2023-10-16 19:00:00+02:00,0.05895295990993791,0.28092448385223995,0.8125633232016211,0.3726086357901655
2023-10-16 20:00:00+02:00,0.0,0.33485430790858794,1.0,0.5020341683342707
2023-10-16 21:00:00+02:00,0.0,0.39137506657262533,1.0,0.38120171356172683
2023-10-16 22:00:00+02:00,0.0,0.396748856870055,1.0,0.3012960187491695
2023-10-16 23:00:00+02:00,0.0,0.3784683738046915,1.0,0.2793632474045371
2023-10-17 00:00:00+02:00,0.0,0.371415274039315,1.0,0.2342232908200645
2023-10-17 01:00:00+02:00,0.0,0.35371055422010467,1.0,0.274099530339892
2023-10-17 02:00:00+02:00,0.0,0.33159164951371994,0.9604863221884499,0.2366186525711823
2023-10-17 03:00:00+02:00,0.0,0.3067858496586204,0.8713272543059777,0.19083284005822407
2023-10-17 04:00:00+02:00,0.0,0.3081292972329778,0.7213779128672746,0.18893085875302257
2023-10-17 05:00:00+02:00,0.0,0.30131609882016513,0.6362715298885512,0.21684202741988606
2023-10-17 06:00:00+02:00,0.0,0.28706595847787386,0.6707193515704154,0.23100056179350326
2023-10-17 07:00:00+02:00,0.015096876176241341,0.28701797820736114,0.7092198581560284,0.33540515370287205
2023-10-17 08:00:00+02:00,0.015506746117677758,0.29623019014581203,0.7335359675785208,0.4583199880648622
2023-10-17 09:00:00+02:00,0.024182326544748573,0.29004073524966534,0.8206686930091185,0.5157620912535694
2023-10-17 10:00:00+02:00,0.09618281292374574,0.25434341398816807,0.806484295845998,0.4362248566880815
2023-10-17 11:00:00+02:00,0.22208119660163167,0.20453989319591784,0.7558257345491388,0.37733659030080335
2023-10-17 12:00:00+02:00,0.3216112807137748,0.1817492647023544,0.8186423505572442,0.3005780045578713
2023-10-17 13:00:00+02:00,0.41649617215630524,0.16985015761518862,0.8591691995947315,0.28447930875541816
2023-10-17 14:00:00+02:00,0.4684813430618241,0.1604940048651994,0.8834853090172239,0.28004172339751904
2023-10-17 15:00:00+02:00,0.4616501773712171,0.16874661139339503,0.851063829787234,0.25755477847440295
2023-10-17 16:00:00+02:00,0.39613929839829654,0.19417615476516056,0.9300911854103343,0.2670229206766681
2023-10-17 17:00:00+02:00,0.2905977884784193,0.2223405735561537,0.8085106382978723,0.3067287689678142
2023-10-17 18:00:00+02:00,0.14379603778727612,0.2520883412740681,1.0,0.3250198152282076
2023-10-17 19:00:00+02:00,0.04829634143259108,0.3060181653304161,1.0,0.35243031254295487
2023-10-17 20:00:00+02:00,0.0,0.3837462035610957,1.0,0.4359321389039324
2023-10-17 21:00:00+02:00,0.0,0.4240496307918184,1.0,0.38942905249000903
2023-10-17 22:00:00+02:00,0.0,0.45211808904178596,1.0,0.29943320812433116
2023-10-17 23:00:00+02:00,0.0,0.46123434043921135,1.0,0.31147871870303623
2023-10-18 00:00:00+02:00,0.0,0.4563403528469093,1.0,0.28823026441781796
2023-10-18 01:00:00+02:00,0.0,0.44832764767127753,1.0,0.25048187551727125
2023-10-18 02:00:00+02:00,0.0,0.4474640028020478,1.0,0.2538762313412112
2023-10-18 03:00:00+02:00,0.0,0.4546610433789625,1.0,0.2495155015089454
2023-10-18 04:00:00+02:00,0.0,0.4426179954802585,1.0,0.24778020472633308
2023-10-18 05:00:00+02:00,0.0,0.4434336600789755,1.0,0.25093892919259914
2023-10-18 06:00:00+02:00,0.0,0.46248182747254324,1.0,0.2668389381923155
2023-10-18 07:00:00+02:00,0.014960252862429203,0.47817137593021747,1.0,0.3109638383109
2023-10-18 08:00:00+02:00,0.015301811146959549,0.4877674300327705,1.0,0.38745293706296446
2023-10-18 09:00:00+02:00,0.021654795239224006,0.4828254621699557,1.0,0.4592941482577523
2023-10-18 10:00:00+02:00,0.07206879803590324,0.4767799480853473,1.0,0.4124454596176611
2023-10-18 11:00:00+02:00,0.1507638267916952,0.4629616301776709,1.0,0.3774958614112083
2023-10-18 12:00:00+02:00,0.2103999032706938,0.4468882395558946,1.0,0.3771575500912403
2023-10-18 13:00:00+02:00,0.2630681907452733,0.4628176893661326,1.0,0.3570659669192421
2023-10-18 14:00:00+02:00,0.27905311846129355,0.4749566978058622,1.0,0.36345594688696664
2023-10-18 15:00:00+02:00,0.25910611464472133,0.4809062513494451,1.0,0.30827143428519227
2023-10-18 16:00:00+02:00,0.2541876753474843,0.5096944136571042,1.0,0.25034472213743486
2023-10-18 17:00:00+02:00,0.21374717445909122,0.5476947879032141,1.0,0.2528883573866655
2023-10-18 18:00:00+02:00,0.12453215053976455,0.5817127996967647,1.0,0.26636779798295207
2023-10-18 19:00:00+02:00,0.04091868248673558,0.5819047207788157,1.0,0.3411339556393781
2023-10-18 20:00:00+02:00,0.0,0.5574827630878183,1.0,0.3723564467610613
2023-10-18 21:00:00+02:00,0.0,0.540977550031427,1.0,0.36766605458970925
2023-10-18 22:00:00+02:00,0.0,0.5360355821686122,1.0,0.3176473988590912
2023-10-18 23:00:00+02:00,0.0,0.5294622851083634,0.9523809523809523,0.26473703451567987
2023-10-19 00:00:00+02:00,0.0,0.5102221966327446,0.7781155015197568,0.28288969182753954
2023-10-19 01:00:00+02:00,0.0,0.4709743353533027,1.0,0.2726163000803995
2023-10-19 02:00:00+02:00,0.0,0.44597661441615205,1.0,0.2541290381546641
2023-10-19 03:00:00+02:00,0.0,0.42678450621104597,1.0,0.27312265399763835
2023-10-19 04:00:00+02:00,0.0,0.4073524966533761,1.0,0.2923364565895692
2023-10-19 05:00:00+02:00,0.0,0.3765971432546936,1.0,0.30543643932649434
2023-10-19 06:00:00+02:00,0.0,0.36210710155983855,1.0,0.3375311509691067
2023-10-19 07:00:00+02:00,0.015096876176241341,0.35404641611369403,1.0,0.36706072741626855
2023-10-19 08:00:00+02:00,0.01537012280386562,0.3459857306675495,1.0,0.39031177534486594
2023-10-19 09:00:00+02:00,0.021244925297787588,0.3482408033816494,1.0,0.39724690713781263
2023-10-19 10:00:00+02:00,0.06878983850441191,0.3580767588367663,1.0,0.4067944985090902
2023-10-19 11:00:00+02:00,0.16640719622318512,0.35913232478804713,1.0,0.4192645652046113
2023-10-19 12:00:00+02:00,0.23184976353919962,0.35510198206497484,1.0,0.4090471468212335
2023-10-19 13:00:00+02:00,0.2890949320264858,0.3545262188188217,1.0,0.43877602785548087
2023-10-19 14:00:00+02:00,0.29940999221930226,0.3450261252572942,1.0,0.35908520474471073
2023-10-19 15:00:00+02:00,0.25746663487897564,0.3410437628047347,1.0,0.41225331817636446
2023-10-19 16:00:00+02:00,0.18881341968837587,0.3179172724175819,1.0,0.39527869514688996
2023-10-19 17:00:00+02:00,0.12883578492484693,0.2905685182253057,1.0,0.4255058989018432
2023-10-19 18:00:00+02:00,0.06954126673037866,0.2674420278381529,1.0,0.48376301367901997
2023-10-19 19:00:00+02:00,0.026846481164085282,0.3028994477470864,0.8206686930091185,0.5588422760031019
2023-10-19 20:00:00+02:00,0.0,0.33087194545602844,0.6524822695035462,0.5399618424563494
2023-10-19 21:00:00+02:00,0.0,0.34603371093806223,0.21479229989868287,0.49379212508760434
2023-10-19 22:00:00+02:00,0.0,0.3414276049688368,0.5268490374873354,0.4195857010688003
2023-10-19 23:00:00+02:00,0.0,0.341379624698324,0.6403242147923,0.3955129684298821
2023-10-20 00:00:00+02:00,0.0,0.3318795311367965,0.5876393110435664,0.40761210374093904
2023-10-20 01:00:00+02:00,0.0,0.29191196579966316,0.48024316109422494,0.4033158737473327
2023-10-20 02:00:00+02:00,0.0,0.2735355221932741,0.3100303951367781,0.3486314147133258
2023-10-20 03:00:00+02:00,0.0,0.2454670639433065,0.3606889564336373,0.30270486462042345
2023-10-20 04:00:00+02:00,0.0,0.2080424529433497,0.24113475177304963,0.2766262351453124
2023-10-20 05:00:00+02:00,0.0,0.19187310178054784,0.28368794326241137,0.2723596588004434
2023-10-20 06:00:00+02:00,0.0,0.1851558639087607,0.3485309017223911,0.2858896352073383
2023-10-20 07:00:00+02:00,0.014960252862429203,0.1756557703472332,0.3059777102330294,0.35651969677688033
2023-10-20 08:00:00+02:00,0.015301811146959549,0.18083763956261184,0.24518743667679838,0.4363584206133834
2023-10-20 09:00:00+02:00,0.019332198904417647,0.190817535829267,0.22695035460992907,0.48977266773663886
2023-10-20 10:00:00+02:00,0.06551087897292057,0.20866619646001563,0.36879432624113473,0.44251054309800814
2023-10-20 11:00:00+02:00,0.15855135567898712,0.22857800872281317,0.3525835866261398,0.4094130081704971
2023-10-20 12:00:00+02:00,0.24250638201654642,0.24378775447535972,0.2006079027355623,0.38000637606315163
2023-10-20 13:00:00+02:00,0.30767570270493666,0.23591899011126624,0.17426545086119555,0.3940702616710078
2023-10-20 14:00:00+02:00,0.35795308218780375,0.25458331534073186,0.2613981762917933,0.3988283651087472
2023-10-20 15:00:00+02:00,0.3763289178955364,0.2774699043753209,0.281661600810537,0.3652659903213441
2023-10-20 16:00:00+02:00,0.32044998254637164,0.27775778599839746,0.6038500506585613,0.36014140249556575
2023-10-20 17:00:00+02:00,0.213542239488373,0.2704647848804571,1.0,0.3954028698009771
2023-10-20 18:00:00+02:00,0.1127825455519206,0.25770203292406163,1.0,0.41168740144082894
2023-10-20 19:00:00+02:00,0.033131153599443665,0.29589432825222267,1.0,0.465560433086474
2023-10-20 20:00:00+02:00,0.0,0.3398922363124283,1.0,0.5128995357567224
2023-10-20 21:00:00+02:00,0.0,0.37491783378674687,1.0,0.43358137487747817
2023-10-20 22:00:00+02:00,0.0,0.3967968371405678,1.0,0.3864033966706807
2023-10-20 23:00:00+02:00,0.0,0.40135496283928046,1.0,0.3985449140898285
2023-10-21 00:00:00+02:00,0.0,0.45701207663408805,1.0,0.3937093373421071
2023-10-21 01:00:00+02:00,0.0,0.504608504982751,1.0,0.3734258629952077
2023-10-21 02:00:00+02:00,0.0,0.536899227037842,1.0,0.367825070179292
2023-10-21 03:00:00+02:00,0.0,0.5589221712032012,1.0,0.36502739254791106
2023-10-21 04:00:00+02:00,0.0,0.5832481683531732,1.0,0.35118999403848283
2023-10-21 05:00:00+02:00,0.0,0.6247990826172277,1.0,0.3517521988134995
2023-10-21 06:00:00+02:00,0.0,0.6609282263133399,1.0,0.353432757801047
2023-10-21 07:00:00+02:00,0.014891941205523134,0.6511882313992485,1.0,0.3564161487638422
2023-10-21 08:00:00+02:00,0.015096876176241341,0.6568978835902677,1.0,0.37607217820673233
2023-10-21 09:00:00+02:00,0.023021028377345393,0.6667818193158973,1.0,0.381476755357306
2023-10-21 10:00:00+02:00,0.10438021175247407,0.6754182680081949,1.0,0.38544505385888783
2023-10-21 11:00:00+02:00,0.2722902644275927,0.6902921518671522,1.0,0.3640333407498785
2023-10-21 12:00:00+02:00,0.43077330844967376,0.7075650492517477,1.0,0.34868515669723543
2023-10-21 13:00:00+02:00,0.5224475520176189,0.704638252750469,1.0,0.35526035471801
2023-10-21 14:00:00+02:00,0.5440340355999368,0.7049741146440583,1.0,0.34596989465062605
2023-10-21 15:00:00+02:00,0.5231989802435857,0.7025271208479072,1.0,0.3290031803117001
2023-10-21 16:00:00+02:00,0.4518816104336492,0.6967694883863754,1.0,0.33111187961617145
2023-10-21 17:00:00+02:00,0.3418315311579714,0.6797364923543439,1.0,0.3579712922741785
2023-10-21 18:00:00+02:00,0.1804793975458354,0.666014134987693,1.0,0.3965711420397676
2023-10-21 19:00:00+02:00,0.04604205675469079,0.6449987765031019,1.0,0.4380633182024987
2023-10-21 20:00:00+02:00,0.0,0.6407765126979785,1.0,0.46763119727927954
2023-10-21 21:00:00+02:00,0.0,0.6392411440415701,1.0,0.4376968338144598
2023-10-21 22:00:00+02:00,0.0,0.6233596745018448,1.0,0.41497116861192634
2023-10-21 23:00:00+02:00,0.0,0.5817127996967647,1.0,0.39940440615140393
2023-10-22 00:00:00+02:00,0.0,0.5368512467673292,1.0,0.38337638803109714
2023-10-22 01:00:00+02:00,0.0,0.4863760021879003,1.0,0.3399058703158955
2023-10-22 02:00:00+02:00,0.0,0.43887553438026283,1.0,0.3044228581868457
2023-10-22 03:00:00+02:00,0.0,0.40231456824953576,0.9219858156028369,0.2827288071216307
2023-10-22 04:00:00+02:00,0.0,0.3684404972675236,0.7213779128672746,0.2542904023756572
2023-10-22 05:00:00+02:00,0.0,0.34094780226370913,0.5775075987841946,0.2697321221313483
2023-10-22 06:00:00+02:00,0.0,0.3189728383688627,0.5450861195542046,0.2777959879647691
2023-10-22 07:00:00+02:00,0.014550382920992786,0.29632615068683754,0.4579533941236069,0.28641588072971974
2023-10-22 08:00:00+02:00,0.014755317891710994,0.285818471444542,0.3566362715298885,0.30018754383179114
2023-10-22 09:00:00+02:00,0.024523884829278923,0.2767022200471166,0.342451874366768,0.33063925882614187
2023-10-22 10:00:00+02:00,0.11660799833866049,0.2461387877304852,0.3728470111448835,0.3480463466629809
2023-10-22 11:00:00+02:00,0.2813074031391939,0.2176385070459027,0.403242147922999,0.3438136259513055
2023-10-22 12:00:00+02:00,0.39709566159498155,0.2015171361536136,0.3971631205673759,0.3270240984688965
2023-10-22 13:00:00+02:00,0.48146055787397724,0.19307260854336694,0.43566362715298884,0.28917846715920964
2023-10-22 14:00:00+02:00,0.522515863674525,0.18357251498183946,0.47011144883485306,0.2690431438044386
2023-10-22 15:00:00+02:00,0.4813922462170712,0.16994611815621416,0.4154002026342452,0.25131726873482096
2023-10-22 16:00:00+02:00,0.41396864085078067,0.1508979507626464,0.303951367781155,0.32867241016432763
2023-10-22 17:00:00+02:00,0.3124575186883615,0.132185645262668,0.20466058763931105,0.3089044339939131
2023-10-22 18:00:00+02:00,0.16408459988837873,0.1104026024498726,0.17426545086119555,0.35390921305757983
2023-10-22 19:00:00+02:00,0.04324127882154194,0.09370546831143034,0.24518743667679838,0.4868463632003188
2023-10-22 20:00:00+02:00,0.0,0.0969201464357856,0.1661600810536981,0.6097838105712419
2023-10-22 21:00:00+02:00,0.0,0.11572841247678954,0.21073961499493415,0.5102985690690478
2023-10-22 22:00:00+02:00,0.0,0.13189776363959138,0.4397163120567376,0.4406337684451186
2023-10-22 23:00:00+02:00,0.0,0.14403677207932097,0.6788247213779128,0.4183159791819865
2023-10-23 00:00:00+02:00,0.0,0.1574712478228952,0.7051671732522796,0.3832210738931799
2023-10-23 01:00:00+02:00,0.0,0.17388050033826088,0.707193515704154,0.3423913113303647
2023-10-23 02:00:00+02:00,0.0,0.1888503447382436,0.7578520770010132,0.29076030315695073
2023-10-23 03:00:00+02:00,0.0,0.19883024100489877,0.662613981762918,0.269337469929665
2023-10-23 04:00:00+02:00,0.0,0.21279249972411343,0.6322188449848024,0.25750226155033745
2023-10-23 05:00:00+02:00,0.0,0.2244037251882026,0.6808510638297872,0.2474890900288346
2023-10-23 06:00:00+02:00,0.0,0.24743425503432986,0.7274569402228976,0.28516741903158366
2023-10-23 07:00:00+02:00,0.014960252862429203,0.28495482657531224,0.7537993920972644,0.35944402545416987
2023-10-23 08:00:00+02:00,0.015301811146959549,0.3209880097303988,0.6038500506585613,0.4354443132627276
2023-10-23 09:00:00+02:00,0.019263887247511578,0.3470892768893431,0.49037487335359675,0.5243531879116736
2023-10-23 10:00:00+02:00,0.05697192185966189,0.3543822780072834,0.3120567375886525,0.5115908987103677
2023-10-23 11:00:00+02:00,0.1291090315524712,0.33960435468935174,0.2127659574468085,0.4499947836886645
2023-10-23 12:00:00+02:00,0.1943466638977675,0.308896981561182,0.22897669706180346,0.4646909339693351
2023-10-23 13:00:00+02:00,0.26655208524748286,0.3059222047893906,0.3323201621073962,0.44393310798534436
2023-10-23 14:00:00+02:00,0.29408168298062887,0.3028514674765736,0.403242147922999,0.4089447118709083
2023-10-23 15:00:00+02:00,0.287387140603834,0.27866941113814,0.47213779128672745,0.41102511560132415
2023-10-23 16:00:00+02:00,0.2672352018165436,0.23188864738819395,0.38095238095238093,0.4730300971191572
2023-10-23 17:00:00+02:00,0.21074146155522416,0.2465706101651001,0.403242147922999,0.46264302779743116
2023-10-23 18:00:00+02:00,0.11203111732595385,0.21773446758692824,0.3363728470111449,0.48264984675324746
2023-10-23 19:00:00+02:00,0.033814270168504364,0.20425201157284123,0.24721377912867273,0.576170404694866
2023-10-23 20:00:00+02:00,0.0,0.20391614967925187,0.4336372847011145,0.6898238148538609
2023-10-23 21:00:00+02:00,0.0,0.19475191801131372,0.41742654508611954,0.6045087231219247
2023-10-23 22:00:00+02:00,0.0,0.18745891689337343,0.44174265450861194,0.4898405015090106
2023-10-23 23:00:00+02:00,0.0,0.18947408825490958,0.48226950354609927,0.45678917790166707
2023-10-24 00:00:00+02:00,0.0,0.2121207759369347,0.46605876393110435,0.40302315070875694
2023-10-24 01:00:00+02:00,0.0,0.2151435329792389,0.48226950354609927,0.3777748549248484
2023-10-24 02:00:00+02:00,0.0,0.19887822127541155,0.4579533941236069,0.3506743733560136
2023-10-24 03:00:00+02:00,0.0,0.17191330924723752,0.4072948328267477,0.35701641115650895
2023-10-24 04:00:00+02:00,0.0,0.16514809110493764,0.5126646403242148,0.357109946859557
2023-10-24 05:00:00+02:00,0.0,0.16385262380109297,0.624113475177305,0.36185507682597384
2023-10-24 06:00:00+02:00,0.0,0.16159755108699303,0.7497467071935157,0.3874705972882544
2023-10-24 07:00:00+02:00,0.015028564519335272,0.16745114408955036,0.6727456940222898,0.4446451893451245
2023-10-24 08:00:00+02:00,0.015301811146959549,0.17863054711902465,0.624113475177305,0.49030126189043066
2023-10-24 09:00:00+02:00,0.018034277423202325,0.1949438390933648,0.6160081053698075,0.5518746413972166
2023-10-24 10:00:00+02:00,0.07323009620330642,0.2023807810228434,0.5876393110435664,0.5766474724813209
2023-10-24 11:00:00+02:00,0.1991967915380984,0.19062561474721593,0.7213779128672746,0.4920833877775592
2023-10-24 12:00:00+02:00,0.32734945989388464,0.1837644360638905,0.9584599797365755,0.4819655604347318
2023-10-24 13:00:00+02:00,0.420185001629233,0.1887543841972181,1.0,0.46127482793277985
2023-10-24 14:00:00+02:00,0.45017381901099746,0.19993378722669236,1.0,0.46570203346273564
2023-10-24 15:00:00+02:00,0.4407468103579599,0.22325219869589624,1.0,0.415890713515736
2023-10-24 16:00:00+02:00,0.4003746211264729,0.21883801380872184,0.9037487335359676,0.41241455989137316
2023-10-24 17:00:00+02:00,0.3009811603281419,0.18894630527926914,1.0,0.4350602806465298
2023-10-24 18:00:00+02:00,0.14031214328506658,0.14873883858957196,1.0,0.45246131314586635
2023-10-24 19:00:00+02:00,0.037024918043089626,0.1411099755780423,1.0,0.6338104491415502
2023-10-24 20:00:00+02:00,0.0,0.16063794567673773,1.0,0.6888307483581302
2023-10-24 21:00:00+02:00,0.0,0.19806255667669453,1.0,0.6167005260852855
2023-10-24 22:00:00+02:00,0.0,0.2340477595612684,1.0,0.5079492908776864
2023-10-24 23:00:00+02:00,0.0,0.2581338553586765,1.0,0.5065867788325844
2023-10-25 00:00:00+02:00,0.0,0.28063660222916337,0.9706180344478217,0.5009188925346301
2023-10-25 01:00:00+02:00,0.0,0.2924877290458163,0.303951367781155,0.45743045907331636
2023-10-25 02:00:00+02:00,0.0,0.3019398423368311,0.48632218844984804,0.4581397017777485
2023-10-25 03:00:00+02:00,0.0,0.3297204189637221,0.7578520770010132,0.44823415249332915
2023-10-25 04:00:00+02:00,0.0,0.3553418834175387,0.7274569402228976,0.43675381310539985
2023-10-25 05:00:00+02:00,0.0,0.3795719200264851,0.9159067882472138,0.4257932963843962
2023-10-25 06:00:00+02:00,0.0,0.39228669171236785,0.9665653495440729,0.44151685881792874
2023-10-25 07:00:00+02:00,0.015848304402208104,0.4120065828931143,0.9868287740628167,0.46519716012616286
2023-10-25 08:00:00+02:00,0.016258174343644523,0.42683248648155875,0.9645390070921985,0.49812912359379774
2023-10-25 09:00:00+02:00,0.02097167867016331,0.4251051967430992,0.9807497467071935,0.5403976359429996
2023-10-25 10:00:00+02:00,0.07726048396076451,0.4091757469328612,1.0,0.5575305395261503
2023-10-25 11:00:00+02:00,0.17549264659169234,0.39761250173928475,0.9746707193515705,0.5310587384300222
2023-10-25 12:00:00+02:00,0.2613603993226216,0.40135496283928046,0.8166160081053698,0.5229450770763261
2023-10-25 13:00:00+02:00,0.30829050761709126,0.40557722664440377,0.8855116514690983,0.5063437340627261
2023-10-25 14:00:00+02:00,0.3003663554159872,0.3745819718931575,0.8044579533941236,0.4906951738017809
2023-10-25 15:00:00+02:00,0.26183858092096407,0.3483847441931877,0.6403242147923,0.5074895210529949
2023-10-25 16:00:00+02:00,0.22235444322925596,0.3576929166726642,0.5430597771023303,0.466529400738179
2023-10-25 17:00:00+02:00,0.14611863412208248,0.3778926105585383,0.3485309017223911,0.47036610591906264
2023-10-25 18:00:00+02:00,0.07282022626187,0.33259923519448803,0.12360688956433637,0.5156999295374669
2023-10-25 19:00:00+02:00,0.027597909390052047,0.28188408926249525,0.17223910840932116,0.659955059035987
2023-10-25 20:00:00+02:00,0.0,0.2611566124009807,0.11550151975683891,0.750196174296949
2023-10-25 21:00:00+02:00,0.0,0.2612045926714935,0.2998986828774063,0.6988550399979095
2023-10-25 22:00:00+02:00,0.0,0.27291177867660815,0.8936170212765957,0.6240581156300333
2023-10-25 23:00:00+02:00,0.0,0.2495933672074043,1.0,0.6291803548244013
2023-10-26 00:00:00+02:00,0.0,0.2395175103997236,1.0,0.6021752623116605
2023-10-26 01:00:00+02:00,0.0,0.22090116544077074,1.0,0.5499673450448457
2023-10-26 02:00:00+02:00,0.0,0.2080424529433497,1.0,0.49775263215019533
2023-10-26 03:00:00+02:00,0.0,0.19638324720874775,1.0,0.4728075564843636
2023-10-26 04:00:00+02:00,0.0,0.19432009557669885,1.0,0.4947814743683896
2023-10-26 05:00:00+02:00,0.0,0.2052595972536093,0.9726443768996961,0.5165505276061919
2023-10-26 06:00:00+02:00,0.0,0.2160071778484687,0.7659574468085106,0.53105540449631
2023-10-26 07:00:00+02:00,0.0,0.2201334811125665,0.8915906788247214,0.5841233091030644
2023-10-26 08:00:00+02:00,0.017077914226517353,0.2257951530330728,0.8875379939209727,0.6252347918377367
2023-10-26 09:00:00+02:00,0.020356873758008688,0.23711849687408537,0.9118541033434651,0.6395472822745893
2023-10-26 10:00:00+02:00,0.048706211374027496,0.26480311295995085,1.0,0.6333658736591805
2023-10-26 11:00:00+02:00,0.10260410867291626,0.2661465605343083,1.0,0.6312362921928382
2023-10-26 12:00:00+02:00,0.16169369189666633,0.25376765074201485,1.0,0.6213485361485466
2023-10-26 13:00:00+02:00,0.2117661364088152,0.26662636323943595,1.0,0.6202640375692094
2023-10-26 14:00:00+02:00,0.21969028860991924,0.28020477979454844,1.0,0.6042009282470115
2023-10-26 15:00:00+02:00,0.2048666590613022,0.25976518455611053,0.9848024316109423,0.5542313277463357
2023-10-26 16:00:00+02:00,0.18259705890992356,0.218598112456158,0.7740628166160081,0.5618712552472892
2023-10-26 17:00:00+02:00,0.1315682512010897,0.18448414012158199,0.6990881458966566,0.5735521347910014
2023-10-26 18:00:00+02:00,0.06878983850441191,0.1643804067767334,0.729483282674772,0.6104007478868967
2023-10-26 19:00:00+02:00,0.025343624712151753,0.17656739548697575,0.8915906788247214,0.7527858983603628
2023-10-26 20:00:00+02:00,0.0,0.21029752565744964,0.9929078014184397,0.7762959309458999
2023-10-26 21:00:00+02:00,0.0,0.22569919249204726,1.0,0.7001309344737835
2023-10-26 22:00:00+02:00,0.0,0.22507544897538131,1.0,0.7447761525376579
2023-10-26 23:00:00+02:00,0.0,0.23188864738819395,1.0,0.7229364216177093
2023-10-27 00:00:00+02:00,0.0,0.25487119696380844,1.0,0.668355505342314
2023-10-27 01:00:00+02:00,0.0,0.2761264568009634,1.0,0.6397910673347806
2023-10-27 02:00:00+02:00,0.0,0.3063060469534927,1.0,0.6100872704468608
2023-10-27 03:00:00+02:00,0.0,0.33360682087525606,1.0,0.5770174133090565
2023-10-27 04:00:00+02:00,0.0,0.343634697412424,1.0,0.5523466444028976
2023-10-27 05:00:00+02:00,0.0,0.3610995158790705,1.0,0.5286097519465525
2023-10-27 06:00:00+02:00,0.0,0.3675768523982938,1.0,0.5287247875958204
2023-10-27 07:00:00+02:00,0.0,0.37880423569828087,1.0,0.5791814681929413
2023-10-27 08:00:00+02:00,0.016872979255799146,0.384082065454685,1.0,0.68996627802644
2023-10-27 09:00:00+02:00,0.021723106896130075,0.36733695104572994,1.0,0.814198648682062
2023-10-27 10:00:00+02:00,0.1058830682044076,0.3535186331380536,1.0,0.8060216005524194
2023-10-27 11:00:00+02:00,0.25159183238505367,0.34670543472524096,1.0,0.7441482123552845
2023-10-27 12:00:00+02:00,0.3564502257358702,0.35673331126240887,1.0,0.6840235896904487
2023-10-27 13:00:00+02:00,0.40549799539442805,0.37894817650981916,1.0,0.649921005352613
2023-10-27 14:00:00+02:00,0.4228491562485697,0.3848017695123765,1.0,0.6165861082203663
2023-10-27 15:00:00+02:00,0.41642786049939917,0.38648107898032324,1.0,0.5423242061161644
2023-10-27 16:00:00+02:00,0.3716154135690176,0.363450549134196,1.0,0.5247742823343663
2023-10-27 17:00:00+02:00,0.2810341565115696,0.33557401196627945,1.0,0.5460746665001999
2023-10-27 18:00:00+02:00,0.14646019240661284,0.3157101799739947,1.0,0.6658855141909888
2023-10-27 19:00:00+02:00,0.0355220615911561,0.32386682596116473,1.0,0.7696381948343696
2023-10-27 20:00:00+02:00,0.0,0.33543007115474116,1.0,0.8122439054408264
2023-10-27 21:00:00+02:00,0.0,0.3717031556623916,1.0,0.7490324715605682
2023-10-27 22:00:00+02:00,0.0,0.4082161415226059,1.0,0.6804207850201772
2023-10-27 23:00:00+02:00,0.0,0.41402175425465043,1.0,0.6614820294782522
2023-10-28 00:00:00+02:00,0.0,0.4344613494930884,1.0,0.6559328855356579
2023-10-28 01:00:00+02:00,0.0,0.4483756279417903,1.0,0.6490937605831539
2023-10-28 02:00:00+02:00,0.0,0.4457367130635882,1.0,0.6036190768788212
2023-10-28 03:00:00+02:00,0.0,0.4678076374994602,1.0,0.5809082385006563
2023-10-28 04:00:00+02:00,0.0,0.48368910703918544,1.0,0.5731636551783783
2023-10-28 05:00:00+02:00,0.0,0.49251747681353425,1.0,0.5565782520518601
2023-10-28 06:00:00+02:00,0.0,0.49870693170968095,1.0,0.5525318624559475
2023-10-28 07:00:00+02:00,0.0,0.5008180636122426,1.0,0.5677546310313794
2023-10-28 08:00:00+02:00,0.016189862686738454,0.5162197304468402,1.0,0.5827565950735061
2023-10-28 09:00:00+02:00,0.020698432042539034,0.5095504728455659,0.9138804457953394,0.6065981433511755
2023-10-28 10:00:00+02:00,0.08614099935855353,0.5074393409430042,1.0,0.6053734024702585
2023-10-28 11:00:00+02:00,0.2179824971872675,0.5215455404737571,1.0,0.6034228612134791
2023-10-28 12:00:00+02:00,0.35440087602868814,0.532628982962206,1.0,0.5969135211060459
2023-10-28 13:00:00+02:00,0.4281774654872431,0.5449119322134738,1.0,0.6004923546927027
2023-10-28 14:00:00+02:00,0.47223848419165787,0.5528766571185928,1.0,0.5937492365806416
2023-10-28 15:00:00+02:00,0.45516056996514054,0.5517251306262865,1.0,0.5685501185326596
2023-10-28 16:00:00+02:00,0.3939533253773023,0.5269193307711868,1.0,0.5716620138944095
2023-10-28 17:00:00+02:00,0.2802827282856028,0.5194823888417083,1.0,0.6350393920069236
2023-10-28 18:00:00+02:00,0.12473708551048276,0.551197347650646,1.0,0.6039671502423838
2023-10-28 19:00:00+02:00,0.03080855726463731,0.5986498351877707,1.0,0.6352666193956846
2023-10-28 20:00:00+02:00,0.0,0.6669737403979483,1.0,0.711394671312864
2023-10-28 21:00:00+02:00,0.0,0.6884209213171544,1.0,0.688951961850885
2023-10-28 22:00:00+02:00,0.0,0.7020473181427797,1.0,0.6494896536079613
2023-10-28 23:00:00+02:00,0.0,0.7003680086748328,1.0,0.6526281136967049
2023-10-29 00:00:00+02:00,0.0,0.7013755943556009,1.0,0.6544286506083098
2023-10-29 01:00:00+02:00,0.0,0.6878931383415139,1.0,0.6442143211466754
2023-10-29 02:00:00+02:00,0.0,0.6734030966466589,1.0,0.5948478216940143
2023-10-29 02:00:00+01:00,0.0,0.6543069489825784,1.0,0.5786506479137236
2023-10-29 03:00:00+01:00,0.0,0.6417840983787466,1.0,0.5659585411161998
2023-10-29 04:00:00+01:00,0.0,0.5909250116352156,1.0,0.5675621220721295
2023-10-29 05:00:00+01:00,0.0,0.6147712060800599,1.0,0.5498135114875946
2023-10-29 06:00:00+01:00,0.0,0.5803213718518945,1.0,0.5490728842873637
2023-10-29 07:00:00+01:00,0.014823629548617065,0.5537882822583353,1.0,0.5470792206321603
2023-10-29 08:00:00+01:00,0.016189862686738454,0.5364674046032271,1.0,0.5485045016688601
2023-10-29 09:00:00+01:00,0.04255816225248125,0.5535483809057715,1.0,0.5578637860653444
2023-10-29 10:00:00+01:00,0.10403865346794372,0.5428487805814248,1.0,0.6098987184600986
2023-10-29 11:00:00+01:00,0.16859316924417933,0.5854072805262476,1.0,0.5855560035519486
2023-10-29 12:00:00+01:00,0.2157965241662733,0.5819527010493285,1.0,0.5860032951836818
2023-10-29 13:00:00+01:00,0.24988404096240194,0.640680552156953,1.0,0.5933271516012204
2023-10-29 14:00:00+01:00,0.2501572875900262,0.6660621152582058,1.0,0.5671752508005837
2023-10-29 15:00:00+01:00,0.21764093890273717,0.674602603409478,1.0,0.5518331220854432
2023-10-29 16:00:00+01:00,0.15998590047401456,0.6713879252851227,1.0,0.5551480287403706
2023-10-29 17:00:00+01:00,0.08033450852153763,0.6188015488031321,1.0,0.5585238510338498
2023-10-29 18:00:00+01:00,0.02705141613480349,0.5509094660275694,1.0,0.5644864309749837
2023-10-29 19:00:00+01:00,0.0,0.5117575652891531,1.0,0.6355267171153375
2023-10-29 20:00:00+01:00,0.0,0.5151161842250466,1.0,0.6651819540516793
2023-10-29 21:00:00+01:00,0.0,0.4871916667866173,1.0,0.6268497379239117
2023-10-29 22:00:00+01:00,0.0,0.4656965055968985,1.0,0.580721784878909
2023-10-29 23:00:00+01:00,0.0,0.4343174086815501,1.0,0.5761796662056697
2023-10-30 00:00:00+01:00,0.0,0.39339023793416145,1.0,0.5748644785434482
2023-10-30 01:00:00+01:00,0.0,0.34992011284959623,0.9260385005065856,0.559565967505096
2023-10-30 02:00:00+01:00,0.0,0.31062427129964154,1.0,0.5513058860063331
2023-10-30 03:00:00+01:00,0.0,0.2846189646817229,1.0,0.5530424183576428
2023-10-30 04:00:00+01:00,0.0,0.27579059490737406,1.0,0.5383153788595377
2023-10-30 05:00:00+01:00,0.0,0.2672980870266146,0.7558257345491388,0.534025944493767
2023-10-30 06:00:00+01:00,0.0,0.26701020540353804,0.7213779128672746,0.5314700760635469
2023-10-30 07:00:00+01:00,0.015096876176241341,0.2531439072253489,0.7193515704154002,0.6020508373911779
2023-10-30 08:00:00+01:00,0.016258174343644523,0.23970943148177468,0.3566362715298885,0.6894365708099353
2023-10-30 09:00:00+01:00,0.032174790402758696,0.23865386553049384,0.3586626139817629,0.7142887285570676
2023-10-30 10:00:00+01:00,0.07077087655468792,0.22166884976897497,0.4397163120567376,0.6696064434322715
2023-10-30 11:00:00+01:00,0.11216774063976598,0.1995019647920775,0.5592705167173252,0.7002622827825129
2023-10-30 12:00:00+01:00,0.1639479765745666,0.18937812771388404,0.7882472137791287,0.7084762754670926
2023-10-30 13:00:00+01:00,0.22235444322925596,0.19225694394464996,0.8085106382978723,0.7348065986929435
2023-10-30 14:00:00+01:00,0.22467703956406232,0.1949438390933648,0.7213779128672746,0.7672791598538401
2023-10-30 15:00:00+01:00,0.19557627372207675,0.2093859005177071,0.6545086119554204,0.7595807878517296
2023-10-30 16:00:00+01:00,0.170232649009925,0.22723456114845575,0.7477203647416414,0.7316991503276189
2023-10-30 17:00:00+01:00,0.09590956629612146,0.24431553745100013,0.8348530901722391,0.746621665200733
2023-10-30 18:00:00+01:00,0.028964142528173434,0.2854826095509526,0.7152988855116514,0.7474830106153545
2023-10-30 19:00:00+01:00,0.0,0.3202203254021946,0.8855116514690983,0.7564499861871391
2023-10-30 20:00:00+01:00,0.0,0.3210839702714244,0.8733535967578521,0.77993468961438
2023-10-30 21:00:00+01:00,0.0,0.3006443750329864,1.0,0.7250073083164994
2023-10-30 22:00:00+01:00,0.0,0.3049625993791353,0.9260385005065856,0.6704477694813394
2023-10-30 23:00:00+01:00,0.0,0.2973817166381184,0.9807497467071935,0.6576466823720504
2023-10-31 00:00:00+01:00,0.0,0.2987251642124758,0.0,0.6446280021571839
2023-10-31 01:00:00+01:00,0.0,0.30251560558298424,0.7375886524822695,0.6530227658983883
2023-10-31 02:00:00+01:00,0.0,0.29627817041632476,0.9523809523809523,0.606581090401381
2023-10-31 03:00:00+01:00,0.0,0.2875457611830015,1.0,0.5602920128929273
2023-10-31 04:00:00+01:00,0.0,0.2792931546548059,1.0,0.5475181082949806
2023-10-31 05:00:00+01:00,0.0,0.2745431078740422,1.0,0.5219381743129553
2023-10-31 06:00:00+01:00,0.0,0.26782587000225505,1.0,0.5158729144095274
2023-10-31 07:00:00+01:00,0.01516518783314741,0.2571262696779084,1.0,0.5450907442637152
2023-10-31 08:00:00+01:00,0.018239212393920536,0.2537196704715021,1.0,0.5744746408561434
2023-10-31 09:00:00+01:00,0.07944645698175873,0.23822204309587897,1.0,0.6224909839506764
2023-10-31 10:00:00+01:00,0.23328430833422706,0.22363604085999836,1.0,0.6162233305384195
2023-10-31 11:00:00+01:00,0.3644426895938803,0.23304017388050033,1.0,0.5779937943729458
2023-10-31 12:00:00+01:00,0.45024213066790353,0.2552550391279106,1.0,0.6073739842592819
2023-10-31 13:00:00+01:00,0.46650030501154804,0.28087650358172717,1.0,0.6276194009885312
2023-10-31 14:00:00+01:00,0.477293546802707,0.3178213118765563,1.0,0.6185602477883805
2023-10-31 15:00:00+01:00,0.41697435375464775,0.33581391331884325,1.0,0.6181197517844828
2023-10-31 16:00:00+01:00,0.3177858279270349,0.32252337838680734,1.0,0.6478444308342737
2023-10-31 17:00:00+01:00,0.14468408932705504,0.30539442181375015,1.0,0.6738240870531829
2023-10-31 18:00:00+01:00,0.03272128365800725,0.30501057964964806,1.0,0.708293278285042
2023-10-31 19:00:00+01:00,0.0,0.33638967656499646,1.0,0.7220811262861637
2023-10-31 20:00:00+01:00,0.0,0.36733695104572994,1.0,0.7172289918670121
2023-10-31 21:00:00+01:00,0.0,0.3798118213790489,1.0,0.6711656611666532
2023-10-31 22:00:00+01:00,0.0,0.38715280276750197,1.0,0.6647281118040793
2023-10-31 23:00:00+01:00,0.0,0.40317821311876556,1.0,0.617187355915335
2023-11-01 00:00:00+01:00,0.0,0.46401719612895176,1.0,0.627041256326433
2023-11-01 01:00:00+01:00,0.0,0.5194344085711955,1.0,0.6685937303433671
2023-11-01 02:00:00+01:00,0.0,0.5276390348288783,1.0,0.6319376262067217
2023-11-01 03:00:00+01:00,0.0,0.5223612050724742,1.0,0.6001806080997285
2023-11-01 04:00:00+01:00,0.0,0.4993306752263469,1.0,0.6070437041358471
2023-11-01 05:00:00+01:00,0.0,0.4893987592302045,1.0,0.5680341250778105
2023-11-01 06:00:00+01:00,0.0,0.4796107840456004,1.0,0.5404476764752437
2023-11-01 07:00:00+01:00,0.014823629548617065,0.4803304881032919,1.0,0.5541129529089288
2023-11-01 08:00:00+01:00,0.0165314209712688,0.5000503792840384,1.0,0.5977340927536536
2023-11-01 09:00:00+01:00,0.04406101870441478,0.49995441874301283,1.0,0.5960049738145283
2023-11-01 10:00:00+01:00,0.11934046461490327,0.49333314141225126,1.0,0.6428081914247851
2023-11-01 11:00:00+01:00,0.2035004259231808,0.49981047793147454,1.0,0.610823573156651
2023-11-01 12:00:00+01:00,0.2770037687541115,0.5254319423852911,1.0,0.6305596695529023
2023-11-01 13:00:00+01:00,0.3439491925220595,0.5884780178390645,1.0,0.6536156148788708
2023-11-01 14:00:00+01:00,0.3348637421535523,0.6285895239877362,1.0,0.6117002406740054
2023-11-01 15:00:00+01:00,0.28827519214361297,0.6389052821479807,1.0,0.5858957954525827
2023-11-01 16:00:00+01:00,0.20404691917842935,0.5877583137813731,1.0,0.6017195667110145
2023-11-01 17:00:00+01:00,0.09993995405357955,0.517899039914787,1.0,0.6387255975642685
2023-11-01 18:00:00+01:00,0.02582180631049424,0.49376496384686613,1.0,0.6959591294006598
2023-11-01 19:00:00+01:00,0.0,0.510558058526334,1.0,0.7254654750545402
2023-11-01 20:00:00+01:00,0.0,0.5656873893455011,1.0,0.7122105456976511
2023-11-01 21:00:00+01:00,0.0,0.6188015488031321,1.0,0.6522815209138085
2023-11-01 22:00:00+01:00,0.0,0.6583852719761634,1.0,0.5997278789148415
2023-11-01 23:00:00+01:00,0.0,0.6870774737427969,1.0,0.5874084343488436
2023-11-02 00:00:00+01:00,0.0,0.7186005114696836,1.0,0.5901322228703503
2023-11-02 01:00:00+01:00,0.0,0.7279086839491601,1.0,0.578568232328952
2023-11-02 02:00:00+01:00,0.0,0.7100600233184114,0.8409321175278622,0.5787441836167715
2023-11-02 03:00:00+01:00,0.0,0.6915876191709969,0.7193515704154002,0.5991802559522247
2023-11-02 04:00:00+01:00,0.0,0.6807920583056247,0.7152988855116514,0.6019951090393846
2023-11-02 05:00:00+01:00,0.0,0.6574256665659081,0.6261398176291794,0.5902361384013417
2023-11-02 06:00:00+01:00,0.0,0.6548347319582187,0.4133738601823708,0.5697311192308039
2023-11-02 07:00:00+01:00,0.015096876176241341,0.6559382781800124,0.49848024316109424,0.5860980664554272
2023-11-02 08:00:00+01:00,0.015711681088395966,0.6665419179633334,0.47619047619047616,0.6217151430425699
2023-11-02 09:00:00+01:00,0.034292451766846845,0.6777213209928077,0.5916919959473151,0.6246419428572542
2023-11-02 10:00:00+01:00,0.09556800801159111,0.6651504901184633,0.6930091185410334,0.6214826006066394
2023-11-02 11:00:00+01:00,0.17276018031544957,0.6148191863505726,0.806484295845998,0.6402079650274436
2023-11-02 12:00:00+01:00,0.23540196969831523,0.5979301311300793,0.828774062816616,0.647759421606123
2023-11-02 13:00:00+01:00,0.2669619551889193,0.599609440598026,0.8308004052684904,0.6438189234002324
2023-11-02 14:00:00+01:00,0.25678351830991497,0.6359305053761892,0.889564336372847,0.6109449091553902
2023-11-02 15:00:00+01:00,0.20466172409058397,0.6581453706235996,0.8834853090172239,0.6126401724613219
2023-11-02 16:00:00+01:00,0.14263473961987294,0.6544029095236038,0.9463019250253293,0.6829152425334813
2023-11-02 17:00:00+01:00,0.06311997098120814,0.6480695138159188,1.0,0.6760712978121723
2023-11-02 18:00:00+01:00,0.023089340034251463,0.6624156146992356,1.0,0.6918514513938158
2023-11-02 19:00:00+01:00,0.0,0.6383774991723403,1.0,0.7289816621555836
2023-11-02 20:00:00+01:00,0.0,0.6207687398941555,1.0,0.7601365645168638
2023-11-02 21:00:00+01:00,0.0,0.6163065747364683,1.0,0.7015971117834814
2023-11-02 22:00:00+01:00,0.0,0.6008089473608452,1.0,0.6807149833849926
2023-11-02 23:00:00+01:00,0.0,0.5743238380377989,1.0,0.6737823227294406
2023-11-03 00:00:00+01:00,0.0,0.556906999841665,1.0,0.6243745542314015
2023-11-03 01:00:00+01:00,0.0,0.5273511532058017,1.0,0.6031714124747081
2023-11-03 02:00:00+01:00,0.0,0.5100782558212063,1.0,0.5893006536104505
2023-11-03 03:00:00+01:00,0.0,0.4847446729904663,1.0,0.6134454220061968
2023-11-03 04:00:00+01:00,0.0,0.44185031115205425,1.0,0.6222203838970959
2023-11-03 05:00:00+01:00,0.0,0.39363013928672524,1.0,0.6339620565733753
2023-11-03 06:00:00+01:00,0.0,0.3823067954457127,1.0,0.6610249758029243
2023-11-03 07:00:00+01:00,0.015028564519335272,0.38249871652776374,1.0,0.6541434687423294
2023-11-03 08:00:00+01:00,0.017282849197235564,0.38758462520211684,1.0,0.6696425199364645
2023-11-03 09:00:00+01:00,0.05464932552485553,0.38307447977391695,1.0,0.7785487017640276
2023-11-03 10:00:00+01:00,0.12466877385357669,0.3623949831829152,1.0,0.7177179253165031
2023-11-03 11:00:00+01:00,0.22153470334638312,0.34483420417524313,1.0,0.7058433012448437
2023-11-03 12:00:00+01:00,0.313892063483389,0.3394604138778134,1.0,0.731322781390001
2023-11-03 13:00:00+01:00,0.3508486698695725,0.3656096613072704,1.0,0.7221745394832273
2023-11-03 14:00:00+01:00,0.34442737412040203,0.37515773513931067,1.0,0.7226974510718965
2023-11-03 15:00:00+01:00,0.30965674075521266,0.3763572419021298,1.0,0.7261988113485713
2023-11-03 16:00:00+01:00,0.2168895106767704,0.36810463537393423,1.0,0.7849227418446707
2023-11-03 17:00:00+01:00,0.09454333315800008,0.36114749614958325,1.0,0.8495195457909324
2023-11-03 18:00:00+01:00,0.028485960929830946,0.3837462035610957,1.0,0.9140639605735397
2023-11-03 19:00:00+01:00,0.0,0.4121505237046526,1.0,0.9001072019244027
2023-11-03 20:00:00+01:00,0.0,0.45422922094434764,1.0,0.8434562617465349
2023-11-03 21:00:00+01:00,0.0,0.476012263757143,1.0,0.8242147813648972
2023-11-03 22:00:00+01:00,0.0,0.479898665668677,1.0,0.7720929863889462
2023-11-03 23:00:00+01:00,0.0,0.4669439926302304,1.0,0.7192644198459577
2023-11-04 00:00:00+01:00,0.0,0.44607257495717756,1.0,0.7295316337496108
2023-11-04 01:00:00+01:00,0.0,0.42851179594950556,1.0,0.789620547428207
2023-11-04 02:00:00+01:00,0.0,0.42875169730206936,1.0,0.7033975261891019
2023-11-04 03:00:00+01:00,0.0,0.4270723878341226,1.0,0.681245308385846
2023-11-04 04:00:00+01:00,0.0,0.4627217288251071,1.0,0.6661663663121017
2023-11-04 05:00:00+01:00,0.0,0.4969796419712214,1.0,0.6617773409057804
2023-11-04 06:00:00+01:00,0.0,0.544863951942961,1.0,0.6749339147908164
2023-11-04 07:00:00+01:00,0.01516518783314741,0.6029200792634068,1.0,0.6747401702628693
2023-11-04 08:00:00+01:00,0.016121551029832384,0.6628954174043633,1.0,0.7129666175065994
2023-11-04 09:00:00+01:00,0.0330628419425376,0.707900911145337,1.0,0.6751333418838863
2023-11-04 10:00:00+01:00,0.08347684473921684,0.733426415058128,1.0,0.6673069607611855
2023-11-04 11:00:00+01:00,0.14195162305081224,0.7447497588991406,1.0,0.6384175576773865
2023-11-04 12:00:00+01:00,0.1804793975458354,0.7384163631914556,1.0,0.6376744593397607
2023-11-04 13:00:00+01:00,0.22467703956406232,0.7313152831555664,1.0,0.6547408872252216
2023-11-04 14:00:00+01:00,0.22863911566461434,0.7191762747158368,1.0,0.6859737581748482
2023-11-04 15:00:00+01:00,0.20343211426627472,0.7016634759786775,1.0,0.6632581000278781
2023-11-04 16:00:00+01:00,0.15513577283368366,0.6995043638056031,1.0,0.6633712823240999
2023-11-04 17:00:00+01:00,0.0752794459104885,0.6894764872684351,1.0,0.7032037816611547
2023-11-04 18:00:00+01:00,0.023772456603312158,0.6819915650684438,1.0,0.7542489867483173
2023-11-04 19:00:00+01:00,0.0,0.6872214145543352,1.0,0.7384412778829514
2023-11-04 20:00:00+01:00,0.0,0.6766177747710141,1.0,0.7474795489212311
2023-11-04 21:00:00+01:00,0.0,0.6786329461325502,1.0,0.7397380545206966
2023-11-04 22:00:00+01:00,0.0,0.6674055628325632,1.0,0.6998013946406817
2023-11-04 23:00:00+01:00,0.0,0.6510442905877103,1.0,0.7039911154599175
2023-11-05 00:00:00+01:00,0.0,0.6360264659172148,1.0,0.691475577734562
2023-11-05 01:00:00+01:00,0.0,0.6292612477749149,1.0,0.6798150850743567
2023-11-05 02:00:00+01:00,0.0,0.639672966476185,1.0,0.6721246217627947
2023-11-05 03:00:00+01:00,0.0,0.6352108013184978,1.0,0.6948778422490506
2023-11-05 04:00:00+01:00,0.0,0.6258066682979958,1.0,0.6812790415130553
2023-11-05 05:00:00+01:00,0.0,0.6292612477749149,1.0,0.6705123918259833
2023-11-05 06:00:00+01:00,0.0,0.6524836987030932,1.0,0.6562239949787296
2023-11-05 07:00:00+01:00,0.014891941205523134,0.667645464185127,1.0,0.6150738368420586
2023-11-05 08:00:00+01:00,0.01646310931436273,0.6696606355466632,1.0,0.6523455254741037
2023-11-05 09:00:00+01:00,0.06421295749170525,0.6651025098479505,1.0,0.6546159670263747
2023-11-05 10:00:00+01:00,0.1880619914624091,0.6681252668902546,1.0,0.7029803834844701
2023-11-05 11:00:00+01:00,0.3164879064458196,0.6755142285492205,1.0,0.658081000532461
2023-11-05 12:00:00+01:00,0.4031070874027156,0.6842946180530566,1.0,0.6609906248913664
2023-11-05 13:00:00+01:00,0.4344621379226015,0.7101080035889242,1.0,0.6914128087429642
2023-11-05 14:00:00+01:00,0.4119192911435986,0.7123630763030242,1.0,0.6582557162515832
2023-11-05 15:00:00+01:00,0.3492775017607329,0.6915396389004841,1.0,0.6339454989019451
2023-11-05 16:00:00+01:00,0.25384611706295396,0.6571377849428315,1.0,0.6625757948228197
2023-11-05 17:00:00+01:00,0.11558332348506946,0.6121322912018577,1.0,0.6836485788275124
2023-11-05 18:00:00+01:00,0.02698310447789742,0.5651596063698606,1.0,0.7669958313409058
2023-11-05 19:00:00+01:00,0.0,0.5594979344493544,1.0,0.8245437034136505
2023-11-05 20:00:00+01:00,0.0,0.5539322230698737,1.0,0.8422221315944032
2023-11-05 21:00:00+01:00,0.0,0.5496619789942375,1.0,0.8138219069720641
2023-11-05 22:00:00+01:00,0.0,0.5598337963429437,1.0,0.7420940005794825
2023-11-05 23:00:00+01:00,0.0,0.5379547929891229,1.0,0.7429840143405394
2023-11-06 00:00:00+01:00,0.0,0.5365633651442526,1.0,0.7541314799616546
2023-11-06 01:00:00+01:00,0.0,0.5254319423852911,0.8834853090172239,0.6994674078111547
2023-11-06 02:00:00+01:00,0.0,0.5101742163622318,1.0,0.6747740258960628
2023-11-06 03:00:00+01:00,0.0,0.47836329701226854,1.0,0.6981842224290807
2023-11-06 04:00:00+01:00,0.0,0.46617630830202617,1.0,0.6943119307679417
2023-11-06 05:00:00+01:00,0.0,0.4525978917469136,1.0,0.6703511448565479
2023-11-06 06:00:00+01:00,0.0,0.43906745546231385,1.0,0.6751928994477563
2023-11-06 07:00:00+01:00,0.015711681088395966,0.43426942841103733,1.0,0.7530248636517489
2023-11-06 08:00:00+01:00,0.01755609582485984,0.4484236082123031,1.0,0.7573240600611144
2023-11-06 09:00:00+01:00,0.05341971570054629,0.4567241950110114,1.0,0.7486180450053
2023-11-06 10:00:00+01:00,0.1503539568502588,0.46963088777894524,1.0,0.741551937676004
2023-11-06 11:00:00+01:00,0.27017260306350455,0.5028812152442915,1.0,0.732279393354732
2023-11-06 12:00:00+01:00,0.3509169815264786,0.5219293826378593,1.0,0.7361516850158711
2023-11-06 13:00:00+01:00,0.4003746211264729,0.522793027507089,1.0,0.7237167095222411
2023-11-06 14:00:00+01:00,0.3978470898209483,0.5105100782558212,0.8247213779128673,0.737827301728629
2023-11-06 15:00:00+01:00,0.3381427016850436,0.45739591879819014,0.7152988855116514,0.7684714031762452
2023-11-06 16:00:00+01:00,0.24933754770715338,0.42256224240592266,0.7152988855116514,0.7848802372305952
2023-11-06 17:00:00+01:00,0.10417527678175587,0.38403408518417226,0.8470111448834853,0.8170046025219448
2023-11-06 18:00:00+01:00,0.02582180631049424,0.3695920237598299,0.8611955420466059,0.8524211389533046
2023-11-06 19:00:00+01:00,0.0,0.37491783378674687,0.8632218844984803,0.853281744077593
2023-11-06 20:00:00+01:00,0.0,0.3881124081777573,0.9422492401215805,0.8923194962037007
2023-11-06 21:00:00+01:00,0.0,0.39406196172134017,0.8247213779128673,0.9032763062186121
2023-11-06 22:00:00+01:00,0.0,0.384082065454685,0.7720364741641338,0.8541859668786698
2023-11-06 23:00:00+01:00,0.0,0.3694960632188044,0.9564336372847011,0.8254794332165105
2023-11-07 00:00:00+01:00,0.0,0.34862464554575157,1.0,0.7819229157164296
2023-11-07 01:00:00+01:00,0.0,0.3291926359880817,1.0,0.743221003772895
2023-11-07 02:00:00+01:00,0.0,0.30913688291374586,0.92806484295846,0.7216783151275363
2023-11-07 03:00:00+01:00,0.0,0.3013640790906779,0.8834853090172239,0.7044470560725324
2023-11-07 04:00:00+01:00,0.0,0.3023236845009332,0.8226950354609929,0.6942172820021808
2023-11-07 05:00:00+01:00,0.0,0.29589432825222267,0.707193515704154,0.6984857117000959
2023-11-07 06:00:00+01:00,0.0,0.2894649720035121,0.6869300911854104,0.7202227626577506
2023-11-07 07:00:00+01:00,0.015779992745302035,0.28389926062403137,0.569402228976697,0.7978750688678315
2023-11-07 08:00:00+01:00,0.01755609582485984,0.2996847696227311,0.5349544072948328,0.8642329940333663
2023-11-07 09:00:00+01:00,0.06844828021988156,0.3149904759163032,0.47821681864235055,0.8394510186900159
2023-11-07 10:00:00+01:00,0.21087808486903628,0.3166218051137372,0.4316109422492401,0.7864250009129882
2023-11-07 11:00:00+01:00,0.36533074113365926,0.31738948944194145,0.38703140830800403,0.7453308161400793
2023-11-07 12:00:00+01:00,0.47674705354745844,0.3302961822098753,0.39311043566362713,0.735374853551036
2023-11-07 13:00:00+01:00,0.5292787177082259,0.3566853309918961,0.3910840932117528,0.7433451836814089
2023-11-07 14:00:00+01:00,0.5075556108120958,0.38595329600468287,0.4093211752786221,0.7566007308226468
2023-11-07 15:00:00+01:00,0.416291237185587,0.3784683738046915,0.3971631205673759,0.7602822443715975
2023-11-07 16:00:00+01:00,0.2774136386955479,0.33792504522140493,0.4154002026342452,0.7579182671162785
2023-11-07 17:00:00+01:00,0.11250929892429633,0.3155182588919436,0.42958459979736574,0.7791036156328444
2023-11-07 18:00:00+01:00,0.02698310447789742,0.31671776565476273,0.5349544072948328,0.8055760345133212
2023-11-07 19:00:00+01:00,0.0,0.3562535085572812,0.5653495440729484,0.8319654200246778
2023-11-07 20:00:00+01:00,0.0,0.38057950570725313,0.5227963525835866,0.833143454307063
2023-11-07 21:00:00+01:00,0.0,0.3727587216136724,0.547112462006079,0.845357007483039
2023-11-07 22:00:00+01:00,0.0,0.3776047289354617,0.624113475177305,0.7832633100309631
2023-11-07 23:00:00+01:00,0.0,0.3635944899457343,0.5531914893617021,0.7206817921921089
2023-11-08 00:00:00+01:00,0.0,0.3471852374303686,0.6119554204660588,0.7121860793356722
2023-11-08 01:00:00+01:00,0.0,0.33638967656499646,0.8409321175278622,0.7175616206218574
2023-11-08 02:00:00+01:00,0.0,0.3219476151406541,0.9706180344478217,0.6873110635676383
2023-11-08 03:00:00+01:00,0.0,0.30006861178683325,1.0,0.6833059430171037
2023-11-08 04:00:00+01:00,0.0,0.282555813049674,1.0,0.6650954589884358
2023-11-08 05:00:00+01:00,0.0,0.28433108305864624,1.0,0.6632408020661148
2023-11-08 06:00:00+01:00,0.0,0.3005004342214481,1.0,0.6795658624610115
2023-11-08 07:00:00+01:00,0.016053239372926312,0.3253062340765477,1.0,0.7398848474381432
2023-11-08 08:00:00+01:00,0.01755609582485984,0.3597560683047131,1.0,0.8715117521934503
2023-11-08 09:00:00+01:00,0.07063425324087577,0.38955181629314023,1.0,0.8880718261616722
2023-11-08 10:00:00+01:00,0.23014197211654788,0.418196037789261,1.0,0.8523601008087685
2023-11-08 11:00:00+01:00,0.40262890580437316,0.47462083591227283,1.0,0.7853484110241996
2023-11-08 12:00:00+01:00,0.4845345824347504,0.5209217969570912,1.0,0.6527490769230642
2023-11-08 13:00:00+01:00,0.4764738069198342,0.49074220680456193,1.0,0.6711594833231662
2023-11-08 14:00:00+01:00,0.5287322244529773,0.5945715121941857,1.0,0.7598338396771513
2023-11-08 15:00:00+01:00,0.4433426533203905,0.5819047207788157,1.0,0.7361017669896115
2023-11-08 16:00:00+01:00,0.30323544500604216,0.5979301311300793,1.0,0.7931735565782031
2023-11-08 17:00:00+01:00,0.11831578976131223,0.607190323339043,1.0,0.8603163444051058
2023-11-08 18:00:00+01:00,0.0247971314569032,0.6304607545377341,1.0,0.8656380106925436
2023-11-08 19:00:00+01:00,0.0,0.6495089219313018,0.8774062816616008,0.8934502061032052
2023-11-08 20:00:00+01:00,0.0,0.647637691381304,0.5937183383991894,0.9058581215914773
2023-11-08 21:00:00+01:00,0.0,0.6395290256646466,0.5227963525835866,0.8234158321694938
2023-11-08 22:00:00+01:00,0.0,0.6268142539787639,0.7193515704154002,0.773387414395281
2023-11-08 23:00:00+01:00,0.0,0.6044074676493025,0.8409321175278622,0.7186967775177873
2023-11-09 00:00:00+01:00,0.0,0.5888618600031666,0.767983789260385,0.7005650023677987
2023-11-09 01:00:00+01:00,0.0,0.5430886819339887,0.723404255319149,0.722727599998998
2023-11-09 02:00:00+01:00,0.0,0.4778834943071409,0.7700101317122594,0.6658957662585211
2023-11-09 03:00:00+01:00,0.0,0.41157476045849944,0.8571428571428571,0.6670798558784088
2023-11-09 04:00:00+01:00,0.0,0.36700108915214064,0.8449848024316109,0.6449411068248397
2023-11-09 05:00:00+01:00,0.0,0.3464655333726771,0.9483282674772037,0.6432919323330911
2023-11-09 06:00:00+01:00,0.0,0.3373972622457645,1.0,0.662795486293412
2023-11-09 07:00:00+01:00,0.015711681088395966,0.3472811979713941,1.0,0.7632263421480452
2023-11-09 08:00:00+01:00,0.016053239372926312,0.3703597080880342,1.0,0.8280383905684741
2023-11-09 09:00:00+01:00,0.030057129038670544,0.38057950570725313,1.0,0.8265626962271502
2023-11-09 10:00:00+01:00,0.08456983124971394,0.38638511843929774,1.0,0.8298001295720956
2023-11-09 11:00:00+01:00,0.167295247762964,0.4303350462289906,1.0,0.7582959941285784
2023-11-09 12:00:00+01:00,0.2485861194811866,0.5033130376789064,1.0,0.6841462837638697
2023-11-09 13:00:00+01:00,0.2881385688298008,0.5848794975506072,1.0,0.6772660122719723
2023-11-09 14:00:00+01:00,0.2935351897253803,0.6187535685326193,1.0,0.666018833104322
2023-11-09 15:00:00+01:00,0.2614970226364337,0.5968745651787984,1.0,0.7332106761611669
2023-11-09 16:00:00+01:00,0.19414172892704928,0.583488069705737,1.0,0.781986675264756
2023-11-09 17:00:00+01:00,0.0801978852077255,0.5642479812301181,1.0,0.7810148637032763
2023-11-09 18:00:00+01:00,0.025616871339776033,0.5519170517083375,1.0,0.8581752700481071
2023-11-09 19:00:00+01:00,0.0,0.5636242377134522,1.0,0.8705715701397383
2023-11-09 20:00:00+01:00,0.0,0.5581544868749969,1.0,0.8674897011991056
2023-11-09 21:00:00+01:00,0.0,0.5767228515634371,1.0,0.7894959947473132
2023-11-09 22:00:00+01:00,0.0,0.556906999841665,1.0,0.750791611666384
2023-11-09 23:00:00+01:00,0.0,0.5487983341250078,1.0,0.6931545283810322
2023-11-10 00:00:00+01:00,0.0,0.5387704575878398,1.0,0.6919562297211246
2023-11-10 01:00:00+01:00,0.0,0.5373790297429697,1.0,0.6884148359677692
2023-11-10 02:00:00+01:00,0.0,0.5243763764340102,1.0,0.6608418561148892
2023-11-10 03:00:00+01:00,0.0,0.5196743099237593,1.0,0.6457081762460801
2023-11-10 04:00:00+01:00,0.0,0.5118535258301786,1.0,0.6379943596352523
2023-11-10 05:00:00+01:00,0.0,0.532197160527591,1.0,0.6387669891156309
2023-11-10 06:00:00+01:00,0.0,0.5553236509147438,1.0,0.6889676514715711
2023-11-10 07:00:00+01:00,0.017077914226517353,0.5760511277762583,1.0,0.7269431452548945
2023-11-10 08:00:00+01:00,0.01776103079557805,0.5944275713826475,1.0,0.8719831374147826
2023-11-10 09:00:00+01:00,0.0455638751563483,0.5909729919057283,1.0,0.8873677707439984
2023-11-10 10:00:00+01:00,0.14837291879998277,0.5945715121941857,1.0,0.8714689973129794
2023-11-10 11:00:00+01:00,0.2855427258673702,0.6133317979646769,1.0,0.8178291258876136
2023-11-10 12:00:00+01:00,0.3540593177441578,0.6377537556556744,1.0,0.7446980561889007
2023-11-10 13:00:00+01:00,0.381793850448022,0.6530114816787337,1.0,0.7502840221804477
2023-11-10 14:00:00+01:00,0.3524881496353182,0.6852542234633119,1.0,0.7265175985813499
2023-11-10 15:00:00+01:00,0.3075390793911245,0.6939866326966351,1.0,0.7191648288054072
2023-11-10 16:00:00+01:00,0.20807730693588744,0.6853501840043373,1.0,0.7298774809877475
2023-11-10 17:00:00+01:00,0.09317710001987868,0.6943704748607372,1.0,0.7406646400643107
2023-11-10 18:00:00+01:00,0.025275313055245684,0.6891886056453586,1.0,0.7900097620767365
2023-11-10 19:00:00+01:00,0.0,0.6831910718312629,1.0,0.8738312437212367
2023-11-10 20:00:00+01:00,0.0,0.6504685273415571,1.0,0.8723727248356918
2023-11-10 21:00:00+01:00,0.0,0.6037837241326366,0.9422492401215805,0.8128336602451386
2023-11-10 22:00:00+01:00,0.0,0.5632883758198628,0.8389057750759878,0.7796969546372645
2023-11-10 23:00:00+01:00,0.0,0.4870957062455918,0.624113475177305,0.8062487001807694
2023-11-11 00:00:00+01:00,0.0,0.42352184781617797,0.3910840932117528,0.7549912170351988
2023-11-11 01:00:00+01:00,0.0,0.36987990538290655,0.3586626139817629,0.8407023242979268
2023-11-11 02:00:00+01:00,0.0,0.30141205936119064,0.2755825734549139,0.7752074753940752
2023-11-11 03:00:00+01:00,0.0,0.25132065694586386,0.25937183383991896,0.7256557578883641
2023-11-11 04:00:00+01:00,0.0,0.22267643544974305,0.20871327254305977,0.6730382338350862
2023-11-11 05:00:00+01:00,0.0,0.20833033456642627,0.20871327254305977,0.6368614236103216
2023-11-11 06:00:00+01:00,0.0,0.20026964912028172,0.19858156028368795,0.6374642796463676
2023-11-11 07:00:00+01:00,0.01646310931436273,0.18880236446773085,0.25937183383991896,0.6380597222702293
2023-11-11 08:00:00+01:00,0.017351160854141633,0.1954716220690052,0.2188449848024316,0.6965394949337573
2023-11-11 09:00:00+01:00,0.05608387031988299,0.17939823144722888,0.160081053698075,0.7055500881823303
2023-11-11 10:00:00+01:00,0.1867640699811938,0.15617578051905057,0.16210739614994935,0.7476765048769063
2023-11-11 11:00:00+01:00,0.33028686114084566,0.1330972704024105,0.1337386018237082,0.7284012913680594
2023-11-11 12:00:00+01:00,0.4049515021391795,0.12153402520883412,0.11144883485309018,0.7191422157964744
2023-11-11 13:00:00+01:00,0.43118317839111014,0.12143806466780858,0.11347517730496454,0.7275049772575313
2023-11-11 14:00:00+01:00,0.3893081327076896,0.12249363061908942,0.16210739614994935,0.754437416229095
2023-11-11 15:00:00+01:00,0.29032454185079504,0.11980673547037457,0.21073961499493415,0.7246641772277262
2023-11-11 16:00:00+01:00,0.16633888456627904,0.11064250380243643,0.23302938196555217,0.7788872580959644
2023-11-11 17:00:00+01:00,0.061207244587838196,0.09682418589476006,0.27760891590678827,0.8207534545649031
2023-11-11 18:00:00+01:00,0.020220250444196546,0.11318545813961298,0.5775075987841946,0.8725227291808664
2023-11-11 19:00:00+01:00,0.0,0.13453667851779347,0.6585612968591692,0.9565571066681233
2023-11-11 20:00:00+01:00,0.0,0.15368080645238677,0.7963525835866262,0.922800987352773
2023-11-11 21:00:00+01:00,0.0,0.1681228678767291,0.8693009118541033,0.907193078352857
2023-11-11 22:00:00+01:00,0.0,0.1935524112484946,0.8085106382978723,0.8713842330967976
2023-11-11 23:00:00+01:00,0.0,0.2066510250984795,0.8551165146909828,0.8698949474998026
2023-11-12 00:00:00+01:00,0.0,0.21264855891257514,0.8713272543059777,0.8482070742780743
2023-11-12 01:00:00+01:00,0.0,0.22627495573820045,0.8936170212765957,0.8204409676815958
2023-11-12 02:00:00+01:00,0.0,0.271520350831738,0.9098277608915907,0.809957151229094
2023-11-12 03:00:00+01:00,0.0,0.30597018505990337,0.9706180344478217,0.7478880426449812
2023-11-12 04:00:00+01:00,0.0,0.3156621997034819,0.9422492401215805,0.6576776940954694
2023-11-12 05:00:00+01:00,0.0,0.32261933892783284,1.0,0.6159868311300014
2023-11-12 06:00:00+01:00,0.0,0.326265839486803,1.0,0.6330039587735513
2023-11-12 07:00:00+01:00,0.016872979255799146,0.31254348212015215,1.0,0.6576512518744599
2023-11-12 08:00:00+01:00,0.017077914226517353,0.31930870026245206,1.0,0.6977974736635193
2023-11-12 09:00:00+01:00,0.04242153893866911,0.32741736597910936,1.0,0.7339643993387048
2023-11-12 10:00:00+01:00,0.12480539716738882,0.346081691208575,0.8915906788247214,0.7812388796643095
2023-11-12 11:00:00+01:00,0.21832405547179787,0.3454099674213963,0.7922998986828774,0.8672656852380725
2023-11-12 12:00:00+01:00,0.2799411700010725,0.34449834228165377,0.729483282674772,0.8747735241399636
2023-11-12 13:00:00+01:00,0.2895048019679222,0.35399843584318125,0.7011144883485309,0.8974081247768437
2023-11-12 14:00:00+01:00,0.26771338341488604,0.36186720020727475,0.7254305977710233,0.8966170842719888
2023-11-12 15:00:00+01:00,0.2139521094298094,0.366521286447013,0.7416413373860182,0.7304232505973183
2023-11-12 16:00:00+01:00,0.13532539233092353,0.3685364578085491,0.7558257345491388,0.7200975921925081
2023-11-12 17:00:00+01:00,0.0538295856419827,0.3584126207303557,0.8449848024316109,0.7750039688225332
2023-11-12 18:00:00+01:00,0.019058952276793367,0.34699331634831754,1.0,0.7674538703185356
2023-11-12 19:00:00+01:00,0.0,0.3605717329034301,0.9118541033434651,0.8754583004824168
2023-11-12 20:00:00+01:00,0.0,0.35788483775471525,0.8085106382978723,0.9477361784690257
2023-11-12 21:00:00+01:00,0.0,0.33667755818807305,0.7659574468085106,0.9652828908230957
2023-11-12 22:00:00+01:00,0.0,0.3612434566906088,1.0,0.8430874287270858
2023-11-12 23:00:00+01:00,0.0,0.4293274605482225,1.0,0.7905246424688726
2023-11-13 00:00:00+01:00,0.0,0.46109039962767306,1.0,0.7542691233654286
2023-11-13 01:00:00+01:00,0.0,0.47126221697637927,1.0,0.7172459170563956
2023-11-13 02:00:00+01:00,0.0,0.4533175958046051,1.0,0.7084629239689635
2023-11-13 03:00:00+01:00,0.0,0.45101454281999237,0.9604863221884499,0.6590231531907768
2023-11-13 04:00:00+01:00,0.0,0.4384916922161607,1.0,0.6172263988352871
2023-11-13 05:00:00+01:00,0.0,0.4558125698712689,1.0,0.6099886647086122
2023-11-13 06:00:00+01:00,0.0,0.5027372744327532,1.0,0.6381976159403988
2023-11-13 07:00:00+01:00,0.017351160854141633,0.5696217715275478,1.0,0.7468724909007288
2023-11-13 08:00:00+01:00,0.018102589080108394,0.6212485425992831,1.0,0.782869025347233
2023-11-13 09:00:00+01:00,0.04720335492209397,0.648021533545406,1.0,0.7446881716393217
2023-11-13 10:00:00+01:00,0.1329344843392111,0.678680926403063,1.0,0.7080635745044594
2023-11-13 11:00:00+01:00,0.22283262482759844,0.7090044573671306,1.0,0.7009637340479541
2023-11-13 12:00:00+01:00,0.2730416926535595,0.727093019350443,1.0,0.6778770220105355
2023-11-13 13:00:00+01:00,0.29169077498891643,0.7304996185568494,1.0,0.7678928857417671
2023-11-13 14:00:00+01:00,0.2680549416994164,0.7347218823619727,1.0,0.7426224722272899
2023-11-13 15:00:00+01:00,0.22563340276074728,0.736497152370945,1.0,0.6400410302384589
2023-11-13 16:00:00+01:00,0.15049058016407094,0.7296839539581323,1.0,0.6036839442354338
2023-11-13 17:00:00+01:00,0.06148049121546248,0.712794898737639,1.0,0.6581536540736379
2023-11-13 18:00:00+01:00,0.020151938787290477,0.6924032837697138,1.0,0.7178386435308937
2023-11-13 19:00:00+01:00,0.0,0.6695166947351249,1.0,0.7839148485245713
2023-11-13 20:00:00+01:00,0.0,0.6451906975851529,1.0,0.8148887348172581
2023-11-13 21:00:00+01:00,0.0,0.6089176130775025,1.0,0.740500304173132
2023-11-13 22:00:00+01:00,0.0,0.6053670730595578,1.0,0.663973025297433
2023-11-13 23:00:00+01:00,0.0,0.5767708318339498,1.0,0.6928518035413196
2023-11-14 00:00:00+01:00,0.0,0.5586822698506374,1.0,0.7285377044575627
2023-11-14 01:00:00+01:00,0.0,0.5529246373891056,1.0,0.6859573230094023
2023-11-14 02:00:00+01:00,0.0,0.5546999073980778,1.0,0.597746198174232
2023-11-14 03:00:00+01:00,0.0,0.5557074930788459,1.0,0.5816235312881644
2023-11-14 04:00:00+01:00,0.0,0.5416972540891185,0.9807497467071935,0.5698848250276438
2023-11-14 05:00:00+01:00,0.0,0.5093105714930021,1.0,0.565455766144642
2023-11-14 06:00:00+01:00,0.0,0.5022574717276256,1.0,0.5797767830563919
2023-11-14 07:00:00+01:00,0.017282849197235564,0.5007700833417299,1.0,0.6414774313934352
2023-11-14 08:00:00+01:00,0.01755609582485984,0.5108459401494105,0.9483282674772037,0.7156869443339827
2023-11-14 09:00:00+01:00,0.03941582603480205,0.5028332349737787,1.0,0.6955732434314159
2023-11-14 10:00:00+01:00,0.13272954936849288,0.5169394345045317,1.0,0.6678403746837824
2023-11-14 11:00:00+01:00,0.2443507967530103,0.5191465269481189,1.0,0.6774750789026522
2023-11-14 12:00:00+01:00,0.3199034892911231,0.5074873212135169,1.0,0.6854817358036136
2023-11-14 13:00:00+01:00,0.34504217903255663,0.5559473944314097,1.0,0.7457496896917727
2023-11-14 14:00:00+01:00,0.3302185494839396,0.615970712842879,1.0,0.6937608461112015
2023-11-14 15:00:00+01:00,0.2738614325364323,0.6431275459531041,1.0,0.6439083796248084
2023-11-14 16:00:00+01:00,0.1791814760646201,0.6645267466017973,1.0,0.6584188165740646
2023-11-14 17:00:00+01:00,0.07152230478065467,0.696865448927401,1.0,0.6605754580457651
2023-11-14 18:00:00+01:00,0.0214498602685058,0.6885168818581798,1.0,0.7359900652740559
2023-11-14 19:00:00+01:00,0.0,0.6731152150235823,1.0,0.8045581341376584
2023-11-14 20:00:00+01:00,0.0,0.6566579822377038,1.0,0.8280538351771913
2023-11-14 21:00:00+01:00,0.0,0.6267182934377383,1.0,0.7820348624439539
2023-11-14 22:00:00+01:00,0.0,0.5958189992275176,1.0,0.715015141462852
2023-11-14 23:00:00+01:00,0.0,0.5598817766134565,0.8004052684903749,0.6920914072419304
2023-11-15 00:00:00+01:00,0.0,0.5332047462083591,0.6970618034447822,0.6847386374659878
2023-11-15 01:00:00+01:00,0.0,0.493189200600713,0.8247213779128673,0.6706722807207368
2023-11-15 02:00:00+01:00,0.0,0.4627697090956199,0.8348530901722391,0.664761967437273
2023-11-15 03:00:00+01:00,0.0,0.43043100677001617,0.9037487335359676,0.6696221330529577
2023-11-15 04:00:00+01:00,0.0,0.4052893450213272,0.8085106382978723,0.671485316450176
2023-11-15 05:00:00+01:00,0.0,0.3838421641021212,0.6869300911854104,0.6641152487124699
2023-11-15 06:00:00+01:00,0.0,0.3737183270239277,0.7173252279635258,0.6837429825813046
2023-11-15 07:00:00+01:00,0.017077914226517353,0.37918807786238296,0.5835866261398176,0.715171573917909
2023-11-15 08:00:00+01:00,0.017965965766296256,0.38110728868289356,0.5916919959473151,0.781896105977467
2023-11-15 09:00:00+01:00,0.049184392972369984,0.37419812972905536,0.585612968591692,0.8185404722114873
2023-11-15 10:00:00+01:00,0.16804667598893078,0.349968093120109,0.524822695035461,0.813513499567229
2023-11-15 11:00:00+01:00,0.331584782622061,0.33360682087525606,0.45592705167173253,0.7502029699247845
2023-11-15 12:00:00+01:00,0.4404735637303356,0.32137185189450096,0.4154002026342452,0.7573754639224668
2023-11-15 13:00:00+01:00,0.48822341190767815,0.32569007624064983,0.4457953394123607,0.7409808389081367
2023-11-15 14:00:00+01:00,0.4619234239988414,0.34243519064960487,0.4376899696048632,0.7379346789537438
2023-11-15 15:00:00+01:00,0.39818864810547866,0.3236749048791137,0.3768996960486322,0.7419914483775996
2023-11-15 16:00:00+01:00,0.26709857850273144,0.29306349229196954,0.3262411347517731,0.7440245277251349
2023-11-15 17:00:00+01:00,0.10048644730882811,0.25448735479970636,0.28976697061803447,0.7920568107067496
2023-11-15 18:00:00+01:00,0.022337911808284698,0.2287699298048642,0.2695035460992908,0.8502353391112312
2023-11-15 19:00:00+01:00,0.0,0.2096737821407837,0.20466058763931105,0.8901018165874641
2023-11-15 20:00:00+01:00,0.0,0.20559545914719865,0.1945288753799392,0.8792187731764425
2023-11-15 21:00:00+01:00,0.0,0.1960473853151584,0.19250253292806485,0.8552671315242947
2023-11-15 22:00:00+01:00,0.0,0.19057763447670317,0.23708206686930092,0.786953722827191
2023-11-15 23:00:00+01:00,0.0,0.17436030304338854,0.5369807497467072,0.7102296105018013
2023-11-16 00:00:00+01:00,0.0,0.15305706293572083,0.6139817629179332,0.7095081346163798
2023-11-16 01:00:00+01:00,0.0,0.13957460692163381,0.7537993920972644,0.6897105047972281
2023-11-16 02:00:00+01:00,0.0,0.13017047390113184,0.7598784194528876,0.7223624789400676
2023-11-16 03:00:00+01:00,0.0,0.12369313738190856,0.7882472137791287,0.7484121950567744
2023-11-16 04:00:00+01:00,0.0,0.13583214582163813,0.8024316109422492,0.7033472406448891
2023-11-16 05:00:00+01:00,0.0,0.16898651274595886,0.8247213779128673,0.7001738118602387
2023-11-16 06:00:00+01:00,0.0,0.20535555779463482,0.8713272543059777,0.7235951285115332
2023-11-16 07:00:00+01:00,0.0165314209712688,0.25362370993047656,1.0,0.7578251041856106
2023-11-16 08:00:00+01:00,0.017009602569611284,0.3305360835624391,1.0,0.8250589565781665
2023-11-16 09:00:00+01:00,0.02800777933148846,0.37587743919700217,0.9604863221884499,0.7956351490150421
2023-11-16 10:00:00+01:00,0.0739132127723671,0.4020746668969719,0.6788247213779128,0.7829294509618471
2023-11-16 11:00:00+01:00,0.1648360281143455,0.41363791209054834,0.6484295845997974,0.7873381229613421
2023-11-16 12:00:00+01:00,0.24305287527179498,0.4812900935135472,0.7963525835866262,0.778239058790495
2023-11-16 13:00:00+01:00,0.2645027355403008,0.5543640455044885,0.6058763931104356,0.8002616591320832
2023-11-16 14:00:00+01:00,0.2602674128121245,0.5639600996070415,0.6889564336372846,0.8033822034747149
2023-11-16 15:00:00+01:00,0.24373599184085568,0.5657353696160139,1.0,0.7415152433874623
2023-11-16 16:00:00+01:00,0.17685887972981373,0.5780183188672817,1.0,0.7120785848589997
2023-11-16 17:00:00+01:00,0.07206879803590324,0.5622807901390947,1.0,0.7633951302900759
2023-11-16 18:00:00+01:00,0.020835055356351172,0.5166995331519679,1.0,0.8318951151149113
2023-11-16 19:00:00+01:00,0.0,0.48042644864431744,1.0,0.8501284571644808
2023-11-16 20:00:00+01:00,0.0,0.46411315666997727,0.7963525835866262,0.8616610632100802
2023-11-16 21:00:00+01:00,0.0,0.4017388050033826,0.6180344478216818,0.8716465569418763
2023-11-16 22:00:00+01:00,0.0,0.3328871168175646,0.4072948328267477,0.8402708500472907
2023-11-16 23:00:00+01:00,0.0,0.2907604393073568,0.2978723404255319,0.8067193503661952
2023-11-17 00:00:00+01:00,0.0,0.2704168046099444,0.18034447821681865,0.7972566457170839
2023-11-17 01:00:00+01:00,0.0,0.260484888613802,0.17426545086119555,0.7653305944560912
2023-11-17 02:00:00+01:00,0.0,0.24925750531381494,0.182370820668693,0.6489432609596152
2023-11-17 03:00:00+01:00,0.0,0.23726243768562366,0.2674772036474164,0.6241028411151079
2023-11-17 04:00:00+01:00,0.0,0.22301229734333242,0.2857142857142857,0.6243507056537713
2023-11-17 05:00:00+01:00,0.0,0.21576727649590488,0.3829787234042553,0.6462360301095389
2023-11-17 06:00:00+01:00,0.0,0.190817535829267,0.46200607902735563,0.6473837929588381
2023-11-17 07:00:00+01:00,0.01659973262817487,0.18246896876004587,0.4133738601823708,0.6886397199795465
2023-11-17 08:00:00+01:00,0.017282849197235564,0.17987803415235654,0.23100303951367782,0.8276863654868505
2023-11-17 09:00:00+01:00,0.04549556349944223,0.16884257193442057,0.14387031408308004,0.8666121708854337
2023-11-17 10:00:00+01:00,0.14891941205523132,0.16721124273698654,0.1519756838905775,0.8475059905305864
2023-11-17 11:00:00+01:00,0.28943649031101615,0.15660760295366544,0.12563323201621074,0.8176811026558962
2023-11-17 12:00:00+01:00,0.40153591929387605,0.15929449810238028,0.08105369807497467,0.7605737265870492
2023-11-17 13:00:00+01:00,0.4330959047844801,0.16826680868826738,0.07497467071935157,0.7537667264206773
2023-11-17 14:00:00+01:00,0.40870864326901335,0.1787265076600502,0.07092198581560284,0.7590729480993978
2023-11-17 15:00:00+01:00,0.3406019213336621,0.16826680868826738,0.05268490374873354,0.7561614703874465
2023-11-17 16:00:00+01:00,0.22481366287787447,0.14230948234086144,0.02634245187436677,0.8064433127594608
2023-11-17 17:00:00+01:00,0.08470645456352607,0.1170238797806342,0.022289766970618033,0.8709127253694808
2023-11-17 18:00:00+01:00,0.021518171925411868,0.0989832980678345,0.0486322188449848,0.9114010876905847
2023-11-17 19:00:00+01:00,0.0,0.0948569948037367,0.06484295845997974,0.9610751317517636
2023-11-17 20:00:00+01:00,0.0,0.0948569948037367,0.1580547112462006,0.9512864714696582
2023-11-17 21:00:00+01:00,0.0,0.0938973893934814,0.3302938196555218,0.9182578833772319
2023-11-17 22:00:00+01:00,0.0,0.09970300212552598,0.49037487335359675,0.8512183932969718
2023-11-17 23:00:00+01:00,0.0,0.10565255566910886,0.6099290780141844,0.8294518111965643
2023-11-18 00:00:00+01:00,0.0,0.11836732735499161,0.7254305977710233,0.8113034783751455
2023-11-18 01:00:00+01:00,0.0,0.1317538228280531,0.601823708206687,0.8527735368073082
2023-11-18 02:00:00+01:00,0.0,0.1537767669934123,0.867274569402229,0.8458982075902002
2023-11-18 03:00:00+01:00,0.0,0.15919853756135477,1.0,0.7597158376121245
2023-11-18 04:00:00+01:00,0.0,0.18198916605491822,1.0,0.7006854755702204
2023-11-18 05:00:00+01:00,0.0,0.21499959216770062,1.0,0.660272855712037
2023-11-18 06:00:00+01:00,0.0,0.25079287397022343,1.0,0.6509214800061013
2023-11-18 07:00:00+01:00,0.016258174343644523,0.29440693986632693,1.0,0.6611302494085974
2023-11-18 08:00:00+01:00,0.016872979255799146,0.36191518047778753,1.0,0.6374973949892282
2023-11-18 09:00:00+01:00,0.04993582119833675,0.41661268886233976,1.0,0.6944866464870639
2023-11-18 10:00:00+01:00,0.17426303676738308,0.45725197798665185,1.0,0.6966635523362867
2023-11-18 11:00:00+01:00,0.31662452975963173,0.46305759071869645,1.0,0.6612323115865427
2023-11-18 12:00:00+01:00,0.3947730652601752,0.4820097975712387,1.0,0.6518926737832322
2023-11-18 13:00:00+01:00,0.4190237034618298,0.4950604311507108,1.0,0.6730245200734306
2023-11-18 14:00:00+01:00,0.3989400763314454,0.5078231831071063,1.0,0.6593629503458376
2023-11-18 15:00:00+01:00,0.3395772464800711,0.5038408206545468,1.0,0.6032225660696651
2023-11-18 16:00:00+01:00,0.20896535847566636,0.5029771757853171,1.0,0.614464185178177
2023-11-18 17:00:00+01:00,0.07650905573479774,0.49578013520840225,1.0,0.6604511556312669
2023-11-18 18:00:00+01:00,0.02097167867016331,0.5118055455596658,1.0,0.7050745009765417
2023-11-18 19:00:00+01:00,0.0,0.5236566723763189,1.0,0.74033522799162
2023-11-18 20:00:00+01:00,0.0,0.525863764819906,1.0,0.6865021073166712
2023-11-18 21:00:00+01:00,0.0,0.5271592321237507,1.0,0.6666251508344913
2023-11-18 22:00:00+01:00,0.0,0.5266314491481102,1.0,0.5959410917602175
2023-11-18 23:00:00+01:00,0.0,0.5085428871647978,1.0,0.6012651066790657
2023-11-19 00:00:00+01:00,0.0,0.5020175703750618,1.0,0.6181438453740818
2023-11-19 01:00:00+01:00,0.0,0.5113737231250509,1.0,0.5987737380875051
2023-11-19 02:00:00+01:00,0.0,0.4998584582019873,1.0,0.5994842163606346
2023-11-19 03:00:00+01:00,0.0,0.4991867344148086,1.0,0.5771628428973947
2023-11-19 04:00:00+01:00,0.0,0.49750742494686184,1.0,0.5557314831952117
2023-11-19 05:00:00+01:00,0.0,0.5130530325929977,1.0,0.5641816025158296
2023-11-19 06:00:00+01:00,0.0,0.4998584582019873,1.0,0.5662545928340612
2023-11-19 07:00:00+01:00,0.016804667598893076,0.5002423003660894,1.0,0.5700007287276558
2023-11-19 08:00:00+01:00,0.016941290912705215,0.5113737231250509,1.0,0.5695713528420346
2023-11-19 09:00:00+01:00,0.04549556349944223,0.5062878144506978,1.0,0.5740440294018249
2023-11-19 10:00:00+01:00,0.16674875450771545,0.5038408206545468,1.0,0.5848366260315419
2023-11-19 11:00:00+01:00,0.31013492235355516,0.5208258364160657,1.0,0.5921524512525475
2023-11-19 12:00:00+01:00,0.3969590382811694,0.561417145269865,1.0,0.6033380969972972
2023-11-19 13:00:00+01:00,0.4367847342574079,0.5962988019326453,1.0,0.5995740453575904
2023-11-19 14:00:00+01:00,0.4292704519977402,0.6103570211928855,1.0,0.5919574711559028
2023-11-19 15:00:00+01:00,0.3763972295524425,0.5981700324826431,1.0,0.596376027704977
2023-11-19 16:00:00+01:00,0.24195988876129787,0.575715265882669,1.0,0.6477632508181995
2023-11-19 17:00:00+01:00,0.08409164965137145,0.5576267038993565,1.0,0.6491135296823122
2023-11-19 18:00:00+01:00,0.02117661364088152,0.5370431678493803,1.0,0.6958904275775439
2023-11-19 19:00:00+01:00,0.0,0.5354598189224591,1.0,0.7649911700734103
2023-11-19 20:00:00+01:00,0.0,0.538722477317327,1.0,0.7594499348213646
2023-11-19 21:00:00+01:00,0.0,0.5420331159827079,1.0,0.7305305053164486
2023-11-19 22:00:00+01:00,0.0,0.534644154323742,1.0,0.6772560052164087
2023-11-19 23:00:00+01:00,0.0,0.5202500731699125,1.0,0.6870261319680533
2023-11-20 00:00:00+01:00,0.0,0.5125252496173573,1.0,0.6657295770142962
2023-11-20 01:00:00+01:00,0.0,0.5063357947212106,1.0,0.6234709492146735
2023-11-20 02:00:00+01:00,0.0,0.49290131897763634,1.0,0.5954034758531641
2023-11-20 03:00:00+01:00,0.0,0.4611863601686986,1.0,0.6268559157673986
2023-11-20 04:00:00+01:00,0.0,0.4160369256161866,1.0,0.583995172222063
2023-11-20 05:00:00+01:00,0.0,0.3941579222623657,1.0,0.5703428692597003
2023-11-20 06:00:00+01:00,0.0,0.39530944875467205,1.0,0.5834348208000923
2023-11-20 07:00:00+01:00,0.017282849197235564,0.4073524966533761,1.0,0.6891989583388042
2023-11-20 08:00:00+01:00,0.018102589080108394,0.42793603270335234,1.0,0.8545211892768942
2023-11-20 09:00:00+01:00,0.04139686408507807,0.43153455299180976,1.0,0.881714466258444
2023-11-20 10:00:00+01:00,0.13416409416352035,0.435564895714882,1.0,0.8071974087093787
2023-11-20 11:00:00+01:00,0.2418915771043918,0.4628656696366454,1.0,0.7318456929786701
2023-11-20 12:00:00+01:00,0.30296219837841787,0.49563619439686396,1.0,0.7389812424214153
2023-11-20 13:00:00+01:00,0.31573647821985285,0.5373310494724569,1.0,0.6793991779384223
2023-11-20 14:00:00+01:00,0.2907344117922314,0.5573868025467927,1.0,0.632413831196859
2023-11-20 15:00:00+01:00,0.2414817071629554,0.5423209976057844,1.0,0.6538193664623815
2023-11-20 16:00:00+01:00,0.15192512495909838,0.5070554987789021,1.0,0.6836983743477877
2023-11-20 17:00:00+01:00,0.05615218197678906,0.4838810281212365,1.0,0.7193320086063607
2023-11-20 18:00:00+01:00,0.019058952276793367,0.4454968117110244,0.9159067882472138,0.8569017242036434
2023-11-20 19:00:00+01:00,0.0,0.4007791995931273,0.9078014184397163,0.9261716223594938
2023-11-20 20:00:00+01:00,0.0,0.36680916807008956,0.8551165146909828,0.954515255833722
2023-11-20 21:00:00+01:00,0.0,0.33475834736756244,0.8774062816616008,0.8794894957360074
2023-11-20 22:00:00+01:00,0.0,0.29699787447401627,0.9179331306990881,0.7458893142090038
2023-11-20 23:00:00+01:00,0.0,0.2490655842317639,0.9321175278622087,0.7208225297720531
2023-11-21 00:00:00+01:00,0.0,0.21955771786641332,1.0,0.6976835510769646
2023-11-21 01:00:00+01:00,0.0,0.19331250989593077,0.9908814589665653,0.6833010007423141
2023-11-21 02:00:00+01:00,0.0,0.17224917114082688,1.0,0.444678789457496
2023-11-21 03:00:00+01:00,0.0,0.16183745243955686,1.0,0.6905134057106925
2023-11-21 04:00:00+01:00,0.0,0.15972632053699518,1.0,0.6679219274722364
2023-11-21 05:00:00+01:00,0.0,0.1645243475882717,1.0,0.6274939855113201
2023-11-21 06:00:00+01:00,0.0,0.15958237972545689,1.0,0.6191330774033093
2023-11-21 07:00:00+01:00,0.01646310931436273,0.1716734078946737,1.0,0.7239750763948323
2023-11-21 08:00:00+01:00,0.016941290912705215,0.1807896592920991,0.9726443768996961,0.8765872847892864
2023-11-21 09:00:00+01:00,0.032994530285631526,0.18731497608183514,0.9381965552178319,0.875033499353632
2023-11-21 10:00:00+01:00,0.11162124738451742,0.19153723988695848,0.9361702127659575,0.9061777768750001
2023-11-21 11:00:00+01:00,0.21402042108671548,0.1990701423574626,0.8449848024316109,0.902194774055034
2023-11-21 12:00:00+01:00,0.28376662278781234,0.21485565135616233,0.6646403242147924,0.8702440114200937
2023-11-21 13:00:00+01:00,0.31512167330769825,0.2252193897869196,0.5997973657548126,0.8195125287849357
2023-11-21 14:00:00+01:00,0.29408168298062887,0.23366391739716627,0.5146909827760892,0.8278703479712031
2023-11-21 15:00:00+01:00,0.2396372924264915,0.2448913006971533,0.5126646403242148,0.7813014036439385
2023-11-21 16:00:00+01:00,0.16087395201379348,0.26058084915482754,0.5815602836879432,0.805394400660379
2023-11-21 17:00:00+01:00,0.0596360764789986,0.2751668513907081,0.7821681864235056,0.8726732288044052
2023-11-21 18:00:00+01:00,0.019263887247511578,0.286634136043259,0.9037487335359676,0.9390821850589126
2023-11-21 19:00:00+01:00,0.0,0.29853324313042473,0.9523809523809523,0.9468957152162752
2023-11-21 20:00:00+01:00,0.0,0.3040989545099055,1.0,0.9696249646189163
2023-11-21 21:00:00+01:00,0.0,0.2998766907047822,0.9017223910840932,0.8809431948527471
2023-11-21 22:00:00+01:00,0.0,0.2824598525086484,0.8004052684903749,0.7321060357102918
2023-11-21 23:00:00+01:00,0.0,0.2672501067561019,0.7801418439716312,0.7075405404098059
2023-11-22 00:00:00+01:00,0.0,0.2784295097855762,0.7051671732522796,0.6814729085469869
2023-11-22 01:00:00+01:00,0.0,0.2986292036714503,0.6180344478216818,0.6376186084819829
2023-11-22 02:00:00+01:00,0.0,0.31124801481630754,0.6747720364741642,0.6440325595333222
2023-11-22 03:00:00+01:00,0.0,0.3140308705060479,0.7598784194528876,0.642061631393036
2023-11-22 04:00:00+01:00,0.0,0.31244752157912664,0.6666666666666666,0.6165728844826484
2023-11-22 05:00:00+01:00,0.0,0.30088427638555026,0.6220871327254306,0.6110809494725136
2023-11-22 06:00:00+01:00,0.0,0.29882112475350137,0.624113475177305,0.6311362058739234
2023-11-22 07:00:00+01:00,0.017351160854141633,0.3007883158445247,0.5937183383991894,0.7536578686148965
2023-11-22 08:00:00+01:00,0.01769271913867198,0.2909043801188951,0.5511651469098278,0.8991187101855083
2023-11-22 09:00:00+01:00,0.04009894260386275,0.2699849821753295,0.41742654508611954,0.970478278837005
2023-11-22 10:00:00+01:00,0.14085863654031514,0.23644677308690665,0.3850050658561297,0.9539839402761399
2023-11-22 11:00:00+01:00,0.28315181787565774,0.21437584865103468,0.3728470111448835,0.862925219783329
2023-11-22 12:00:00+01:00,0.39723228490879364,0.21164097323180706,0.3363728470111449,0.7717251439262254
2023-11-22 13:00:00+01:00,0.4434109649772966,0.21346422351129213,0.19250253292806485,0.7022061456630144
2023-11-22 14:00:00+01:00,0.4593958926933168,0.21125713106770494,0.1337386018237082,0.7167719381916842
2023-11-22 15:00:00+01:00,0.3873954063143197,0.19019379231260106,0.1884498480243161,0.7157483552508987
2023-11-22 16:00:00+01:00,0.24448742006682245,0.17061784194339286,0.15602836879432624,0.797930424447245
2023-11-22 17:00:00+01:00,0.08894177729170238,0.15703942538828033,0.11144883485309018,0.8206321185661639
2023-11-22 18:00:00+01:00,0.02090336701325724,0.1594384389139186,0.18439716312056736,0.9030359775981175
2023-11-22 19:00:00+01:00,0.0,0.16706730192544825,0.22695035460992907,0.9257961162181934
2023-11-22 20:00:00+01:00,0.0,0.17575173088825874,0.3465045592705167,0.9112764125037066
2023-11-22 21:00:00+01:00,0.0,0.18386039660491604,0.3282674772036474,0.5133973526902107
2023-11-22 22:00:00+01:00,0.0,0.17805478387287146,0.342451874366768,0.7278862884699389
2023-11-22 23:00:00+01:00,0.0,0.16308493947288874,0.3829787234042553,0.7156744661410244
2023-11-23 00:00:00+01:00,0.0,0.16625163732673123,0.24316109422492402,0.6524981234626575
2023-11-23 01:00:00+01:00,0.0,0.15617578051905057,0.21681864235055726,0.6297883981472056
2023-11-23 02:00:00+01:00,0.0,0.14144583747163164,0.24113475177304963,0.6163771640956706
2023-11-23 03:00:00+01:00,0.0,0.13693569204343173,0.27152988855116517,0.5987369160385524
2023-11-23 04:00:00+01:00,0.0,0.13631194852676579,0.21073961499493415,0.576367477902099
2023-11-23 05:00:00+01:00,0.0,0.1342008166242041,0.2006079027355623,0.5664588396959361
2023-11-23 06:00:00+01:00,0.0,0.14134987693060613,0.20871327254305977,0.59391851474661
2023-11-23 07:00:00+01:00,0.016804667598893076,0.14792317399085494,0.18642350557244175,0.6922241136253415
2023-11-23 08:00:00+01:00,0.01755609582485984,0.15161765482033787,0.21073961499493415,0.9259851687377465
2023-11-23 09:00:00+01:00,0.04412933036132084,0.15094593103315915,0.16210739614994935,1.0
2023-11-23 10:00:00+01:00,0.175151088307162,0.15286514185366976,0.1580547112462006,0.932117522123213
2023-11-23 11:00:00+01:00,0.3359567286640494,0.14422869316137205,0.22087132725430597,0.8404708949247093
2023-11-23 12:00:00+01:00,0.4228491562485697,0.1585747940446888,0.3221884498480243,0.7794529245651043
2023-11-23 13:00:00+01:00,0.4568000497308862,0.18098158037415013,0.39311043566362713,0.7151089274322955
2023-11-23 14:00:00+01:00,0.44300109503586016,0.19969388587412853,0.4457953394123607,0.6842844277004345
2023-11-23 15:00:00+01:00,0.3641694429662561,0.22210067220358987,0.4154002026342452,0.6260291662763039
2023-11-23 16:00:00+01:00,0.22413054630881377,0.24983326855996812,0.3525835866261398,0.6289363194978145
2023-11-23 17:00:00+01:00,0.07657736739170382,0.26355562592661896,0.3465045592705167,0.6659152903457104
2023-11-23 18:00:00+01:00,0.019058952276793367,0.29311147256248227,0.46200607902735563,0.7566639950926088
2023-11-23 19:00:00+01:00,0.0,0.3117278175214352,0.5146909827760892,0.8822976757013161
2023-11-23 20:00:00+01:00,0.0,0.3331749984406412,0.49645390070921985,0.9091742638151021
2023-11-23 21:00:00+01:00,0.0,0.34377863822396226,0.502532928064843,0.7604841426020622
2023-11-23 22:00:00+01:00,0.0,0.3484327244637005,0.5207700101317123,0.6962884189673662
2023-11-23 23:00:00+01:00,0.0,0.33734928197525177,0.6322188449848024,0.6533168417572192
2023-11-24 00:00:00+01:00,0.0,0.33768514386884113,0.6180344478216818,0.6228570955663355
2023-11-24 01:00:00+01:00,0.0,0.0033586189358935604,0.6058763931104356,0.5973989928614136
2023-11-24 02:00:00+01:00,0.0,0.3521272052931834,0.5997973657548126,0.5784177327054132
2023-11-24 03:00:00+01:00,0.0,0.3573570547790748,0.5450861195542046,0.5650064986538783
2023-11-24 04:00:00+01:00,0.0,0.360379811821379,0.5146909827760892,0.5544439733226969
2023-11-24 05:00:00+01:00,0.0,0.33898061117268574,0.47213779128672745,0.5541566930917017
2023-11-24 06:00:00+01:00,0.0,0.2937352160791482,0.4275582573454914,0.5845573769970797
2023-11-24 07:00:00+01:00,0.01646310931436273,0.2845709844112101,0.5309017223910841,0.6638311799092025
2023-11-24 08:00:00+01:00,0.016872979255799146,0.3090409223727203,0.502532928064843,0.7402638100191405
2023-11-24 09:00:00+01:00,0.029852194067952337,0.31422279158809896,0.5146909827760892,0.8264739802929073
2023-11-24 10:00:00+01:00,0.11127968909998709,0.31974052269706693,0.5146909827760892,0.8288914597745938
2023-11-24 11:00:00+01:00,0.2218079499740074,0.3598520288457386,0.4275582573454914,0.7182014212128405
2023-11-24 12:00:00+01:00,0.2727684460259352,0.41459751750080365,0.45997973657548125,0.6447676266744149
2023-11-24 13:00:00+01:00,0.2995466155331144,0.4599388731353667,0.524822695035461,0.6165807931731969
2023-11-24 14:00:00+01:00,0.2914858400181982,0.4918457530263555,0.5491388044579534,0.5908766792826579
2023-11-24 15:00:00+01:00,0.24277962864417071,0.5019216098340362,0.6930091185410334,0.585658433247847
2023-11-24 16:00:00+01:00,0.15288148815578337,0.4990907738737831,0.7740628166160081,0.6053047006471426
2023-11-24 17:00:00+01:00,0.05396620895579484,0.4780274351186792,0.7213779128672746,0.6606234002129943
2023-11-24 18:00:00+01:00,0.01864908233535695,0.4554287277071668,0.6990881458966566,0.7217409616131497
2023-11-24 19:00:00+01:00,0.0,0.43508509300975434,0.7193515704154002,0.7813366173518139
2023-11-24 20:00:00+01:00,0.0,0.43283002029565437,0.7882472137791287,0.7499142038586966
2023-11-24 21:00:00+01:00,0.0,0.42784007216232683,0.8429584599797366,0.7133505223623862
2023-11-24 22:00:00+01:00,0.0,0.4148853991238802,0.7335359675785208,0.6636936537569863
2023-11-24 23:00:00+01:00,0.0,0.39458974469698055,0.5329280648429585,0.659796773227884
2023-11-25 00:00:00+01:00,0.0,0.39650895551749116,0.42958459979736574,0.6481165114685205
2023-11-25 01:00:00+01:00,0.0,0.3990998901251805,0.569402228976697,0.6262305692284043
2023-11-25 02:00:00+01:00,0.0,0.3948776263200572,0.5896656534954408,0.624189458684336
2023-11-25 03:00:00+01:00,0.0,0.3658015823893215,0.3383991894630192,0.7238234689630071
2023-11-25 04:00:00+01:00,0.0,0.326265839486803,0.3080040526849038,0.6718949232366389
2023-11-25 05:00:00+01:00,0.0,0.2936392555381227,0.2877406281661601,0.5966121543410151
2023-11-25 06:00:00+01:00,0.0,0.2662905013458466,0.3566362715298885,0.5890152267325013
2023-11-25 07:00:00+01:00,0.016941290912705215,0.25338380857791276,0.4133738601823708,0.5893972782352419
2023-11-25 08:00:00+01:00,0.017214537540329495,0.25568686156252546,0.2938196555217832,0.6258582797692583
2023-11-25 09:00:00+01:00,0.039484137691708124,0.2550631180458595,0.22695035460992907,0.6627726282725105
2023-11-25 10:00:00+01:00,0.16346979497622413,0.2385579049894683,0.25329280648429586,0.6907004771167886
2023-11-25 11:00:00+01:00,0.34388088086515345,0.21509555270872616,0.17223910840932116,0.638172164276118
2023-11-25 12:00:00+01:00,0.4701891344844758,0.23447958199588328,0.11955420466058764,0.6293917648320652
2023-11-25 13:00:00+01:00,0.5227891103021493,0.2735835024637869,0.09929078014184398,0.6326630538102043
2023-11-25 14:00:00+01:00,0.5101514537745264,0.28711393874838664,0.0911854103343465,0.6153444368956392
2023-11-25 15:00:00+01:00,0.417247600382272,0.2895129522740249,0.1033434650455927,0.6298332513926913
2023-11-25 16:00:00+01:00,0.2545975452889207,0.2766062595060911,0.0972644376899696,0.6922671135177813
2023-11-25 17:00:00+01:00,0.08279372817015614,0.2451791823202299,0.09929078014184398,0.7769960293910861
2023-11-25 18:00:00+01:00,0.01994700381657227,0.23011337737922163,0.09523809523809523,0.8323823177173407
2023-11-25 19:00:00+01:00,0.0,0.22968155494460676,0.06889564336372847,0.9204735871344379
2023-11-25 20:00:00+01:00,0.0,0.2223405735561537,0.030395136778115502,0.9395188518507336
2023-11-25 21:00:00+01:00,0.0,0.19772669478310517,0.0182370820668693,0.910814789325969
2023-11-25 22:00:00+01:00,0.0,0.185299804720299,0.008105369807497468,0.8663313135098942
2023-11-25 23:00:00+01:00,0.0,0.16639557813826952,0.002026342451874367,0.8472337821359286
2023-11-26 00:00:00+01:00,0.0,0.1487868188600847,0.016210739614994935,0.8587546502789027
2023-11-26 01:00:00+01:00,0.0,0.13280938877933393,0.03242147922998987,0.7737256032092645
2023-11-26 02:00:00+01:00,0.0,0.12407697954601067,0.03242147922998987,0.7232893094956504
2023-11-26 03:00:00+01:00,0.0,0.11942289330627245,0.04660587639311044,0.6571448979572211
2023-11-26 04:00:00+01:00,0.0,0.1167359981575576,0.0911854103343465,0.5918382335221786
2023-11-26 05:00:00+01:00,0.0,0.11280161597551086,0.1033434650455927,0.5788613176310543
2023-11-26 06:00:00+01:00,0.0,0.11160210921269173,0.13779128672745694,0.58334808072488
2023-11-26 07:00:00+01:00,0.016736355941987007,0.11251373435243427,0.13576494427558258,0.6077702448020426
2023-11-26 08:00:00+01:00,0.017146225883423422,0.11107432623705131,0.1702127659574468,0.6425857785504024
2023-11-26 09:00:00+01:00,0.04009894260386275,0.10440506863577696,0.1519756838905775,0.6815836197058139
2023-11-26 10:00:00+01:00,0.17057420729445533,0.0969201464357856,0.1398176291793313,0.7143286342733371
2023-11-26 11:00:00+01:00,0.35194165638006963,0.08828369774348788,0.24924012158054712,0.713577009460814
2023-11-26 12:00:00+01:00,0.465475630157957,0.07815986066529443,0.4012158054711246,0.6917716294524234
2023-11-26 13:00:00+01:00,0.5102880770883386,0.07388961658965833,0.44376899696048633,0.7277865749234038
2023-11-26 14:00:00+01:00,0.5033202880839195,0.07935936742811356,0.4518743667679838,0.6381507868358826
2023-11-26 15:00:00+01:00,0.42182448139497863,0.08938724396528147,0.4316109422492401,0.6313269839861115
2023-11-26 16:00:00+01:00,0.24988404096240194,0.08674832908707938,0.42350557244174264,0.7499909368783454
2023-11-26 17:00:00+01:00,0.07698723733314024,0.09432921182809628,0.44782168186423504,0.8573634751417921
2023-11-26 18:00:00+01:00,0.01878570564916909,0.11860722870755544,0.4376899696048632,0.9569935284479756
2023-11-26 19:00:00+01:00,0.0,0.13583214582163813,0.5268490374873354,1.0
2023-11-26 20:00:00+01:00,0.0,0.1514257337382868,0.6788247213779128,1.0
2023-11-26 21:00:00+01:00,0.0,0.17148148681262262,0.7274569402228976,0.9502955085933691
2023-11-26 22:00:00+01:00,0.0,0.19364837178952013,0.7315096251266464,0.8111455653394224
2023-11-26 23:00:00+01:00,0.0,0.2157192962253921,0.8855116514690983,0.8021603012491458
2023-11-27 00:00:00+01:00,0.0,0.23783820093177685,0.9118541033434651,0.6893459962682196
2023-11-27 01:00:00+01:00,0.0,0.25995710563816155,1.0,0.6325973184028473
2023-11-27 02:00:00+01:00,0.0,0.28102044439326546,1.0,0.6186509395816538
2023-11-27 03:00:00+01:00,0.0,0.308896981561182,1.0,0.5953581273293141
2023-11-27 04:00:00+01:00,0.0,0.3270335238150072,1.0,0.5728477066009477
2023-11-27 05:00:00+01:00,0.0,0.34780898094703455,1.0,0.6181641097516042
2023-11-27 06:00:00+01:00,0.0,0.3717511359329044,1.0,0.6522851051139164
2023-11-27 07:00:00+01:00,0.017077914226517353,0.39876402823159113,1.0,0.7859443489264255
2023-11-27 08:00:00+01:00,0.017897654109390187,0.4201152486097716,0.7213779128672746,0.8826647778737038
2023-11-27 09:00:00+01:00,0.028485960929830946,0.43993110033154365,0.8449848024316109,0.9246927165904422
2023-11-27 10:00:00+01:00,0.07309347288949428,0.4570600569046008,0.9199594731509625,0.9597370860686405
2023-11-27 11:00:00+01:00,0.1340274708497082,0.46420911721100283,0.9746707193515705,0.9604125956458632
2023-11-27 12:00:00+01:00,0.15759499248230216,0.46113837989818585,1.0,0.9439448218119919
2023-11-27 13:00:00+01:00,0.16258174343644521,0.4643530580225411,0.9523809523809523,0.9036724442553883
2023-11-27 14:00:00+01:00,0.15178850164528626,0.4585954255610093,1.0,0.8547248183544205
2023-11-27 15:00:00+01:00,0.11783760816296975,0.43825179086359684,1.0,0.8705965317800815
2023-11-27 16:00:00+01:00,0.07521113425358243,0.4466483382033308,1.0,0.8270938892787478
2023-11-27 17:00:00+01:00,0.03545374993425003,0.44400942332512866,1.0,0.7518621514720967
2023-11-27 18:00:00+01:00,0.018990640619887297,0.4558605501417817,1.0,0.7696685887734398
2023-11-27 19:00:00+01:00,0.0,0.4759642834866303,1.0,0.7840628770107153
2023-11-27 20:00:00+01:00,0.0,0.5036488995724957,1.0,0.8197684245201321
2023-11-27 21:00:00+01:00,0.0,0.5259597253609315,1.0,0.7973682196722285
2023-11-27 22:00:00+01:00,0.0,0.5402098657032228,1.0,0.6900170588490172
2023-11-27 23:00:00+01:00,0.0,0.5454876954596269,1.0,0.6561889037768386
2023-11-28 00:00:00+01:00,0.0,0.5328688843147698,1.0,0.6190027196513086
2023-11-28 01:00:00+01:00,0.0,0.5294622851083634,1.0,0.6437613416953929
2023-11-28 02:00:00+01:00,0.0,0.5371871086609186,1.0,0.6231905871174982
2023-11-28 03:00:00+01:00,0.0,0.5221692839904231,1.0,0.6234341271657207
2023-11-28 04:00:00+01:00,0.0,0.4857042784007216,1.0,0.5884094042806962
2023-11-28 05:00:00+01:00,0.0,0.4660323674904879,1.0,0.5466791256228964
2023-11-28 06:00:00+01:00,0.0,0.41977938671618226,1.0,0.6110715602012988
2023-11-28 07:00:00+01:00,0.017077914226517353,0.39041546116237,0.9463019250253293,0.6903564832316981
2023-11-28 08:00:00+01:00,0.017419472511047703,0.36129143696112154,0.8571428571428571,0.7553777207887914
2023-11-28 09:00:00+01:00,0.032516348687289046,0.30539442181375015,0.6382978723404256,0.8441881174598999
2023-11-28 10:00:00+01:00,0.11209942898285992,0.26154045456508285,0.44984802431610943,0.8523232787598158
2023-11-28 11:00:00+01:00,0.2298687254889236,0.20233280075233062,0.303951367781155,0.8629799575783939
2023-11-28 12:00:00+01:00,0.3147801150231679,0.1563677016011016,0.22289766970618036,0.8753854019292711
2023-11-28 13:00:00+01:00,0.36355463805410143,0.11942289330627245,0.15602836879432624,0.8611461828179441
2023-11-28 14:00:00+01:00,0.36669697427178066,0.10090250888834511,0.07092198581560284,0.8137481403681743
2023-11-28 15:00:00+01:00,0.31956193100659275,0.08871552017810276,0.0182370820668693,0.8118805099745308
2023-11-28 16:00:00+01:00,0.19024796448340334,0.07657651173837318,0.0,0.8730503380323562
2023-11-28 17:00:00+01:00,0.06195867281380496,0.07139464252299454,0.0060790273556231,0.9322122933949584
2023-11-28 18:00:00+01:00,0.018239212393920536,0.07014715548966265,0.014184397163120567,0.968107383447866
2023-11-28 19:00:00+01:00,0.0,0.06875572764479246,0.022289766970618033,0.9888565604509749
2023-11-28 20:00:00+01:00,0.0,0.06587691141402655,0.010131712259371834,0.9779557237998258
2023-11-28 21:00:00+01:00,0.0,0.06650065493069249,0.010131712259371834,0.9308411323689747
2023-11-28 22:00:00+01:00,0.0,0.0706269581947903,0.0182370820668693,0.8223777951767196
2023-11-28 23:00:00+01:00,0.0,0.08166242041272628,0.014184397163120567,0.7422950360136298
2023-11-29 00:00:00+01:00,0.0,0.09639236346014518,0.06281661600810537,0.7048960785513274
2023-11-29 01:00:00+01:00,0.0,0.11045058272038537,0.0851063829787234,0.6893854119605515
2023-11-29 02:00:00+01:00,0.0,0.11961481438832351,0.10131712259371833,0.7142485673199759
2023-11-29 03:00:00+01:00,0.0,0.12330929521780642,0.09321175278622088,0.6617411366411764
2023-11-29 04:00:00+01:00,0.0,0.13266544796779564,0.0729483282674772,0.614324560660946
2023-11-29 05:00:00+01:00,0.0,0.14653174614598477,0.040526849037487336,0.5540178088648036
2023-11-29 06:00:00+01:00,0.0,0.1484029766959826,0.040526849037487336,0.5712520343355666
2023-11-29 07:00:00+01:00,0.016053239372926312,0.1372715539370211,0.0547112462006079,0.7017353782260308
2023-11-29 08:00:00+01:00,0.0165314209712688,0.13084219768831057,0.06484295845997974,0.857206302396402
2023-11-29 09:00:00+01:00,0.03545374993425003,0.12945076984344037,0.060790273556231005,0.9249210570419162
2023-11-29 10:00:00+01:00,0.1402438316281605,0.12614013117805958,0.10131712259371833,0.8860039006242146
2023-11-29 11:00:00+01:00,0.28697727066239764,0.10771570730115776,0.20466058763931105,0.850659399949683
2023-11-29 12:00:00+01:00,0.38090579890824305,0.08751601341528363,0.1458966565349544,0.862601117503381
2023-11-29 13:00:00+01:00,0.4000330628419425,0.07249818874478814,0.21073961499493415,0.8421269875502779
2023-11-29 14:00:00+01:00,0.35057542324194824,0.06314203599479894,0.182370820668693,0.8308465705337827
2023-11-29 15:00:00+01:00,0.2561687133977603,0.06103090409223727,0.24113475177304963,0.9021543678059736
2023-11-29 16:00:00+01:00,0.1306801996613108,0.060743022469160676,0.24316109422492402,0.9144231540553787
2023-11-29 17:00:00+01:00,0.04365114876297836,0.06477336519223295,0.2755825734549139,0.9676903632492186
2023-11-29 18:00:00+01:00,0.015984927716020243,0.07854370282939654,0.22695035460992907,1.0
2023-11-29 19:00:00+01:00,0.0,0.09735196887040048,0.20466058763931105,1.0
2023-11-29 20:00:00+01:00,0.0,0.09970300212552598,0.19655521783181357,1.0
2023-11-29 21:00:00+01:00,0.0,0.10042270618321746,0.2512664640324215,0.960994569520038
2023-11-29 22:00:00+01:00,0.0,0.10051866672424298,0.2674772036474164,0.8649828879988277
2023-11-29 23:00:00+01:00,0.0,0.10085452861783234,0.4072948328267477,0.8052261077967126
2023-11-30 00:00:00+01:00,0.0,0.10243787754475359,0.36271529888551163,0.7834884390547092
2023-11-30 01:00:00+01:00,0.0,0.0986954164447579,0.3363728470111449,0.7649249393876891
2023-11-30 02:00:00+01:00,0.0,0.09082665208066443,0.3262411347517731,0.7689792376741502
2023-11-30 03:00:00+01:00,0.0,0.0872761120627198,0.3444782168186423,0.7449950984634905
2023-11-30 04:00:00+01:00,0.0,0.09092261262168995,0.3161094224924012,0.7153854550629676
2023-11-30 05:00:00+01:00,0.0,0.0904428099165623,0.14184397163120568,0.7197485335266437
2023-11-30 06:00:00+01:00,0.0,0.08761197395630915,0.10131712259371833,0.7663617133150453
2023-11-30 07:00:00+01:00,0.015643369431489897,0.08492507880759431,0.1337386018237082,0.8442927732812243
2023-11-30 08:00:00+01:00,0.015779992745302035,0.09149837586784314,0.12158054711246201,0.9643341875489133
2023-11-30 09:00:00+01:00,0.020493497071820826,0.0977358110345026,0.2188449848024316,0.9920732341400337
2023-11-30 10:00:00+01:00,0.04897945800165177,0.09562467913194093,0.403242147922999,1.0
2023-11-30 11:00:00+01:00,0.10280904364363447,0.08607660529990067,0.5977710233029382,1.0
2023-11-30 12:00:00+01:00,0.13716980706738738,0.07134666225248178,0.6403242147923,0.9945183914114268
2023-11-30 13:00:00+01:00,0.15247161821434693,0.06256627274864575,0.7254305977710233,0.987114713052496
2023-11-30 14:00:00+01:00,0.15984927716020245,0.06035918030505855,0.6828774062816616,0.9396545193954771
2023-11-30 15:00:00+01:00,0.13477889907567497,0.06059908165762238,0.49442755825734547,0.9200618767285335
2023-11-30 16:00:00+01:00,0.0788316520696041,0.06064706192813515,0.48632218844984804,0.9471086110590319
2023-11-30 17:00:00+01:00,0.03340440022706795,0.0609829238217245,0.2978723404255319,0.9451174185412232
2023-11-30 18:00:00+01:00,0.015848304402208104,0.06865976710376692,0.30192502532928067,0.948489038850246
2023-11-30 19:00:00+01:00,0.0,0.07643257092683488,0.19250253292806485,0.9618111841951582
2023-11-30 20:00:00+01:00,0.0,0.07825582120631995,0.28976697061803447,1.0
2023-11-30 21:00:00+01:00,0.0,0.08223818365887946,0.3768996960486322,0.9565812002577224
2023-11-30 22:00:00+01:00,0.0,0.08502103934861985,0.3059777102330294,0.8466070775222523
2023-11-30 23:00:00+01:00,0.0,0.07782399877170507,0.27760891590678827,0.8147048748388899
2023-12-01 00:00:00+01:00,0.0,0.07336183361401791,0.22289766970618036,0.8212369504612405
2023-12-01 01:00:00+01:00,0.0,0.06645267466017973,0.19858156028368795,0.7523958104066624
2023-12-01 02:00:00+01:00,0.0,0.0655410495204372,0.36879432624113473,0.7120405219869229
2023-12-01 03:00:00+01:00,0.0,0.07153858333453283,0.41742654508611954,0.6753475958013249
2023-12-01 04:00:00+01:00,0.0,0.07782399877170507,0.48226950354609927,0.6500808889929399
2023-12-01 05:00:00+01:00,0.0,0.07863966337042208,0.6545086119554204,0.6359837655362387
2023-12-01 06:00:00+01:00,0.0,0.08305384825759647,0.8875379939209727,0.6511805871690255
2023-12-01 07:00:00+01:00,0.0,0.0880917766614368,0.8996960486322189,0.7742239259299704
2023-12-01 08:00:00+01:00,0.015779992745302035,0.10143029186398553,0.8611955420466059,0.9024546215082914
2023-12-01 09:00:00+01:00,0.020561808728726896,0.11126624731910238,0.7862208713272543,0.9589869418367836
2023-12-01 10:00:00+01:00,0.043036343850823736,0.11284959624602363,0.7882472137791287,0.9499788197256054
2023-12-01 11:00:00+01:00,0.08545788278949284,0.11107432623705131,0.7983789260385005,0.9620403926973764
2023-12-01 12:00:00+01:00,0.11312410383645095,0.10857935217038753,0.646403242147923,0.9733976652395049
2023-12-01 13:00:00+01:00,0.12897240823865908,0.10694802297295351,0.6524822695035462,0.9535613600183543
2023-12-01 14:00:00+01:00,0.12972383646462582,0.13880692259342958,0.5045592705167173,0.9577960565890602
2023-12-01 15:00:00+01:00,0.10943527436352321,0.17666335602800126,0.48024316109422494,0.9542528094826588
2023-12-01 16:00:00+01:00,0.07548438088120671,0.19820649748823282,0.48429584599797365,0.9368216280562207
2023-12-01 17:00:00+01:00,0.0372981646707139,0.2171107240702623,0.6565349544072948,0.9495556216834711
2023-12-01 18:00:00+01:00,0.0,0.23433564118434497,0.7497467071935157,0.9615071012807639
2023-12-01 19:00:00+01:00,0.0,0.2342876609138322,0.624113475177305,0.8936864552452279
2023-12-01 20:00:00+01:00,0.0,0.22032540219461755,0.7112462006079028,0.9481764294609544
2023-12-01 21:00:00+01:00,0.0,0.2132243221587283,0.0,0.8836811924142738
2023-12-01 22:00:00+01:00,0.0,0.2160071778484687,0.3302938196555218,0.8320632802181667
2023-12-01 23:00:00+01:00,0.0,0.2076106305087348,0.2857142857142857,0.8048132895825217
2023-12-02 00:00:00+01:00,0.0,0.1898099501484989,0.23910840932117527,0.823586596170555
2023-12-02 01:00:00+01:00,0.0,0.17335271736262048,0.1033434650455927,0.7995950435477109
2023-12-02 02:00:00+01:00,0.0,0.16913045355749715,0.0121580547112462,0.7957400498483354
2023-12-02 03:00:00+01:00,0.0,0.16327686055493978,0.060790273556231005,0.7706400275625396
2023-12-02 04:00:00+01:00,0.0,0.15742326755238245,0.04660587639311044,0.7578709427333981
2023-12-02 05:00:00+01:00,0.0,0.1533449445587974,0.034447821681864235,0.7573535912038671
2023-12-02 06:00:00+01:00,0.0,0.1526732207716187,0.016210739614994935,0.7509566931023226
2023-12-02 07:00:00+01:00,0.0,0.1400064293562487,0.0,0.754221186452626
2023-12-02 08:00:00+01:00,0.016736355941987007,0.12081432115114264,0.02634245187436677,0.8188861969436394
2023-12-02 09:00:00+01:00,0.028895830871267365,0.11064250380243643,0.0364741641337386,0.8773242052834254
2023-12-02 10:00:00+01:00,0.10902540442208679,0.10517275296398121,0.002026342451874367,0.9444841685661071
2023-12-02 11:00:00+01:00,0.24353105687013749,0.09941512050244938,0.0,0.966602035457805
2023-12-02 12:00:00+01:00,0.3397821814507893,0.09524083696783882,0.008105369807497468,0.9181176410756521
2023-12-02 13:00:00+01:00,0.3904011192181867,0.09428123155758351,0.03242147922998987,0.9320412843819283
2023-12-02 14:00:00+01:00,0.3799494357115581,0.0937534485819431,0.0364741641337386,0.9005310177508856
2023-12-02 15:00:00+01:00,0.32202115065521125,0.096632264812709,0.0729483282674772,0.8796102139503978
2023-12-02 16:00:00+01:00,0.203705360893899,0.09653630427168347,0.14387031408308004,0.913639526962708
2023-12-02 17:00:00+01:00,0.06865321519059976,0.09461709345117288,0.14387031408308004,0.9741665880137913
2023-12-02 18:00:00+01:00,0.0,0.1007585680768068,0.10739614994934144,1.0
2023-12-02 19:00:00+01:00,0.0,0.11121826704858961,0.1641337386018237,0.977760743703181
2023-12-02 20:00:00+01:00,0.0,0.12311737413575537,0.2755825734549139,0.9525555703176967
2023-12-02 21:00:00+01:00,0.0,0.14010238989727422,0.2978723404255319,0.9049938097610968
2023-12-02 22:00:00+01:00,0.0,0.15468839213315483,0.48834853090172237,0.8712227411153934
2023-12-02 23:00:00+01:00,0.0,0.16773902571262694,0.5309017223910841,0.8807573590153485
2023-12-03 00:00:00+01:00,0.0,0.19172916096900952,0.48834853090172237,0.8566022107916588
2023-12-03 01:00:00+01:00,0.0,0.20737072915617097,0.49240121580547114,0.8825707468922914
2023-12-03 02:00:00+01:00,0.0,0.22147692868692392,0.5207700101317123,0.8870864233445213
2023-12-03 03:00:00+01:00,0.0,0.23361593712665352,0.5511651469098278,0.8623684525614662
2023-12-03 04:00:00+01:00,0.0,0.26259602051636366,0.5572441742654508,0.8131391064886414
2023-12-03 05:00:00+01:00,0.0,0.28687403739582285,0.5450861195542046,0.7699473425295378
2023-12-03 06:00:00+01:00,0.0,0.3105762910291288,0.5329280648429585,0.7360938582990628
2023-12-03 07:00:00+01:00,0.0,0.33571795277781774,0.502532928064843,0.7073613776942584
2023-12-03 08:00:00+01:00,0.016189862686738454,0.37107941214572565,0.5187436676798379,0.7191160238418606
2023-12-03 09:00:00+01:00,0.03155998549060407,0.39199881008929127,0.5167173252279635,0.7663209395480317
2023-12-03 10:00:00+01:00,0.1474165556032978,0.4026984104136379,0.5086119554204661,0.7956051225939249
2023-12-03 11:00:00+01:00,0.33336088570161876,0.39132708630211255,0.49645390070921985,0.7892777891118138
2023-12-03 12:00:00+01:00,0.46834471974801195,0.38628915789827223,0.48226950354609927,0.8403587031852161
2023-12-03 13:00:00+01:00,0.5267511864027012,0.3787562554277681,0.42958459979736574,0.840757312359387
2023-12-03 14:00:00+01:00,0.5074189874982836,0.3671450299636789,0.4579533941236069,0.7956297114618882
2023-12-03 15:00:00+01:00,0.4042683855701188,0.35251104745728556,0.5005065856129686,0.836279198246443
2023-12-03 16:00:00+01:00,0.22508690950549873,0.3530868107034387,0.49645390070921985,0.9294317912193565
2023-12-03 17:00:00+01:00,0.06380308755026884,0.3948776263200572,0.5045592705167173,0.9139439826494823
2023-12-03 18:00:00+01:00,0.0,0.4542772012148604,0.5167173252279635,0.9506092310453736
2023-12-03 19:00:00+01:00,0.0,0.5089747095994127,0.5329280648429585,0.9823588357401825
2023-12-03 20:00:00+01:00,0.0,0.5283587388865698,0.5288753799392097,0.9950631757186957
2023-12-03 21:00:00+01:00,0.0,0.5481745906083418,0.5288753799392097,0.9559527700514112
2023-12-03 22:00:00+01:00,0.0,0.5597858160724309,0.524822695035461,0.867513304764767
2023-12-03 23:00:00+01:00,0.0,0.5599777371544821,0.5146909827760892,0.8676799892873561
2023-12-04 00:00:00+01:00,0.0,0.5665030539442181,0.5146909827760892,0.8367121583321719
2023-12-04 01:00:00+01:00,0.0,0.5839198921403519,0.5146909827760892,0.7912462461147052
2023-12-04 02:00:00+01:00,0.0,0.5884780178390645,0.5146909827760892,0.7542285998648104
2023-12-04 03:00:00+01:00,0.0,0.5994654997864878,0.5146909827760892,0.7401252985646223
2023-12-04 04:00:00+01:00,0.0,0.6021523949352026,0.5146909827760892,0.7427488782612297
2023-12-04 05:00:00+01:00,0.0,0.604935250624943,0.5045592705167173,0.7391072756829751
2023-12-04 06:00:00+01:00,0.0,0.6267182934377383,0.502532928064843,0.733555660602986
2023-12-04 07:00:00+01:00,0.0,0.627390017224917,0.0,0.775759550607544
2023-12-04 08:00:00+01:00,0.016804667598893076,0.6348749394249085,0.5207700101317123,0.8479673686963551
2023-12-04 09:00:00+01:00,0.02206466518066042,0.6422159208133615,0.4457953394123607,0.9033751569688295
2023-12-04 10:00:00+01:00,0.06667217714032375,0.6602085222556484,0.4214792299898683,0.9319426838981064
2023-12-04 11:00:00+01:00,0.1382627935778845,0.6567539427787293,0.43566362715298884,0.9641020178853628
2023-12-04 12:00:00+01:00,0.1894282246005305,0.6362663672697786,0.48632218844984804,0.9652203720978935
2023-12-04 13:00:00+01:00,0.20322717929555653,0.6341072550967042,0.5126646403242148,0.9437823392738591
2023-12-04 14:00:00+01:00,0.1896331595712487,0.6431275459531041,0.5207700101317123,0.9109027649698789
2023-12-04 15:00:00+01:00,0.15991758881710852,0.6425517827069509,0.45997973657548125,0.9375578082600264
2023-12-04 16:00:00+01:00,0.09474826812871828,0.656610001967191,0.3404255319148936,0.922032314844882
2023-12-04 17:00:00+01:00,0.03982569597623847,0.6622236936171846,0.24113475177304963,0.9322854422144995
2023-12-04 18:00:00+01:00,0.0,0.6575696073774463,0.2127659574468085,0.9558673880508806
2023-12-04 19:00:00+01:00,0.0,0.6442790724454104,0.22492401215805471,0.9513252693776413
2023-12-04 20:00:00+01:00,0.0,0.6224000690915895,0.19858156028368795,0.9969535416272565
2023-12-04 21:00:00+01:00,0.0,0.6039276649441749,0.20263424518743667,0.9438992282761731
2023-12-04 22:00:00+01:00,0.0,0.5883340770275263,0.20263424518743667,0.8416845156873498
2023-12-04 23:00:00+01:00,0.0,0.585311319985222,0.20466058763931105,0.7720775417802288
2023-12-05 00:00:00+01:00,0.0,0.6132838176941641,0.24924012158054712,0.7384909508972424
2023-12-05 01:00:00+01:00,0.0,0.6238394772069724,0.3302938196555218,0.7116076896616051
2023-12-05 02:00:00+01:00,0.0,0.6202409569185151,0.4397163120567376,0.6922585870428839
2023-12-05 03:00:00+01:00,0.0,0.6149151468915981,0.48834853090172237,0.6787519639352549
2023-12-05 04:00:00+01:00,0.0,0.5927962421852134,0.5086119554204661,0.6601336039671857
2023-12-05 05:00:00+01:00,0.0,0.5709172388313924,0.5309017223910841,0.6405686390899488
2023-12-05 06:00:00+01:00,0.0,0.5579145855224331,0.5288753799392097,0.6659264104639869
2023-12-05 07:00:00+01:00,0.0,0.5469750838455227,0.5167173252279635,0.7803675271941244
2023-12-05 08:00:00+01:00,0.017077914226517353,0.5444321295083462,0.49442755825734547,0.8016057601527089
2023-12-05 09:00:00+01:00,0.028622584243643088,0.5254319423852911,0.44984802431610943,0.8441080505065386
2023-12-05 10:00:00+01:00,0.11086981915855067,0.5069595382378765,0.425531914893617,0.8418954356710759
2023-12-05 11:00:00+01:00,0.2432578102425132,0.4900225027468704,0.4336372847011145,0.8375186434457442
2023-12-05 12:00:00+01:00,0.3278959531491332,0.4749087175353494,0.425531914893617,0.8522302383351321
2023-12-05 13:00:00+01:00,0.3548107459701246,0.45921916907767524,0.3910840932117528,0.831104692394405
2023-12-05 14:00:00+01:00,0.3253001101867026,0.41387781344311214,0.3465045592705167,0.7890060759955202
2023-12-05 15:00:00+01:00,0.2561687133977603,0.4131581093854207,0.3728470111448835,0.80654352158436
2023-12-05 16:00:00+01:00,0.1545892795784351,0.38221083490468716,0.342451874366768,0.8278899945643767
2023-12-05 17:00:00+01:00,0.05314646907292201,0.34353873687139846,0.3363728470111449,0.8490699055277888
2023-12-05 18:00:00+01:00,0.0,0.3117278175214352,0.3546099290780142,0.9267512476022584
2023-12-05 19:00:00+01:00,0.0,0.2886972876753079,0.2674772036474164,0.9631304513358518
2023-12-05 20:00:00+01:00,0.0,0.2767022200471166,0.3363728470111449,0.9761633405907383
2023-12-05 21:00:00+01:00,0.0,0.257222230218934,0.2674772036474164,0.9420607562529026
2023-12-05 22:00:00+01:00,0.0,0.2339038187497301,0.20263424518743667,0.8777758214055994
2023-12-05 23:00:00+01:00,0.0,0.21394402621641978,0.1458966565349544,0.8185517148357482
2023-12-06 00:00:00+01:00,0.0,0.185299804720299,0.10131712259371833,0.7979692223552284
2023-12-06 01:00:00+01:00,0.0,0.15958237972545689,0.0790273556231003,0.8044816513844051
2023-12-06 02:00:00+01:00,0.0,0.14912268075367408,0.05673758865248227,0.7755591329577456
2023-12-06 03:00:00+01:00,0.0,0.1376553961011232,0.040526849037487336,0.7415895000152897
2023-12-06 04:00:00+01:00,0.0,0.12743559848190422,0.020263424518743668,0.7442019595936207
2023-12-06 05:00:00+01:00,0.0,0.11284959624602363,0.0121580547112462,0.7013540670136232
2023-12-06 06:00:00+01:00,0.0,0.09845551509219408,0.014184397163120567,0.7199127469118382
2023-12-06 07:00:00+01:00,0.0,0.08813975693194957,0.020263424518743668,0.7976734156493357
2023-12-06 08:00:00+01:00,0.0165314209712688,0.08127857824862415,0.0182370820668693,0.883755081524148
2023-12-06 09:00:00+01:00,0.025685182996682102,0.07576084713965617,0.0182370820668693,0.9894034431232588
2023-12-06 10:00:00+01:00,0.10246748535910413,0.06803602358710098,0.0182370820668693,1.0
2023-12-06 11:00:00+01:00,0.2504305342176505,0.06040716057557132,0.022289766970618033,0.9960038477963453
2023-12-06 12:00:00+01:00,0.3699076221463659,0.05426568594993738,0.0425531914893617,0.9729596403730021
2023-12-06 13:00:00+01:00,0.41451513410602925,0.052538396211477836,0.05876393110435663,0.980320936623842
2023-12-06 14:00:00+01:00,0.40959669480879224,0.05416972540891185,0.05673758865248227,0.9496065302664594
2023-12-06 15:00:00+01:00,0.3243437469900176,0.05661671920506287,0.05065856129685917,0.9356398870677434
2023-12-06 16:00:00+01:00,0.1822555006253932,0.06184656869095428,0.05876393110435663,0.9669865580979404
2023-12-06 17:00:00+01:00,0.057245168487286176,0.0703390765717137,0.0790273556231003,0.9763212536264614
2023-12-06 18:00:00+01:00,0.0,0.08751601341528363,0.11347517730496454,1.0
2023-12-06 19:00:00+01:00,0.0,0.102149995921677,0.17223910840932116,1.0
2023-12-06 20:00:00+01:00,0.0,0.10920309568705347,0.24518743667679838,1.0
2023-12-06 21:00:00+01:00,0.0,0.11697589951012143,0.2877406281661601,0.9631077158209346
2023-12-06 22:00:00+01:00,0.0,0.12901894740882547,0.28368794326241137,0.9349485601094234
2023-12-06 23:00:00+01:00,0.0,0.1461958842523954,0.3444782168186423,0.9125772686199238
2023-12-07 00:00:00+01:00,0.0,0.1603980443241739,0.3485309017223911,0.8926191321216697
2023-12-07 01:00:00+01:00,0.0,0.17090572356646946,0.403242147922999,0.8455790475850418
2023-12-07 02:00:00+01:00,0.0,0.17541586899466938,0.41742654508611954,0.8815952286247196
2023-12-07 03:00:00+01:00,0.0,0.190817535829267,0.3910840932117528,0.8686994927496695
2023-12-07 04:00:00+01:00,0.0,0.21231269701898578,0.45997973657548125,0.8413670865292531
2023-12-07 05:00:00+01:00,0.0,0.2373583982266492,0.47416413373860183,0.8114419898296636
2023-12-07 06:00:00+01:00,0.0,0.261300553212519,0.47416413373860183,0.8117354479041459
2023-12-07 07:00:00+01:00,0.0,0.28989679443812705,0.48226950354609927,0.9325352826121933
2023-12-07 08:00:00+01:00,0.017009602569611284,0.33264721546500076,0.49240121580547114,1.0
2023-12-07 09:00:00+01:00,0.028690895900549157,0.3551499623354876,0.49442755825734547,1.0
2023-12-07 10:00:00+01:00,0.0935869699613151,0.35812473910727904,0.49037487335359675,1.0
2023-12-07 11:00:00+01:00,0.19099939270937008,0.3625389239944535,0.48834853090172237,1.0
2023-12-07 12:00:00+01:00,0.25002066427621406,0.3826906376098148,0.49645390070921985,0.9694698954929679
2023-12-07 13:00:00+01:00,0.2691479282099135,0.39670087659954223,0.46605876393110435,0.9323636558148147
2023-12-07 14:00:00+01:00,0.23731469609168515,0.4132060896559335,0.4457953394123607,0.8993794256895098
2023-12-07 15:00:00+01:00,0.16763680604749434,0.42280214375848646,0.48024316109422494,0.9036330285630564
2023-12-07 16:00:00+01:00,0.08163243000275296,0.44914331226999454,0.5005065856129686,0.8794427891374756
2023-12-07 17:00:00+01:00,0.03183323211822835,0.486232061376362,0.49645390070921985,0.8580811165607103
2023-12-07 18:00:00+01:00,0.0,0.48671186408148964,0.48024316109422494,0.9346589312470177
2023-12-07 19:00:00+01:00,0.0,0.5069115579673638,0.4214792299898683,0.9700139342554772
2023-12-07 20:00:00+01:00,0.0,0.5057600314750574,0.4397163120567376,0.9949755675927391
2023-12-07 21:00:00+01:00,0.0,0.48143403432508547,0.4336372847011145,0.9219225889883569
2023-12-07 22:00:00+01:00,0.0,0.4301911054174523,0.41742654508611954,0.9019262723664683
2023-12-07 23:00:00+01:00,0.0,0.389599796563653,0.3850050658561297,0.865916146664293
2023-12-08 00:00:00+01:00,0.0,0.3646500558970151,0.43566362715298884,0.8771842079938142
2023-12-08 01:00:00+01:00,0.0,0.3543342977367706,0.48226950354609927,0.866460558199182
2023-12-08 02:00:00+01:00,0.0,0.3149904759163032,0.4093211752786221,0.8653046416473653
2023-12-08 03:00:00+01:00,0.0,0.270080942716355,0.41742654508611954,0.8526168593402824
2023-12-08 04:00:00+01:00,0.0,0.24014125391638957,0.3282674772036474,0.8549438920406642
2023-12-08 05:00:00+01:00,0.0,0.22128500760487285,0.3708206686930091,0.8789889468898755
2023-12-08 06:00:00+01:00,0.0,0.20549949860617311,0.3951367781155015,0.9009130692536262
2023-12-08 07:00:00+01:00,0.0,0.19815851721772007,0.3971631205673759,0.8922243521595754
2023-12-08 08:00:00+01:00,0.016736355941987007,0.18246896876004587,0.3606889564336373,0.9471112047024112
2023-12-08 09:00:00+01:00,0.0198786921596662,0.172633013304929,0.3465045592705167,0.9583350305707954
2023-12-08 10:00:00+01:00,0.05089218439502172,0.18501192309722242,0.3850050658561297,0.9363371416031547
2023-12-08 11:00:00+01:00,0.1197503345563397,0.18069369875107355,0.36271529888551163,0.9326850366909725
2023-12-08 12:00:00+01:00,0.1933903007010825,0.1811735014562012,0.4093211752786221,0.9740732973227122
2023-12-08 13:00:00+01:00,0.24120846053533113,0.18784275905747555,0.44174265450861194,0.9420388835343029
2023-12-08 14:00:00+01:00,0.2537778054060479,0.19820649748823282,0.3829787234042553,0.9280272645841168
2023-12-08 15:00:00+01:00,0.21292743457621838,0.2036282680561753,0.4154002026342452,0.9389180941797025
2023-12-08 16:00:00+01:00,0.13546201564473564,0.2090980188946305,0.3566362715298885,0.8760475652627915
2023-12-08 17:00:00+01:00,0.04973088622761854,0.21236067728949853,0.37487335359675783,0.8775479709780629
2023-12-08 18:00:00+01:00,0.0,0.22862598899332592,0.4133738601823708,0.9550736261422353
2023-12-08 19:00:00+01:00,0.0,0.2653308959355913,0.0,0.981070580322908
2023-12-08 20:00:00+01:00,0.0,0.28917709038043554,0.47416413373860183,0.9762417992030222
2023-12-08 21:00:00+01:00,0.0,0.3069777707406714,0.44984802431610943,0.9171512618128996
2023-12-08 22:00:00+01:00,0.0,0.334230564391922,0.47213779128672745,0.9151464780394196
2023-12-08 23:00:00+01:00,0.0,0.35491006098292377,0.5005065856129686,0.8931442645813382
2023-12-09 00:00:00+01:00,0.0,0.3685844380790619,0.524822695035461,0.8467345913644784
2023-12-09 01:00:00+01:00,0.0,0.3664733061765002,0.5349544072948328,0.8040047008495079
2023-12-09 02:00:00+01:00,0.0,0.3635465096752215,0.5309017223910841,0.7752143935278952
2023-12-09 03:00:00+01:00,0.0,0.386529059250836,0.5491388044579534,0.7507405805774114
2023-12-09 04:00:00+01:00,0.0,0.41666066913285255,0.547112462006079,0.7294684919856331
2023-12-09 05:00:00+01:00,0.0,0.45288577336999025,0.5288753799392097,0.7101427426661779
2023-12-09 06:00:00+01:00,0.0,0.49568417466737674,0.5430597771023303,0.7036899937068556
2023-12-09 07:00:00+01:00,0.0,0.5474069062801376,0.5450861195542046,0.7157207999671764
2023-12-09 08:00:00+01:00,0.016668044285080938,0.6162106141954428,0.547112462006079,0.7383382251482775
2023-12-09 09:00:00+01:00,0.025480248025963895,0.6753702877376823,0.5450861195542046,0.7266617926009906
2023-12-09 10:00:00+01:00,0.06551087897292057,0.7231106568978836,0.5430597771023303,0.766701627721664
2023-12-09 11:00:00+01:00,0.10397034181103766,0.7548256157068213,0.5450861195542046,0.7685383688978729
2023-12-09 12:00:00+01:00,0.11640306336794229,0.7815986066529442,0.5450861195542046,0.7788584672435447
2023-12-09 13:00:00+01:00,0.12815266835578623,0.7943613586093398,0.5430597771023303,0.7655769731596618
2023-12-09 14:00:00+01:00,0.13341266593755358,0.7947452007734419,0.5450861195542046,0.7224645358635862
2023-12-09 15:00:00+01:00,0.11073319584473852,0.7966164313234397,0.5450861195542046,0.6933592705212714
2023-12-09 16:00:00+01:00,0.06988282501490901,0.7982477605208738,0.5450861195542046,0.7349474535244453
2023-12-09 17:00:00+01:00,0.032174790402758696,0.8073640119182991,0.5430597771023303,0.7405556597525453
2023-12-09 18:00:00+01:00,0.0,0.809427163550348,0.541033434650456,0.7868952730716074
2023-12-09 19:00:00+01:00,0.0,0.8085155384106055,0.5430597771023303,0.8002633847247184
2023-12-09 20:00:00+01:00,0.0,0.8079397751644524,0.5450861195542046,0.7544658343091348
2023-12-09 21:00:00+01:00,0.0,0.8017023399977928,0.5450861195542046,0.7175441948996828
2023-12-09 22:00:00+01:00,0.0,0.7789117115042294,0.5349544072948328,0.6993018310968517
2023-12-09 23:00:00+01:00,0.0,0.7606792087093787,0.5450861195542046,0.713262296452081
2023-12-10 00:00:00+01:00,0.0,0.747532614588881,0.5450861195542046,0.6913480586379093
2023-12-10 01:00:00+01:00,0.0,0.7233985385209601,0.5390070921985816,0.6474979605573618
2023-12-10 02:00:00+01:00,0.0,0.7124590368440497,0.5450861195542046,0.6126867512994426
2023-12-10 03:00:00+01:00,0.0,0.6966255475748372,0.5430597771023303,0.6069345960636706
2023-12-10 04:00:00+01:00,0.0,0.6763778734184502,0.5329280648429585,0.5814667313151541
2023-12-10 05:00:00+01:00,0.0,0.658049410082574,0.541033434650456,0.5718490800460788
2023-12-10 06:00:00+01:00,0.0,0.6307486361608107,0.5106382978723404,0.5787933560982715
2023-12-10 07:00:00+01:00,0.0,0.609829238217245,0.44376899696048633,0.5979049740062726
2023-12-10 08:00:00+01:00,0.015779992745302035,0.6013847106069984,0.5329280648429585,0.6178722547637727
2023-12-10 09:00:00+01:00,0.027392974419333836,0.5813289575326626,0.5390070921985816,0.6412235115172693
2023-12-10 10:00:00+01:00,0.10233086204529199,0.5677985212480627,0.5126646403242148,0.6990654594488448
2023-12-10 11:00:00+01:00,0.2144302910281519,0.5856471818788114,0.49240121580547114,0.7118178641005716
2023-12-10 12:00:00+01:00,0.2897097369386404,0.6134757387762152,0.502532928064843,0.7159933758797874
2023-12-10 13:00:00+01:00,0.31259414200217367,0.6633752201094909,0.5146909827760892,0.7420430919964943
2023-12-10 14:00:00+01:00,0.2746811724193051,0.6957139224350947,0.5146909827760892,0.69361887296256
2023-12-10 15:00:00+01:00,0.2010412062745623,0.7107797273761028,0.5288753799392097,0.6719002330293817
2023-12-10 16:00:00+01:00,0.10663449643037436,0.7376006985927386,0.5288753799392097,0.6560875818892264
2023-12-10 17:00:00+01:00,0.035795308218780374,0.7672045254991147,0.5288753799392097,0.6439361799204995
2023-12-10 18:00:00+01:00,0.0,0.7679242295568062,0.5309017223910841,0.7010503516171821
2023-12-10 19:00:00+01:00,0.0,0.7667727030644998,0.5430597771023303,0.8196842780882989
2023-12-10 20:00:00+01:00,0.0,0.7435982324068342,0.5552178318135765,0.8725238422435794
2023-12-10 21:00:00+01:00,0.0,0.7165373598376347,0.5612968591691996,0.8608860850982912
2023-12-10 22:00:00+01:00,0.0,0.6867416118492076,0.5612968591691996,0.7625142555338384
2023-12-10 23:00:00+01:00,0.0,0.6441831119043848,0.5612968591691996,0.7626643823849975
2023-12-11 00:00:00+01:00,0.0,0.6247031220762023,0.5612968591691996,0.7229560629564564
2023-12-11 01:00:00+01:00,0.0,0.6210566215172321,0.5491388044579534,0.6955645944505342
2023-12-11 02:00:00+01:00,0.0,0.6152989890557002,0.5450861195542046,0.648742225525468
2023-12-11 03:00:00+01:00,0.0,0.6118444095787812,0.5329280648429585,0.6398836124811
2023-12-11 04:00:00+01:00,0.0,0.6111726857916024,0.5065856129685917,0.6216097416764856
2023-12-11 05:00:00+01:00,0.0,0.605558994141609,0.5207700101317123,0.6123064306437637
2023-12-11 06:00:00+01:00,0.0,0.6070943627980174,0.5065856129685917,0.638571513740622
2023-12-11 07:00:00+01:00,0.0,0.5833921091647114,0.5227963525835866,0.7628136464398387
2023-12-11 08:00:00+01:00,0.0165314209712688,0.5588741909326884,0.5126646403242148,0.8995947926696612
2023-12-11 09:00:00+01:00,0.02261115843590898,0.5165076120699168,0.45997973657548125,0.9293488803562207
2023-12-11 10:00:00+01:00,0.05792828505634687,0.49352506249430234,0.4214792299898683,0.9369575458673596
2023-12-11 11:00:00+01:00,0.12856253829722264,0.4567241950110114,0.3850050658561297,0.9626358353212381
2023-12-11 12:00:00+01:00,0.20582302225798715,0.43791592897000753,0.3140830800405269,0.9263895829830244
2023-12-11 13:00:00+01:00,0.2474931329706895,0.4322542570495012,0.28368794326241137,0.8453965456813552
2023-12-11 14:00:00+01:00,0.2197586002668253,0.4208349526674631,0.22695035460992907,0.8525733641694785
2023-12-11 15:00:00+01:00,0.1657923913110305,0.36498591779060446,0.25329280648429586,0.8903376929571067
2023-12-11 16:00:00+01:00,0.09174255522485122,0.3198364832380925,0.2857142857142857,0.8660607134563136
2023-12-11 17:00:00+01:00,0.03374595851159829,0.3016999409842672,0.20466058763931105,0.8977014603453415
2023-12-11 18:00:00+01:00,0.0,0.28720989928941215,0.19858156028368795,0.9330946434774354
2023-12-11 19:00:00+01:00,0.0,0.2837073395419803,0.22289766970618036,0.913670538686127
2023-12-11 20:00:00+01:00,0.0,0.27209611407789114,0.28976697061803447,0.9554923771879443
2023-12-11 21:00:00+01:00,0.0,0.26374754700867004,0.2998986828774063,0.9172124277178468
2023-12-11 22:00:00+01:00,0.0,0.2610606518599552,0.27760891590678827,0.8595613804044439
2023-12-11 23:00:00+01:00,0.0,0.22862598899332592,0.24518743667679838,0.8373420691191493
2023-12-12 00:00:00+01:00,0.0,0.21864609272667077,0.24316109422492402,0.8395749483321344
2023-12-12 01:00:00+01:00,0.0,0.21399200648693256,0.3363728470111449,0.8202233745760185
2023-12-12 02:00:00+01:00,0.0,0.21039348619847517,0.3161094224924012,0.8104217408225904
2023-12-12 03:00:00+01:00,0.0,0.21663092136513465,0.3059777102330294,0.8089207173229704
2023-12-12 04:00:00+01:00,0.0,0.24182056338433636,0.281661600810537,0.7431786216648042
2023-12-12 05:00:00+01:00,0.0,0.24666657070612563,0.3728470111448835,0.6464324907868496
2023-12-12 06:00:00+01:00,0.0,0.2655707972881551,0.46808510638297873,0.6786864735398669
2023-12-12 07:00:00+01:00,0.0,0.28159620763941867,0.47011144883485306,0.8036913511698831
2023-12-12 08:00:00+01:00,0.017214537540329495,0.30937678426630966,0.5005065856129686,0.8532763065244392
2023-12-12 09:00:00+01:00,0.02220128849447256,0.3289047543650051,0.5268490374873354,0.8669040206188385
2023-12-12 10:00:00+01:00,0.06236854275524138,0.34200336821498994,0.5288753799392097,0.8468979419533554
2023-12-12 11:00:00+01:00,0.13518876901711138,0.3807234465187914,0.5572441742654508,0.7970818022375508
2023-12-12 12:00:00+01:00,0.17911316440771402,0.4359967181494969,0.541033434650456,0.7902225354135086
2023-12-12 13:00:00+01:00,0.19598614366351316,0.47654004673278344,0.5309017223910841,0.7696142184963282
2023-12-12 14:00:00+01:00,0.18082095583036575,0.5087827885173616,0.5430597771023303,0.8079014588726258
2023-12-12 15:00:00+01:00,0.1347105874187689,0.5024493928096766,0.5390070921985816,0.8472897554996908
2023-12-12 16:00:00+01:00,0.07671399070551596,0.49280535843661083,0.541033434650456,0.8203929030083823
2023-12-12 17:00:00+01:00,0.03354102354088009,0.5022094914571128,0.5309017223910841,0.8130371668166805
2023-12-12 18:00:00+01:00,0.0,0.5239445539993954,0.547112462006079,0.8693301490814067
2023-12-12 19:00:00+01:00,0.0,0.5465912416814206,0.563323201621074,0.8947752783150059
2023-12-12 20:00:00+01:00,0.0,0.5412654316545036,0.569402228976697,0.9025382726617603
2023-12-12 21:00:00+01:00,0.0,0.5427048397698866,0.5511651469098278,0.8413469446577151
2023-12-12 22:00:00+01:00,0.0,0.5319572591750272,0.5673758865248227,0.822216793219253
2023-12-12 23:00:00+01:00,0.0,0.512381308805819,0.5592705167173252,0.8052839345135209
2023-12-13 00:00:00+01:00,0.0,0.48853511436097474,0.5430597771023303,0.8152448393773537
2023-12-13 01:00:00+01:00,0.0,0.4658404464084368,0.5005065856129686,0.763252906875039
2023-12-13 02:00:00+01:00,0.0,0.4473200619905095,0.47416413373860183,0.7303769167711663
2023-12-13 03:00:00+01:00,0.0,0.43690834328923944,0.44174265450861194,0.7588145812268068
2023-12-13 04:00:00+01:00,0.0,0.42256224240592266,0.47011144883485306,0.7546075624458075
2023-12-13 05:00:00+01:00,0.0,0.40351407501235487,0.36879432624113473,0.6956566495729161
2023-12-13 06:00:00+01:00,0.0,0.38609723681622116,0.24113475177304963,0.7426795586537651
2023-12-13 07:00:00+01:00,0.0,0.3514554815060047,0.3302938196555218,0.8233602315781114
2023-12-13 08:00:00+01:00,0.016736355941987007,0.3321674127598731,0.3181357649442756,0.9087515610513321
2023-12-13 09:00:00+01:00,0.020698432042539034,0.31254348212015215,0.40526849037487334,0.9458220917432458
2023-12-13 10:00:00+01:00,0.05109711936573993,0.3017959015252928,0.46605876393110435,0.9219123369208246
2023-12-13 11:00:00+01:00,0.11708617993700299,0.2795810362778825,0.5106382978723404,0.923969509857959
2023-12-13 12:00:00+01:00,0.1864908233535695,0.2695531597407146,0.49037487335359675,0.9641207964277922
2023-12-13 13:00:00+01:00,0.20664276214086,0.2833234973778782,0.5086119554204661,0.8707763122799776
2023-12-13 14:00:00+01:00,0.21033159161378773,0.31009648832400116,0.5268490374873354,0.8383660248323146
2023-12-13 15:00:00+01:00,0.18505627855854206,0.323818845690652,0.5045592705167173,0.8844408484233297
2023-12-13 16:00:00+01:00,0.11865734804584258,0.3320714522188476,0.5815602836879432,0.8712074190126604
2023-12-13 17:00:00+01:00,0.04255816225248125,0.343634697412424,0.585612968591692,0.8969780086008895
2023-12-13 18:00:00+01:00,0.0,0.3703597080880342,0.5896656534954408,0.9023100547162708
2023-12-13 19:00:00+01:00,0.0,0.3582206996483046,0.5896656534954408,0.9327187698181817
2023-12-13 20:00:00+01:00,0.0,0.34488218444575586,0.5896656534954408,0.9829347542768548
2023-12-13 21:00:00+01:00,0.0,0.35663735072138336,0.5896656534954408,0.9086989216212824
2023-12-13 22:00:00+01:00,0.0,0.3692081815957278,0.5896656534954408,0.8678550725244316
2023-12-13 23:00:00+01:00,0.0,0.3714632543098278,0.5896656534954408,0.8393152233848615
2023-12-14 00:00:00+01:00,0.0,0.36700108915214064,0.5876393110435664,0.8633141894198898
2023-12-14 01:00:00+01:00,0.0,0.3692081815957278,0.5714285714285714,0.7681600241012243
2023-12-14 02:00:00+01:00,0.0,0.3654177402252194,0.5309017223910841,0.7668681897382688
2023-12-14 03:00:00+01:00,0.0,0.3648419769790662,0.48226950354609927,0.7072559763281743
2023-12-14 04:00:00+01:00,0.0,0.33869272954960916,0.39918946301925023,0.6984533366475685
2023-12-14 05:00:00+01:00,0.0,0.31950062134450313,0.2755825734549139,0.6848993891570588
2023-12-14 06:00:00+01:00,0.0,0.31849303566373505,0.182370820668693,0.7213123260178617
2023-12-14 07:00:00+01:00,0.0,0.2970938350150418,0.1276595744680851,0.8395039031320348
2023-12-14 08:00:00+01:00,0.016804667598893076,0.27977295735993357,0.0851063829787234,0.8718201595982855
2023-12-14 09:00:00+01:00,0.025275313055245684,0.26470715241892534,0.09523809523809523,0.9320930557612341
2023-12-14 10:00:00+01:00,0.09242567179391192,0.23822204309587897,0.11347517730496454,0.9299081187154783
2023-12-14 11:00:00+01:00,0.20739419036682674,0.22848204818178763,0.08308004052684904,0.9230794960969022
2023-12-14 12:00:00+01:00,0.29503804617731383,0.20833033456642627,0.0547112462006079,0.9561099375423745
2023-12-14 13:00:00+01:00,0.3138237518264829,0.19897418181643706,0.040526849037487336,0.923236541081881
2023-12-14 14:00:00+01:00,0.2951063578342199,0.19297664800234143,0.0729483282674772,0.8672634591126465
2023-12-14 15:00:00+01:00,0.2265214543005262,0.18299675173568627,0.1276595744680851,0.907805818938482
2023-12-14 16:00:00+01:00,0.1217313726066157,0.1716734078946737,0.19655521783181357,0.8849805626953979
2023-12-14 17:00:00+01:00,0.041670110712702345,0.15617578051905057,0.32016210739615,0.9217786399806849
2023-12-14 18:00:00+01:00,0.0,0.15732730701135691,0.3221884498480243,0.999314057188452
2023-12-14 19:00:00+01:00,0.0,0.1660117359741674,0.30192502532928067,1.0
2023-12-14 20:00:00+01:00,0.0,0.16989813788570138,0.2978723404255319,1.0
2023-12-14 21:00:00+01:00,0.0,0.16462030812929723,0.15602836879432624,1.0
2023-12-14 22:00:00+01:00,0.0,0.16649153867929506,0.1661600810536981,0.9456410704202256
2023-12-14 23:00:00+01:00,0.0,0.1651960713754504,0.1702127659574468,0.9090041175983896
2023-12-15 00:00:00+01:00,0.0,0.16385262380109297,0.0972644376899696,0.8766061858377004
2023-12-15 01:00:00+01:00,0.0,0.1512817929267485,0.0911854103343465,0.8572207564483909
2023-12-15 02:00:00+01:00,0.0,0.14053421233188912,0.05065856129685917,0.8175752060114476
2023-12-15 03:00:00+01:00,0.0,0.13055431606523396,0.0364741641337386,0.843039364053872
2023-12-15 04:00:00+01:00,0.0,0.11855924843704269,0.08105369807497467,0.817762772695908
2023-12-15 05:00:00+01:00,0.0,0.11366526084474063,0.17223910840932116,0.7964125930097992
2023-12-15 06:00:00+01:00,0.0,0.10430910809475143,0.13779128672745694,0.812764713410054
2023-12-15 07:00:00+01:00,0.0,0.09384940912296863,0.14792299898682879,0.9016125499144638
2023-12-15 08:00:00+01:00,0.01639479765745666,0.09125847451527931,0.0851063829787234,0.9918013985177557
2023-12-15 09:00:00+01:00,0.025411936369057822,0.08909936234220488,0.07497467071935157,1.0
2023-12-15 10:00:00+01:00,0.08791710243811134,0.08871552017810276,0.03242147922998987,1.0
2023-12-15 11:00:00+01:00,0.20343211426627472,0.08257404555246882,0.08308004052684904,0.9899368570458558
2023-12-15 12:00:00+01:00,0.29360350138228636,0.08262202582298159,0.044579533941236066,0.953771289445352
2023-12-15 13:00:00+01:00,0.3496190600452633,0.08578872367682408,0.06281661600810537,0.9368674666040083
2023-12-15 14:00:00+01:00,0.34907256679001475,0.0896271453178453,0.030395136778115502,0.9188156359013967
2023-12-15 15:00:00+01:00,0.28834350380051904,0.09241000100758567,0.0243161094224924,0.9087870197711765
2023-12-15 16:00:00+01:00,0.1657923913110305,0.0972080280588622,0.03242147922998987,0.9216649624060989
2023-12-15 17:00:00+01:00,0.05130205433645813,0.09821561373963025,0.0547112462006079,0.9619693422428501
2023-12-15 18:00:00+01:00,0.0,0.09197817857297079,0.022289766970618033,1.0
2023-12-15 19:00:00+01:00,0.0,0.0978797518460409,0.0,1.0
2023-12-15 20:00:00+01:00,0.0,0.10397324620116208,0.002026342451874367,0.9665619967266976
2023-12-15 21:00:00+01:00,0.0,0.10286969997936847,0.008105369807497468,0.9365998329661868
2023-12-15 22:00:00+01:00,0.0,0.10248585781526635,0.0364741641337386,0.8758027896458715
2023-12-15 23:00:00+01:00,0.0,0.10430910809475143,0.05876393110435663,0.8399938218838277
2023-12-16 00:00:00+01:00,0.0,0.1086273324409003,0.044579533941236066,0.8394475569958926
2023-12-16 01:00:00+01:00,0.0,0.10925107595756624,0.044579533941236066,0.8203345810132097
2023-12-16 02:00:00+01:00,0.0,0.10829147054731093,0.05673758865248227,0.7764716319673242
2023-12-16 03:00:00+01:00,0.0,0.10550861485757056,0.0668693009118541,0.7433213351037787
2023-12-16 04:00:00+01:00,0.0,0.10517275296398121,0.06889564336372847,0.733406519054129
2023-12-16 05:00:00+01:00,0.0,0.10982683920371943,0.0729483282674772,0.7197271560864082
2023-12-16 06:00:00+01:00,0.0,0.11664003761653208,0.08915906788247213,0.7045221807511041
2023-12-16 07:00:00+01:00,0.0,0.11961481438832351,0.12158054711246201,0.7174670943620808
2023-12-16 08:00:00+01:00,0.01646310931436273,0.12287747278319154,0.11550151975683891,0.7651918327351777
2023-12-16 09:00:00+01:00,0.025685182996682102,0.11822338654345332,0.14792299898682879,0.8263278051598093
2023-12-16 10:00:00+01:00,0.11626644005413014,0.11419304382038105,0.14387031408308004,0.8392999012821285
2023-12-16 11:00:00+01:00,0.29169077498891643,0.10555659512808332,0.1276595744680851,0.8228426297821849
2023-12-16 12:00:00+01:00,0.4286556470855856,0.09351354722937927,0.1398176291793313,0.8005322539312372
2023-12-16 13:00:00+01:00,0.48911146344745704,0.08468517745503049,0.14387031408308004,0.795795772945702
2023-12-16 14:00:00+01:00,0.48282679101209863,0.08127857824862415,0.12360688956433637,0.7879768052351855
2023-12-16 15:00:00+01:00,0.40379020397177634,0.08497305907810708,0.12968591691995948,0.7866727376912405
2023-12-16 16:00:00+01:00,0.2396372924264915,0.0875639936857964,0.14184397163120568,0.8037735164882592
2023-12-16 17:00:00+01:00,0.07404983608617925,0.09106655343322825,0.13576494427558258,0.8452134259933203
2023-12-16 18:00:00+01:00,0.0,0.10339748295500889,0.13576494427558258,0.9020692308174119
2023-12-16 19:00:00+01:00,0.0,0.11817540627294056,0.1094224924012158,0.8923937528315282
2023-12-16 20:00:00+01:00,0.0,0.1243168808985745,0.07497467071935157,0.8947970232731945
2023-12-16 21:00:00+01:00,0.0,0.12757953929344254,0.07092198581560284,0.8752449093612957
2023-12-16 22:00:00+01:00,0.0,0.12095826196268093,0.1398176291793313,0.8482846700940408
2023-12-16 23:00:00+01:00,0.0,0.11045058272038537,0.160081053698075,0.8411877960532945
2023-12-17 00:00:00+01:00,0.0,0.09739994914091325,0.13779128672745694,0.8411064935312359
2023-12-17 01:00:00+01:00,0.0,0.08612458557041344,0.13171225937183384,0.7707889188450012
2023-12-17 02:00:00+01:00,0.0,0.08444527610246666,0.1033434650455927,0.7539963024408487
2023-12-17 03:00:00+01:00,0.0,0.08118261770759863,0.10739614994934144,0.735770496309448
2023-12-17 04:00:00+01:00,0.0,0.08401345366785178,0.11752786220871327,0.737057388397614
2023-12-17 05:00:00+01:00,0.0,0.08938724396528147,0.10131712259371833,0.6634077316006728
2023-12-17 06:00:00+01:00,0.0,0.10550861485757056,0.09321175278622088,0.6587677527339447
2023-12-17 07:00:00+01:00,0.0,0.12249363061908942,0.09929078014184398,0.6800242742110212
2023-12-17 08:00:00+01:00,0.016053239372926312,0.13544830365753602,0.12563323201621074,0.6908986686411611
2023-12-17 09:00:00+01:00,0.025480248025963895,0.1411099755780423,0.12563323201621074,0.753933533449251
2023-12-17 10:00:00+01:00,0.11428540200385413,0.14039027152035083,0.11347517730496454,0.7630430999540257
2023-12-17 11:00:00+01:00,0.28479129764140343,0.11999865655242563,0.15602836879432624,0.8190025906675891
2023-12-17 12:00:00+01:00,0.4136270825662503,0.09384940912296863,0.17223910840932116,0.7599649377194853
2023-12-17 13:00:00+01:00,0.47298991241762467,0.08046291364990715,0.1540020263424519,0.7929663433005689
2023-12-17 14:00:00+01:00,0.4729216007607186,0.07494518254093915,0.09321175278622088,0.7183553772760759
2023-12-17 15:00:00+01:00,0.3940216370342084,0.06794006304607544,0.07092198581560284,0.6937080841751673
2023-12-17 16:00:00+01:00,0.23717807277787303,0.06726833925889673,0.0790273556231003,0.7205618142680517
2023-12-17 17:00:00+01:00,0.07234204466352752,0.07988715040375396,0.0729483282674772,0.8116819456777784
2023-12-17 18:00:00+01:00,0.0,0.09965502185501321,0.07092198581560284,0.949635566130848
2023-12-17 19:00:00+01:00,0.0,0.12417294008703621,0.07497467071935157,1.0
2023-12-17 20:00:00+01:00,0.0,0.14134987693060613,0.06281661600810537,0.9982689743014468
2023-12-17 21:00:00+01:00,0.0,0.1486908583190592,0.08308004052684904,1.0
2023-12-17 22:00:00+01:00,0.0,0.13362505337805095,0.08915906788247213,0.9298037079061225
2023-12-17 23:00:00+01:00,0.0,0.12302141359472984,0.1033434650455927,0.8998883732501279
2023-12-18 00:00:00+01:00,0.0,0.11510466896012359,0.11550151975683891,0.8459057435083689
2023-12-18 01:00:00+01:00,0.0,0.1128975765165364,0.1762917933130699,0.7910649797797162
2023-12-18 02:00:00+01:00,0.0,0.11352132003320234,0.24924012158054712,0.7326719471914005
2023-12-18 03:00:00+01:00,0.0,0.10690004270244075,0.2553191489361702,0.7311790773942978
2023-12-18 04:00:00+01:00,0.0,0.09591256075501753,0.2998986828774063,0.6844952199237497
2023-12-18 05:00:00+01:00,0.0,0.08789985557938575,0.3404255319148936,0.6896469902608705
2023-12-18 06:00:00+01:00,0.0,0.09226606019604738,0.3059777102330294,0.759923913686076
2023-12-18 07:00:00+01:00,0.0,0.09327364587681544,0.28976697061803447,0.8881465780678639
2023-12-18 08:00:00+01:00,0.016736355941987007,0.09509689615630053,0.3768996960486322,1.0
2023-12-18 09:00:00+01:00,0.026504922879554936,0.09936714023193662,0.3505572441742654,1.0
2023-12-18 10:00:00+01:00,0.11811085479059402,0.0977358110345026,0.3728470111448835,1.0
2023-12-18 11:00:00+01:00,0.2829468829049395,0.10003886401911534,0.342451874366768,0.9806859351767881
2023-12-18 12:00:00+01:00,0.39887176467453933,0.09864743617424514,0.38095238095238093,0.9142701832944451
2023-12-18 13:00:00+01:00,0.440883433671772,0.09461709345117288,0.36271529888551163,0.8800052389244611
2023-12-18 14:00:00+01:00,0.42701616731983993,0.09778379130501537,0.3586626139817629,0.8930123037426869
2023-12-18 15:00:00+01:00,0.35296633123366067,0.09783177157552814,0.3890577507598784,0.9365289102720715
2023-12-18 16:00:00+01:00,0.20698432042539033,0.10872329298192582,0.3768996960486322,0.970470247640472
2023-12-18 17:00:00+01:00,0.0645545157762356,0.1126096948934598,0.403242147922999,1.0
2023-12-18 18:00:00+01:00,0.0,0.13237756634471903,0.4457953394123607,1.0
2023-12-18 19:00:00+01:00,0.0,0.14941056237675068,0.5207700101317123,1.0
2023-12-18 20:00:00+01:00,0.0,0.16361272244852915,0.5005065856129686,1.0
2023-12-18 21:00:00+01:00,0.0,0.17824670495492254,0.502532928064843,1.0
2023-12-18 22:00:00+01:00,0.0,0.18410029795747987,0.45390070921985815,0.9377180646727332
2023-12-18 23:00:00+01:00,0.0,0.19715093153695198,0.48429584599797365,0.9220670332743932
2023-12-19 00:00:00+01:00,0.0,0.20823437402540074,0.5754812563323202,0.9335897547704135
2023-12-19 01:00:00+01:00,0.0,0.21802234921000482,0.6058763931104356,0.8700922762278576
2023-12-19 02:00:00+01:00,0.0,0.2248355476228175,0.5876393110435664,0.8136001118820303
2023-12-19 03:00:00+01:00,0.0,0.23740637849716195,0.5612968591691996,0.7797079522495565
2023-12-19 04:00:00+01:00,0.0,0.25074489369971065,0.547112462006079,0.7313059734521752
2023-12-19 05:00:00+01:00,0.0,0.2560707037266276,0.6038500506585613,0.7198392253199171
2023-12-19 06:00:00+01:00,0.0,0.2772779832932698,0.6220871327254306,0.7696861317471719
2023-12-19 07:00:00+01:00,0.0,0.30174792125478,0.6342451874366768,0.8831370258913536
2023-12-19 08:00:00+01:00,0.016668044285080938,0.33691745954063684,0.646403242147923,0.9698583698511645
2023-12-19 09:00:00+01:00,0.025480248025963895,0.3576449364021514,0.6423505572441742,1.0
2023-12-19 10:00:00+01:00,0.08614099935855353,0.3809633478713553,0.6362715298885512,1.0
2023-12-19 11:00:00+01:00,0.1907944577386519,0.3924786127944189,0.646403242147923,0.9668883251320717
2023-12-19 12:00:00+01:00,0.26238507417621265,0.41277426722131855,0.6322188449848024,0.953704073457329
2023-12-19 13:00:00+01:00,0.27891649514748146,0.4486635095648669,0.6119554204660588,0.9281143774317091
2023-12-19 14:00:00+01:00,0.26655208524748286,0.4821057581122642,0.6180344478216818,0.8798212564401086
2023-12-19 15:00:00+01:00,0.21381548611599727,0.4823936397353408,0.6220871327254306,0.8551536989616774
2023-12-19 16:00:00+01:00,0.12125319100827321,0.4913179700507151,0.6200607902735562,0.8971786712626567
2023-12-19 17:00:00+01:00,0.040508812545299165,0.516267710717353,0.6200607902735562,0.9783472870797656
2023-12-19 18:00:00+01:00,0.0,0.5291744034852868,0.5977710233029382,1.0
2023-12-19 19:00:00+01:00,0.0,0.5308537129532336,0.6220871327254306,1.0
2023-12-19 20:00:00+01:00,0.0,0.5103661374442828,0.5673758865248227,1.0
2023-12-19 21:00:00+01:00,0.0,0.48834319327892367,0.585612968591692,1.0
2023-12-19 22:00:00+01:00,0.0,0.46833542047510063,0.630192502532928,0.9778183201535938
2023-12-19 23:00:00+01:00,0.0,0.44098666628282446,0.5876393110435664,0.9156082289775682
2023-12-20 00:00:00+01:00,0.0,0.43609267869052243,0.5187436676798379,0.8215187931390818
2023-12-20 01:00:00+01:00,0.0,0.41248638559824197,0.5390070921985816,0.8266624097736852
2023-12-20 02:00:00+01:00,0.0,0.38446590761878713,0.6180344478216818,0.7711949414313564
2023-12-20 03:00:00+01:00,0.0,0.37947595948545954,0.6058763931104356,0.7522678012860722
2023-12-20 04:00:00+01:00,0.0,0.37645320244315533,0.5876393110435664,0.6801658745872828
2023-12-20 05:00:00+01:00,0.0,0.3827386178803276,0.60790273556231,0.6450268563433236
2023-12-20 06:00:00+01:00,0.0,0.3658015823893215,0.6342451874366768,0.6998515576789102
2023-12-20 07:00:00+01:00,0.0,0.3599959696572769,0.6382978723404256,0.8129018667898902
2023-12-20 08:00:00+01:00,0.017214537540329495,0.36901626051367675,0.6423505572441742,0.9006419739216815
2023-12-20 09:00:00+01:00,0.021586483582317937,0.3672889707752172,0.6484295845997974,0.9806503486965328
2023-12-20 10:00:00+01:00,0.07309347288949428,0.35937222614061093,0.6423505572441742,0.9791230054818876
2023-12-20 11:00:00+01:00,0.18833523809003339,0.3390765717137113,0.6423505572441742,0.9331292394009623
2023-12-20 12:00:00+01:00,0.2731783159673716,0.32357894433808815,0.6524822695035462,0.8768116682682728
2023-12-20 13:00:00+01:00,0.3064460928806274,0.3445943028226793,0.6524822695035462,0.8046069391012052
2023-12-20 14:00:00+01:00,0.31799076289775313,0.37103143187521287,0.6504559270516718,0.7907177692124712
2023-12-20 15:00:00+01:00,0.2664837735905768,0.3827386178803276,0.646403242147923,0.795224301405455
2023-12-20 16:00:00+01:00,0.15240330655744086,0.396748856870055,0.6524822695035462,0.8725154382746665
2023-12-20 17:00:00+01:00,0.05389789729888877,0.4311986910982204,0.6524822695035462,0.9316602181814897
2023-12-20 18:00:00+01:00,0.0,0.4493832136225584,0.6484295845997974,0.9576191147445121
2023-12-20 19:00:00+01:00,0.0,0.4631055709892092,0.6484295845997974,0.9900043180458475
2023-12-20 20:00:00+01:00,0.0,0.4899745224763577,0.6524822695035462,0.9734890973231114
2023-12-20 21:00:00+01:00,0.0,0.536707305955791,0.6524822695035462,0.9062552449305554
2023-12-20 22:00:00+01:00,0.0,0.5806572337454838,0.6524822695035462,0.8203974725107919
2023-12-20 23:00:00+01:00,0.0,0.5753794039890796,0.6524822695035462,0.7939052845311569
2023-12-21 00:00:00+01:00,0.0,0.5629525139262734,0.6524822695035462,0.7629884846649453
2023-12-21 01:00:00+01:00,0.0,0.5601696582365331,0.6524822695035462,0.6811235996147269
2023-12-21 02:00:00+01:00,0.0,0.556715078759614,0.6524822695035462,0.643950266454535
2023-12-21 03:00:00+01:00,0.0,0.5736041339801073,0.6524822695035462,0.6230171069670734
2023-12-21 04:00:00+01:00,0.0,0.6038796846736622,0.6524822695035462,0.5874221481104993
2023-12-21 05:00:00+01:00,0.0,0.6324759258992702,0.6524822695035462,0.6011293113739111
2023-12-21 06:00:00+01:00,0.0,0.6503245865300188,0.6524822695035462,0.6118462880466923
2023-12-21 07:00:00+01:00,0.0,0.6822794466915204,0.6524822695035462,0.6822357759837708
2023-12-21 08:00:00+01:00,0.017829342452484118,0.7160575571325071,0.6524822695035462,0.8606377252812636
2023-12-21 09:00:00+01:00,0.025411936369057822,0.7336663164106919,0.6524822695035462,0.9736906280356228
2023-12-21 10:00:00+01:00,0.06926802010275439,0.755305418411949,0.6524822695035462,0.9062778579394881
2023-12-21 11:00:00+01:00,0.11961371124252755,0.7724343749850061,0.6524822695035462,0.9248906578484191
2023-12-21 12:00:00+01:00,0.160395770415451,0.7892754499349867,0.6524822695035462,0.8656498711011532
2023-12-21 13:00:00+01:00,0.1809575791441779,0.8078917948939396,0.6504559270516718,0.8190600446120175
2023-12-21 14:00:00+01:00,0.1697544674115825,0.8056847024503524,0.6524822695035462,0.7546122544542018
2023-12-21 15:00:00+01:00,0.1517201899883802,0.8031897283836885,0.6524822695035462,0.7482844256937262
2023-12-21 16:00:00+01:00,0.10089631725026453,0.8015583991862546,0.6524822695035462,0.7362474415899185
2023-12-21 17:00:00+01:00,0.04057712420220524,0.795129042937544,0.6524822695035462,0.820875408347991
2023-12-21 18:00:00+01:00,0.0,0.7891794893939611,0.6504559270516718,0.9188856957991943
2023-12-21 19:00:00+01:00,0.0,0.7702272825414189,0.6524822695035462,0.9254351918892926
2023-12-21 20:00:00+01:00,0.0,0.7468608908017023,0.6524822695035462,0.886848315595026
2023-12-21 21:00:00+01:00,0.0,0.7442699561940129,0.6504559270516718,0.854960199445699
2023-12-21 22:00:00+01:00,0.0,0.7436941929478598,0.6524822695035462,0.748358192297616
2023-12-21 23:00:00+01:00,0.0,0.7294920328760813,0.6524822695035462,0.6781145067212555
2023-12-22 00:00:00+01:00,0.0,0.7200878998555793,0.6504559270516718,0.6540982427244638
2023-12-22 01:00:00+01:00,0.0,0.720567702560707,0.6808510638297872,0.624416686073097
2023-12-22 02:00:00+01:00,0.0,0.7127469184671262,0.7598784194528876,0.6289889536734377
2023-12-22 03:00:00+01:00,0.0,0.7033907657171371,0.8976697061803445,0.6124097283904063
2023-12-22 04:00:00+01:00,0.0,0.7024311603068818,0.9706180344478217,0.618761032956132
2023-12-22 05:00:00+01:00,0.0,0.7031028840940605,1.0,0.613720591562187
2023-12-22 06:00:00+01:00,0.0,0.6985447583953478,1.0,0.656855146588831
2023-12-22 07:00:00+01:00,0.0,0.688900724022282,1.0,0.7438477083865712
2023-12-22 08:00:00+01:00,0.015984927716020243,0.7045902724799562,1.0,0.7717277375696046
2023-12-22 09:00:00+01:00,0.021996353523754352,0.7169212020017368,1.0,0.8220208225658798
2023-12-22 10:00:00+01:00,0.07521113425358243,0.7318910464017195,1.0,0.7944442585128921
2023-12-22 11:00:00+01:00,0.16613394959556083,0.7464290683670874,1.0,0.7440510871977021
2023-12-22 12:00:00+01:00,0.22679470092815046,0.7604393073568149,1.0,0.7083127971178046
2023-12-22 13:00:00+01:00,0.2566468949961028,0.7847653045067867,1.0,0.644518771579023
2023-12-22 14:00:00+01:00,0.25637364836847853,0.7852930874824272,1.0,0.6424414567703507
2023-12-22 15:00:00+01:00,0.21764093890273717,0.7808789025952528,1.0,0.6475624603960213
2023-12-22 16:00:00+01:00,0.12651318859004057,0.7647575317029637,1.0,0.7002254554791334
2023-12-22 17:00:00+01:00,0.04365114876297836,0.7449416799811917,1.0,0.7584845461153407
2023-12-22 18:00:00+01:00,0.0,0.7216232685119878,1.0,0.8420712591984845
2023-12-22 19:00:00+01:00,0.0,0.7026710616594456,1.0,0.8884452234291045
2023-12-22 20:00:00+01:00,0.0,0.6846304799466459,1.0,0.877231899894648
2023-12-22 21:00:00+01:00,0.0,0.6586251733287272,1.0,0.7869028089897762
2023-12-22 22:00:00+01:00,0.0,0.6422639010838742,0.950354609929078,0.6955094838830896
2023-12-22 23:00:00+01:00,0.0,0.6148191863505726,1.0,0.6838230442802391
2023-12-23 00:00:00+01:00,0.0,0.5936119067839304,1.0,0.6206576992141641
2023-12-23 01:00:00+01:00,0.0,0.570821278290367,0.9219858156028369,0.5969902488712682
2023-12-23 02:00:00+01:00,0.0,0.5477907484442397,0.92806484295846,0.583038927775285
2023-12-23 03:00:00+01:00,0.0,0.5245682975160614,0.9017223910840932,0.5760091472165774
2023-12-23 04:00:00+01:00,0.0,0.5069115579673638,0.92806484295846,0.5913752470153325
2023-12-23 05:00:00+01:00,0.0,0.36983192511239377,0.9199594731509625,0.6069350913420349
2023-12-23 06:00:00+01:00,0.0,0.5484144919609056,0.9199594731509625,0.5888642318305982
2023-12-23 07:00:00+01:00,0.0,0.590637130012139,0.9078014184397163,0.5964888372288188
2023-12-23 08:00:00+01:00,0.01639479765745666,0.6069504219864791,0.9422492401215805,0.6164285627025965
2023-12-23 09:00:00+01:00,0.023157651691157532,0.6103570211928855,1.0,0.7222363179180966
2023-12-23 10:00:00+01:00,0.08853190735026596,0.5894376232493198,1.0,0.7998886241281775
2023-12-23 11:00:00+01:00,0.20869211184804207,0.5850234383621454,1.0,0.7927125459303875
2023-12-23 12:00:00+01:00,0.287387140603834,0.5896775246018837,1.0,0.7690384224656404
2023-12-23 13:00:00+01:00,0.31300401194361005,0.6086297314544259,1.0,0.7618978082421213
2023-12-23 14:00:00+01:00,0.301117783641954,0.6176980025813386,1.0,0.7416647471998459
2023-12-23 15:00:00+01:00,0.24981572930549586,0.612899975530062,1.0,0.7421267431499633
2023-12-23 16:00:00+01:00,0.1521300599298166,0.6234076547723576,1.0,0.7424386122489217
2023-12-23 17:00:00+01:00,0.05307815741601594,0.6137636203992918,1.0,0.7467661042323426
2023-12-23 18:00:00+01:00,0.0,0.6087256919954515,1.0,0.8079155454066613
2023-12-23 19:00:00+01:00,0.0,0.6185136671800555,1.0,0.9129157024458762
2023-12-23 20:00:00+01:00,0.0,0.6222561282800512,1.0,0.935039747181061
2023-12-23 21:00:00+01:00,0.0,0.6091575144300663,1.0,0.8932763531804007
2023-12-23 22:00:00+01:00,0.0,0.61616263392493,0.9625126646403243,0.8271190906766333
2023-12-23 23:00:00+01:00,0.0,0.6088216525364769,0.950354609929078,0.8426395193110037
2023-12-24 00:00:00+01:00,0.0,0.6211525820582576,1.0,0.7207095924878002
2023-12-24 01:00:00+01:00,0.0,0.6409204535095169,1.0,0.5925409256107439
2023-12-24 02:00:00+01:00,0.0,0.6521958170800166,1.0,0.5505122466036724
2023-12-24 03:00:00+01:00,0.0,0.6185616474505683,1.0,0.5360596363712243
2023-12-24 04:00:00+01:00,0.0,0.4476079436135861,1.0,0.5050862453569018
2023-12-24 05:00:00+01:00,0.0,0.49472456925712144,1.0,0.48124667293826284
2023-12-24 06:00:00+01:00,0.0,0.5023054519981384,1.0,0.4866838701533328
2023-12-24 07:00:00+01:00,0.0,0.5056640709340319,1.0,0.4874244973535638
2023-12-24 08:00:00+01:00,0.01646310931436273,0.45576458960075616,1.0,0.4936312351272689
2023-12-24 09:00:00+01:00,0.024933754770715338,0.6610241868543655,1.0,0.5282813199217371
2023-12-24 10:00:00+01:00,0.09119606196960267,0.7015195351671393,1.0,0.5391422456021902
2023-12-24 11:00:00+01:00,0.2168895106767704,0.6960018040581712,1.0,0.5430766884705782
2023-12-24 12:00:00+01:00,0.31710271135797424,0.69667352784535,1.0,0.5601780850519458
2023-12-24 13:00:00+01:00,0.3467499704552084,0.7122671157619986,1.0,0.6194568069108773
2023-12-24 14:00:00+01:00,0.34770633365189335,0.7170171625427624,1.0,0.5668700495690497
2023-12-24 15:00:00+01:00,0.2860892191226187,0.704638252750469,1.0,0.5605635982488097
2023-12-24 16:00:00+01:00,0.16784174101821256,0.6947063367543266,1.0,0.5414439491442755
2023-12-24 17:00:00+01:00,0.05512750712319802,0.6886128423992054,1.0,0.5482756606845951
2023-12-24 18:00:00+01:00,0.0,0.6836228942658779,1.0,0.5586204704042147
2023-12-24 19:00:00+01:00,0.0,0.6940825932376606,1.0,0.5691614957891762
2023-12-24 20:00:00+01:00,0.0,0.6630393582159015,1.0,0.575573098209105
2023-12-24 21:00:00+01:00,0.0,0.4467442987443563,1.0,0.5725730270688951
2023-12-24 22:00:00+01:00,0.0,0.43374164543539695,1.0,0.5730374941564074
2023-12-24 23:00:00+01:00,0.0,0.41464549777131643,0.9746707193515705,0.573784916984474
2023-12-25 00:00:00+01:00,0.0,0.40672875313671014,1.0,0.5717801332109941
2023-12-25 01:00:00+01:00,0.0,0.4058171279969676,1.0,0.5317033535353838
2023-12-25 02:00:00+01:00,0.0,0.40533732529183997,1.0,0.5071230314105293
2023-12-25 03:00:00+01:00,0.0,0.4026504301431251,1.0,0.4853372979953124
2023-12-25 04:00:00+01:00,0.0,0.39348619847518695,1.0,0.45614294394637495
2023-12-25 05:00:00+01:00,0.0,0.39007959926878066,1.0,0.44802681145528406
2023-12-25 06:00:00+01:00,0.0,0.38705684222647646,1.0,0.4689432907653309
2023-12-25 07:00:00+01:00,0.0,0.382450736257251,1.0,0.47965408959462513
2023-12-25 08:00:00+01:00,0.01646310931436273,0.38820836871878284,0.9848024316109423,0.48417903281208535
2023-12-25 09:00:00+01:00,0.024250638201654642,0.38360226274955733,0.9989868287740629,0.5016951009606898
2023-12-25 10:00:00+01:00,0.09051294540054199,0.5312855353878485,0.9341438703140831,0.5899278482480642
2023-12-25 11:00:00+01:00,0.2110830198397545,0.5588741909326884,0.9219858156028369,0.568233301904485
2023-12-25 12:00:00+01:00,0.30610453459609704,0.5550357692916672,0.9868287740628167,0.555146910423231
2023-12-25 13:00:00+01:00,0.34217308944250174,0.5522529136019269,1.0,0.5604616585768488
2023-12-25 14:00:00+01:00,0.3449055557187445,0.5379547929891229,1.0,0.5442810424679884
2023-12-25 15:00:00+01:00,0.29203233327344674,0.5206339153340146,1.0,0.5558227927728338
2023-12-25 16:00:00+01:00,0.17665394475909552,0.504608504982751,0.9240121580547113,0.5477134559095784
2023-12-25 17:00:00+01:00,0.05915789488065611,0.506863577696851,1.0,0.5596661710755686
2023-12-25 18:00:00+01:00,0.0,0.521977362908372,1.0,0.602322172480665
2023-12-25 19:00:00+01:00,0.0,0.5445280900493716,1.0,0.6189278399847057
2023-12-25 20:00:00+01:00,0.0,0.5609853228352502,1.0,0.6271774191495407
2023-12-25 21:00:00+01:00,0.0,0.5758592066942073,1.0,0.6022668169012515
2023-12-25 22:00:00+01:00,0.0,0.5841597934929157,1.0,0.5845084442731219
2023-12-25 23:00:00+01:00,0.0,0.5690460082813946,1.0,0.5649810417351708
2023-12-26 00:00:00+01:00,0.0,0.5638641390660161,1.0,0.5743403261316551
2023-12-26 01:00:00+01:00,0.0,0.5370431678493803,1.0,0.5491713570107746
2023-12-26 02:00:00+01:00,0.0,0.38523359194699136,1.0,0.5162466844493396
2023-12-26 03:00:00+01:00,0.0,0.37232689917905754,1.0,0.5063576928363506
2023-12-26 04:00:00+01:00,0.0,0.3586525220829195,1.0,0.46569288394906294
2023-12-26 05:00:00+01:00,0.0,0.3452180463393452,0.7659574468085106,0.4638117848057326
2023-12-26 06:00:00+01:00,0.0,0.32180367432911583,0.646403242147923,0.48172646212850795
2023-12-26 07:00:00+01:00,0.0,0.4087439244982463,0.44782168186423504,0.5417552004588854
2023-12-26 08:00:00+01:00,0.01646310931436273,0.3930063957700593,0.5126646403242148,0.5623352218020105
2023-12-26 09:00:00+01:00,0.024250638201654642,0.3623949831829152,0.5531914893617021,0.6086371502758022
2023-12-26 10:00:00+01:00,0.09153762025413302,0.3119197386034862,0.5835866261398176,0.6261918938264055
2023-12-26 11:00:00+01:00,0.21402042108671548,0.25381563101252763,0.23708206686930092,0.6512501517884589
2023-12-26 12:00:00+01:00,0.3089053125292459,0.2380301220138279,0.2735562310030395,0.6482279629176806
2023-12-26 13:00:00+01:00,0.33923568819554073,0.2263229360087132,0.2998986828774063,0.6516277562947743
2023-12-26 14:00:00+01:00,0.34367594589443523,0.2212370273343601,0.22897669706180346,0.6272320344386212
2023-12-26 15:00:00+01:00,0.2749544190469294,0.19100945691131804,0.21073961499493415,0.6718214016447179
2023-12-26 16:00:00+01:00,0.16497265142815765,0.15152169427931234,0.10536980749746708,0.6858951718021531
2023-12-26 17:00:00+01:00,0.05772335008562866,0.12897096713831271,0.26545086119554206,0.7749418176152842
2023-12-26 18:00:00+01:00,0.0,0.12014259736396393,0.25937183383991896,0.8611108413496574
2023-12-26 19:00:00+01:00,0.0,0.1170238797806342,0.30192502532928067,0.9712116151310362
2023-12-26 20:00:00+01:00,0.0,0.11846328789601715,0.3059777102330294,0.9480979655942439
2023-12-26 21:00:00+01:00,0.0,0.1207183606101171,0.39918946301925023,0.8804834197736289
2023-12-26 22:00:00+01:00,0.0,0.12676387469472553,0.6443768996960486,0.8311593024290587
2023-12-26 23:00:00+01:00,0.0,0.1389028831344551,0.707193515704154,0.820195079001963
2023-12-27 00:00:00+01:00,0.0,0.15958237972545689,1.0,0.7955963458526322
2023-12-27 01:00:00+01:00,0.0,0.18208512659594372,1.0,0.793938522380002
2023-12-27 02:00:00+01:00,0.0,0.20329240616258593,1.0,0.7829109121769597
2023-12-27 03:00:00+01:00,0.0,0.2212370273343601,1.0,0.7824427383833553
2023-12-27 04:00:00+01:00,0.0,0.23601495065229175,1.0,0.6612897655309711
2023-12-27 05:00:00+01:00,0.0,0.25554292075098717,1.0,0.6248896796355066
2023-12-27 06:00:00+01:00,0.0,0.28615433333813134,1.0,0.6238945147747609
2023-12-27 07:00:00+01:00,0.0,0.32046022675475844,1.0,0.7288988737984322
2023-12-27 08:00:00+01:00,0.016326486000550592,0.35016001420216003,1.0,0.8134130404759343
2023-12-27 09:00:00+01:00,0.0247971314569032,0.38182699274058507,1.0,0.8592155331663072
2023-12-27 10:00:00+01:00,0.10321891358507089,0.42165061726618014,1.0,0.8961065283702935
2023-12-27 11:00:00+01:00,0.276525587155769,0.4351810535507799,1.0,0.8714168531612938
2023-12-27 12:00:00+01:00,0.41396864085078067,0.422898104299512,1.0,0.7945130828419924
2023-12-27 13:00:00+01:00,0.47141874430878505,0.4252011572841247,1.0,0.7679791305386152
2023-12-27 14:00:00+01:00,0.4535894018563009,0.41430963587772707,1.0,0.7217860598706043
2023-12-27 15:00:00+01:00,0.3589094453844887,0.4183399786007993,1.0,0.7263226184847053
2023-12-27 16:00:00+01:00,0.20739419036682674,0.4707344340007389,1.0,0.781014368424912
2023-12-27 17:00:00+01:00,0.06694542376794803,0.5438563662621929,1.0,0.8158705534343011
2023-12-27 18:00:00+01:00,0.0,0.6260465696505596,1.0,0.8659071249110313
2023-12-27 19:00:00+01:00,0.0,0.692787125933816,1.0,0.8760378032191969
2023-12-27 20:00:00+01:00,0.0,0.7197040576914772,1.0,0.7963739176078003
2023-12-27 21:00:00+01:00,0.0,0.7121231749504603,1.0,0.7402536752031659
2023-12-27 22:00:00+01:00,0.0,0.7055978581607243,1.0,0.6675537122371358
2023-12-27 23:00:00+01:00,0.0,0.681943584797931,1.0,0.6174945277514728
2023-12-28 00:00:00+01:00,0.0,0.6587211338697527,1.0,0.5771606167719687
2023-12-28 01:00:00+01:00,0.0,0.6489331586851487,1.0,0.5471413665849827
2023-12-28 02:00:00+01:00,0.0,0.6304127742672213,1.0,0.5775770191862674
2023-12-28 03:00:00+01:00,0.0,0.5759071869647201,1.0,0.560887082744409
2023-12-28 04:00:00+01:00,0.0,0.3926225536059572,1.0,0.5906011369542877
2023-12-28 05:00:00+01:00,0.0,0.5536923217173098,1.0,0.5484451891169589
2023-12-28 06:00:00+01:00,0.0,0.572644528569852,1.0,0.570821422881248
2023-12-28 07:00:00+01:00,0.0,0.5660232512390905,1.0,0.6081104094750566
2023-12-28 08:00:00+01:00,0.016872979255799146,0.5703414755852393,1.0,0.6431830745273102
2023-12-28 09:00:00+01:00,0.02247453512209684,0.5798895494172795,1.0,0.6719039397354739
2023-12-28 10:00:00+01:00,0.06025088139115323,0.5795057072531774,1.0,0.6891696722080202
2023-12-28 11:00:00+01:00,0.13238799108396254,0.5777304372442051,1.0,0.6749691284986918
2023-12-28 12:00:00+01:00,0.19803549337069523,0.5704854163967776,1.0,0.7218081776011728
2023-12-28 13:00:00+01:00,0.22276431317069237,0.576530930481386,1.0,0.6838119241619627
2023-12-28 14:00:00+01:00,0.21162951309500305,0.5719248245121605,1.0,0.6260494253993997
2023-12-28 15:00:00+01:00,0.15950771887567208,0.5590181317442268,1.0,0.6377658914233673
2023-12-28 16:00:00+01:00,0.09543138469777898,0.5356997202750229,1.0,0.7221982603004465
2023-12-28 17:00:00+01:00,0.03825452786739887,0.525048100221189,1.0,0.8135583475582882
2023-12-28 18:00:00+01:00,0.0,0.5450558730250121,1.0,0.895420143686763
2023-12-28 19:00:00+01:00,0.0,0.5560433549724353,1.0,0.9473124851485271
2023-12-28 20:00:00+01:00,0.0,0.5747076802019009,1.0,0.8865148240438632
2023-12-28 21:00:00+01:00,0.0,0.5926043211031623,1.0,0.7584574861099826
2023-12-28 22:00:00+01:00,0.0,0.5931321040788028,1.0,0.6443810004148379
2023-12-28 23:00:00+01:00,0.0,0.5786420623839477,1.0,0.5892824875979429
2023-12-29 00:00:00+01:00,0.0,0.5800334902288179,1.0,0.5877378464215344
2023-12-29 01:00:00+01:00,0.0,0.579169845359588,1.0,0.5586899125176636
2023-12-29 02:00:00+01:00,0.0,0.554268084963463,1.0,0.5201036540077457
2023-12-29 03:00:00+01:00,0.0,0.3716071951213661,1.0,0.5499217462546002
2023-12-29 04:00:00+01:00,0.0,0.3539504555726685,1.0,0.5371810795054986
2023-12-29 05:00:00+01:00,0.0,0.3415715457803751,1.0,0.5187219906478343
2023-12-29 06:00:00+01:00,0.0,0.3461776517496005,1.0,0.5474204931134605
2023-12-29 07:00:00+01:00,0.0,0.5212096785801678,1.0,0.6267748582573088
2023-12-29 08:00:00+01:00,0.01639479765745666,0.5683742844942159,1.0,0.5588448591376277
2023-12-29 09:00:00+01:00,0.021518171925411868,0.5834400894352242,1.0,0.5924910075844843
2023-12-29 10:00:00+01:00,0.06530594400220237,0.5867027478300922,1.0,0.6567789088475464
2023-12-29 11:00:00+01:00,0.15192512495909838,0.5776824569736924,1.0,0.6562357328813548
2023-12-29 12:00:00+01:00,0.22645314264362013,0.5847355567390689,1.0,0.6543891071555669
2023-12-29 13:00:00+01:00,0.25336793546461145,0.601672592230075,1.0,0.6270524989506938
2023-12-29 14:00:00+01:00,0.24674170474472273,0.6037837241326366,1.0,0.5946409759343334
2023-12-29 15:00:00+01:00,0.201724322843623,0.5905411694711135,1.0,0.5921158742155636
2023-12-29 16:00:00+01:00,0.11367059709169951,0.5636242377134522,1.0,0.6579034409035642
2023-12-29 17:00:00+01:00,0.04126024077126593,0.5444321295083462,1.0,0.6973989869953328
2023-12-29 18:00:00+01:00,0.0,0.5441922281557823,1.0,0.7668355696737723
2023-12-29 19:00:00+01:00,0.0,0.5358436610865611,1.0,0.7869979530339013
2023-12-29 20:00:00+01:00,0.0,0.5263915477955464,0.8794326241134752,0.7791519253180268
2023-12-29 21:00:00+01:00,0.0,0.5197702704647849,0.8632218844984803,0.7405661620864732
2023-12-29 22:00:00+01:00,0.0,0.4891588578776407,0.7862208713272543,0.6574808606457786
2023-12-29 23:00:00+01:00,0.0,0.44914331226999454,0.7639311043566362,0.6795795762226671
2023-12-30 00:00:00+01:00,0.0,0.40509742393927617,0.7659574468085106,0.6688378881759384
2023-12-30 01:00:00+01:00,0.0,0.3694480829482916,0.7619047619047619,0.6203953806235121
2023-12-30 02:00:00+01:00,0.0,0.3403240587470432,0.6281661600810537,0.5884766202687193
2023-12-30 03:00:00+01:00,0.0,0.3248744116419328,0.630192502532928,0.5721908530601701
2023-12-30 04:00:00+01:00,0.0,0.3060181653304161,0.7760891590678825,0.5694602689108278
2023-12-30 05:00:00+01:00,0.0,0.28193206953300803,0.8145896656534954,0.5406699615892151
2023-12-30 06:00:00+01:00,0.0,0.27511887112019534,0.8652482269503546,0.5279378213150108
2023-12-30 07:00:00+01:00,0.0,0.2787653716791655,1.0,0.564317642832953
2023-12-30 08:00:00+01:00,0.015916616059114173,0.2903765971432547,1.0,0.5976605711617327
2023-12-30 09:00:00+01:00,0.02356752163259395,0.3098565869714373,1.0,0.6461426169124752
2023-12-30 10:00:00+01:00,0.08880515397789024,0.32621785921629026,1.0,0.7080124209095024
2023-12-30 11:00:00+01:00,0.22317418311212878,0.34752109932395797,1.0,0.6748731216582491
2023-12-30 12:00:00+01:00,0.34101179127509856,0.3633066083226577,1.0,0.6315694109716211
2023-12-30 13:00:00+01:00,0.39081098915962315,0.3978044228213358,1.0,0.6166172424497698
2023-12-30 14:00:00+01:00,0.39272371555299307,0.41224648424567817,1.0,0.596589046053718
2023-12-30 15:00:00+01:00,0.32666634332482397,0.40384993690594423,1.0,0.6034035821382586
2023-12-30 16:00:00+01:00,0.203705360893899,0.3907033427854466,1.0,0.6909252333681549
2023-12-30 17:00:00+01:00,0.07077087655468792,0.4028903314956889,1.0,0.7181566904733391
2023-12-30 18:00:00+01:00,0.0,0.44506498927640953,1.0,0.837628486553827
2023-12-30 19:00:00+01:00,0.0,0.5264395280660592,1.0,0.8963310396096908
2023-12-30 20:00:00+01:00,0.0,0.586750728100605,1.0,0.8208010239597525
2023-12-30 21:00:00+01:00,0.0,0.626190510462098,1.0,0.734815364925383
2023-12-30 22:00:00+01:00,0.0,0.650276606259506,1.0,0.6720656819832735
2023-12-30 23:00:00+01:00,0.0,0.6694687144646121,1.0,0.6974104798859891
2023-12-31 00:00:00+01:00,0.0,0.680120334518446,1.0,0.6432588169902306
2023-12-31 01:00:00+01:00,0.0,0.704638252750469,1.0,0.6241353386736198
2023-12-31 02:00:00+01:00,0.0,0.7331385334350514,1.0,0.6039367510488868
2023-12-31 03:00:00+01:00,0.0,0.7496437464914427,1.0,0.5500378949665811
2023-12-31 04:00:00+01:00,0.0,0.7599115243811744,1.0,0.5010760600255934
2023-12-31 05:00:00+01:00,0.0,0.7663888609003977,1.0,0.4761666933460014
2023-12-31 06:00:00+01:00,0.0,0.7702272825414189,1.0,0.4724586150700569
2023-12-31 07:00:00+01:00,0.0,0.7656691568427062,1.0,0.4800567782472681
2023-12-31 08:00:00+01:00,0.015643369431489897,0.7781920074465379,1.0,0.5023111807344537
2023-12-31 09:00:00+01:00,0.018444147364638744,0.7723384144439805,1.0,0.5325205912492792
2023-12-31 10:00:00+01:00,0.04078205917292344,0.7577524122081,1.0,0.5894022205100314
2023-12-31 11:00:00+01:00,0.09529476138396684,0.7611110311439936,1.0,0.590820088134547
2023-12-31 12:00:00+01:00,0.1608056403568874,0.7753611714862848,1.0,0.5840381721145027
2023-12-31 13:00:00+01:00,0.20944354007400884,0.776128855814489,1.0,0.5490898094767471
2023-12-31 14:00:00+01:00,0.22884405063533256,0.7670126044170636,1.0,0.5742083652930037
2023-12-31 15:00:00+01:00,0.21606977079389758,0.7612549719555318,1.0,0.553251357227912
2023-12-31 16:00:00+01:00,0.14516227092539752,0.7693156574016764,1.0,0.5881763665664015
2023-12-31 17:00:00+01:00,0.05499088380938588,0.7639418671042467,1.0,0.6445738821464677
2023-12-31 18:00:00+01:00,0.0,0.7576564516670744,1.0,0.6882104665999098
2023-12-31 19:00:00+01:00,0.0,0.7626943800709148,1.0,0.7206011074543991
2023-12-31 20:00:00+01:00,0.0,0.7586160570773297,1.0,0.7178933813259584
2023-12-31 21:00:00+01:00,0.0,0.7457093643093959,1.0,0.6491062387761122
2023-12-31 22:00:00+01:00,0.0,0.7349617837145366,1.0,0.5806494988556854
2023-12-31 23:00:00+01:00,0.0,0.7155297741568667,1.0,0.5761054043234156
