;Actual Load
2023-01-01 00:00:00+01:00;13350
2023-01-01 01:00:00+01:00;13674
2023-01-01 02:00:00+01:00;14709
2023-01-01 03:00:00+01:00;16716
2023-01-01 04:00:00+01:00;22117
2023-01-01 05:00:00+01:00;26113
2023-01-01 06:00:00+01:00;25657
2023-01-01 07:00:00+01:00;25254
2023-01-01 08:00:00+01:00;24271
2023-01-01 09:00:00+01:00;23119
2023-01-01 10:00:00+01:00;22095
2023-01-01 11:00:00+01:00;21453
2023-01-01 12:00:00+01:00;21357
2023-01-01 13:00:00+01:00;21515
2023-01-01 14:00:00+01:00;21888
2023-01-01 15:00:00+01:00;22703
2023-01-01 16:00:00+01:00;23120
2023-01-01 17:00:00+01:00;23042
2023-01-01 18:00:00+01:00;22715
2023-01-01 19:00:00+01:00;22034
2023-01-01 20:00:00+01:00;20021
2023-01-01 21:00:00+01:00;16054
2023-01-01 22:00:00+01:00;13448
2023-01-01 23:00:00+01:00;10972
2023-01-02 00:00:00+01:00;11438
2023-01-02 01:00:00+01:00;11760
2023-01-02 02:00:00+01:00;12576
2023-01-02 03:00:00+01:00;14457
2023-01-02 04:00:00+01:00;19204
2023-01-02 05:00:00+01:00;23187
2023-01-02 06:00:00+01:00;22732
2023-01-02 07:00:00+01:00;22252
2023-01-02 08:00:00+01:00;21285
2023-01-02 09:00:00+01:00;20333
2023-01-02 10:00:00+01:00;19435
2023-01-02 11:00:00+01:00;18791
2023-01-02 12:00:00+01:00;18628
2023-01-02 13:00:00+01:00;18816
2023-01-02 14:00:00+01:00;19135
2023-01-02 15:00:00+01:00;19875
2023-01-02 16:00:00+01:00;20251
2023-01-02 17:00:00+01:00;20302
2023-01-02 18:00:00+01:00;20037
2023-01-02 19:00:00+01:00;19394
2023-01-02 20:00:00+01:00;17642
2023-01-02 21:00:00+01:00;14108
2023-01-02 22:00:00+01:00;11667
2023-01-02 23:00:00+01:00;11252
2023-01-03 00:00:00+01:00;11373
2023-01-03 01:00:00+01:00;11930
2023-01-03 02:00:00+01:00;12732
2023-01-03 03:00:00+01:00;14640
2023-01-03 04:00:00+01:00;19943
2023-01-03 05:00:00+01:00;23608
2023-01-03 06:00:00+01:00;22547
2023-01-03 07:00:00+01:00;22068
2023-01-03 08:00:00+01:00;21100
2023-01-03 09:00:00+01:00;20005
2023-01-03 10:00:00+01:00;19584
2023-01-03 11:00:00+01:00;18738
2023-01-03 12:00:00+01:00;18388
2023-01-03 13:00:00+01:00;18174
2023-01-03 14:00:00+01:00;18594
2023-01-03 15:00:00+01:00;19537
2023-01-03 16:00:00+01:00;20384
2023-01-03 17:00:00+01:00;20512
2023-01-03 18:00:00+01:00;20211
2023-01-03 19:00:00+01:00;19548
2023-01-03 20:00:00+01:00;18046
2023-01-03 21:00:00+01:00;14497
2023-01-03 22:00:00+01:00;12035
2023-01-03 23:00:00+01:00;11867
2023-01-04 00:00:00+01:00;12205
2023-01-04 01:00:00+01:00;12154
2023-01-04 02:00:00+01:00;13227
2023-01-04 03:00:00+01:00;15965
2023-01-04 04:00:00+01:00;21536
2023-01-04 05:00:00+01:00;23386
2023-01-04 06:00:00+01:00;22106
2023-01-04 07:00:00+01:00;21810
2023-01-04 08:00:00+01:00;20972
2023-01-04 09:00:00+01:00;19978
2023-01-04 10:00:00+01:00;19525
2023-01-04 11:00:00+01:00;18878
2023-01-04 12:00:00+01:00;18734
2023-01-04 13:00:00+01:00;19152
2023-01-04 14:00:00+01:00;19587
2023-01-04 15:00:00+01:00;20155
2023-01-04 16:00:00+01:00;21152
2023-01-04 17:00:00+01:00;21348
2023-01-04 18:00:00+01:00;21074
2023-01-04 19:00:00+01:00;20592
2023-01-04 20:00:00+01:00;18845
2023-01-04 21:00:00+01:00;15129
2023-01-04 22:00:00+01:00;12874
2023-01-04 23:00:00+01:00;12721
2023-01-05 00:00:00+01:00;13110
2023-01-05 01:00:00+01:00;13453
2023-01-05 02:00:00+01:00;14582
2023-01-05 03:00:00+01:00;16615
2023-01-05 04:00:00+01:00;22025
2023-01-05 05:00:00+01:00;25995
2023-01-05 06:00:00+01:00;25346
2023-01-05 07:00:00+01:00;24996
2023-01-05 08:00:00+01:00;24063
2023-01-05 09:00:00+01:00;23011
2023-01-05 10:00:00+01:00;21988
2023-01-05 11:00:00+01:00;21272
2023-01-05 12:00:00+01:00;21265
2023-01-05 13:00:00+01:00;21371
2023-01-05 14:00:00+01:00;21703
2023-01-05 15:00:00+01:00;22444
2023-01-05 16:00:00+01:00;23134
2023-01-05 17:00:00+01:00;23216
2023-01-05 18:00:00+01:00;22877
2023-01-05 19:00:00+01:00;21876
2023-01-05 20:00:00+01:00;20028
2023-01-05 21:00:00+01:00;16045
2023-01-05 22:00:00+01:00;13402
2023-01-05 23:00:00+01:00;13222
2023-01-06 00:00:00+01:00;13743
2023-01-06 01:00:00+01:00;14077
2023-01-06 02:00:00+01:00;15138
2023-01-06 03:00:00+01:00;17199
2023-01-06 04:00:00+01:00;22757
2023-01-06 05:00:00+01:00;26868
2023-01-06 06:00:00+01:00;26398
2023-01-06 07:00:00+01:00;25980
2023-01-06 08:00:00+01:00;24969
2023-01-06 09:00:00+01:00;23788
2023-01-06 10:00:00+01:00;22735
2023-01-06 11:00:00+01:00;22074
2023-01-06 12:00:00+01:00;21968
2023-01-06 13:00:00+01:00;22130
2023-01-06 14:00:00+01:00;22511
2023-01-06 15:00:00+01:00;23344
2023-01-06 16:00:00+01:00;23771
2023-01-06 17:00:00+01:00;23690
2023-01-06 18:00:00+01:00;23356
2023-01-06 19:00:00+01:00;22655
2023-01-06 20:00:00+01:00;20585
2023-01-06 21:00:00+01:00;16516
2023-01-06 22:00:00+01:00;13840
2023-01-06 23:00:00+01:00;12504
2023-01-07 00:00:00+01:00;12993
2023-01-07 01:00:00+01:00;13331
2023-01-07 02:00:00+01:00;14356
2023-01-07 03:00:00+01:00;16356
2023-01-07 04:00:00+01:00;21657
2023-01-07 05:00:00+01:00;25586
2023-01-07 06:00:00+01:00;25128
2023-01-07 07:00:00+01:00;24711
2023-01-07 08:00:00+01:00;23727
2023-01-07 09:00:00+01:00;22609
2023-01-07 10:00:00+01:00;21594
2023-01-07 11:00:00+01:00;20981
2023-01-07 12:00:00+01:00;20900
2023-01-07 13:00:00+01:00;21031
2023-01-07 14:00:00+01:00;21407
2023-01-07 15:00:00+01:00;22234
2023-01-07 16:00:00+01:00;22631
2023-01-07 17:00:00+01:00;22580
2023-01-07 18:00:00+01:00;22262
2023-01-07 19:00:00+01:00;21604
2023-01-07 20:00:00+01:00;19625
2023-01-07 21:00:00+01:00;15698
2023-01-07 22:00:00+01:00;13114
2023-01-07 23:00:00+01:00;10691
2023-01-08 00:00:00+01:00;11131
2023-01-08 01:00:00+01:00;11401
2023-01-08 02:00:00+01:00;12321
2023-01-08 03:00:00+01:00;14110
2023-01-08 04:00:00+01:00;18678
2023-01-08 05:00:00+01:00;22074
2023-01-08 06:00:00+01:00;21708
2023-01-08 07:00:00+01:00;21356
2023-01-08 08:00:00+01:00;20465
2023-01-08 09:00:00+01:00;19449
2023-01-08 10:00:00+01:00;18566
2023-01-08 11:00:00+01:00;18026
2023-01-08 12:00:00+01:00;17981
2023-01-08 13:00:00+01:00;18124
2023-01-08 14:00:00+01:00;18454
2023-01-08 15:00:00+01:00;19174
2023-01-08 16:00:00+01:00;19564
2023-01-08 17:00:00+01:00;19523
2023-01-08 18:00:00+01:00;19263
2023-01-08 19:00:00+01:00;18701
2023-01-08 20:00:00+01:00;16987
2023-01-08 21:00:00+01:00;13512
2023-01-08 22:00:00+01:00;11246
2023-01-08 23:00:00+01:00;7572
2023-01-09 00:00:00+01:00;8029
2023-01-09 01:00:00+01:00;8209
2023-01-09 02:00:00+01:00;9124
2023-01-09 03:00:00+01:00;11182
2023-01-09 04:00:00+01:00;14762
2023-01-09 05:00:00+01:00;18128
2023-01-09 06:00:00+01:00;17866
2023-01-09 07:00:00+01:00;17507
2023-01-09 08:00:00+01:00;16169
2023-01-09 09:00:00+01:00;15143
2023-01-09 10:00:00+01:00;14351
2023-01-09 11:00:00+01:00;13895
2023-01-09 12:00:00+01:00;13719
2023-01-09 13:00:00+01:00;13932
2023-01-09 14:00:00+01:00;14192
2023-01-09 15:00:00+01:00;14733
2023-01-09 16:00:00+01:00;15289
2023-01-09 17:00:00+01:00;15587
2023-01-09 18:00:00+01:00;15557
2023-01-09 19:00:00+01:00;15119
2023-01-09 20:00:00+01:00;13672
2023-01-09 21:00:00+01:00;10544
2023-01-09 22:00:00+01:00;8426
2023-01-09 23:00:00+01:00;6063
2023-01-10 00:00:00+01:00;6381
2023-01-10 01:00:00+01:00;6580
2023-01-10 02:00:00+01:00;7385
2023-01-10 03:00:00+01:00;9195
2023-01-10 04:00:00+01:00;12548
2023-01-10 05:00:00+01:00;14771
2023-01-10 06:00:00+01:00;14287
2023-01-10 07:00:00+01:00;13839
2023-01-10 08:00:00+01:00;12882
2023-01-10 09:00:00+01:00;11823
2023-01-10 10:00:00+01:00;11555
2023-01-10 11:00:00+01:00;11165
2023-01-10 12:00:00+01:00;10609
2023-01-10 13:00:00+01:00;10385
2023-01-10 14:00:00+01:00;10834
2023-01-10 15:00:00+01:00;11494
2023-01-10 16:00:00+01:00;12261
2023-01-10 17:00:00+01:00;12653
2023-01-10 18:00:00+01:00;12565
2023-01-10 19:00:00+01:00;12353
2023-01-10 20:00:00+01:00;11131
2023-01-10 21:00:00+01:00;8837
2023-01-10 22:00:00+01:00;6897
2023-01-10 23:00:00+01:00;7843
2023-01-11 00:00:00+01:00;8717
2023-01-11 01:00:00+01:00;8253
2023-01-11 02:00:00+01:00;9246
2023-01-11 03:00:00+01:00;11702
2023-01-11 04:00:00+01:00;16281
2023-01-11 05:00:00+01:00;17544
2023-01-11 06:00:00+01:00;16532
2023-01-11 07:00:00+01:00;15743
2023-01-11 08:00:00+01:00;14919
2023-01-11 09:00:00+01:00;13912
2023-01-11 10:00:00+01:00;13480
2023-01-11 11:00:00+01:00;13052
2023-01-11 12:00:00+01:00;12821
2023-01-11 13:00:00+01:00;13192
2023-01-11 14:00:00+01:00;13357
2023-01-11 15:00:00+01:00;14245
2023-01-11 16:00:00+01:00;15086
2023-01-11 17:00:00+01:00;15365
2023-01-11 18:00:00+01:00;15434
2023-01-11 19:00:00+01:00;15326
2023-01-11 20:00:00+01:00;13798
2023-01-11 21:00:00+01:00;11147
2023-01-11 22:00:00+01:00;8709
2023-01-11 23:00:00+01:00;7504
2023-01-12 00:00:00+01:00;7992
2023-01-12 01:00:00+01:00;8187
2023-01-12 02:00:00+01:00;9176
2023-01-12 03:00:00+01:00;11196
2023-01-12 04:00:00+01:00;14639
2023-01-12 05:00:00+01:00;17440
2023-01-12 06:00:00+01:00;17193
2023-01-12 07:00:00+01:00;16732
2023-01-12 08:00:00+01:00;15613
2023-01-12 09:00:00+01:00;14635
2023-01-12 10:00:00+01:00;13750
2023-01-12 11:00:00+01:00;13468
2023-01-12 12:00:00+01:00;13275
2023-01-12 13:00:00+01:00;13377
2023-01-12 14:00:00+01:00;13670
2023-01-12 15:00:00+01:00;14387
2023-01-12 16:00:00+01:00;14946
2023-01-12 17:00:00+01:00;15366
2023-01-12 18:00:00+01:00;15345
2023-01-12 19:00:00+01:00;14871
2023-01-12 20:00:00+01:00;13434
2023-01-12 21:00:00+01:00;10391
2023-01-12 22:00:00+01:00;8266
2023-01-12 23:00:00+01:00;7118
2023-01-13 00:00:00+01:00;7517
2023-01-13 01:00:00+01:00;7697
2023-01-13 02:00:00+01:00;8633
2023-01-13 03:00:00+01:00;10566
2023-01-13 04:00:00+01:00;13882
2023-01-13 05:00:00+01:00;16611
2023-01-13 06:00:00+01:00;16394
2023-01-13 07:00:00+01:00;16145
2023-01-13 08:00:00+01:00;14888
2023-01-13 09:00:00+01:00;13870
2023-01-13 10:00:00+01:00;13135
2023-01-13 11:00:00+01:00;12767
2023-01-13 12:00:00+01:00;12704
2023-01-13 13:00:00+01:00;12845
2023-01-13 14:00:00+01:00;13103
2023-01-13 15:00:00+01:00;13657
2023-01-13 16:00:00+01:00;14239
2023-01-13 17:00:00+01:00;14385
2023-01-13 18:00:00+01:00;14417
2023-01-13 19:00:00+01:00;14018
2023-01-13 20:00:00+01:00;12662
2023-01-13 21:00:00+01:00;9698
2023-01-13 22:00:00+01:00;7747
2023-01-13 23:00:00+01:00;8696
2023-01-14 00:00:00+01:00;9186
2023-01-14 01:00:00+01:00;9413
2023-01-14 02:00:00+01:00;10509
2023-01-14 03:00:00+01:00;12784
2023-01-14 04:00:00+01:00;16854
2023-01-14 05:00:00+01:00;20146
2023-01-14 06:00:00+01:00;19878
2023-01-14 07:00:00+01:00;19505
2023-01-14 08:00:00+01:00;18051
2023-01-14 09:00:00+01:00;16858
2023-01-14 10:00:00+01:00;15970
2023-01-14 11:00:00+01:00;15531
2023-01-14 12:00:00+01:00;15408
2023-01-14 13:00:00+01:00;15569
2023-01-14 14:00:00+01:00;15873
2023-01-14 15:00:00+01:00;16517
2023-01-14 16:00:00+01:00;17186
2023-01-14 17:00:00+01:00;17346
2023-01-14 18:00:00+01:00;17375
2023-01-14 19:00:00+01:00;16897
2023-01-14 20:00:00+01:00;15281
2023-01-14 21:00:00+01:00;11750
2023-01-14 22:00:00+01:00;9428
2023-01-14 23:00:00+01:00;7826
2023-01-15 00:00:00+01:00;8269
2023-01-15 01:00:00+01:00;8470
2023-01-15 02:00:00+01:00;9487
2023-01-15 03:00:00+01:00;11605
2023-01-15 04:00:00+01:00;15269
2023-01-15 05:00:00+01:00;18262
2023-01-15 06:00:00+01:00;18025
2023-01-15 07:00:00+01:00;17716
2023-01-15 08:00:00+01:00;16350
2023-01-15 09:00:00+01:00;15242
2023-01-15 10:00:00+01:00;14434
2023-01-15 11:00:00+01:00;14027
2023-01-15 12:00:00+01:00;13941
2023-01-15 13:00:00+01:00;14087
2023-01-15 14:00:00+01:00;14365
2023-01-15 15:00:00+01:00;14961
2023-01-15 16:00:00+01:00;15593
2023-01-15 17:00:00+01:00;15752
2023-01-15 18:00:00+01:00;15790
2023-01-15 19:00:00+01:00;15357
2023-01-15 20:00:00+01:00;13873
2023-01-15 21:00:00+01:00;10645
2023-01-15 22:00:00+01:00;8509
2023-01-15 23:00:00+01:00;8452
2023-01-16 00:00:00+01:00;8957
2023-01-16 01:00:00+01:00;9163
2023-01-16 02:00:00+01:00;10156
2023-01-16 03:00:00+01:00;12410
2023-01-16 04:00:00+01:00;16409
2023-01-16 05:00:00+01:00;20125
2023-01-16 06:00:00+01:00;19841
2023-01-16 07:00:00+01:00;19412
2023-01-16 08:00:00+01:00;17960
2023-01-16 09:00:00+01:00;16836
2023-01-16 10:00:00+01:00;15959
2023-01-16 11:00:00+01:00;15449
2023-01-16 12:00:00+01:00;15246
2023-01-16 13:00:00+01:00;15464
2023-01-16 14:00:00+01:00;15747
2023-01-16 15:00:00+01:00;16336
2023-01-16 16:00:00+01:00;16943
2023-01-16 17:00:00+01:00;17260
2023-01-16 18:00:00+01:00;17230
2023-01-16 19:00:00+01:00;16744
2023-01-16 20:00:00+01:00;15150
2023-01-16 21:00:00+01:00;11711
2023-01-16 22:00:00+01:00;9372
2023-01-16 23:00:00+01:00;10794
2023-01-17 00:00:00+01:00;10910
2023-01-17 01:00:00+01:00;11453
2023-01-17 02:00:00+01:00;12220
2023-01-17 03:00:00+01:00;14050
2023-01-17 04:00:00+01:00;19149
2023-01-17 05:00:00+01:00;22654
2023-01-17 06:00:00+01:00;21630
2023-01-17 07:00:00+01:00;21184
2023-01-17 08:00:00+01:00;20257
2023-01-17 09:00:00+01:00;19198
2023-01-17 10:00:00+01:00;18805
2023-01-17 11:00:00+01:00;17990
2023-01-17 12:00:00+01:00;17660
2023-01-17 13:00:00+01:00;17443
2023-01-17 14:00:00+01:00;17852
2023-01-17 15:00:00+01:00;18764
2023-01-17 16:00:00+01:00;19586
2023-01-17 17:00:00+01:00;19707
2023-01-17 18:00:00+01:00;19417
2023-01-17 19:00:00+01:00;18778
2023-01-17 20:00:00+01:00;17334
2023-01-17 21:00:00+01:00;13920
2023-01-17 22:00:00+01:00;11557
2023-01-17 23:00:00+01:00;11718
2023-01-18 00:00:00+01:00;12034
2023-01-18 01:00:00+01:00;11991
2023-01-18 02:00:00+01:00;13039
2023-01-18 03:00:00+01:00;15725
2023-01-18 04:00:00+01:00;21209
2023-01-18 05:00:00+01:00;23042
2023-01-18 06:00:00+01:00;21776
2023-01-18 07:00:00+01:00;21506
2023-01-18 08:00:00+01:00;20687
2023-01-18 09:00:00+01:00;19713
2023-01-18 10:00:00+01:00;19270
2023-01-18 11:00:00+01:00;18630
2023-01-18 12:00:00+01:00;18492
2023-01-18 13:00:00+01:00;18905
2023-01-18 14:00:00+01:00;19337
2023-01-18 15:00:00+01:00;19888
2023-01-18 16:00:00+01:00;20868
2023-01-18 17:00:00+01:00;21057
2023-01-18 18:00:00+01:00;20779
2023-01-18 19:00:00+01:00;20297
2023-01-18 20:00:00+01:00;18578
2023-01-18 21:00:00+01:00;14913
2023-01-18 22:00:00+01:00;12709
2023-01-18 23:00:00+01:00;12956
2023-01-19 00:00:00+01:00;13349
2023-01-19 01:00:00+01:00;13699
2023-01-19 02:00:00+01:00;14838
2023-01-19 03:00:00+01:00;16891
2023-01-19 04:00:00+01:00;22380
2023-01-19 05:00:00+01:00;26412
2023-01-19 06:00:00+01:00;25752
2023-01-19 07:00:00+01:00;25402
2023-01-19 08:00:00+01:00;24463
2023-01-19 09:00:00+01:00;23397
2023-01-19 10:00:00+01:00;22359
2023-01-19 11:00:00+01:00;21635
2023-01-19 12:00:00+01:00;21623
2023-01-19 13:00:00+01:00;21728
2023-01-19 14:00:00+01:00;22059
2023-01-19 15:00:00+01:00;22809
2023-01-19 16:00:00+01:00;23505
2023-01-19 17:00:00+01:00;23584
2023-01-19 18:00:00+01:00;23237
2023-01-19 19:00:00+01:00;22217
2023-01-19 20:00:00+01:00;20342
2023-01-19 21:00:00+01:00;16317
2023-01-19 22:00:00+01:00;13641
2023-01-19 23:00:00+01:00;13543
2023-01-20 00:00:00+01:00;14069
2023-01-20 01:00:00+01:00;14410
2023-01-20 02:00:00+01:00;15486
2023-01-20 03:00:00+01:00;17568
2023-01-20 04:00:00+01:00;23223
2023-01-20 05:00:00+01:00;27417
2023-01-20 06:00:00+01:00;26931
2023-01-20 07:00:00+01:00;26528
2023-01-20 08:00:00+01:00;25498
2023-01-20 09:00:00+01:00;24297
2023-01-20 10:00:00+01:00;23230
2023-01-20 11:00:00+01:00;22557
2023-01-20 12:00:00+01:00;22436
2023-01-20 13:00:00+01:00;22602
2023-01-20 14:00:00+01:00;22986
2023-01-20 15:00:00+01:00;23827
2023-01-20 16:00:00+01:00;24258
2023-01-20 17:00:00+01:00;24171
2023-01-20 18:00:00+01:00;23827
2023-01-20 19:00:00+01:00;23103
2023-01-20 20:00:00+01:00;20991
2023-01-20 21:00:00+01:00;16875
2023-01-20 22:00:00+01:00;14163
2023-01-20 23:00:00+01:00;14278
2023-01-21 00:00:00+01:00;14735
2023-01-21 01:00:00+01:00;15103
2023-01-21 02:00:00+01:00;16185
2023-01-21 03:00:00+01:00;18171
2023-01-21 04:00:00+01:00;23775
2023-01-21 05:00:00+01:00;28073
2023-01-21 06:00:00+01:00;27515
2023-01-21 07:00:00+01:00;27378
2023-01-21 08:00:00+01:00;26253
2023-01-21 09:00:00+01:00;25064
2023-01-21 10:00:00+01:00;24016
2023-01-21 11:00:00+01:00;23362
2023-01-21 12:00:00+01:00;23147
2023-01-21 13:00:00+01:00;23328
2023-01-21 14:00:00+01:00;23684
2023-01-21 15:00:00+01:00;24485
2023-01-21 16:00:00+01:00;24909
2023-01-21 17:00:00+01:00;24800
2023-01-21 18:00:00+01:00;24437
2023-01-21 19:00:00+01:00;23599
2023-01-21 20:00:00+01:00;21422
2023-01-21 21:00:00+01:00;17488
2023-01-21 22:00:00+01:00;14837
2023-01-21 23:00:00+01:00;15421
2023-01-22 00:00:00+01:00;15804
2023-01-22 01:00:00+01:00;16173
2023-01-22 02:00:00+01:00;17219
2023-01-22 03:00:00+01:00;19012
2023-01-22 04:00:00+01:00;24478
2023-01-22 05:00:00+01:00;28891
2023-01-22 06:00:00+01:00;28228
2023-01-22 07:00:00+01:00;28559
2023-01-22 08:00:00+01:00;27337
2023-01-22 09:00:00+01:00;26132
2023-01-22 10:00:00+01:00;25142
2023-01-22 11:00:00+01:00;24476
2023-01-22 12:00:00+01:00;24110
2023-01-22 13:00:00+01:00;24355
2023-01-22 14:00:00+01:00;24650
2023-01-22 15:00:00+01:00;25370
2023-01-22 16:00:00+01:00;25775
2023-01-22 17:00:00+01:00;25594
2023-01-22 18:00:00+01:00;25196
2023-01-22 19:00:00+01:00;24185
2023-01-22 20:00:00+01:00;21942
2023-01-22 21:00:00+01:00;18344
2023-01-22 22:00:00+01:00;15859
2023-01-22 23:00:00+01:00;15448
2023-01-23 00:00:00+01:00;15694
2023-01-23 01:00:00+01:00;16147
2023-01-23 02:00:00+01:00;17102
2023-01-23 03:00:00+01:00;18919
2023-01-23 04:00:00+01:00;24368
2023-01-23 05:00:00+01:00;29323
2023-01-23 06:00:00+01:00;28470
2023-01-23 07:00:00+01:00;28778
2023-01-23 08:00:00+01:00;27602
2023-01-23 09:00:00+01:00;26488
2023-01-23 10:00:00+01:00;25497
2023-01-23 11:00:00+01:00;24830
2023-01-23 12:00:00+01:00;24315
2023-01-23 13:00:00+01:00;24663
2023-01-23 14:00:00+01:00;24910
2023-01-23 15:00:00+01:00;25660
2023-01-23 16:00:00+01:00;25891
2023-01-23 17:00:00+01:00;25925
2023-01-23 18:00:00+01:00;25369
2023-01-23 19:00:00+01:00;24321
2023-01-23 20:00:00+01:00;22062
2023-01-23 21:00:00+01:00;18542
2023-01-23 22:00:00+01:00;16030
2023-01-23 23:00:00+01:00;13774
2023-01-24 00:00:00+01:00;13953
2023-01-24 01:00:00+01:00;14486
2023-01-24 02:00:00+01:00;15345
2023-01-24 03:00:00+01:00;17429
2023-01-24 04:00:00+01:00;23341
2023-01-24 05:00:00+01:00;27533
2023-01-24 06:00:00+01:00;26384
2023-01-24 07:00:00+01:00;25846
2023-01-24 08:00:00+01:00;24900
2023-01-24 09:00:00+01:00;23728
2023-01-24 10:00:00+01:00;23183
2023-01-24 11:00:00+01:00;22343
2023-01-24 12:00:00+01:00;21934
2023-01-24 13:00:00+01:00;21767
2023-01-24 14:00:00+01:00;22042
2023-01-24 15:00:00+01:00;23080
2023-01-24 16:00:00+01:00;23862
2023-01-24 17:00:00+01:00;23927
2023-01-24 18:00:00+01:00;23582
2023-01-24 19:00:00+01:00;22817
2023-01-24 20:00:00+01:00;20983
2023-01-24 21:00:00+01:00;17213
2023-01-24 22:00:00+01:00;14529
2023-01-24 23:00:00+01:00;12903
2023-01-25 00:00:00+01:00;13257
2023-01-25 01:00:00+01:00;13230
2023-01-25 02:00:00+01:00;14364
2023-01-25 03:00:00+01:00;17216
2023-01-25 04:00:00+01:00;23160
2023-01-25 05:00:00+01:00;25164
2023-01-25 06:00:00+01:00;23810
2023-01-25 07:00:00+01:00;23506
2023-01-25 08:00:00+01:00;22614
2023-01-25 09:00:00+01:00;21575
2023-01-25 10:00:00+01:00;21089
2023-01-25 11:00:00+01:00;20396
2023-01-25 12:00:00+01:00;20231
2023-01-25 13:00:00+01:00;20652
2023-01-25 14:00:00+01:00;21116
2023-01-25 15:00:00+01:00;21733
2023-01-25 16:00:00+01:00;22760
2023-01-25 17:00:00+01:00;22943
2023-01-25 18:00:00+01:00;22643
2023-01-25 19:00:00+01:00;22108
2023-01-25 20:00:00+01:00;20259
2023-01-25 21:00:00+01:00;16331
2023-01-25 22:00:00+01:00;13918
2023-01-25 23:00:00+01:00;11193
2023-01-26 00:00:00+01:00;11570
2023-01-26 01:00:00+01:00;11873
2023-01-26 02:00:00+01:00;12928
2023-01-26 03:00:00+01:00;14848
2023-01-26 04:00:00+01:00;19671
2023-01-26 05:00:00+01:00;23242
2023-01-26 06:00:00+01:00;22685
2023-01-26 07:00:00+01:00;22348
2023-01-26 08:00:00+01:00;21436
2023-01-26 09:00:00+01:00;20456
2023-01-26 10:00:00+01:00;19512
2023-01-26 11:00:00+01:00;18893
2023-01-26 12:00:00+01:00;18879
2023-01-26 13:00:00+01:00;18983
2023-01-26 14:00:00+01:00;19301
2023-01-26 15:00:00+01:00;20002
2023-01-26 16:00:00+01:00;20638
2023-01-26 17:00:00+01:00;20766
2023-01-26 18:00:00+01:00;20489
2023-01-26 19:00:00+01:00;19621
2023-01-26 20:00:00+01:00;17936
2023-01-26 21:00:00+01:00;14281
2023-01-26 22:00:00+01:00;11855
2023-01-26 23:00:00+01:00;10923
2023-01-27 00:00:00+01:00;11387
2023-01-27 01:00:00+01:00;11664
2023-01-27 02:00:00+01:00;12630
2023-01-27 03:00:00+01:00;14529
2023-01-27 04:00:00+01:00;19236
2023-01-27 05:00:00+01:00;22751
2023-01-27 06:00:00+01:00;22380
2023-01-27 07:00:00+01:00;21999
2023-01-27 08:00:00+01:00;21029
2023-01-27 09:00:00+01:00;19963
2023-01-27 10:00:00+01:00;19045
2023-01-27 11:00:00+01:00;18492
2023-01-27 12:00:00+01:00;18434
2023-01-27 13:00:00+01:00;18579
2023-01-27 14:00:00+01:00;18918
2023-01-27 15:00:00+01:00;19653
2023-01-27 16:00:00+01:00;20081
2023-01-27 17:00:00+01:00;20055
2023-01-27 18:00:00+01:00;19813
2023-01-27 19:00:00+01:00;19240
2023-01-27 20:00:00+01:00;17470
2023-01-27 21:00:00+01:00;13868
2023-01-27 22:00:00+01:00;11513
2023-01-27 23:00:00+01:00;10400
2023-01-28 00:00:00+01:00;10851
2023-01-28 01:00:00+01:00;11130
2023-01-28 02:00:00+01:00;12107
2023-01-28 03:00:00+01:00;14045
2023-01-28 04:00:00+01:00;18571
2023-01-28 05:00:00+01:00;22011
2023-01-28 06:00:00+01:00;21647
2023-01-28 07:00:00+01:00;21288
2023-01-28 08:00:00+01:00;20235
2023-01-28 09:00:00+01:00;19172
2023-01-28 10:00:00+01:00;18270
2023-01-28 11:00:00+01:00;17756
2023-01-28 12:00:00+01:00;17686
2023-01-28 13:00:00+01:00;17821
2023-01-28 14:00:00+01:00;18153
2023-01-28 15:00:00+01:00;18876
2023-01-28 16:00:00+01:00;19327
2023-01-28 17:00:00+01:00;19344
2023-01-28 18:00:00+01:00;19149
2023-01-28 19:00:00+01:00;18595
2023-01-28 20:00:00+01:00;16872
2023-01-28 21:00:00+01:00;13330
2023-01-28 22:00:00+01:00;11009
2023-01-28 23:00:00+01:00;11341
2023-01-29 00:00:00+01:00;11802
2023-01-29 01:00:00+01:00;12089
2023-01-29 02:00:00+01:00;13036
2023-01-29 03:00:00+01:00;14875
2023-01-29 04:00:00+01:00;19708
2023-01-29 05:00:00+01:00;23275
2023-01-29 06:00:00+01:00;22884
2023-01-29 07:00:00+01:00;22500
2023-01-29 08:00:00+01:00;21609
2023-01-29 09:00:00+01:00;20561
2023-01-29 10:00:00+01:00;19635
2023-01-29 11:00:00+01:00;19062
2023-01-29 12:00:00+01:00;19011
2023-01-29 13:00:00+01:00;19156
2023-01-29 14:00:00+01:00;19502
2023-01-29 15:00:00+01:00;20255
2023-01-29 16:00:00+01:00;20643
2023-01-29 17:00:00+01:00;20585
2023-01-29 18:00:00+01:00;20296
2023-01-29 19:00:00+01:00;19704
2023-01-29 20:00:00+01:00;17904
2023-01-29 21:00:00+01:00;14275
2023-01-29 22:00:00+01:00;11909
2023-01-29 23:00:00+01:00;12072
2023-01-30 00:00:00+01:00;12567
2023-01-30 01:00:00+01:00;12928
2023-01-30 02:00:00+01:00;13769
2023-01-30 03:00:00+01:00;15727
2023-01-30 04:00:00+01:00;20919
2023-01-30 05:00:00+01:00;25209
2023-01-30 06:00:00+01:00;24707
2023-01-30 07:00:00+01:00;24161
2023-01-30 08:00:00+01:00;23200
2023-01-30 09:00:00+01:00;22208
2023-01-30 10:00:00+01:00;21244
2023-01-30 11:00:00+01:00;20535
2023-01-30 12:00:00+01:00;20360
2023-01-30 13:00:00+01:00;20546
2023-01-30 14:00:00+01:00;20891
2023-01-30 15:00:00+01:00;21695
2023-01-30 16:00:00+01:00;22066
2023-01-30 17:00:00+01:00;22082
2023-01-30 18:00:00+01:00;21776
2023-01-30 19:00:00+01:00;21070
2023-01-30 20:00:00+01:00;19181
2023-01-30 21:00:00+01:00;15398
2023-01-30 22:00:00+01:00;12776
2023-01-30 23:00:00+01:00;12356
2023-01-31 00:00:00+01:00;12476
2023-01-31 01:00:00+01:00;13073
2023-01-31 02:00:00+01:00;13926
2023-01-31 03:00:00+01:00;15960
2023-01-31 04:00:00+01:00;21703
2023-01-31 05:00:00+01:00;25711
2023-01-31 06:00:00+01:00;24560
2023-01-31 07:00:00+01:00;24028
2023-01-31 08:00:00+01:00;23002
2023-01-31 09:00:00+01:00;21850
2023-01-31 10:00:00+01:00;21373
2023-01-31 11:00:00+01:00;20456
2023-01-31 12:00:00+01:00;20087
2023-01-31 13:00:00+01:00;19881
2023-01-31 14:00:00+01:00;20306
2023-01-31 15:00:00+01:00;21315
2023-01-31 16:00:00+01:00;22199
2023-01-31 17:00:00+01:00;22316
2023-01-31 18:00:00+01:00;21986
2023-01-31 19:00:00+01:00;21254
2023-01-31 20:00:00+01:00;19637
2023-01-31 21:00:00+01:00;15807
2023-01-31 22:00:00+01:00;13164
2023-01-31 23:00:00+01:00;12551
2023-02-01 00:00:00+01:00;12886
2023-02-01 01:00:00+01:00;12857
2023-02-01 02:00:00+01:00;13968
2023-02-01 03:00:00+01:00;16779
2023-02-01 04:00:00+01:00;22586
2023-02-01 05:00:00+01:00;24537
2023-02-01 06:00:00+01:00;23208
2023-02-01 07:00:00+01:00;22918
2023-02-01 08:00:00+01:00;22049
2023-02-01 09:00:00+01:00;21030
2023-02-01 10:00:00+01:00;20557
2023-02-01 11:00:00+01:00;19879
2023-02-01 12:00:00+01:00;19724
2023-02-01 13:00:00+01:00;20146
2023-02-01 14:00:00+01:00;20604
2023-02-01 15:00:00+01:00;21192
2023-02-01 16:00:00+01:00;22210
2023-02-01 17:00:00+01:00;22397
2023-02-01 18:00:00+01:00;22101
2023-02-01 19:00:00+01:00;21580
2023-02-01 20:00:00+01:00;19769
2023-02-01 21:00:00+01:00;15908
2023-02-01 22:00:00+01:00;13566
2023-02-01 23:00:00+01:00;12906
2023-02-02 00:00:00+01:00;13297
2023-02-02 01:00:00+01:00;13645
2023-02-02 02:00:00+01:00;14781
2023-02-02 03:00:00+01:00;16825
2023-02-02 04:00:00+01:00;22296
2023-02-02 05:00:00+01:00;26312
2023-02-02 06:00:00+01:00;25654
2023-02-02 07:00:00+01:00;25305
2023-02-02 08:00:00+01:00;24371
2023-02-02 09:00:00+01:00;23310
2023-02-02 10:00:00+01:00;22277
2023-02-02 11:00:00+01:00;21553
2023-02-02 12:00:00+01:00;21544
2023-02-02 13:00:00+01:00;21649
2023-02-02 14:00:00+01:00;21981
2023-02-02 15:00:00+01:00;22727
2023-02-02 16:00:00+01:00;23421
2023-02-02 17:00:00+01:00;23498
2023-02-02 18:00:00+01:00;23152
2023-02-02 19:00:00+01:00;22135
2023-02-02 20:00:00+01:00;20268
2023-02-02 21:00:00+01:00;16254
2023-02-02 22:00:00+01:00;13588
2023-02-02 23:00:00+01:00;13357
2023-02-03 00:00:00+01:00;13879
2023-02-03 01:00:00+01:00;14216
2023-02-03 02:00:00+01:00;15282
2023-02-03 03:00:00+01:00;17347
2023-02-03 04:00:00+01:00;22944
2023-02-03 05:00:00+01:00;27088
2023-02-03 06:00:00+01:00;26611
2023-02-03 07:00:00+01:00;26199
2023-02-03 08:00:00+01:00;25184
2023-02-03 09:00:00+01:00;23997
2023-02-03 10:00:00+01:00;22939
2023-02-03 11:00:00+01:00;22273
2023-02-03 12:00:00+01:00;22161
2023-02-03 13:00:00+01:00;22324
2023-02-03 14:00:00+01:00;22707
2023-02-03 15:00:00+01:00;23544
2023-02-03 16:00:00+01:00;23970
2023-02-03 17:00:00+01:00;23886
2023-02-03 18:00:00+01:00;23546
2023-02-03 19:00:00+01:00;22835
2023-02-03 20:00:00+01:00;20749
2023-02-03 21:00:00+01:00;16663
2023-02-03 22:00:00+01:00;13974
2023-02-03 23:00:00+01:00;13562
2023-02-04 00:00:00+01:00;14069
2023-02-04 01:00:00+01:00;14431
2023-02-04 02:00:00+01:00;15514
2023-02-04 03:00:00+01:00;17602
2023-02-04 04:00:00+01:00;23247
2023-02-04 05:00:00+01:00;27459
2023-02-04 06:00:00+01:00;26953
2023-02-04 07:00:00+01:00;26569
2023-02-04 08:00:00+01:00;25510
2023-02-04 09:00:00+01:00;24327
2023-02-04 10:00:00+01:00;23255
2023-02-04 11:00:00+01:00;22601
2023-02-04 12:00:00+01:00;22474
2023-02-04 13:00:00+01:00;22620
2023-02-04 14:00:00+01:00;23007
2023-02-04 15:00:00+01:00;23862
2023-02-04 16:00:00+01:00;24281
2023-02-04 17:00:00+01:00;24211
2023-02-04 18:00:00+01:00;23868
2023-02-04 19:00:00+01:00;23135
2023-02-04 20:00:00+01:00;21013
2023-02-04 21:00:00+01:00;16906
2023-02-04 22:00:00+01:00;14184
2023-02-04 23:00:00+01:00;15066
2023-02-05 00:00:00+01:00;15480
2023-02-05 01:00:00+01:00;15845
2023-02-05 02:00:00+01:00;16900
2023-02-05 03:00:00+01:00;18760
2023-02-05 04:00:00+01:00;24284
2023-02-05 05:00:00+01:00;28663
2023-02-05 06:00:00+01:00;28036
2023-02-05 07:00:00+01:00;28210
2023-02-05 08:00:00+01:00;27025
2023-02-05 09:00:00+01:00;25818
2023-02-05 10:00:00+01:00;24809
2023-02-05 11:00:00+01:00;24138
2023-02-05 12:00:00+01:00;23824
2023-02-05 13:00:00+01:00;24052
2023-02-05 14:00:00+01:00;24367
2023-02-05 15:00:00+01:00;25115
2023-02-05 16:00:00+01:00;25526
2023-02-05 17:00:00+01:00;25365
2023-02-05 18:00:00+01:00;24978
2023-02-05 19:00:00+01:00;24025
2023-02-05 20:00:00+01:00;21803
2023-02-05 21:00:00+01:00;18085
2023-02-05 22:00:00+01:00;15543
2023-02-05 23:00:00+01:00;15138
2023-02-06 00:00:00+01:00;15410
2023-02-06 01:00:00+01:00;15854
2023-02-06 02:00:00+01:00;16799
2023-02-06 03:00:00+01:00;18633
2023-02-06 04:00:00+01:00;24064
2023-02-06 05:00:00+01:00;28960
2023-02-06 06:00:00+01:00;28140
2023-02-06 07:00:00+01:00;28364
2023-02-06 08:00:00+01:00;27208
2023-02-06 09:00:00+01:00;26105
2023-02-06 10:00:00+01:00;25115
2023-02-06 11:00:00+01:00;24443
2023-02-06 12:00:00+01:00;23960
2023-02-06 13:00:00+01:00;24293
2023-02-06 14:00:00+01:00;24549
2023-02-06 15:00:00+01:00;25306
2023-02-06 16:00:00+01:00;25551
2023-02-06 17:00:00+01:00;25583
2023-02-06 18:00:00+01:00;25051
2023-02-06 19:00:00+01:00;24035
2023-02-06 20:00:00+01:00;21809
2023-02-06 21:00:00+01:00;18259
2023-02-06 22:00:00+01:00;15733
2023-02-06 23:00:00+01:00;13866
2023-02-07 00:00:00+01:00;14042
2023-02-07 01:00:00+01:00;14585
2023-02-07 02:00:00+01:00;15459
2023-02-07 03:00:00+01:00;17571
2023-02-07 04:00:00+01:00;23557
2023-02-07 05:00:00+01:00;27804
2023-02-07 06:00:00+01:00;26638
2023-02-07 07:00:00+01:00;26087
2023-02-07 08:00:00+01:00;25118
2023-02-07 09:00:00+01:00;23933
2023-02-07 10:00:00+01:00;23382
2023-02-07 11:00:00+01:00;22522
2023-02-07 12:00:00+01:00;22108
2023-02-07 13:00:00+01:00;21939
2023-02-07 14:00:00+01:00;22231
2023-02-07 15:00:00+01:00;23279
2023-02-07 16:00:00+01:00;24079
2023-02-07 17:00:00+01:00;24150
2023-02-07 18:00:00+01:00;23802
2023-02-07 19:00:00+01:00;23028
2023-02-07 20:00:00+01:00;21187
2023-02-07 21:00:00+01:00;17355
2023-02-07 22:00:00+01:00;14632
2023-02-07 23:00:00+01:00;12418
2023-02-08 00:00:00+01:00;12750
2023-02-08 01:00:00+01:00;12720
2023-02-08 02:00:00+01:00;13815
2023-02-08 03:00:00+01:00;16590
2023-02-08 04:00:00+01:00;22336
2023-02-08 05:00:00+01:00;24271
2023-02-08 06:00:00+01:00;22954
2023-02-08 07:00:00+01:00;22671
2023-02-08 08:00:00+01:00;21811
2023-02-08 09:00:00+01:00;20803
2023-02-08 10:00:00+01:00;20336
2023-02-08 11:00:00+01:00;19665
2023-02-08 12:00:00+01:00;19512
2023-02-08 13:00:00+01:00;19928
2023-02-08 14:00:00+01:00;20380
2023-02-08 15:00:00+01:00;20966
2023-02-08 16:00:00+01:00;21971
2023-02-08 17:00:00+01:00;22154
2023-02-08 18:00:00+01:00;21861
2023-02-08 19:00:00+01:00;21346
2023-02-08 20:00:00+01:00;19553
2023-02-08 21:00:00+01:00;15739
2023-02-08 22:00:00+01:00;13419
2023-02-08 23:00:00+01:00;11828
2023-02-09 00:00:00+01:00;12188
2023-02-09 01:00:00+01:00;12509
2023-02-09 02:00:00+01:00;13575
2023-02-09 03:00:00+01:00;15482
2023-02-09 04:00:00+01:00;20539
2023-02-09 05:00:00+01:00;24245
2023-02-09 06:00:00+01:00;23636
2023-02-09 07:00:00+01:00;23320
2023-02-09 08:00:00+01:00;22440
2023-02-09 09:00:00+01:00;21457
2023-02-09 10:00:00+01:00;20502
2023-02-09 11:00:00+01:00;19827
2023-02-09 12:00:00+01:00;19840
2023-02-09 13:00:00+01:00;19945
2023-02-09 14:00:00+01:00;20267
2023-02-09 15:00:00+01:00;20966
2023-02-09 16:00:00+01:00;21616
2023-02-09 17:00:00+01:00;21696
2023-02-09 18:00:00+01:00;21377
2023-02-09 19:00:00+01:00;20441
2023-02-09 20:00:00+01:00;18713
2023-02-09 21:00:00+01:00;14953
2023-02-09 22:00:00+01:00;12474
2023-02-09 23:00:00+01:00;11064
2023-02-10 00:00:00+01:00;11514
2023-02-10 01:00:00+01:00;11794
2023-02-10 02:00:00+01:00;12724
2023-02-10 03:00:00+01:00;14531
2023-02-10 04:00:00+01:00;19245
2023-02-10 05:00:00+01:00;22732
2023-02-10 06:00:00+01:00;22351
2023-02-10 07:00:00+01:00;21983
2023-02-10 08:00:00+01:00;21101
2023-02-10 09:00:00+01:00;20072
2023-02-10 10:00:00+01:00;19167
2023-02-10 11:00:00+01:00;18609
2023-02-10 12:00:00+01:00;18562
2023-02-10 13:00:00+01:00;18705
2023-02-10 14:00:00+01:00;19044
2023-02-10 15:00:00+01:00;19782
2023-02-10 16:00:00+01:00;20166
2023-02-10 17:00:00+01:00;20113
2023-02-10 18:00:00+01:00;19833
2023-02-10 19:00:00+01:00;19254
2023-02-10 20:00:00+01:00;17493
2023-02-10 21:00:00+01:00;13939
2023-02-10 22:00:00+01:00;11622
2023-02-10 23:00:00+01:00;11203
2023-02-11 00:00:00+01:00;11638
2023-02-11 01:00:00+01:00;11941
2023-02-11 02:00:00+01:00;12869
2023-02-11 03:00:00+01:00;14664
2023-02-11 04:00:00+01:00;19412
2023-02-11 05:00:00+01:00;22932
2023-02-11 06:00:00+01:00;22525
2023-02-11 07:00:00+01:00;22168
2023-02-11 08:00:00+01:00;21290
2023-02-11 09:00:00+01:00;20282
2023-02-11 10:00:00+01:00;19369
2023-02-11 11:00:00+01:00;18820
2023-02-11 12:00:00+01:00;18773
2023-02-11 13:00:00+01:00;18896
2023-02-11 14:00:00+01:00;19241
2023-02-11 15:00:00+01:00;20002
2023-02-11 16:00:00+01:00;20357
2023-02-11 17:00:00+01:00;20311
2023-02-11 18:00:00+01:00;20016
2023-02-11 19:00:00+01:00;19427
2023-02-11 20:00:00+01:00;17648
2023-02-11 21:00:00+01:00;14089
2023-02-11 22:00:00+01:00;11759
2023-02-11 23:00:00+01:00;12002
2023-02-12 00:00:00+01:00;12483
2023-02-12 01:00:00+01:00;12787
2023-02-12 02:00:00+01:00;13764
2023-02-12 03:00:00+01:00;15659
2023-02-12 04:00:00+01:00;20750
2023-02-12 05:00:00+01:00;24494
2023-02-12 06:00:00+01:00;24077
2023-02-12 07:00:00+01:00;23669
2023-02-12 08:00:00+01:00;22767
2023-02-12 09:00:00+01:00;21684
2023-02-12 10:00:00+01:00;20715
2023-02-12 11:00:00+01:00;20110
2023-02-12 12:00:00+01:00;20049
2023-02-12 13:00:00+01:00;20197
2023-02-12 14:00:00+01:00;20557
2023-02-12 15:00:00+01:00;21341
2023-02-12 16:00:00+01:00;21730
2023-02-12 17:00:00+01:00;21658
2023-02-12 18:00:00+01:00;21343
2023-02-12 19:00:00+01:00;20717
2023-02-12 20:00:00+01:00;18828
2023-02-12 21:00:00+01:00;15050
2023-02-12 22:00:00+01:00;12582
2023-02-12 23:00:00+01:00;10818
2023-02-13 00:00:00+01:00;11270
2023-02-13 01:00:00+01:00;11591
2023-02-13 02:00:00+01:00;12369
2023-02-13 03:00:00+01:00;14163
2023-02-13 04:00:00+01:00;18825
2023-02-13 05:00:00+01:00;22706
2023-02-13 06:00:00+01:00;22252
2023-02-13 07:00:00+01:00;21777
2023-02-13 08:00:00+01:00;20884
2023-02-13 09:00:00+01:00;19977
2023-02-13 10:00:00+01:00;19104
2023-02-13 11:00:00+01:00;18467
2023-02-13 12:00:00+01:00;18320
2023-02-13 13:00:00+01:00;18502
2023-02-13 14:00:00+01:00;18818
2023-02-13 15:00:00+01:00;19554
2023-02-13 16:00:00+01:00;19900
2023-02-13 17:00:00+01:00;19924
2023-02-13 18:00:00+01:00;19647
2023-02-13 19:00:00+01:00;19014
2023-02-13 20:00:00+01:00;17303
2023-02-13 21:00:00+01:00;13858
2023-02-13 22:00:00+01:00;11477
2023-02-13 23:00:00+01:00;8685
2023-02-14 00:00:00+01:00;9081
2023-02-14 01:00:00+01:00;9331
2023-02-14 02:00:00+01:00;10431
2023-02-14 03:00:00+01:00;12869
2023-02-14 04:00:00+01:00;17508
2023-02-14 05:00:00+01:00;20735
2023-02-14 06:00:00+01:00;20077
2023-02-14 07:00:00+01:00;19359
2023-02-14 08:00:00+01:00;18049
2023-02-14 09:00:00+01:00;16696
2023-02-14 10:00:00+01:00;16231
2023-02-14 11:00:00+01:00;15669
2023-02-14 12:00:00+01:00;14906
2023-02-14 13:00:00+01:00;14699
2023-02-14 14:00:00+01:00;15258
2023-02-14 15:00:00+01:00;16116
2023-02-14 16:00:00+01:00;17085
2023-02-14 17:00:00+01:00;17588
2023-02-14 18:00:00+01:00;17460
2023-02-14 19:00:00+01:00;17132
2023-02-14 20:00:00+01:00;15522
2023-02-14 21:00:00+01:00;12357
2023-02-14 22:00:00+01:00;9705
2023-02-14 23:00:00+01:00;9399
2023-02-15 00:00:00+01:00;10292
2023-02-15 01:00:00+01:00;9858
2023-02-15 02:00:00+01:00;11003
2023-02-15 03:00:00+01:00;13791
2023-02-15 04:00:00+01:00;19023
2023-02-15 05:00:00+01:00;20474
2023-02-15 06:00:00+01:00;19337
2023-02-15 07:00:00+01:00;18502
2023-02-15 08:00:00+01:00;17577
2023-02-15 09:00:00+01:00;16469
2023-02-15 10:00:00+01:00;15976
2023-02-15 11:00:00+01:00;15468
2023-02-15 12:00:00+01:00;15218
2023-02-15 13:00:00+01:00;15632
2023-02-15 14:00:00+01:00;15857
2023-02-15 15:00:00+01:00;16781
2023-02-15 16:00:00+01:00;17738
2023-02-15 17:00:00+01:00;18041
2023-02-15 18:00:00+01:00;18067
2023-02-15 19:00:00+01:00;17885
2023-02-15 20:00:00+01:00;16171
2023-02-15 21:00:00+01:00;13052
2023-02-15 22:00:00+01:00;10378
2023-02-15 23:00:00+01:00;11369
2023-02-16 00:00:00+01:00;11708
2023-02-16 01:00:00+01:00;12017
2023-02-16 02:00:00+01:00;13042
2023-02-16 03:00:00+01:00;14864
2023-02-16 04:00:00+01:00;19716
2023-02-16 05:00:00+01:00;23273
2023-02-16 06:00:00+01:00;22685
2023-02-16 07:00:00+01:00;22400
2023-02-16 08:00:00+01:00;21560
2023-02-16 09:00:00+01:00;20619
2023-02-16 10:00:00+01:00;19704
2023-02-16 11:00:00+01:00;19053
2023-02-16 12:00:00+01:00;19077
2023-02-16 13:00:00+01:00;19179
2023-02-16 14:00:00+01:00;19491
2023-02-16 15:00:00+01:00;20164
2023-02-16 16:00:00+01:00;20789
2023-02-16 17:00:00+01:00;20861
2023-02-16 18:00:00+01:00;20548
2023-02-16 19:00:00+01:00;19643
2023-02-16 20:00:00+01:00;17984
2023-02-16 21:00:00+01:00;14366
2023-02-16 22:00:00+01:00;11988
2023-02-16 23:00:00+01:00;11338
2023-02-17 00:00:00+01:00;11794
2023-02-17 01:00:00+01:00;12081
2023-02-17 02:00:00+01:00;13019
2023-02-17 03:00:00+01:00;14833
2023-02-17 04:00:00+01:00;19650
2023-02-17 05:00:00+01:00;23201
2023-02-17 06:00:00+01:00;22809
2023-02-17 07:00:00+01:00;22432
2023-02-17 08:00:00+01:00;21560
2023-02-17 09:00:00+01:00;20522
2023-02-17 10:00:00+01:00;19602
2023-02-17 11:00:00+01:00;19030
2023-02-17 12:00:00+01:00;18981
2023-02-17 13:00:00+01:00;19126
2023-02-17 14:00:00+01:00;19470
2023-02-17 15:00:00+01:00;20222
2023-02-17 16:00:00+01:00;20599
2023-02-17 17:00:00+01:00;20537
2023-02-17 18:00:00+01:00;20241
2023-02-17 19:00:00+01:00;19649
2023-02-17 20:00:00+01:00;17855
2023-02-17 21:00:00+01:00;14248
2023-02-17 22:00:00+01:00;11897
2023-02-17 23:00:00+01:00;12345
2023-02-18 00:00:00+01:00;12831
2023-02-18 01:00:00+01:00;13166
2023-02-18 02:00:00+01:00;14179
2023-02-18 03:00:00+01:00;16157
2023-02-18 04:00:00+01:00;21413
2023-02-18 05:00:00+01:00;25294
2023-02-18 06:00:00+01:00;24844
2023-02-18 07:00:00+01:00;24414
2023-02-18 08:00:00+01:00;23455
2023-02-18 09:00:00+01:00;22352
2023-02-18 10:00:00+01:00;21345
2023-02-18 11:00:00+01:00;20738
2023-02-18 12:00:00+01:00;20668
2023-02-18 13:00:00+01:00;20795
2023-02-18 14:00:00+01:00;21171
2023-02-18 15:00:00+01:00;21997
2023-02-18 16:00:00+01:00;22384
2023-02-18 17:00:00+01:00;22333
2023-02-18 18:00:00+01:00;22015
2023-02-18 19:00:00+01:00;21371
2023-02-18 20:00:00+01:00;19416
2023-02-18 21:00:00+01:00;15514
2023-02-18 22:00:00+01:00;12951
2023-02-18 23:00:00+01:00;12173
2023-02-19 00:00:00+01:00;12664
2023-02-19 01:00:00+01:00;12973
2023-02-19 02:00:00+01:00;13966
2023-02-19 03:00:00+01:00;15897
2023-02-19 04:00:00+01:00;21073
2023-02-19 05:00:00+01:00;24876
2023-02-19 06:00:00+01:00;24454
2023-02-19 07:00:00+01:00;24029
2023-02-19 08:00:00+01:00;23110
2023-02-19 09:00:00+01:00;22009
2023-02-19 10:00:00+01:00;21024
2023-02-19 11:00:00+01:00;20410
2023-02-19 12:00:00+01:00;20345
2023-02-19 13:00:00+01:00;20494
2023-02-19 14:00:00+01:00;20859
2023-02-19 15:00:00+01:00;21655
2023-02-19 16:00:00+01:00;22051
2023-02-19 17:00:00+01:00;21980
2023-02-19 18:00:00+01:00;21663
2023-02-19 19:00:00+01:00;21030
2023-02-19 20:00:00+01:00;19113
2023-02-19 21:00:00+01:00;15273
2023-02-19 22:00:00+01:00;12764
2023-02-19 23:00:00+01:00;10722
2023-02-20 00:00:00+01:00;11170
2023-02-20 01:00:00+01:00;11489
2023-02-20 02:00:00+01:00;12254
2023-02-20 03:00:00+01:00;14022
2023-02-20 04:00:00+01:00;18643
2023-02-20 05:00:00+01:00;22481
2023-02-20 06:00:00+01:00;22030
2023-02-20 07:00:00+01:00;21556
2023-02-20 08:00:00+01:00;20684
2023-02-20 09:00:00+01:00;19792
2023-02-20 10:00:00+01:00;18929
2023-02-20 11:00:00+01:00;18296
2023-02-20 12:00:00+01:00;18156
2023-02-20 13:00:00+01:00;18335
2023-02-20 14:00:00+01:00;18650
2023-02-20 15:00:00+01:00;19383
2023-02-20 16:00:00+01:00;19721
2023-02-20 17:00:00+01:00;19739
2023-02-20 18:00:00+01:00;19460
2023-02-20 19:00:00+01:00;18833
2023-02-20 20:00:00+01:00;17141
2023-02-20 21:00:00+01:00;13729
2023-02-20 22:00:00+01:00;11372
2023-02-20 23:00:00+01:00;10853
2023-02-21 00:00:00+01:00;10958
2023-02-21 01:00:00+01:00;11512
2023-02-21 02:00:00+01:00;12265
2023-02-21 03:00:00+01:00;14072
2023-02-21 04:00:00+01:00;19181
2023-02-21 05:00:00+01:00;22690
2023-02-21 06:00:00+01:00;21654
2023-02-21 07:00:00+01:00;21219
2023-02-21 08:00:00+01:00;20306
2023-02-21 09:00:00+01:00;19259
2023-02-21 10:00:00+01:00;18870
2023-02-21 11:00:00+01:00;18046
2023-02-21 12:00:00+01:00;17732
2023-02-21 13:00:00+01:00;17515
2023-02-21 14:00:00+01:00;17918
2023-02-21 15:00:00+01:00;18830
2023-02-21 16:00:00+01:00;19647
2023-02-21 17:00:00+01:00;19755
2023-02-21 18:00:00+01:00;19459
2023-02-21 19:00:00+01:00;18811
2023-02-21 20:00:00+01:00;17374
2023-02-21 21:00:00+01:00;13956
2023-02-21 22:00:00+01:00;11606
2023-02-21 23:00:00+01:00;11512
2023-02-22 00:00:00+01:00;11820
2023-02-22 01:00:00+01:00;11777
2023-02-22 02:00:00+01:00;12803
2023-02-22 03:00:00+01:00;15441
2023-02-22 04:00:00+01:00;20833
2023-02-22 05:00:00+01:00;22641
2023-02-22 06:00:00+01:00;21392
2023-02-22 07:00:00+01:00;21133
2023-02-22 08:00:00+01:00;20329
2023-02-22 09:00:00+01:00;19370
2023-02-22 10:00:00+01:00;18937
2023-02-22 11:00:00+01:00;18307
2023-02-22 12:00:00+01:00;18173
2023-02-22 13:00:00+01:00;18580
2023-02-22 14:00:00+01:00;19006
2023-02-22 15:00:00+01:00;19547
2023-02-22 16:00:00+01:00;20511
2023-02-22 17:00:00+01:00;20696
2023-02-22 18:00:00+01:00;20422
2023-02-22 19:00:00+01:00;19948
2023-02-22 20:00:00+01:00;18256
2023-02-22 21:00:00+01:00;14654
2023-02-22 22:00:00+01:00;12487
2023-02-22 23:00:00+01:00;10723
2023-02-23 00:00:00+01:00;11086
2023-02-23 01:00:00+01:00;11377
2023-02-23 02:00:00+01:00;12396
2023-02-23 03:00:00+01:00;14249
2023-02-23 04:00:00+01:00;18870
2023-02-23 05:00:00+01:00;22299
2023-02-23 06:00:00+01:00;21767
2023-02-23 07:00:00+01:00;21452
2023-02-23 08:00:00+01:00;20568
2023-02-23 09:00:00+01:00;19623
2023-02-23 10:00:00+01:00;18714
2023-02-23 11:00:00+01:00;18122
2023-02-23 12:00:00+01:00;18113
2023-02-23 13:00:00+01:00;18215
2023-02-23 14:00:00+01:00;18524
2023-02-23 15:00:00+01:00;19204
2023-02-23 16:00:00+01:00;19817
2023-02-23 17:00:00+01:00;19946
2023-02-23 18:00:00+01:00;19680
2023-02-23 19:00:00+01:00;18846
2023-02-23 20:00:00+01:00;17226
2023-02-23 21:00:00+01:00;13701
2023-02-23 22:00:00+01:00;11366
2023-02-23 23:00:00+01:00;10324
2023-02-24 00:00:00+01:00;10796
2023-02-24 01:00:00+01:00;11060
2023-02-24 02:00:00+01:00;12064
2023-02-24 03:00:00+01:00;14077
2023-02-24 04:00:00+01:00;18616
2023-02-24 05:00:00+01:00;22074
2023-02-24 06:00:00+01:00;21732
2023-02-24 07:00:00+01:00;21353
2023-02-24 08:00:00+01:00;20244
2023-02-24 09:00:00+01:00;19140
2023-02-24 10:00:00+01:00;18229
2023-02-24 11:00:00+01:00;17702
2023-02-24 12:00:00+01:00;17630
2023-02-24 13:00:00+01:00;17777
2023-02-24 14:00:00+01:00;18105
2023-02-24 15:00:00+01:00;18816
2023-02-24 16:00:00+01:00;19313
2023-02-24 17:00:00+01:00;19340
2023-02-24 18:00:00+01:00;19174
2023-02-24 19:00:00+01:00;18626
2023-02-24 20:00:00+01:00;16893
2023-02-24 21:00:00+01:00;13309
2023-02-24 22:00:00+01:00;10955
2023-02-24 23:00:00+01:00;10715
2023-02-25 00:00:00+01:00;11151
2023-02-25 01:00:00+01:00;11440
2023-02-25 02:00:00+01:00;12380
2023-02-25 03:00:00+01:00;14217
2023-02-25 04:00:00+01:00;18808
2023-02-25 05:00:00+01:00;22251
2023-02-25 06:00:00+01:00;21868
2023-02-25 07:00:00+01:00;21518
2023-02-25 08:00:00+01:00;20572
2023-02-25 09:00:00+01:00;19550
2023-02-25 10:00:00+01:00;18653
2023-02-25 11:00:00+01:00;18127
2023-02-25 12:00:00+01:00;18071
2023-02-25 13:00:00+01:00;18200
2023-02-25 14:00:00+01:00;18535
2023-02-25 15:00:00+01:00;19272
2023-02-25 16:00:00+01:00;19666
2023-02-25 17:00:00+01:00;19649
2023-02-25 18:00:00+01:00;19401
2023-02-25 19:00:00+01:00;18833
2023-02-25 20:00:00+01:00;17100
2023-02-25 21:00:00+01:00;13587
2023-02-25 22:00:00+01:00;11288
2023-02-25 23:00:00+01:00;9164
2023-02-26 00:00:00+01:00;9665
2023-02-26 01:00:00+01:00;9902
2023-02-26 02:00:00+01:00;11009
2023-02-26 03:00:00+01:00;13315
2023-02-26 04:00:00+01:00;17562
2023-02-26 05:00:00+01:00;20956
2023-02-26 06:00:00+01:00;20673
2023-02-26 07:00:00+01:00;20282
2023-02-26 08:00:00+01:00;18845
2023-02-26 09:00:00+01:00;17635
2023-02-26 10:00:00+01:00;16723
2023-02-26 11:00:00+01:00;16246
2023-02-26 12:00:00+01:00;16137
2023-02-26 13:00:00+01:00;16289
2023-02-26 14:00:00+01:00;16601
2023-02-26 15:00:00+01:00;17268
2023-02-26 16:00:00+01:00;17929
2023-02-26 17:00:00+01:00;18073
2023-02-26 18:00:00+01:00;18076
2023-02-26 19:00:00+01:00;17580
2023-02-26 20:00:00+01:00;15898
2023-02-26 21:00:00+01:00;12291
2023-02-26 22:00:00+01:00;9897
2023-02-26 23:00:00+01:00;9591
2023-02-27 00:00:00+01:00;10095
2023-02-27 01:00:00+01:00;10350
2023-02-27 02:00:00+01:00;11294
2023-02-27 03:00:00+01:00;13455
2023-02-27 04:00:00+01:00;17836
2023-02-27 05:00:00+01:00;21731
2023-02-27 06:00:00+01:00;21381
2023-02-27 07:00:00+01:00;20908
2023-02-27 08:00:00+01:00;19614
2023-02-27 09:00:00+01:00;18533
2023-02-27 10:00:00+01:00;17627
2023-02-27 11:00:00+01:00;17054
2023-02-27 12:00:00+01:00;16862
2023-02-27 13:00:00+01:00;17068
2023-02-27 14:00:00+01:00;17372
2023-02-27 15:00:00+01:00;18030
2023-02-27 16:00:00+01:00;18562
2023-02-27 17:00:00+01:00;18783
2023-02-27 18:00:00+01:00;18666
2023-02-27 19:00:00+01:00;18111
2023-02-27 20:00:00+01:00;16425
2023-02-27 21:00:00+01:00;12874
2023-02-27 22:00:00+01:00;10442
2023-02-27 23:00:00+01:00;9870
2023-02-28 00:00:00+01:00;10098
2023-02-28 01:00:00+01:00;10521
2023-02-28 02:00:00+01:00;11417
2023-02-28 03:00:00+01:00;13482
2023-02-28 04:00:00+01:00;18363
2023-02-28 05:00:00+01:00;21730
2023-02-28 06:00:00+01:00;20861
2023-02-28 07:00:00+01:00;20309
2023-02-28 08:00:00+01:00;19234
2023-02-28 09:00:00+01:00;18061
2023-02-28 10:00:00+01:00;17643
2023-02-28 11:00:00+01:00;16935
2023-02-28 12:00:00+01:00;16433
2023-02-28 13:00:00+01:00;16220
2023-02-28 14:00:00+01:00;16687
2023-02-28 15:00:00+01:00;17572
2023-02-28 16:00:00+01:00;18450
2023-02-28 17:00:00+01:00;18725
2023-02-28 18:00:00+01:00;18502
2023-02-28 19:00:00+01:00;17993
2023-02-28 20:00:00+01:00;16490
2023-02-28 21:00:00+01:00;13199
2023-02-28 22:00:00+01:00;10733
2023-02-28 23:00:00+01:00;8263
2023-03-01 00:00:00+01:00;9164
2023-03-01 01:00:00+01:00;8695
2023-03-01 02:00:00+01:00;9741
2023-03-01 03:00:00+01:00;12308
2023-03-01 04:00:00+01:00;17088
2023-03-01 05:00:00+01:00;18399
2023-03-01 06:00:00+01:00;17350
2023-03-01 07:00:00+01:00;16527
2023-03-01 08:00:00+01:00;15667
2023-03-01 09:00:00+01:00;14622
2023-03-01 10:00:00+01:00;14169
2023-03-01 11:00:00+01:00;13720
2023-03-01 12:00:00+01:00;13478
2023-03-01 13:00:00+01:00;13863
2023-03-01 14:00:00+01:00;14040
2023-03-01 15:00:00+01:00;14954
2023-03-01 16:00:00+01:00;15831
2023-03-01 17:00:00+01:00;16122
2023-03-01 18:00:00+01:00;16188
2023-03-01 19:00:00+01:00;16066
2023-03-01 20:00:00+01:00;14479
2023-03-01 21:00:00+01:00;11696
2023-03-01 22:00:00+01:00;9165
2023-03-01 23:00:00+01:00;8688
2023-03-02 00:00:00+01:00;9250
2023-03-02 01:00:00+01:00;9479
2023-03-02 02:00:00+01:00;10599
2023-03-02 03:00:00+01:00;12902
2023-03-02 04:00:00+01:00;16913
2023-03-02 05:00:00+01:00;20129
2023-03-02 06:00:00+01:00;19840
2023-03-02 07:00:00+01:00;19260
2023-03-02 08:00:00+01:00;17997
2023-03-02 09:00:00+01:00;16890
2023-03-02 10:00:00+01:00;15879
2023-03-02 11:00:00+01:00;15540
2023-03-02 12:00:00+01:00;15307
2023-03-02 13:00:00+01:00;15417
2023-03-02 14:00:00+01:00;15746
2023-03-02 15:00:00+01:00;16544
2023-03-02 16:00:00+01:00;17180
2023-03-02 17:00:00+01:00;17645
2023-03-02 18:00:00+01:00;17624
2023-03-02 19:00:00+01:00;17080
2023-03-02 20:00:00+01:00;15439
2023-03-02 21:00:00+01:00;11977
2023-03-02 22:00:00+01:00;9545
2023-03-02 23:00:00+01:00;9426
2023-03-03 00:00:00+01:00;9931
2023-03-03 01:00:00+01:00;10174
2023-03-03 02:00:00+01:00;11282
2023-03-03 03:00:00+01:00;13580
2023-03-03 04:00:00+01:00;17921
2023-03-03 05:00:00+01:00;21366
2023-03-03 06:00:00+01:00;21073
2023-03-03 07:00:00+01:00;20673
2023-03-03 08:00:00+01:00;19260
2023-03-03 09:00:00+01:00;18048
2023-03-03 10:00:00+01:00;17124
2023-03-03 11:00:00+01:00;16635
2023-03-03 12:00:00+01:00;16527
2023-03-03 13:00:00+01:00;16679
2023-03-03 14:00:00+01:00;16997
2023-03-03 15:00:00+01:00;17676
2023-03-03 16:00:00+01:00;18324
2023-03-03 17:00:00+01:00;18456
2023-03-03 18:00:00+01:00;18438
2023-03-03 19:00:00+01:00;17930
2023-03-03 20:00:00+01:00;16220
2023-03-03 21:00:00+01:00;12573
2023-03-03 22:00:00+01:00;10154
2023-03-03 23:00:00+01:00;10115
2023-03-04 00:00:00+01:00;10573
2023-03-04 01:00:00+01:00;10843
2023-03-04 02:00:00+01:00;11841
2023-03-04 03:00:00+01:00;13836
2023-03-04 04:00:00+01:00;18286
2023-03-04 05:00:00+01:00;21701
2023-03-04 06:00:00+01:00;21354
2023-03-04 07:00:00+01:00;20992
2023-03-04 08:00:00+01:00;19871
2023-03-04 09:00:00+01:00;18786
2023-03-04 10:00:00+01:00;17886
2023-03-04 11:00:00+01:00;17385
2023-03-04 12:00:00+01:00;17306
2023-03-04 13:00:00+01:00;17445
2023-03-04 14:00:00+01:00;17772
2023-03-04 15:00:00+01:00;18482
2023-03-04 16:00:00+01:00;18970
2023-03-04 17:00:00+01:00;19011
2023-03-04 18:00:00+01:00;18854
2023-03-04 19:00:00+01:00;18312
2023-03-04 20:00:00+01:00;16607
2023-03-04 21:00:00+01:00;13066
2023-03-04 22:00:00+01:00;10744
2023-03-04 23:00:00+01:00;10528
2023-03-05 00:00:00+01:00;10972
2023-03-05 01:00:00+01:00;11239
2023-03-05 02:00:00+01:00;12173
2023-03-05 03:00:00+01:00;14003
2023-03-05 04:00:00+01:00;18530
2023-03-05 05:00:00+01:00;21917
2023-03-05 06:00:00+01:00;21559
2023-03-05 07:00:00+01:00;21206
2023-03-05 08:00:00+01:00;20268
2023-03-05 09:00:00+01:00;19238
2023-03-05 10:00:00+01:00;18354
2023-03-05 11:00:00+01:00;17822
2023-03-05 12:00:00+01:00;17772
2023-03-05 13:00:00+01:00;17915
2023-03-05 14:00:00+01:00;18243
2023-03-05 15:00:00+01:00;18956
2023-03-05 16:00:00+01:00;19369
2023-03-05 17:00:00+01:00;19345
2023-03-05 18:00:00+01:00;19109
2023-03-05 19:00:00+01:00;18554
2023-03-05 20:00:00+01:00;16847
2023-03-05 21:00:00+01:00;13369
2023-03-05 22:00:00+01:00;11098
2023-03-05 23:00:00+01:00;9718
2023-03-06 00:00:00+01:00;10207
2023-03-06 01:00:00+01:00;10472
2023-03-06 02:00:00+01:00;11375
2023-03-06 03:00:00+01:00;13444
2023-03-06 04:00:00+01:00;17830
2023-03-06 05:00:00+01:00;21680
2023-03-06 06:00:00+01:00;21313
2023-03-06 07:00:00+01:00;20847
2023-03-06 08:00:00+01:00;19643
2023-03-06 09:00:00+01:00;18607
2023-03-06 10:00:00+01:00;17717
2023-03-06 11:00:00+01:00;17138
2023-03-06 12:00:00+01:00;16958
2023-03-06 13:00:00+01:00;17159
2023-03-06 14:00:00+01:00;17462
2023-03-06 15:00:00+01:00;18130
2023-03-06 16:00:00+01:00;18621
2023-03-06 17:00:00+01:00;18802
2023-03-06 18:00:00+01:00;18655
2023-03-06 19:00:00+01:00;18091
2023-03-06 20:00:00+01:00;16418
2023-03-06 21:00:00+01:00;12922
2023-03-06 22:00:00+01:00;10526
2023-03-06 23:00:00+01:00;8072
2023-03-07 00:00:00+01:00;8452
2023-03-07 01:00:00+01:00;8689
2023-03-07 02:00:00+01:00;9723
2023-03-07 03:00:00+01:00;12020
2023-03-07 04:00:00+01:00;16361
2023-03-07 05:00:00+01:00;19356
2023-03-07 06:00:00+01:00;18740
2023-03-07 07:00:00+01:00;18083
2023-03-07 08:00:00+01:00;16852
2023-03-07 09:00:00+01:00;15565
2023-03-07 10:00:00+01:00;15145
2023-03-07 11:00:00+01:00;14623
2023-03-07 12:00:00+01:00;13906
2023-03-07 13:00:00+01:00;13695
2023-03-07 14:00:00+01:00;14230
2023-03-07 15:00:00+01:00;15042
2023-03-07 16:00:00+01:00;15966
2023-03-07 17:00:00+01:00;16445
2023-03-07 18:00:00+01:00;16327
2023-03-07 19:00:00+01:00;16027
2023-03-07 20:00:00+01:00;14505
2023-03-07 21:00:00+01:00;11542
2023-03-07 22:00:00+01:00;9052
2023-03-07 23:00:00+01:00;7168
2023-03-08 00:00:00+01:00;7973
2023-03-08 01:00:00+01:00;7530
2023-03-08 02:00:00+01:00;8426
2023-03-08 03:00:00+01:00;10677
2023-03-08 04:00:00+01:00;14900
2023-03-08 05:00:00+01:00;16092
2023-03-08 06:00:00+01:00;15139
2023-03-08 07:00:00+01:00;14434
2023-03-08 08:00:00+01:00;13680
2023-03-08 09:00:00+01:00;12745
2023-03-08 10:00:00+01:00;12354
2023-03-08 11:00:00+01:00;11960
2023-03-08 12:00:00+01:00;11750
2023-03-08 13:00:00+01:00;12096
2023-03-08 14:00:00+01:00;12246
2023-03-08 15:00:00+01:00;13077
2023-03-08 16:00:00+01:00;13852
2023-03-08 17:00:00+01:00;14106
2023-03-08 18:00:00+01:00;14169
2023-03-08 19:00:00+01:00;14074
2023-03-08 20:00:00+01:00;12655
2023-03-08 21:00:00+01:00;10222
2023-03-08 22:00:00+01:00;7968
2023-03-08 23:00:00+01:00;6893
2023-03-09 00:00:00+01:00;7349
2023-03-09 01:00:00+01:00;7525
2023-03-09 02:00:00+01:00;8453
2023-03-09 03:00:00+01:00;10345
2023-03-09 04:00:00+01:00;13501
2023-03-09 05:00:00+01:00;16097
2023-03-09 06:00:00+01:00;15874
2023-03-09 07:00:00+01:00;15465
2023-03-09 08:00:00+01:00;14410
2023-03-09 09:00:00+01:00;13492
2023-03-09 10:00:00+01:00;12665
2023-03-09 11:00:00+01:00;12415
2023-03-09 12:00:00+01:00;12238
2023-03-09 13:00:00+01:00;12336
2023-03-09 14:00:00+01:00;12612
2023-03-09 15:00:00+01:00;13292
2023-03-09 16:00:00+01:00;13813
2023-03-09 17:00:00+01:00;14218
2023-03-09 18:00:00+01:00;14201
2023-03-09 19:00:00+01:00;13766
2023-03-09 20:00:00+01:00;12427
2023-03-09 21:00:00+01:00;9590
2023-03-09 22:00:00+01:00;7611
2023-03-09 23:00:00+01:00;6883
2023-03-10 00:00:00+01:00;7267
2023-03-10 01:00:00+01:00;7441
2023-03-10 02:00:00+01:00;8352
2023-03-10 03:00:00+01:00;10227
2023-03-10 04:00:00+01:00;13429
2023-03-10 05:00:00+01:00;16073
2023-03-10 06:00:00+01:00;15862
2023-03-10 07:00:00+01:00;15632
2023-03-10 08:00:00+01:00;14409
2023-03-10 09:00:00+01:00;13419
2023-03-10 10:00:00+01:00;12707
2023-03-10 11:00:00+01:00;12352
2023-03-10 12:00:00+01:00;12296
2023-03-10 13:00:00+01:00;12435
2023-03-10 14:00:00+01:00;12686
2023-03-10 15:00:00+01:00;13227
2023-03-10 16:00:00+01:00;13794
2023-03-10 17:00:00+01:00;13937
2023-03-10 18:00:00+01:00;13967
2023-03-10 19:00:00+01:00;13580
2023-03-10 20:00:00+01:00;12265
2023-03-10 21:00:00+01:00;9387
2023-03-10 22:00:00+01:00;7496
2023-03-10 23:00:00+01:00;8415
2023-03-11 00:00:00+01:00;8902
2023-03-11 01:00:00+01:00;9121
2023-03-11 02:00:00+01:00;10214
2023-03-11 03:00:00+01:00;12492
2023-03-11 04:00:00+01:00;16461
2023-03-11 05:00:00+01:00;19695
2023-03-11 06:00:00+01:00;19440
2023-03-11 07:00:00+01:00;19075
2023-03-11 08:00:00+01:00;17601
2023-03-11 09:00:00+01:00;16409
2023-03-11 10:00:00+01:00;15535
2023-03-11 11:00:00+01:00;15109
2023-03-11 12:00:00+01:00;14985
2023-03-11 13:00:00+01:00;15147
2023-03-11 14:00:00+01:00;15446
2023-03-11 15:00:00+01:00;16075
2023-03-11 16:00:00+01:00;16757
2023-03-11 17:00:00+01:00;16929
2023-03-11 18:00:00+01:00;16978
2023-03-11 19:00:00+01:00;16512
2023-03-11 20:00:00+01:00;14928
2023-03-11 21:00:00+01:00;11442
2023-03-11 22:00:00+01:00;9151
2023-03-11 23:00:00+01:00;8662
2023-03-12 00:00:00+01:00;9156
2023-03-12 01:00:00+01:00;9380
2023-03-12 02:00:00+01:00;10486
2023-03-12 03:00:00+01:00;12801
2023-03-12 04:00:00+01:00;16868
2023-03-12 05:00:00+01:00;20161
2023-03-12 06:00:00+01:00;19899
2023-03-12 07:00:00+01:00;19525
2023-03-12 08:00:00+01:00;18045
2023-03-12 09:00:00+01:00;16839
2023-03-12 10:00:00+01:00;15949
2023-03-12 11:00:00+01:00;15497
2023-03-12 12:00:00+01:00;15387
2023-03-12 13:00:00+01:00;15538
2023-03-12 14:00:00+01:00;15840
2023-03-12 15:00:00+01:00;16483
2023-03-12 16:00:00+01:00;17166
2023-03-12 17:00:00+01:00;17335
2023-03-12 18:00:00+01:00;17376
2023-03-12 19:00:00+01:00;16902
2023-03-12 20:00:00+01:00;15273
2023-03-12 21:00:00+01:00;11746
2023-03-12 22:00:00+01:00;9403
2023-03-12 23:00:00+01:00;8987
2023-03-13 00:00:00+01:00;9502
2023-03-13 01:00:00+01:00;9728
2023-03-13 02:00:00+01:00;10721
2023-03-13 03:00:00+01:00;12985
2023-03-13 04:00:00+01:00;17188
2023-03-13 05:00:00+01:00;21030
2023-03-13 06:00:00+01:00;20721
2023-03-13 07:00:00+01:00;20264
2023-03-13 08:00:00+01:00;18839
2023-03-13 09:00:00+01:00;17709
2023-03-13 10:00:00+01:00;16806
2023-03-13 11:00:00+01:00;16266
2023-03-13 12:00:00+01:00;16060
2023-03-13 13:00:00+01:00;16276
2023-03-13 14:00:00+01:00;16570
2023-03-13 15:00:00+01:00;17191
2023-03-13 16:00:00+01:00;17784
2023-03-13 17:00:00+01:00;18075
2023-03-13 18:00:00+01:00;18017
2023-03-13 19:00:00+01:00;17499
2023-03-13 20:00:00+01:00;15847
2023-03-13 21:00:00+01:00;12311
2023-03-13 22:00:00+01:00;9899
2023-03-13 23:00:00+01:00;9953
2023-03-14 00:00:00+01:00;10149
2023-03-14 01:00:00+01:00;10599
2023-03-14 02:00:00+01:00;11447
2023-03-14 03:00:00+01:00;13419
2023-03-14 04:00:00+01:00;18282
2023-03-14 05:00:00+01:00;21627
2023-03-14 06:00:00+01:00;20729
2023-03-14 07:00:00+01:00;20219
2023-03-14 08:00:00+01:00;19200
2023-03-14 09:00:00+01:00;18072
2023-03-14 10:00:00+01:00;17671
2023-03-14 11:00:00+01:00;16946
2023-03-14 12:00:00+01:00;16497
2023-03-14 13:00:00+01:00;16282
2023-03-14 14:00:00+01:00;16729
2023-03-14 15:00:00+01:00;17610
2023-03-14 16:00:00+01:00;18463
2023-03-14 17:00:00+01:00;18694
2023-03-14 18:00:00+01:00;18456
2023-03-14 19:00:00+01:00;17922
2023-03-14 20:00:00+01:00;16454
2023-03-14 21:00:00+01:00;13182
2023-03-14 22:00:00+01:00;10781
2023-03-14 23:00:00+01:00;10067
2023-03-15 00:00:00+01:00;10698
2023-03-15 01:00:00+01:00;10432
2023-03-15 02:00:00+01:00;11498
2023-03-15 03:00:00+01:00;14162
2023-03-15 04:00:00+01:00;19352
2023-03-15 05:00:00+01:00;20927
2023-03-15 06:00:00+01:00;19762
2023-03-15 07:00:00+01:00;19191
2023-03-15 08:00:00+01:00;18338
2023-03-15 09:00:00+01:00;17313
2023-03-15 10:00:00+01:00;16857
2023-03-15 11:00:00+01:00;16309
2023-03-15 12:00:00+01:00;16114
2023-03-15 13:00:00+01:00;16517
2023-03-15 14:00:00+01:00;16821
2023-03-15 15:00:00+01:00;17569
2023-03-15 16:00:00+01:00;18509
2023-03-15 17:00:00+01:00;18755
2023-03-15 18:00:00+01:00;18655
2023-03-15 19:00:00+01:00;18356
2023-03-15 20:00:00+01:00;16684
2023-03-15 21:00:00+01:00;13433
2023-03-15 22:00:00+01:00;11025
2023-03-15 23:00:00+01:00;9671
2023-03-16 00:00:00+01:00;10169
2023-03-16 01:00:00+01:00;10427
2023-03-16 02:00:00+01:00;11530
2023-03-16 03:00:00+01:00;13706
2023-03-16 04:00:00+01:00;18048
2023-03-16 05:00:00+01:00;21415
2023-03-16 06:00:00+01:00;21025
2023-03-16 07:00:00+01:00;20528
2023-03-16 08:00:00+01:00;19387
2023-03-16 09:00:00+01:00;18321
2023-03-16 10:00:00+01:00;17328
2023-03-16 11:00:00+01:00;16883
2023-03-16 12:00:00+01:00;16729
2023-03-16 13:00:00+01:00;16837
2023-03-16 14:00:00+01:00;17164
2023-03-16 15:00:00+01:00;17931
2023-03-16 16:00:00+01:00;18571
2023-03-16 17:00:00+01:00;18913
2023-03-16 18:00:00+01:00;18798
2023-03-16 19:00:00+01:00;18130
2023-03-16 20:00:00+01:00;16463
2023-03-16 21:00:00+01:00;12907
2023-03-16 22:00:00+01:00;10461
2023-03-16 23:00:00+01:00;7954
2023-03-17 00:00:00+01:00;8412
2023-03-17 01:00:00+01:00;8616
2023-03-17 02:00:00+01:00;9661
2023-03-17 03:00:00+01:00;11844
2023-03-17 04:00:00+01:00;15586
2023-03-17 05:00:00+01:00;18647
2023-03-17 06:00:00+01:00;18408
2023-03-17 07:00:00+01:00;18083
2023-03-17 08:00:00+01:00;16669
2023-03-17 09:00:00+01:00;15531
2023-03-17 10:00:00+01:00;14703
2023-03-17 11:00:00+01:00;14289
2023-03-17 12:00:00+01:00;14195
2023-03-17 13:00:00+01:00;14342
2023-03-17 14:00:00+01:00;14625
2023-03-17 15:00:00+01:00;15229
2023-03-17 16:00:00+01:00;15883
2023-03-17 17:00:00+01:00;16052
2023-03-17 18:00:00+01:00;16102
2023-03-17 19:00:00+01:00;15662
2023-03-17 20:00:00+01:00;14147
2023-03-17 21:00:00+01:00;10846
2023-03-17 22:00:00+01:00;8657
2023-03-17 23:00:00+01:00;7740
2023-03-18 00:00:00+01:00;8187
2023-03-18 01:00:00+01:00;8386
2023-03-18 02:00:00+01:00;9409
2023-03-18 03:00:00+01:00;11529
2023-03-18 04:00:00+01:00;15174
2023-03-18 05:00:00+01:00;18167
2023-03-18 06:00:00+01:00;17932
2023-03-18 07:00:00+01:00;17621
2023-03-18 08:00:00+01:00;16236
2023-03-18 09:00:00+01:00;15122
2023-03-18 10:00:00+01:00;14314
2023-03-18 11:00:00+01:00;13923
2023-03-18 12:00:00+01:00;13819
2023-03-18 13:00:00+01:00;13977
2023-03-18 14:00:00+01:00;14257
2023-03-18 15:00:00+01:00;14846
2023-03-18 16:00:00+01:00;15488
2023-03-18 17:00:00+01:00;15653
2023-03-18 18:00:00+01:00;15701
2023-03-18 19:00:00+01:00;15268
2023-03-18 20:00:00+01:00;13800
2023-03-18 21:00:00+01:00;10555
2023-03-18 22:00:00+01:00;8430
2023-03-18 23:00:00+01:00;8183
2023-03-19 00:00:00+01:00;8657
2023-03-19 01:00:00+01:00;8867
2023-03-19 02:00:00+01:00;9941
2023-03-19 03:00:00+01:00;12190
2023-03-19 04:00:00+01:00;16048
2023-03-19 05:00:00+01:00;19198
2023-03-19 06:00:00+01:00;18953
2023-03-19 07:00:00+01:00;18608
2023-03-19 08:00:00+01:00;17153
2023-03-19 09:00:00+01:00;15983
2023-03-19 10:00:00+01:00;15131
2023-03-19 11:00:00+01:00;14703
2023-03-19 12:00:00+01:00;14601
2023-03-19 13:00:00+01:00;14750
2023-03-19 14:00:00+01:00;15040
2023-03-19 15:00:00+01:00;15657
2023-03-19 16:00:00+01:00;16331
2023-03-19 17:00:00+01:00;16504
2023-03-19 18:00:00+01:00;16558
2023-03-19 19:00:00+01:00;16108
2023-03-19 20:00:00+01:00;14549
2023-03-19 21:00:00+01:00;11158
2023-03-19 22:00:00+01:00;8906
2023-03-19 23:00:00+01:00;8371
2023-03-20 00:00:00+01:00;8886
2023-03-20 01:00:00+01:00;9085
2023-03-20 02:00:00+01:00;10103
2023-03-20 03:00:00+01:00;12411
2023-03-20 04:00:00+01:00;16404
2023-03-20 05:00:00+01:00;20144
2023-03-20 06:00:00+01:00;19871
2023-03-20 07:00:00+01:00;19439
2023-03-20 08:00:00+01:00;17934
2023-03-20 09:00:00+01:00;16783
2023-03-20 10:00:00+01:00;15897
2023-03-20 11:00:00+01:00;15391
2023-03-20 12:00:00+01:00;15180
2023-03-20 13:00:00+01:00;15401
2023-03-20 14:00:00+01:00;15685
2023-03-20 15:00:00+01:00;16268
2023-03-20 16:00:00+01:00;16899
2023-03-20 17:00:00+01:00;17239
2023-03-20 18:00:00+01:00;17228
2023-03-20 19:00:00+01:00;16747
2023-03-20 20:00:00+01:00;15146
2023-03-20 21:00:00+01:00;11676
2023-03-20 22:00:00+01:00;9318
2023-03-20 23:00:00+01:00;8509
2023-03-21 00:00:00+01:00;8907
2023-03-21 01:00:00+01:00;9149
2023-03-21 02:00:00+01:00;10242
2023-03-21 03:00:00+01:00;12661
2023-03-21 04:00:00+01:00;17226
2023-03-21 05:00:00+01:00;20397
2023-03-21 06:00:00+01:00;19756
2023-03-21 07:00:00+01:00;19045
2023-03-21 08:00:00+01:00;17745
2023-03-21 09:00:00+01:00;16400
2023-03-21 10:00:00+01:00;15943
2023-03-21 11:00:00+01:00;15395
2023-03-21 12:00:00+01:00;14633
2023-03-21 13:00:00+01:00;14425
2023-03-21 14:00:00+01:00;14982
2023-03-21 15:00:00+01:00;15829
2023-03-21 16:00:00+01:00;16791
2023-03-21 17:00:00+01:00;17297
2023-03-21 18:00:00+01:00;17174
2023-03-21 19:00:00+01:00;16859
2023-03-21 20:00:00+01:00;15264
2023-03-21 21:00:00+01:00;12148
2023-03-21 22:00:00+01:00;9526
2023-03-21 23:00:00+01:00;9679
2023-03-22 00:00:00+01:00;10438
2023-03-22 01:00:00+01:00;10089
2023-03-22 02:00:00+01:00;11188
2023-03-22 03:00:00+01:00;13901
2023-03-22 04:00:00+01:00;19087
2023-03-22 05:00:00+01:00;20594
2023-03-22 06:00:00+01:00;19447
2023-03-22 07:00:00+01:00;18747
2023-03-22 08:00:00+01:00;17863
2023-03-22 09:00:00+01:00;16801
2023-03-22 10:00:00+01:00;16329
2023-03-22 11:00:00+01:00;15804
2023-03-22 12:00:00+01:00;15582
2023-03-22 13:00:00+01:00;15989
2023-03-22 14:00:00+01:00;16251
2023-03-22 15:00:00+01:00;17085
2023-03-22 16:00:00+01:00;18029
2023-03-22 17:00:00+01:00;18302
2023-03-22 18:00:00+01:00;18266
2023-03-22 19:00:00+01:00;18027
2023-03-22 20:00:00+01:00;16342
2023-03-22 21:00:00+01:00;13173
2023-03-22 22:00:00+01:00;10643
2023-03-22 23:00:00+01:00;10455
2023-03-23 00:00:00+01:00;10781
2023-03-23 01:00:00+01:00;11064
2023-03-23 02:00:00+01:00;12033
2023-03-23 03:00:00+01:00;13764
2023-03-23 04:00:00+01:00;18234
2023-03-23 05:00:00+01:00;21537
2023-03-23 06:00:00+01:00;21004
2023-03-23 07:00:00+01:00;20745
2023-03-23 08:00:00+01:00;19933
2023-03-23 09:00:00+01:00;19040
2023-03-23 10:00:00+01:00;18179
2023-03-23 11:00:00+01:00;17591
2023-03-23 12:00:00+01:00;17609
2023-03-23 13:00:00+01:00;17708
2023-03-23 14:00:00+01:00;18004
2023-03-23 15:00:00+01:00;18648
2023-03-23 16:00:00+01:00;19235
2023-03-23 17:00:00+01:00;19328
2023-03-23 18:00:00+01:00;19046
2023-03-23 19:00:00+01:00;18218
2023-03-23 20:00:00+01:00;16666
2023-03-23 21:00:00+01:00;13279
2023-03-23 22:00:00+01:00;11052
2023-03-23 23:00:00+01:00;9613
2023-03-24 00:00:00+01:00;10113
2023-03-24 01:00:00+01:00;10361
2023-03-24 02:00:00+01:00;11453
2023-03-24 03:00:00+01:00;13707
2023-03-24 04:00:00+01:00;18096
2023-03-24 05:00:00+01:00;21553
2023-03-24 06:00:00+01:00;21250
2023-03-24 07:00:00+01:00;20852
2023-03-24 08:00:00+01:00;19489
2023-03-24 09:00:00+01:00;18294
2023-03-24 10:00:00+01:00;17369
2023-03-24 11:00:00+01:00;16872
2023-03-24 12:00:00+01:00;16770
2023-03-24 13:00:00+01:00;16921
2023-03-24 14:00:00+01:00;17241
2023-03-24 15:00:00+01:00;17928
2023-03-24 16:00:00+01:00;18550
2023-03-24 17:00:00+01:00;18663
2023-03-24 18:00:00+01:00;18620
2023-03-24 19:00:00+01:00;18103
2023-03-24 20:00:00+01:00;16385
2023-03-24 21:00:00+01:00;12739
2023-03-24 22:00:00+01:00;10325
2023-03-24 23:00:00+01:00;9540
2023-03-25 00:00:00+01:00;10040
2023-03-25 01:00:00+01:00;10292
2023-03-25 02:00:00+01:00;11390
2023-03-25 03:00:00+01:00;13651
2023-03-25 04:00:00+01:00;18022
2023-03-25 05:00:00+01:00;21483
2023-03-25 06:00:00+01:00;21177
2023-03-25 07:00:00+01:00;20780
2023-03-25 08:00:00+01:00;19394
2023-03-25 09:00:00+01:00;18198
2023-03-25 10:00:00+01:00;17271
2023-03-25 11:00:00+01:00;16792
2023-03-25 12:00:00+01:00;16674
2023-03-25 13:00:00+01:00;16830
2023-03-25 14:00:00+01:00;17152
2023-03-25 15:00:00+01:00;17839
2023-03-25 16:00:00+01:00;18466
2023-03-25 17:00:00+01:00;18589
2023-03-25 18:00:00+01:00;18554
2023-03-25 19:00:00+01:00;18036
2023-03-25 20:00:00+01:00;16328
2023-03-25 21:00:00+01:00;12669
2023-03-25 22:00:00+01:00;10260
2023-03-25 23:00:00+01:00;10084
2023-03-26 00:00:00+01:00;10553
2023-03-26 01:00:00+01:00;10811
2023-03-26 03:00:00+02:00;11816
2023-03-26 04:00:00+02:00;13837
2023-03-26 05:00:00+02:00;18290
2023-03-26 06:00:00+02:00;21702
2023-03-26 07:00:00+02:00;21370
2023-03-26 08:00:00+02:00;20998
2023-03-26 09:00:00+02:00;19867
2023-03-26 10:00:00+02:00;18762
2023-03-26 11:00:00+02:00;17862
2023-03-26 12:00:00+02:00;17347
2023-03-26 13:00:00+02:00;17273
2023-03-26 14:00:00+02:00;17420
2023-03-26 15:00:00+02:00;17744
2023-03-26 16:00:00+02:00;18443
2023-03-26 17:00:00+02:00;18952
2023-03-26 18:00:00+02:00;18991
2023-03-26 19:00:00+02:00;18843
2023-03-26 20:00:00+02:00;18307
2023-03-26 21:00:00+02:00;16598
2023-03-26 22:00:00+02:00;13051
2023-03-26 23:00:00+02:00;10719
2023-03-27 00:00:00+02:00;8969
2023-03-27 01:00:00+02:00;9484
2023-03-27 02:00:00+02:00;9709
2023-03-27 03:00:00+02:00;10702
2023-03-27 04:00:00+02:00;12963
2023-03-27 05:00:00+02:00;17158
2023-03-27 06:00:00+02:00;20994
2023-03-27 07:00:00+02:00;20686
2023-03-27 08:00:00+02:00;20230
2023-03-27 09:00:00+02:00;18806
2023-03-27 10:00:00+02:00;17677
2023-03-27 11:00:00+02:00;16776
2023-03-27 12:00:00+02:00;16236
2023-03-27 13:00:00+02:00;16031
2023-03-27 14:00:00+02:00;16247
2023-03-27 15:00:00+02:00;16541
2023-03-27 16:00:00+02:00;17160
2023-03-27 17:00:00+02:00;17753
2023-03-27 18:00:00+02:00;18044
2023-03-27 19:00:00+02:00;17987
2023-03-27 20:00:00+02:00;17470
2023-03-27 21:00:00+02:00;15820
2023-03-27 22:00:00+02:00;12289
2023-03-27 23:00:00+02:00;9881
2023-03-28 00:00:00+02:00;7702
2023-03-28 01:00:00+02:00;8086
2023-03-28 02:00:00+02:00;8305
2023-03-28 03:00:00+02:00;9322
2023-03-28 04:00:00+02:00;11578
2023-03-28 05:00:00+02:00;15763
2023-03-28 06:00:00+02:00;18638
2023-03-28 07:00:00+02:00;18057
2023-03-28 08:00:00+02:00;17416
2023-03-28 09:00:00+02:00;16207
2023-03-28 10:00:00+02:00;14938
2023-03-28 11:00:00+02:00;14535
2023-03-28 12:00:00+02:00;14043
2023-03-28 13:00:00+02:00;13330
2023-03-28 14:00:00+02:00;13117
2023-03-28 15:00:00+02:00;13646
2023-03-28 16:00:00+02:00;14436
2023-03-28 17:00:00+02:00;15344
2023-03-28 18:00:00+02:00;15828
2023-03-28 19:00:00+02:00;15721
2023-03-28 20:00:00+02:00;15447
2023-03-28 21:00:00+02:00;13959
2023-03-28 22:00:00+02:00;11100
2023-03-28 23:00:00+02:00;8673
2023-03-29 00:00:00+02:00;6849
2023-03-29 01:00:00+02:00;7621
2023-03-29 02:00:00+02:00;8038
2023-03-29 03:00:00+02:00;10192
2023-03-29 04:00:00+02:00;14245
2023-03-29 05:00:00+02:00;15404
2023-03-29 06:00:00+02:00;14479
2023-03-29 07:00:00+02:00;13815
2023-03-29 08:00:00+02:00;13094
2023-03-29 09:00:00+02:00;12194
2023-03-29 10:00:00+02:00;11822
2023-03-29 11:00:00+02:00;11444
2023-03-29 12:00:00+02:00;11245
2023-03-29 13:00:00+02:00;11579
2023-03-29 14:00:00+02:00;11723
2023-03-29 15:00:00+02:00;12525
2023-03-29 16:00:00+02:00;13268
2023-03-29 17:00:00+02:00;13510
2023-03-29 18:00:00+02:00;13570
2023-03-29 19:00:00+02:00;13481
2023-03-29 20:00:00+02:00;12113
2023-03-29 21:00:00+02:00;9784
2023-03-29 22:00:00+02:00;7618
2023-03-29 23:00:00+02:00;6971
2023-03-30 00:00:00+02:00;7433
2023-03-30 01:00:00+02:00;7612
2023-03-30 02:00:00+02:00;8550
2023-03-30 03:00:00+02:00;10464
2023-03-30 04:00:00+02:00;13659
2023-03-30 05:00:00+02:00;16284
2023-03-30 06:00:00+02:00;16060
2023-03-30 07:00:00+02:00;15641
2023-03-30 08:00:00+02:00;14574
2023-03-30 09:00:00+02:00;13646
2023-03-30 10:00:00+02:00;12809
2023-03-30 11:00:00+02:00;12557
2023-03-30 12:00:00+02:00;12375
2023-03-30 13:00:00+02:00;12474
2023-03-30 14:00:00+02:00;12753
2023-03-30 15:00:00+02:00;13439
2023-03-30 16:00:00+02:00;13966
2023-03-30 17:00:00+02:00;14376
2023-03-30 18:00:00+02:00;14360
2023-03-30 19:00:00+02:00;13920
2023-03-30 20:00:00+02:00;12567
2023-03-30 21:00:00+02:00;9699
2023-03-30 22:00:00+02:00;7698
2023-03-30 23:00:00+02:00;6452
2023-03-31 00:00:00+02:00;6807
2023-03-31 01:00:00+02:00;6970
2023-03-31 02:00:00+02:00;7828
2023-03-31 03:00:00+02:00;9586
2023-03-31 04:00:00+02:00;12587
2023-03-31 05:00:00+02:00;15077
2023-03-31 06:00:00+02:00;14878
2023-03-31 07:00:00+02:00;14672
2023-03-31 08:00:00+02:00;13523
2023-03-31 09:00:00+02:00;12588
2023-03-31 10:00:00+02:00;11919
2023-03-31 11:00:00+02:00;11584
2023-03-31 12:00:00+02:00;11540
2023-03-31 13:00:00+02:00;11672
2023-03-31 14:00:00+02:00;11910
2023-03-31 15:00:00+02:00;12424
2023-03-31 16:00:00+02:00;12956
2023-03-31 17:00:00+02:00;13095
2023-03-31 18:00:00+02:00;13125
2023-03-31 19:00:00+02:00;12759
2023-03-31 20:00:00+02:00;11526
2023-03-31 21:00:00+02:00;8813
2023-03-31 22:00:00+02:00;7030
2023-03-31 23:00:00+02:00;7342
2023-04-01 00:00:00+02:00;7758
2023-04-01 01:00:00+02:00;7946
2023-04-01 02:00:00+02:00;8909
2023-04-01 03:00:00+02:00;10892
2023-04-01 04:00:00+02:00;14325
2023-04-01 05:00:00+02:00;17147
2023-04-01 06:00:00+02:00;16921
2023-04-01 07:00:00+02:00;16650
2023-04-01 08:00:00+02:00;15357
2023-04-01 09:00:00+02:00;14309
2023-04-01 10:00:00+02:00;13549
2023-04-01 11:00:00+02:00;13180
2023-04-01 12:00:00+02:00;13094
2023-04-01 13:00:00+02:00;13247
2023-04-01 14:00:00+02:00;13514
2023-04-01 15:00:00+02:00;14080
2023-04-01 16:00:00+02:00;14679
2023-04-01 17:00:00+02:00;14829
2023-04-01 18:00:00+02:00;14863
2023-04-01 19:00:00+02:00;14449
2023-04-01 20:00:00+02:00;13061
2023-04-01 21:00:00+02:00;9993
2023-04-01 22:00:00+02:00;7991
2023-04-01 23:00:00+02:00;8147
2023-04-02 00:00:00+02:00;8607
2023-04-02 01:00:00+02:00;8816
2023-04-02 02:00:00+02:00;9861
2023-04-02 03:00:00+02:00;12037
2023-04-02 04:00:00+02:00;15847
2023-04-02 05:00:00+02:00;18945
2023-04-02 06:00:00+02:00;18697
2023-04-02 07:00:00+02:00;18367
2023-04-02 08:00:00+02:00;16972
2023-04-02 09:00:00+02:00;15833
2023-04-02 10:00:00+02:00;14998
2023-04-02 11:00:00+02:00;14574
2023-04-02 12:00:00+02:00;14481
2023-04-02 13:00:00+02:00;14628
2023-04-02 14:00:00+02:00;14915
2023-04-02 15:00:00+02:00;15528
2023-04-02 16:00:00+02:00;16173
2023-04-02 17:00:00+02:00;16331
2023-04-02 18:00:00+02:00;16365
2023-04-02 19:00:00+02:00;15917
2023-04-02 20:00:00+02:00;14382
2023-04-02 21:00:00+02:00;11053
2023-04-02 22:00:00+02:00;8847
2023-04-02 23:00:00+02:00;8626
2023-04-03 00:00:00+02:00;9134
2023-04-03 01:00:00+02:00;9346
2023-04-03 02:00:00+02:00;10338
2023-04-03 03:00:00+02:00;12591
2023-04-03 04:00:00+02:00;16655
2023-04-03 05:00:00+02:00;20408
2023-04-03 06:00:00+02:00;20116
2023-04-03 07:00:00+02:00;19678
2023-04-03 08:00:00+02:00;18239
2023-04-03 09:00:00+02:00;17114
2023-04-03 10:00:00+02:00;16230
2023-04-03 11:00:00+02:00;15711
2023-04-03 12:00:00+02:00;15507
2023-04-03 13:00:00+02:00;15724
2023-04-03 14:00:00+02:00;16011
2023-04-03 15:00:00+02:00;16610
2023-04-03 16:00:00+02:00;17211
2023-04-03 17:00:00+02:00;17518
2023-04-03 18:00:00+02:00;17478
2023-04-03 19:00:00+02:00;16981
2023-04-03 20:00:00+02:00;15370
2023-04-03 21:00:00+02:00;11902
2023-04-03 22:00:00+02:00;9542
2023-04-03 23:00:00+02:00;8777
2023-04-04 00:00:00+02:00;9148
2023-04-04 01:00:00+02:00;9421
2023-04-04 02:00:00+02:00;10484
2023-04-04 03:00:00+02:00;12852
2023-04-04 04:00:00+02:00;17489
2023-04-04 05:00:00+02:00;20708
2023-04-04 06:00:00+02:00;20025
2023-04-04 07:00:00+02:00;19338
2023-04-04 08:00:00+02:00;18071
2023-04-04 09:00:00+02:00;16751
2023-04-04 10:00:00+02:00;16298
2023-04-04 11:00:00+02:00;15720
2023-04-04 12:00:00+02:00;15000
2023-04-04 13:00:00+02:00;14791
2023-04-04 14:00:00+02:00;15334
2023-04-04 15:00:00+02:00;16191
2023-04-04 16:00:00+02:00;17141
2023-04-04 17:00:00+02:00;17610
2023-04-04 18:00:00+02:00;17469
2023-04-04 19:00:00+02:00;17120
2023-04-04 20:00:00+02:00;15535
2023-04-04 21:00:00+02:00;12376
2023-04-04 22:00:00+02:00;9771
2023-04-04 23:00:00+02:00;9448
2023-04-05 00:00:00+02:00;10286
2023-04-05 01:00:00+02:00;9886
2023-04-05 02:00:00+02:00;11006
2023-04-05 03:00:00+02:00;13750
2023-04-05 04:00:00+02:00;18937
2023-04-05 05:00:00+02:00;20403
2023-04-05 06:00:00+02:00;19267
2023-04-05 07:00:00+02:00;18488
2023-04-05 08:00:00+02:00;17584
2023-04-05 09:00:00+02:00;16498
2023-04-05 10:00:00+02:00;16016
2023-04-05 11:00:00+02:00;15505
2023-04-05 12:00:00+02:00;15267
2023-04-05 13:00:00+02:00;15676
2023-04-05 14:00:00+02:00;15914
2023-04-05 15:00:00+02:00;16800
2023-04-05 16:00:00+02:00;17747
2023-04-05 17:00:00+02:00;18037
2023-04-05 18:00:00+02:00;18040
2023-04-05 19:00:00+02:00;17838
2023-04-05 20:00:00+02:00;16143
2023-04-05 21:00:00+02:00;13023
2023-04-05 22:00:00+02:00;10417
2023-04-05 23:00:00+02:00;9720
2023-04-06 00:00:00+02:00;10205
2023-04-06 01:00:00+02:00;10464
2023-04-06 02:00:00+02:00;11557
2023-04-06 03:00:00+02:00;13700
2023-04-06 04:00:00+02:00;18048
2023-04-06 05:00:00+02:00;21408
2023-04-06 06:00:00+02:00;21008
2023-04-06 07:00:00+02:00;20529
2023-04-06 08:00:00+02:00;19412
2023-04-06 09:00:00+02:00;18359
2023-04-06 10:00:00+02:00;17376
2023-04-06 11:00:00+02:00;16921
2023-04-06 12:00:00+02:00;16780
2023-04-06 13:00:00+02:00;16887
2023-04-06 14:00:00+02:00;17212
2023-04-06 15:00:00+02:00;17969
2023-04-06 16:00:00+02:00;18605
2023-04-06 17:00:00+02:00;18929
2023-04-06 18:00:00+02:00;18802
2023-04-06 19:00:00+02:00;18123
2023-04-06 20:00:00+02:00;16466
2023-04-06 21:00:00+02:00;12924
2023-04-06 22:00:00+02:00;10496
2023-04-06 23:00:00+02:00;8733
2023-04-07 00:00:00+02:00;9228
2023-04-07 01:00:00+02:00;9454
2023-04-07 02:00:00+02:00;10561
2023-04-07 03:00:00+02:00;12878
2023-04-07 04:00:00+02:00;16973
2023-04-07 05:00:00+02:00;20282
2023-04-07 06:00:00+02:00;20017
2023-04-07 07:00:00+02:00;19640
2023-04-07 08:00:00+02:00;18163
2023-04-07 09:00:00+02:00;16955
2023-04-07 10:00:00+02:00;16061
2023-04-07 11:00:00+02:00;15606
2023-04-07 12:00:00+02:00;15495
2023-04-07 13:00:00+02:00;15647
2023-04-07 14:00:00+02:00;15950
2023-04-07 15:00:00+02:00;16597
2023-04-07 16:00:00+02:00;17278
2023-04-07 17:00:00+02:00;17444
2023-04-07 18:00:00+02:00;17481
2023-04-07 19:00:00+02:00;17004
2023-04-07 20:00:00+02:00;15367
2023-04-07 21:00:00+02:00;11826
2023-04-07 22:00:00+02:00;9473
2023-04-07 23:00:00+02:00;7774
2023-04-08 00:00:00+02:00;8224
2023-04-08 01:00:00+02:00;8424
2023-04-08 02:00:00+02:00;9452
2023-04-08 03:00:00+02:00;11582
2023-04-08 04:00:00+02:00;15245
2023-04-08 05:00:00+02:00;18251
2023-04-08 06:00:00+02:00;18015
2023-04-08 07:00:00+02:00;17701
2023-04-08 08:00:00+02:00;16310
2023-04-08 09:00:00+02:00;15191
2023-04-08 10:00:00+02:00;14379
2023-04-08 11:00:00+02:00;13987
2023-04-08 12:00:00+02:00;13881
2023-04-08 13:00:00+02:00;14040
2023-04-08 14:00:00+02:00;14321
2023-04-08 15:00:00+02:00;14912
2023-04-08 16:00:00+02:00;15557
2023-04-08 17:00:00+02:00;15722
2023-04-08 18:00:00+02:00;15772
2023-04-08 19:00:00+02:00;15337
2023-04-08 20:00:00+02:00;13862
2023-04-08 21:00:00+02:00;10603
2023-04-08 22:00:00+02:00;8468
2023-04-08 23:00:00+02:00;6357
2023-04-09 00:00:00+02:00;6705
2023-04-09 01:00:00+02:00;6864
2023-04-09 02:00:00+02:00;7709
2023-04-09 03:00:00+02:00;9433
2023-04-09 04:00:00+02:00;12368
2023-04-09 05:00:00+02:00;14809
2023-04-09 06:00:00+02:00;14612
2023-04-09 07:00:00+02:00;14429
2023-04-09 08:00:00+02:00;13299
2023-04-09 09:00:00+02:00;12382
2023-04-09 10:00:00+02:00;11727
2023-04-09 11:00:00+02:00;11401
2023-04-09 12:00:00+02:00;11363
2023-04-09 13:00:00+02:00;11498
2023-04-09 14:00:00+02:00;11734
2023-04-09 15:00:00+02:00;12243
2023-04-09 16:00:00+02:00;12767
2023-04-09 17:00:00+02:00;12898
2023-04-09 18:00:00+02:00;12919
2023-04-09 19:00:00+02:00;12557
2023-04-09 20:00:00+02:00;11340
2023-04-09 21:00:00+02:00;8670
2023-04-09 22:00:00+02:00;6925
2023-04-09 23:00:00+02:00;4055
2023-04-10 00:00:00+02:00;4336
2023-04-10 01:00:00+02:00;4434
2023-04-10 02:00:00+02:00;5032
2023-04-10 03:00:00+02:00;6661
2023-04-10 04:00:00+02:00;9767
2023-04-10 05:00:00+02:00;12553
2023-04-10 06:00:00+02:00;12432
2023-04-10 07:00:00+02:00;11409
2023-04-10 08:00:00+02:00;10467
2023-04-10 09:00:00+02:00;9530
2023-04-10 10:00:00+02:00;8717
2023-04-10 11:00:00+02:00;8428
2023-04-10 12:00:00+02:00;8079
2023-04-10 13:00:00+02:00;7878
2023-04-10 14:00:00+02:00;7949
2023-04-10 15:00:00+02:00;8265
2023-04-10 16:00:00+02:00;8619
2023-04-10 17:00:00+02:00;9107
2023-04-10 18:00:00+02:00;9725
2023-04-10 19:00:00+02:00;9518
2023-04-10 20:00:00+02:00;8905
2023-04-10 21:00:00+02:00;6766
2023-04-10 22:00:00+02:00;4633
2023-04-10 23:00:00+02:00;4346
2023-04-11 00:00:00+02:00;4305
2023-04-11 01:00:00+02:00;4621
2023-04-11 02:00:00+02:00;5086
2023-04-11 03:00:00+02:00;6895
2023-04-11 04:00:00+02:00;10273
2023-04-11 05:00:00+02:00;12482
2023-04-11 06:00:00+02:00;12455
2023-04-11 07:00:00+02:00;11513
2023-04-11 08:00:00+02:00;10527
2023-04-11 09:00:00+02:00;9615
2023-04-11 10:00:00+02:00;9007
2023-04-11 11:00:00+02:00;8578
2023-04-11 12:00:00+02:00;8001
2023-04-11 13:00:00+02:00;7704
2023-04-11 14:00:00+02:00;7826
2023-04-11 15:00:00+02:00;8099
2023-04-11 16:00:00+02:00;8675
2023-04-11 17:00:00+02:00;9350
2023-04-11 18:00:00+02:00;9898
2023-04-11 19:00:00+02:00;9696
2023-04-11 20:00:00+02:00;9119
2023-04-11 21:00:00+02:00;6978
2023-04-11 22:00:00+02:00;4954
2023-04-11 23:00:00+02:00;4390
2023-04-12 00:00:00+02:00;4715
2023-04-12 01:00:00+02:00;4852
2023-04-12 02:00:00+02:00;5746
2023-04-12 03:00:00+02:00;8141
2023-04-12 04:00:00+02:00;12048
2023-04-12 05:00:00+02:00;12702
2023-04-12 06:00:00+02:00;12680
2023-04-12 07:00:00+02:00;11354
2023-04-12 08:00:00+02:00;10321
2023-04-12 09:00:00+02:00;9572
2023-04-12 10:00:00+02:00;8996
2023-04-12 11:00:00+02:00;8575
2023-04-12 12:00:00+02:00;8239
2023-04-12 13:00:00+02:00;8244
2023-04-12 14:00:00+02:00;8338
2023-04-12 15:00:00+02:00;8735
2023-04-12 16:00:00+02:00;9178
2023-04-12 17:00:00+02:00;9782
2023-04-12 18:00:00+02:00;10409
2023-04-12 19:00:00+02:00;10320
2023-04-12 20:00:00+02:00;9542
2023-04-12 21:00:00+02:00;7389
2023-04-12 22:00:00+02:00;5174
2023-04-12 23:00:00+02:00;4932
2023-04-13 00:00:00+02:00;5249
2023-04-13 01:00:00+02:00;5515
2023-04-13 02:00:00+02:00;6304
2023-04-13 03:00:00+02:00;8156
2023-04-13 04:00:00+02:00;11695
2023-04-13 05:00:00+02:00;14502
2023-04-13 06:00:00+02:00;14346
2023-04-13 07:00:00+02:00;13124
2023-04-13 08:00:00+02:00;12143
2023-04-13 09:00:00+02:00;11097
2023-04-13 10:00:00+02:00;10230
2023-04-13 11:00:00+02:00;9735
2023-04-13 12:00:00+02:00;9505
2023-04-13 13:00:00+02:00;9311
2023-04-13 14:00:00+02:00;9530
2023-04-13 15:00:00+02:00;9802
2023-04-13 16:00:00+02:00;10332
2023-04-13 17:00:00+02:00;10900
2023-04-13 18:00:00+02:00;11505
2023-04-13 19:00:00+02:00;11303
2023-04-13 20:00:00+02:00;10492
2023-04-13 21:00:00+02:00;8000
2023-04-13 22:00:00+02:00;5649
2023-04-13 23:00:00+02:00;3693
2023-04-14 00:00:00+02:00;3872
2023-04-14 01:00:00+02:00;4095
2023-04-14 02:00:00+02:00;4655
2023-04-14 03:00:00+02:00;6162
2023-04-14 04:00:00+02:00;9055
2023-04-14 05:00:00+02:00;11401
2023-04-14 06:00:00+02:00;11284
2023-04-14 07:00:00+02:00;10345
2023-04-14 08:00:00+02:00;9505
2023-04-14 09:00:00+02:00;8594
2023-04-14 10:00:00+02:00;7903
2023-04-14 11:00:00+02:00;7454
2023-04-14 12:00:00+02:00;7310
2023-04-14 13:00:00+02:00;7102
2023-04-14 14:00:00+02:00;7201
2023-04-14 15:00:00+02:00;7484
2023-04-14 16:00:00+02:00;7811
2023-04-14 17:00:00+02:00;8270
2023-04-14 18:00:00+02:00;8819
2023-04-14 19:00:00+02:00;8653
2023-04-14 20:00:00+02:00;8104
2023-04-14 21:00:00+02:00;6116
2023-04-14 22:00:00+02:00;4178
2023-04-14 23:00:00+02:00;2461
2023-04-15 00:00:00+02:00;2551
2023-04-15 01:00:00+02:00;2695
2023-04-15 02:00:00+02:00;3093
2023-04-15 03:00:00+02:00;4087
2023-04-15 04:00:00+02:00;5975
2023-04-15 05:00:00+02:00;7583
2023-04-15 06:00:00+02:00;7485
2023-04-15 07:00:00+02:00;6942
2023-04-15 08:00:00+02:00;6372
2023-04-15 09:00:00+02:00;5739
2023-04-15 10:00:00+02:00;5273
2023-04-15 11:00:00+02:00;4975
2023-04-15 12:00:00+02:00;4928
2023-04-15 13:00:00+02:00;4805
2023-04-15 14:00:00+02:00;4878
2023-04-15 15:00:00+02:00;5099
2023-04-15 16:00:00+02:00;5319
2023-04-15 17:00:00+02:00;5635
2023-04-15 18:00:00+02:00;5998
2023-04-15 19:00:00+02:00;5873
2023-04-15 20:00:00+02:00;5509
2023-04-15 21:00:00+02:00;4120
2023-04-15 22:00:00+02:00;2798
2023-04-15 23:00:00+02:00;2990
2023-04-16 00:00:00+02:00;3116
2023-04-16 01:00:00+02:00;3297
2023-04-16 02:00:00+02:00;3761
2023-04-16 03:00:00+02:00;4975
2023-04-16 04:00:00+02:00;7291
2023-04-16 05:00:00+02:00;9217
2023-04-16 06:00:00+02:00;9113
2023-04-16 07:00:00+02:00;8399
2023-04-16 08:00:00+02:00;7715
2023-04-16 09:00:00+02:00;6961
2023-04-16 10:00:00+02:00;6400
2023-04-16 11:00:00+02:00;6034
2023-04-16 12:00:00+02:00;5947
2023-04-16 13:00:00+02:00;5785
2023-04-16 14:00:00+02:00;5871
2023-04-16 15:00:00+02:00;6120
2023-04-16 16:00:00+02:00;6385
2023-04-16 17:00:00+02:00;6761
2023-04-16 18:00:00+02:00;7203
2023-04-16 19:00:00+02:00;7062
2023-04-16 20:00:00+02:00;6619
2023-04-16 21:00:00+02:00;4973
2023-04-16 22:00:00+02:00;3389
2023-04-16 23:00:00+02:00;4051
2023-04-17 00:00:00+02:00;4332
2023-04-17 01:00:00+02:00;4429
2023-04-17 02:00:00+02:00;5026
2023-04-17 03:00:00+02:00;6650
2023-04-17 04:00:00+02:00;9744
2023-04-17 05:00:00+02:00;12522
2023-04-17 06:00:00+02:00;12400
2023-04-17 07:00:00+02:00;11384
2023-04-17 08:00:00+02:00;10445
2023-04-17 09:00:00+02:00;9511
2023-04-17 10:00:00+02:00;8702
2023-04-17 11:00:00+02:00;8414
2023-04-17 12:00:00+02:00;8067
2023-04-17 13:00:00+02:00;7869
2023-04-17 14:00:00+02:00;7941
2023-04-17 15:00:00+02:00;8256
2023-04-17 16:00:00+02:00;8610
2023-04-17 17:00:00+02:00;9095
2023-04-17 18:00:00+02:00;9708
2023-04-17 19:00:00+02:00;9500
2023-04-17 20:00:00+02:00;8887
2023-04-17 21:00:00+02:00;6752
2023-04-17 22:00:00+02:00;4629
2023-04-17 23:00:00+02:00;5299
2023-04-18 00:00:00+02:00;5428
2023-04-18 01:00:00+02:00;5693
2023-04-18 02:00:00+02:00;6336
2023-04-18 03:00:00+02:00;8198
2023-04-18 04:00:00+02:00;11662
2023-04-18 05:00:00+02:00;13949
2023-04-18 06:00:00+02:00;13709
2023-04-18 07:00:00+02:00;12965
2023-04-18 08:00:00+02:00;11962
2023-04-18 09:00:00+02:00;10959
2023-04-18 10:00:00+02:00;10487
2023-04-18 11:00:00+02:00;10064
2023-04-18 12:00:00+02:00;9478
2023-04-18 13:00:00+02:00;9215
2023-04-18 14:00:00+02:00;9494
2023-04-18 15:00:00+02:00;9956
2023-04-18 16:00:00+02:00;10634
2023-04-18 17:00:00+02:00;11194
2023-04-18 18:00:00+02:00;11455
2023-04-18 19:00:00+02:00;11242
2023-04-18 20:00:00+02:00;10344
2023-04-18 21:00:00+02:00;8070
2023-04-18 22:00:00+02:00;6025
2023-04-18 23:00:00+02:00;6424
2023-04-19 00:00:00+02:00;7141
2023-04-19 01:00:00+02:00;6730
2023-04-19 02:00:00+02:00;7514
2023-04-19 03:00:00+02:00;9534
2023-04-19 04:00:00+02:00;13356
2023-04-19 05:00:00+02:00;14471
2023-04-19 06:00:00+02:00;13588
2023-04-19 07:00:00+02:00;12982
2023-04-19 08:00:00+02:00;12307
2023-04-19 09:00:00+02:00;11455
2023-04-19 10:00:00+02:00;11110
2023-04-19 11:00:00+02:00;10752
2023-04-19 12:00:00+02:00;10569
2023-04-19 13:00:00+02:00;10885
2023-04-19 14:00:00+02:00;11021
2023-04-19 15:00:00+02:00;11779
2023-04-19 16:00:00+02:00;12478
2023-04-19 17:00:00+02:00;12704
2023-04-19 18:00:00+02:00;12759
2023-04-19 19:00:00+02:00;12675
2023-04-19 20:00:00+02:00;11380
2023-04-19 21:00:00+02:00;9189
2023-04-19 22:00:00+02:00;7149
2023-04-19 23:00:00+02:00;4855
2023-04-20 00:00:00+02:00;5166
2023-04-20 01:00:00+02:00;5432
2023-04-20 02:00:00+02:00;6212
2023-04-20 03:00:00+02:00;8051
2023-04-20 04:00:00+02:00;11572
2023-04-20 05:00:00+02:00;14365
2023-04-20 06:00:00+02:00;14211
2023-04-20 07:00:00+02:00;12982
2023-04-20 08:00:00+02:00;12010
2023-04-20 09:00:00+02:00;10967
2023-04-20 10:00:00+02:00;10106
2023-04-20 11:00:00+02:00;9609
2023-04-20 12:00:00+02:00;9381
2023-04-20 13:00:00+02:00;9181
2023-04-20 14:00:00+02:00;9398
2023-04-20 15:00:00+02:00;9660
2023-04-20 16:00:00+02:00;10186
2023-04-20 17:00:00+02:00;10755
2023-04-20 18:00:00+02:00;11368
2023-04-20 19:00:00+02:00;11172
2023-04-20 20:00:00+02:00;10378
2023-04-20 21:00:00+02:00;7910
2023-04-20 22:00:00+02:00;5567
2023-04-20 23:00:00+02:00;4288
2023-04-21 00:00:00+02:00;4511
2023-04-21 01:00:00+02:00;4766
2023-04-21 02:00:00+02:00;5405
2023-04-21 03:00:00+02:00;7144
2023-04-21 04:00:00+02:00;10484
2023-04-21 05:00:00+02:00;13158
2023-04-21 06:00:00+02:00;13029
2023-04-21 07:00:00+02:00;11929
2023-04-21 08:00:00+02:00;10963
2023-04-21 09:00:00+02:00;9930
2023-04-21 10:00:00+02:00;9140
2023-04-21 11:00:00+02:00;8627
2023-04-21 12:00:00+02:00;8442
2023-04-21 13:00:00+02:00;8203
2023-04-21 14:00:00+02:00;8315
2023-04-21 15:00:00+02:00;8627
2023-04-21 16:00:00+02:00;9006
2023-04-21 17:00:00+02:00;9521
2023-04-21 18:00:00+02:00;10144
2023-04-21 19:00:00+02:00;9956
2023-04-21 20:00:00+02:00;9312
2023-04-21 21:00:00+02:00;7048
2023-04-21 22:00:00+02:00;4841
2023-04-21 23:00:00+02:00;5236
2023-04-22 00:00:00+02:00;5525
2023-04-22 01:00:00+02:00;5752
2023-04-22 02:00:00+02:00;6503
2023-04-22 03:00:00+02:00;8322
2023-04-22 04:00:00+02:00;11697
2023-04-22 05:00:00+02:00;14414
2023-04-22 06:00:00+02:00;14251
2023-04-22 07:00:00+02:00;13415
2023-04-22 08:00:00+02:00;12337
2023-04-22 09:00:00+02:00;11302
2023-04-22 10:00:00+02:00;10519
2023-04-22 11:00:00+02:00;10058
2023-04-22 12:00:00+02:00;9901
2023-04-22 13:00:00+02:00;9791
2023-04-22 14:00:00+02:00;9948
2023-04-22 15:00:00+02:00;10338
2023-04-22 16:00:00+02:00;10792
2023-04-22 17:00:00+02:00;11194
2023-04-22 18:00:00+02:00;11635
2023-04-22 19:00:00+02:00;11374
2023-04-22 20:00:00+02:00;10492
2023-04-22 21:00:00+02:00;7973
2023-04-22 22:00:00+02:00;5824
2023-04-22 23:00:00+02:00;5637
2023-04-23 00:00:00+02:00;5941
2023-04-23 01:00:00+02:00;6121
2023-04-23 02:00:00+02:00;6890
2023-04-23 03:00:00+02:00;8571
2023-04-23 04:00:00+02:00;11532
2023-04-23 05:00:00+02:00;13970
2023-04-23 06:00:00+02:00;13796
2023-04-23 07:00:00+02:00;13382
2023-04-23 08:00:00+02:00;12325
2023-04-23 09:00:00+02:00;11400
2023-04-23 10:00:00+02:00;10727
2023-04-23 11:00:00+02:00;10360
2023-04-23 12:00:00+02:00;10288
2023-04-23 13:00:00+02:00;10322
2023-04-23 14:00:00+02:00;10520
2023-04-23 15:00:00+02:00;10967
2023-04-23 16:00:00+02:00;11438
2023-04-23 17:00:00+02:00;11669
2023-04-23 18:00:00+02:00;11848
2023-04-23 19:00:00+02:00;11540
2023-04-23 20:00:00+02:00;10507
2023-04-23 21:00:00+02:00;8011
2023-04-23 22:00:00+02:00;6187
2023-04-23 23:00:00+02:00;3920
2023-04-24 00:00:00+02:00;4191
2023-04-24 01:00:00+02:00;4285
2023-04-24 02:00:00+02:00;4867
2023-04-24 03:00:00+02:00;6448
2023-04-24 04:00:00+02:00;9462
2023-04-24 05:00:00+02:00;12173
2023-04-24 06:00:00+02:00;12052
2023-04-24 07:00:00+02:00;11058
2023-04-24 08:00:00+02:00;10145
2023-04-24 09:00:00+02:00;9233
2023-04-24 10:00:00+02:00;8442
2023-04-24 11:00:00+02:00;8163
2023-04-24 12:00:00+02:00;7824
2023-04-24 13:00:00+02:00;7629
2023-04-24 14:00:00+02:00;7698
2023-04-24 15:00:00+02:00;8007
2023-04-24 16:00:00+02:00;8349
2023-04-24 17:00:00+02:00;8825
2023-04-24 18:00:00+02:00;9429
2023-04-24 19:00:00+02:00;9228
2023-04-24 20:00:00+02:00;8637
2023-04-24 21:00:00+02:00;6559
2023-04-24 22:00:00+02:00;4483
2023-04-24 23:00:00+02:00;3657
2023-04-25 00:00:00+02:00;3612
2023-04-25 01:00:00+02:00;3909
2023-04-25 02:00:00+02:00;4290
2023-04-25 03:00:00+02:00;5843
2023-04-25 04:00:00+02:00;8760
2023-04-25 05:00:00+02:00;10620
2023-04-25 06:00:00+02:00;10589
2023-04-25 07:00:00+02:00;9812
2023-04-25 08:00:00+02:00;8973
2023-04-25 09:00:00+02:00;8164
2023-04-25 10:00:00+02:00;7669
2023-04-25 11:00:00+02:00;7297
2023-04-25 12:00:00+02:00;6815
2023-04-25 13:00:00+02:00;6519
2023-04-25 14:00:00+02:00;6629
2023-04-25 15:00:00+02:00;6873
2023-04-25 16:00:00+02:00;7389
2023-04-25 17:00:00+02:00;7976
2023-04-25 18:00:00+02:00;8463
2023-04-25 19:00:00+02:00;8290
2023-04-25 20:00:00+02:00;7795
2023-04-25 21:00:00+02:00;5948
2023-04-25 22:00:00+02:00;4208
2023-04-25 23:00:00+02:00;3422
2023-04-26 00:00:00+02:00;3644
2023-04-26 01:00:00+02:00;3758
2023-04-26 02:00:00+02:00;4436
2023-04-26 03:00:00+02:00;6363
2023-04-26 04:00:00+02:00;9543
2023-04-26 05:00:00+02:00;10139
2023-04-26 06:00:00+02:00;10102
2023-04-26 07:00:00+02:00;9071
2023-04-26 08:00:00+02:00;8234
2023-04-26 09:00:00+02:00;7620
2023-04-26 10:00:00+02:00;7162
2023-04-26 11:00:00+02:00;6815
2023-04-26 12:00:00+02:00;6549
2023-04-26 13:00:00+02:00;6549
2023-04-26 14:00:00+02:00;6627
2023-04-26 15:00:00+02:00;6945
2023-04-26 16:00:00+02:00;7294
2023-04-26 17:00:00+02:00;7787
2023-04-26 18:00:00+02:00;8306
2023-04-26 19:00:00+02:00;8234
2023-04-26 20:00:00+02:00;7600
2023-04-26 21:00:00+02:00;5861
2023-04-26 22:00:00+02:00;4064
2023-04-26 23:00:00+02:00;4718
2023-04-27 00:00:00+02:00;5018
2023-04-27 01:00:00+02:00;5285
2023-04-27 02:00:00+02:00;6052
2023-04-27 03:00:00+02:00;7869
2023-04-27 04:00:00+02:00;11367
2023-04-27 05:00:00+02:00;14140
2023-04-27 06:00:00+02:00;13990
2023-04-27 07:00:00+02:00;12743
2023-04-27 08:00:00+02:00;11785
2023-04-27 09:00:00+02:00;10747
2023-04-27 10:00:00+02:00;9892
2023-04-27 11:00:00+02:00;9390
2023-04-27 12:00:00+02:00;9164
2023-04-27 13:00:00+02:00;8954
2023-04-27 14:00:00+02:00;9167
2023-04-27 15:00:00+02:00;9409
2023-04-27 16:00:00+02:00;9930
2023-04-27 17:00:00+02:00;10500
2023-04-27 18:00:00+02:00;11133
2023-04-27 19:00:00+02:00;10949
2023-04-27 20:00:00+02:00;10186
2023-04-27 21:00:00+02:00;7757
2023-04-27 22:00:00+02:00;5423
2023-04-27 23:00:00+02:00;6688
2023-04-28 00:00:00+02:00;7058
2023-04-28 01:00:00+02:00;7226
2023-04-28 02:00:00+02:00;8113
2023-04-28 03:00:00+02:00;9932
2023-04-28 04:00:00+02:00;13035
2023-04-28 05:00:00+02:00;15604
2023-04-28 06:00:00+02:00;15398
2023-04-28 07:00:00+02:00;15186
2023-04-28 08:00:00+02:00;13997
2023-04-28 09:00:00+02:00;13034
2023-04-28 10:00:00+02:00;12343
2023-04-28 11:00:00+02:00;11999
2023-04-28 12:00:00+02:00;11950
2023-04-28 13:00:00+02:00;12088
2023-04-28 14:00:00+02:00;12333
2023-04-28 15:00:00+02:00;12862
2023-04-28 16:00:00+02:00;13413
2023-04-28 17:00:00+02:00;13552
2023-04-28 18:00:00+02:00;13579
2023-04-28 19:00:00+02:00;13201
2023-04-28 20:00:00+02:00;11922
2023-04-28 21:00:00+02:00;9121
2023-04-28 22:00:00+02:00;7284
2023-04-28 23:00:00+02:00;6630
2023-04-29 00:00:00+02:00;7001
2023-04-29 01:00:00+02:00;7168
2023-04-29 02:00:00+02:00;8052
2023-04-29 03:00:00+02:00;9853
2023-04-29 04:00:00+02:00;12938
2023-04-29 05:00:00+02:00;15496
2023-04-29 06:00:00+02:00;15291
2023-04-29 07:00:00+02:00;15079
2023-04-29 08:00:00+02:00;13892
2023-04-29 09:00:00+02:00;12933
2023-04-29 10:00:00+02:00;12245
2023-04-29 11:00:00+02:00;11915
2023-04-29 12:00:00+02:00;11852
2023-04-29 13:00:00+02:00;12000
2023-04-29 14:00:00+02:00;12247
2023-04-29 15:00:00+02:00;12770
2023-04-29 16:00:00+02:00;13321
2023-04-29 17:00:00+02:00;13459
2023-04-29 18:00:00+02:00;13488
2023-04-29 19:00:00+02:00;13108
2023-04-29 20:00:00+02:00;11847
2023-04-29 21:00:00+02:00;9043
2023-04-29 22:00:00+02:00;7226
2023-04-29 23:00:00+02:00;6657
2023-04-30 00:00:00+02:00;7026
2023-04-30 01:00:00+02:00;7193
2023-04-30 02:00:00+02:00;8076
2023-04-30 03:00:00+02:00;9886
2023-04-30 04:00:00+02:00;12974
2023-04-30 05:00:00+02:00;15531
2023-04-30 06:00:00+02:00;15326
2023-04-30 07:00:00+02:00;15116
2023-04-30 08:00:00+02:00;13932
2023-04-30 09:00:00+02:00;12974
2023-04-30 10:00:00+02:00;12287
2023-04-30 11:00:00+02:00;11944
2023-04-30 12:00:00+02:00;11896
2023-04-30 13:00:00+02:00;12034
2023-04-30 14:00:00+02:00;12278
2023-04-30 15:00:00+02:00;12805
2023-04-30 16:00:00+02:00;13354
2023-04-30 17:00:00+02:00;13492
2023-04-30 18:00:00+02:00;13518
2023-04-30 19:00:00+02:00;13142
2023-04-30 20:00:00+02:00;11869
2023-04-30 21:00:00+02:00;9079
2023-04-30 22:00:00+02:00;7251
2023-04-30 23:00:00+02:00;6600
2023-05-01 00:00:00+02:00;6997
2023-05-01 01:00:00+02:00;7151
2023-05-01 02:00:00+02:00;7967
2023-05-01 03:00:00+02:00;9780
2023-05-01 04:00:00+02:00;12882
2023-05-01 05:00:00+02:00;15842
2023-05-01 06:00:00+02:00;15599
2023-05-01 07:00:00+02:00;15323
2023-05-01 08:00:00+02:00;14136
2023-05-01 09:00:00+02:00;13232
2023-05-01 10:00:00+02:00;12540
2023-05-01 11:00:00+02:00;12144
2023-05-01 12:00:00+02:00;12003
2023-05-01 13:00:00+02:00;12207
2023-05-01 14:00:00+02:00;12441
2023-05-01 15:00:00+02:00;12930
2023-05-01 16:00:00+02:00;13419
2023-05-01 17:00:00+02:00;13684
2023-05-01 18:00:00+02:00;13646
2023-05-01 19:00:00+02:00;13262
2023-05-01 20:00:00+02:00;11986
2023-05-01 21:00:00+02:00;9224
2023-05-01 22:00:00+02:00;7366
2023-05-01 23:00:00+02:00;5419
2023-05-02 00:00:00+02:00;5559
2023-05-02 01:00:00+02:00;5822
2023-05-02 02:00:00+02:00;6484
2023-05-02 03:00:00+02:00;8373
2023-05-02 04:00:00+02:00;11883
2023-05-02 05:00:00+02:00;14208
2023-05-02 06:00:00+02:00;13954
2023-05-02 07:00:00+02:00;13207
2023-05-02 08:00:00+02:00;12190
2023-05-02 09:00:00+02:00;11172
2023-05-02 10:00:00+02:00;10698
2023-05-02 11:00:00+02:00;10271
2023-05-02 12:00:00+02:00;9675
2023-05-02 13:00:00+02:00;9414
2023-05-02 14:00:00+02:00;9703
2023-05-02 15:00:00+02:00;10180
2023-05-02 16:00:00+02:00;10870
2023-05-02 17:00:00+02:00;11430
2023-05-02 18:00:00+02:00;11680
2023-05-02 19:00:00+02:00;11463
2023-05-02 20:00:00+02:00;10539
2023-05-02 21:00:00+02:00;8230
2023-05-02 22:00:00+02:00;6157
2023-05-02 23:00:00+02:00;3755
2023-05-03 00:00:00+02:00;4011
2023-05-03 01:00:00+02:00;4138
2023-05-03 02:00:00+02:00;4895
2023-05-03 03:00:00+02:00;6996
2023-05-03 04:00:00+02:00;10442
2023-05-03 05:00:00+02:00;11056
2023-05-03 06:00:00+02:00;11032
2023-05-03 07:00:00+02:00;9887
2023-05-03 08:00:00+02:00;8976
2023-05-03 09:00:00+02:00;8313
2023-05-03 10:00:00+02:00;7810
2023-05-03 11:00:00+02:00;7436
2023-05-03 12:00:00+02:00;7142
2023-05-03 13:00:00+02:00;7142
2023-05-03 14:00:00+02:00;7225
2023-05-03 15:00:00+02:00;7569
2023-05-03 16:00:00+02:00;7950
2023-05-03 17:00:00+02:00;8487
2023-05-03 18:00:00+02:00;9050
2023-05-03 19:00:00+02:00;8972
2023-05-03 20:00:00+02:00;8290
2023-05-03 21:00:00+02:00;6400
2023-05-03 22:00:00+02:00;4449
2023-05-03 23:00:00+02:00;2777
2023-05-04 00:00:00+02:00;2915
2023-05-04 01:00:00+02:00;3087
2023-05-04 02:00:00+02:00;3576
2023-05-04 03:00:00+02:00;4685
2023-05-04 04:00:00+02:00;6807
2023-05-04 05:00:00+02:00;8596
2023-05-04 06:00:00+02:00;8486
2023-05-04 07:00:00+02:00;7782
2023-05-04 08:00:00+02:00;7188
2023-05-04 09:00:00+02:00;6508
2023-05-04 10:00:00+02:00;5971
2023-05-04 11:00:00+02:00;5640
2023-05-04 12:00:00+02:00;5550
2023-05-04 13:00:00+02:00;5405
2023-05-04 14:00:00+02:00;5544
2023-05-04 15:00:00+02:00;5694
2023-05-04 16:00:00+02:00;6027
2023-05-04 17:00:00+02:00;6403
2023-05-04 18:00:00+02:00;6825
2023-05-04 19:00:00+02:00;6702
2023-05-04 20:00:00+02:00;6271
2023-05-04 21:00:00+02:00;4718
2023-05-04 22:00:00+02:00;3226
2023-05-04 23:00:00+02:00;1888
2023-05-05 00:00:00+02:00;2021
2023-05-05 01:00:00+02:00;2062
2023-05-05 02:00:00+02:00;2475
2023-05-05 03:00:00+02:00;3526
2023-05-05 04:00:00+02:00;5578
2023-05-05 05:00:00+02:00;7097
2023-05-05 06:00:00+02:00;6913
2023-05-05 07:00:00+02:00;6054
2023-05-05 08:00:00+02:00;5726
2023-05-05 09:00:00+02:00;5107
2023-05-05 10:00:00+02:00;4702
2023-05-05 11:00:00+02:00;4501
2023-05-05 12:00:00+02:00;4203
2023-05-05 13:00:00+02:00;4067
2023-05-05 14:00:00+02:00;3921
2023-05-05 15:00:00+02:00;4125
2023-05-05 16:00:00+02:00;4319
2023-05-05 17:00:00+02:00;4580
2023-05-05 18:00:00+02:00;4954
2023-05-05 19:00:00+02:00;5012
2023-05-05 20:00:00+02:00;4634
2023-05-05 21:00:00+02:00;3564
2023-05-05 22:00:00+02:00;2348
2023-05-05 23:00:00+02:00;2917
2023-05-06 00:00:00+02:00;3041
2023-05-06 01:00:00+02:00;3212
2023-05-06 02:00:00+02:00;3675
2023-05-06 03:00:00+02:00;4861
2023-05-06 04:00:00+02:00;7131
2023-05-06 05:00:00+02:00;9016
2023-05-06 06:00:00+02:00;8908
2023-05-06 07:00:00+02:00;8216
2023-05-06 08:00:00+02:00;7542
2023-05-06 09:00:00+02:00;6807
2023-05-06 10:00:00+02:00;6255
2023-05-06 11:00:00+02:00;5902
2023-05-06 12:00:00+02:00;5819
2023-05-06 13:00:00+02:00;5665
2023-05-06 14:00:00+02:00;5746
2023-05-06 15:00:00+02:00;5989
2023-05-06 16:00:00+02:00;6250
2023-05-06 17:00:00+02:00;6622
2023-05-06 18:00:00+02:00;7057
2023-05-06 19:00:00+02:00;6916
2023-05-06 20:00:00+02:00;6483
2023-05-06 21:00:00+02:00;4868
2023-05-06 22:00:00+02:00;3311
2023-05-06 23:00:00+02:00;3467
2023-05-07 00:00:00+02:00;3629
2023-05-07 01:00:00+02:00;3840
2023-05-07 02:00:00+02:00;4369
2023-05-07 03:00:00+02:00;5786
2023-05-07 04:00:00+02:00;8503
2023-05-07 05:00:00+02:00;10720
2023-05-07 06:00:00+02:00;10607
2023-05-07 07:00:00+02:00;9734
2023-05-07 08:00:00+02:00;8943
2023-05-07 09:00:00+02:00;8080
2023-05-07 10:00:00+02:00;7428
2023-05-07 11:00:00+02:00;7003
2023-05-07 12:00:00+02:00;6877
2023-05-07 13:00:00+02:00;6682
2023-05-07 14:00:00+02:00;6777
2023-05-07 15:00:00+02:00;7048
2023-05-07 16:00:00+02:00;7356
2023-05-07 17:00:00+02:00;7791
2023-05-07 18:00:00+02:00;8310
2023-05-07 19:00:00+02:00;8152
2023-05-07 20:00:00+02:00;7638
2023-05-07 21:00:00+02:00;5757
2023-05-07 22:00:00+02:00;3926
2023-05-07 23:00:00+02:00;2869
2023-05-08 00:00:00+02:00;3055
2023-05-08 01:00:00+02:00;3122
2023-05-08 02:00:00+02:00;3568
2023-05-08 03:00:00+02:00;4737
2023-05-08 04:00:00+02:00;6931
2023-05-08 05:00:00+02:00;8986
2023-05-08 06:00:00+02:00;8861
2023-05-08 07:00:00+02:00;8173
2023-05-08 08:00:00+02:00;7494
2023-05-08 09:00:00+02:00;6812
2023-05-08 10:00:00+02:00;6224
2023-05-08 11:00:00+02:00;6021
2023-05-08 12:00:00+02:00;5790
2023-05-08 13:00:00+02:00;5666
2023-05-08 14:00:00+02:00;5724
2023-05-08 15:00:00+02:00;5981
2023-05-08 16:00:00+02:00;6222
2023-05-08 17:00:00+02:00;6580
2023-05-08 18:00:00+02:00;7017
2023-05-08 19:00:00+02:00;6867
2023-05-08 20:00:00+02:00;6430
2023-05-08 21:00:00+02:00;4861
2023-05-08 22:00:00+02:00;3305
2023-05-08 23:00:00+02:00;2681
2023-05-09 00:00:00+02:00;2645
2023-05-09 01:00:00+02:00;2908
2023-05-09 02:00:00+02:00;3173
2023-05-09 03:00:00+02:00;4339
2023-05-09 04:00:00+02:00;6552
2023-05-09 05:00:00+02:00;7883
2023-05-09 06:00:00+02:00;7830
2023-05-09 07:00:00+02:00;7322
2023-05-09 08:00:00+02:00;6708
2023-05-09 09:00:00+02:00;6051
2023-05-09 10:00:00+02:00;5739
2023-05-09 11:00:00+02:00;5455
2023-05-09 12:00:00+02:00;5117
2023-05-09 13:00:00+02:00;4826
2023-05-09 14:00:00+02:00;4930
2023-05-09 15:00:00+02:00;5143
2023-05-09 16:00:00+02:00;5576
2023-05-09 17:00:00+02:00;6019
2023-05-09 18:00:00+02:00;6388
2023-05-09 19:00:00+02:00;6259
2023-05-09 20:00:00+02:00;5864
2023-05-09 21:00:00+02:00;4457
2023-05-09 22:00:00+02:00;3153
2023-05-09 23:00:00+02:00;2569
2023-05-10 00:00:00+02:00;2707
2023-05-10 01:00:00+02:00;2776
2023-05-10 02:00:00+02:00;3243
2023-05-10 03:00:00+02:00;4702
2023-05-10 04:00:00+02:00;7177
2023-05-10 05:00:00+02:00;7732
2023-05-10 06:00:00+02:00;7645
2023-05-10 07:00:00+02:00;6928
2023-05-10 08:00:00+02:00;6295
2023-05-10 09:00:00+02:00;5807
2023-05-10 10:00:00+02:00;5474
2023-05-10 11:00:00+02:00;5199
2023-05-10 12:00:00+02:00;5007
2023-05-10 13:00:00+02:00;5016
2023-05-10 14:00:00+02:00;5079
2023-05-10 15:00:00+02:00;5335
2023-05-10 16:00:00+02:00;5603
2023-05-10 17:00:00+02:00;5973
2023-05-10 18:00:00+02:00;6365
2023-05-10 19:00:00+02:00;6310
2023-05-10 20:00:00+02:00;5795
2023-05-10 21:00:00+02:00;4456
2023-05-10 22:00:00+02:00;3069
2023-05-10 23:00:00+02:00;1402
2023-05-11 00:00:00+02:00;1479
2023-05-11 01:00:00+02:00;1451
2023-05-11 02:00:00+02:00;1795
2023-05-11 03:00:00+02:00;2653
2023-05-11 04:00:00+02:00;4284
2023-05-11 05:00:00+02:00;5464
2023-05-11 06:00:00+02:00;5298
2023-05-11 07:00:00+02:00;4525
2023-05-11 08:00:00+02:00;4342
2023-05-11 09:00:00+02:00;3843
2023-05-11 10:00:00+02:00;3554
2023-05-11 11:00:00+02:00;3411
2023-05-11 12:00:00+02:00;3129
2023-05-11 13:00:00+02:00;3063
2023-05-11 14:00:00+02:00;2849
2023-05-11 15:00:00+02:00;3016
2023-05-11 16:00:00+02:00;3190
2023-05-11 17:00:00+02:00;3400
2023-05-11 18:00:00+02:00;3691
2023-05-11 19:00:00+02:00;3788
2023-05-11 20:00:00+02:00;3486
2023-05-11 21:00:00+02:00;2705
2023-05-11 22:00:00+02:00;1786
2023-05-11 23:00:00+02:00;1543
2023-05-12 00:00:00+02:00;1673
2023-05-12 01:00:00+02:00;1676
2023-05-12 02:00:00+02:00;2063
2023-05-12 03:00:00+02:00;3031
2023-05-12 04:00:00+02:00;4923
2023-05-12 05:00:00+02:00;6288
2023-05-12 06:00:00+02:00;6095
2023-05-12 07:00:00+02:00;5239
2023-05-12 08:00:00+02:00;5010
2023-05-12 09:00:00+02:00;4448
2023-05-12 10:00:00+02:00;4096
2023-05-12 11:00:00+02:00;3948
2023-05-12 12:00:00+02:00;3610
2023-05-12 13:00:00+02:00;3488
2023-05-12 14:00:00+02:00;3288
2023-05-12 15:00:00+02:00;3475
2023-05-12 16:00:00+02:00;3643
2023-05-12 17:00:00+02:00;3866
2023-05-12 18:00:00+02:00;4205
2023-05-12 19:00:00+02:00;4312
2023-05-12 20:00:00+02:00;3966
2023-05-12 21:00:00+02:00;3079
2023-05-12 22:00:00+02:00;2003
2023-05-12 23:00:00+02:00;2561
2023-05-13 00:00:00+02:00;2662
2023-05-13 01:00:00+02:00;2809
2023-05-13 02:00:00+02:00;3226
2023-05-13 03:00:00+02:00;4276
2023-05-13 04:00:00+02:00;6280
2023-05-13 05:00:00+02:00;7962
2023-05-13 06:00:00+02:00;7857
2023-05-13 07:00:00+02:00;7257
2023-05-13 08:00:00+02:00;6669
2023-05-13 09:00:00+02:00;6008
2023-05-13 10:00:00+02:00;5521
2023-05-13 11:00:00+02:00;5213
2023-05-13 12:00:00+02:00;5143
2023-05-13 13:00:00+02:00;5011
2023-05-13 14:00:00+02:00;5075
2023-05-13 15:00:00+02:00;5302
2023-05-13 16:00:00+02:00;5532
2023-05-13 17:00:00+02:00;5861
2023-05-13 18:00:00+02:00;6245
2023-05-13 19:00:00+02:00;6124
2023-05-13 20:00:00+02:00;5740
2023-05-13 21:00:00+02:00;4303
2023-05-13 22:00:00+02:00;2920
2023-05-13 23:00:00+02:00;3529
2023-05-14 00:00:00+02:00;3696
2023-05-14 01:00:00+02:00;3910
2023-05-14 02:00:00+02:00;4448
2023-05-14 03:00:00+02:00;5891
2023-05-14 04:00:00+02:00;8659
2023-05-14 05:00:00+02:00;10914
2023-05-14 06:00:00+02:00;10800
2023-05-14 07:00:00+02:00;9906
2023-05-14 08:00:00+02:00;9101
2023-05-14 09:00:00+02:00;8224
2023-05-14 10:00:00+02:00;7561
2023-05-14 11:00:00+02:00;7129
2023-05-14 12:00:00+02:00;6998
2023-05-14 13:00:00+02:00;6798
2023-05-14 14:00:00+02:00;6894
2023-05-14 15:00:00+02:00;7168
2023-05-14 16:00:00+02:00;7481
2023-05-14 17:00:00+02:00;7924
2023-05-14 18:00:00+02:00;8452
2023-05-14 19:00:00+02:00;8293
2023-05-14 20:00:00+02:00;7770
2023-05-14 21:00:00+02:00;5858
2023-05-14 22:00:00+02:00;3995
2023-05-14 23:00:00+02:00;4054
2023-05-15 00:00:00+02:00;4337
2023-05-15 01:00:00+02:00;4434
2023-05-15 02:00:00+02:00;5035
2023-05-15 03:00:00+02:00;6682
2023-05-15 04:00:00+02:00;9832
2023-05-15 05:00:00+02:00;12650
2023-05-15 06:00:00+02:00;12531
2023-05-15 07:00:00+02:00;11474
2023-05-15 08:00:00+02:00;10526
2023-05-15 09:00:00+02:00;9575
2023-05-15 10:00:00+02:00;8749
2023-05-15 11:00:00+02:00;8459
2023-05-15 12:00:00+02:00;8099
2023-05-15 13:00:00+02:00;7885
2023-05-15 14:00:00+02:00;7953
2023-05-15 15:00:00+02:00;8267
2023-05-15 16:00:00+02:00;8624
2023-05-15 17:00:00+02:00;9124
2023-05-15 18:00:00+02:00;9766
2023-05-15 19:00:00+02:00;9560
2023-05-15 20:00:00+02:00;8954
2023-05-15 21:00:00+02:00;6801
2023-05-15 22:00:00+02:00;4635
2023-05-15 23:00:00+02:00;4573
2023-05-16 00:00:00+02:00;4554
2023-05-16 01:00:00+02:00;4866
2023-05-16 02:00:00+02:00;5368
2023-05-16 03:00:00+02:00;7223
2023-05-16 04:00:00+02:00;10684
2023-05-16 05:00:00+02:00;12956
2023-05-16 06:00:00+02:00;12902
2023-05-16 07:00:00+02:00;11960
2023-05-16 08:00:00+02:00;10950
2023-05-16 09:00:00+02:00;10009
2023-05-16 10:00:00+02:00;9401
2023-05-16 11:00:00+02:00;8965
2023-05-16 12:00:00+02:00;8372
2023-05-16 13:00:00+02:00;8080
2023-05-16 14:00:00+02:00;8223
2023-05-16 15:00:00+02:00;8525
2023-05-16 16:00:00+02:00;9124
2023-05-16 17:00:00+02:00;9797
2023-05-16 18:00:00+02:00;10318
2023-05-16 19:00:00+02:00;10110
2023-05-16 20:00:00+02:00;9480
2023-05-16 21:00:00+02:00;7276
2023-05-16 22:00:00+02:00;5205
2023-05-16 23:00:00+02:00;3967
2023-05-17 00:00:00+02:00;4244
2023-05-17 01:00:00+02:00;4381
2023-05-17 02:00:00+02:00;5190
2023-05-17 03:00:00+02:00;7403
2023-05-17 04:00:00+02:00;11020
2023-05-17 05:00:00+02:00;11645
2023-05-17 06:00:00+02:00;11631
2023-05-17 07:00:00+02:00;10411
2023-05-17 08:00:00+02:00;9451
2023-05-17 09:00:00+02:00;8758
2023-05-17 10:00:00+02:00;8225
2023-05-17 11:00:00+02:00;7833
2023-05-17 12:00:00+02:00;7522
2023-05-17 13:00:00+02:00;7520
2023-05-17 14:00:00+02:00;7608
2023-05-17 15:00:00+02:00;7967
2023-05-17 16:00:00+02:00;8368
2023-05-17 17:00:00+02:00;8934
2023-05-17 18:00:00+02:00;9527
2023-05-17 19:00:00+02:00;9445
2023-05-17 20:00:00+02:00;8733
2023-05-17 21:00:00+02:00;6746
2023-05-17 22:00:00+02:00;4696
2023-05-17 23:00:00+02:00;3934
2023-05-18 00:00:00+02:00;4170
2023-05-18 01:00:00+02:00;4413
2023-05-18 02:00:00+02:00;5078
2023-05-18 03:00:00+02:00;6662
2023-05-18 04:00:00+02:00;9742
2023-05-18 05:00:00+02:00;12211
2023-05-18 06:00:00+02:00;12078
2023-05-18 07:00:00+02:00;10946
2023-05-18 08:00:00+02:00;10112
2023-05-18 09:00:00+02:00;9181
2023-05-18 10:00:00+02:00;8427
2023-05-18 11:00:00+02:00;7962
2023-05-18 12:00:00+02:00;7776
2023-05-18 13:00:00+02:00;7565
2023-05-18 14:00:00+02:00;7749
2023-05-18 15:00:00+02:00;7930
2023-05-18 16:00:00+02:00;8391
2023-05-18 17:00:00+02:00;8910
2023-05-18 18:00:00+02:00;9522
2023-05-18 19:00:00+02:00;9376
2023-05-18 20:00:00+02:00;8762
2023-05-18 21:00:00+02:00;6645
2023-05-18 22:00:00+02:00;4555
2023-05-18 23:00:00+02:00;4591
2023-05-19 00:00:00+02:00;4836
2023-05-19 01:00:00+02:00;5098
2023-05-19 02:00:00+02:00;5776
2023-05-19 03:00:00+02:00;7599
2023-05-19 04:00:00+02:00;11089
2023-05-19 05:00:00+02:00;13874
2023-05-19 06:00:00+02:00;13738
2023-05-19 07:00:00+02:00;12615
2023-05-19 08:00:00+02:00;11596
2023-05-19 09:00:00+02:00;10524
2023-05-19 10:00:00+02:00;9702
2023-05-19 11:00:00+02:00;9174
2023-05-19 12:00:00+02:00;8979
2023-05-19 13:00:00+02:00;8745
2023-05-19 14:00:00+02:00;8866
2023-05-19 15:00:00+02:00;9197
2023-05-19 16:00:00+02:00;9602
2023-05-19 17:00:00+02:00;10122
2023-05-19 18:00:00+02:00;10747
2023-05-19 19:00:00+02:00;10544
2023-05-19 20:00:00+02:00;9841
2023-05-19 21:00:00+02:00;7458
2023-05-19 22:00:00+02:00;5170
2023-05-19 23:00:00+02:00;5152
2023-05-20 00:00:00+02:00;5434
2023-05-20 01:00:00+02:00;5663
2023-05-20 02:00:00+02:00;6406
2023-05-20 03:00:00+02:00;8218
2023-05-20 04:00:00+02:00;11593
2023-05-20 05:00:00+02:00;14308
2023-05-20 06:00:00+02:00;14147
2023-05-20 07:00:00+02:00;13286
2023-05-20 08:00:00+02:00;12217
2023-05-20 09:00:00+02:00;11183
2023-05-20 10:00:00+02:00;10399
2023-05-20 11:00:00+02:00;9933
2023-05-20 12:00:00+02:00;9773
2023-05-20 13:00:00+02:00;9653
2023-05-20 14:00:00+02:00;9805
2023-05-20 15:00:00+02:00;10188
2023-05-20 16:00:00+02:00;10635
2023-05-20 17:00:00+02:00;11048
2023-05-20 18:00:00+02:00;11506
2023-05-20 19:00:00+02:00;11252
2023-05-20 20:00:00+02:00;10390
2023-05-20 22:00:00+02:00;7893
2023-05-20 23:00:00+02:00;5737
2023-05-21 00:00:00+02:00;4520
2023-05-21 01:00:00+02:00;4758
2023-05-21 02:00:00+02:00;5005
2023-05-21 03:00:00+02:00;5669
2023-05-21 04:00:00+02:00;7421
2023-05-21 05:00:00+02:00;10752
2023-05-21 06:00:00+02:00;13424
2023-05-21 07:00:00+02:00;13288
2023-05-21 08:00:00+02:00;12264
2023-05-21 09:00:00+02:00;11275
2023-05-21 10:00:00+02:00;10246
2023-05-21 11:00:00+02:00;9462
2023-05-21 12:00:00+02:00;8963
2023-05-21 13:00:00+02:00;8789
2023-05-21 14:00:00+02:00;8584
2023-05-21 15:00:00+02:00;8708
2023-05-21 16:00:00+02:00;9041
2023-05-21 17:00:00+02:00;9437
2023-05-21 18:00:00+02:00;9920
2023-05-21 19:00:00+02:00;10490
2023-05-21 20:00:00+02:00;10285
2023-05-21 21:00:00+02:00;9580
2023-05-21 22:00:00+02:00;7260
2023-05-21 23:00:00+02:00;5079
2023-05-22 00:00:00+02:00;3465
2023-05-22 01:00:00+02:00;3700
2023-05-22 02:00:00+02:00;3782
2023-05-22 03:00:00+02:00;4306
2023-05-22 04:00:00+02:00;5716
2023-05-22 05:00:00+02:00;8392
2023-05-22 06:00:00+02:00;10831
2023-05-22 07:00:00+02:00;10709
2023-05-22 08:00:00+02:00;9835
2023-05-22 09:00:00+02:00;9020
2023-05-22 10:00:00+02:00;8204
2023-05-22 11:00:00+02:00;7496
2023-05-22 12:00:00+02:00;7249
2023-05-22 13:00:00+02:00;6953
2023-05-22 14:00:00+02:00;6784
2023-05-22 15:00:00+02:00;6847
2023-05-22 16:00:00+02:00;7133
2023-05-22 17:00:00+02:00;7433
2023-05-22 18:00:00+02:00;7862
2023-05-22 19:00:00+02:00;8402
2023-05-22 20:00:00+02:00;8224
2023-05-22 21:00:00+02:00;7702
2023-05-22 22:00:00+02:00;5838
2023-05-22 23:00:00+02:00;3974
2023-05-23 00:00:00+02:00;3158
2023-05-23 01:00:00+02:00;3118
2023-05-23 02:00:00+02:00;3397
2023-05-23 03:00:00+02:00;3719
2023-05-23 04:00:00+02:00;5075
2023-05-23 05:00:00+02:00;7633
2023-05-23 06:00:00+02:00;9223
2023-05-23 07:00:00+02:00;9180
2023-05-23 08:00:00+02:00;8540
2023-05-23 09:00:00+02:00;7816
2023-05-23 10:00:00+02:00;7085
2023-05-23 11:00:00+02:00;6683
2023-05-23 12:00:00+02:00;6356
2023-05-23 13:00:00+02:00;5948
2023-05-23 14:00:00+02:00;5654
2023-05-23 15:00:00+02:00;5762
2023-05-23 16:00:00+02:00;5990
2023-05-23 17:00:00+02:00;6463
2023-05-23 18:00:00+02:00;6977
2023-05-23 19:00:00+02:00;7404
2023-05-23 20:00:00+02:00;7253
2023-05-23 21:00:00+02:00;6809
2023-05-23 22:00:00+02:00;5187
2023-05-23 23:00:00+02:00;3669
2023-05-24 00:00:00+02:00;2846
2023-05-24 01:00:00+02:00;3011
2023-05-24 02:00:00+02:00;3095
2023-05-24 03:00:00+02:00;3630
2023-05-24 04:00:00+02:00;5242
2023-05-24 05:00:00+02:00;7947
2023-05-24 06:00:00+02:00;8516
2023-05-24 07:00:00+02:00;8445
2023-05-24 08:00:00+02:00;7626
2023-05-24 09:00:00+02:00;6926
2023-05-24 10:00:00+02:00;6397
2023-05-24 11:00:00+02:00;6023
2023-05-24 12:00:00+02:00;5724
2023-05-24 13:00:00+02:00;5508
2023-05-24 14:00:00+02:00;5514
2023-05-24 15:00:00+02:00;5582
2023-05-24 16:00:00+02:00;5858
2023-05-24 17:00:00+02:00;6153
2023-05-24 18:00:00+02:00;6563
2023-05-24 19:00:00+02:00;6996
2023-05-24 20:00:00+02:00;6936
2023-05-24 21:00:00+02:00;6382
2023-05-24 22:00:00+02:00;4913
2023-05-24 23:00:00+02:00;3392
2023-05-25 00:00:00+02:00;3064
2023-05-25 01:00:00+02:00;3226
2023-05-25 02:00:00+02:00;3415
2023-05-25 03:00:00+02:00;3948
2023-05-25 04:00:00+02:00;5175
2023-05-25 05:00:00+02:00;7534
2023-05-25 06:00:00+02:00;9491
2023-05-25 07:00:00+02:00;9376
2023-05-25 08:00:00+02:00;8566
2023-05-25 09:00:00+02:00;7913
2023-05-25 10:00:00+02:00;7170
2023-05-25 11:00:00+02:00;6579
2023-05-25 12:00:00+02:00;6215
2023-05-25 13:00:00+02:00;6102
2023-05-25 14:00:00+02:00;5940
2023-05-25 15:00:00+02:00;6091
2023-05-25 16:00:00+02:00;6248
2023-05-25 17:00:00+02:00;6613
2023-05-25 18:00:00+02:00;7024
2023-05-25 19:00:00+02:00;7494
2023-05-25 20:00:00+02:00;7364
2023-05-25 21:00:00+02:00;6888
2023-05-25 22:00:00+02:00;5195
2023-05-25 23:00:00+02:00;3555
2023-05-26 00:00:00+02:00;3512
2023-05-26 01:00:00+02:00;3677
2023-05-26 02:00:00+02:00;3889
2023-05-26 03:00:00+02:00;4424
2023-05-26 04:00:00+02:00;5855
2023-05-26 05:00:00+02:00;8596
2023-05-26 06:00:00+02:00;10831
2023-05-26 07:00:00+02:00;10718
2023-05-26 08:00:00+02:00;9839
2023-05-26 09:00:00+02:00;9040
2023-05-26 10:00:00+02:00;8170
2023-05-26 11:00:00+02:00;7513
2023-05-26 12:00:00+02:00;7086
2023-05-26 13:00:00+02:00;6958
2023-05-26 14:00:00+02:00;6762
2023-05-26 15:00:00+02:00;6859
2023-05-26 16:00:00+02:00;7133
2023-05-26 17:00:00+02:00;7444
2023-05-26 18:00:00+02:00;7881
2023-05-26 19:00:00+02:00;8401
2023-05-26 20:00:00+02:00;8242
2023-05-26 21:00:00+02:00;7719
2023-05-26 22:00:00+02:00;5819
2023-05-26 23:00:00+02:00;3975
2023-05-27 00:00:00+02:00;3153
2023-05-27 01:00:00+02:00;3295
2023-05-27 02:00:00+02:00;3479
2023-05-27 03:00:00+02:00;3973
2023-05-27 04:00:00+02:00;5254
2023-05-27 05:00:00+02:00;7708
2023-05-27 06:00:00+02:00;9728
2023-05-27 07:00:00+02:00;9614
2023-05-27 08:00:00+02:00;8854
2023-05-27 09:00:00+02:00;8129
2023-05-27 10:00:00+02:00;7344
2023-05-27 11:00:00+02:00;6752
2023-05-27 12:00:00+02:00;6373
2023-05-27 13:00:00+02:00;6272
2023-05-27 14:00:00+02:00;6105
2023-05-27 15:00:00+02:00;6191
2023-05-27 16:00:00+02:00;6445
2023-05-27 17:00:00+02:00;6728
2023-05-27 18:00:00+02:00;7123
2023-05-27 21:00:00+02:00;7591
2023-05-27 22:00:00+02:00;7441
2023-05-27 23:00:00+02:00;6970
2023-05-28 00:00:00+02:00;5244
2023-05-28 01:00:00+02:00;3575
2023-05-28 02:00:00+02:00;2930
2023-05-28 03:00:00+02:00;3052
2023-05-28 04:00:00+02:00;3230
2023-05-28 05:00:00+02:00;3685
2023-05-28 06:00:00+02:00;4875
2023-05-28 07:00:00+02:00;7143
2023-05-28 08:00:00+02:00;9034
2023-05-28 09:00:00+02:00;8932
2023-05-28 10:00:00+02:00;8236
2023-05-28 11:00:00+02:00;7565
2023-05-28 12:00:00+02:00;6824
2023-05-28 13:00:00+02:00;6273
2023-05-28 14:00:00+02:00;5913
2023-05-28 15:00:00+02:00;5832
2023-05-28 16:00:00+02:00;5674
2023-05-28 17:00:00+02:00;5760
2023-05-28 18:00:00+02:00;6006
2023-05-28 19:00:00+02:00;6266
2023-05-28 20:00:00+02:00;6636
2023-05-28 21:00:00+02:00;7070
2023-05-28 22:00:00+02:00;6930
2023-05-28 23:00:00+02:00;6497
2023-05-29 00:00:00+02:00;4878
2023-05-29 01:00:00+02:00;3322
2023-05-29 02:00:00+02:00;3499
2023-05-29 03:00:00+02:00;3736
2023-05-29 04:00:00+02:00;3819
2023-05-29 05:00:00+02:00;4347
2023-05-29 06:00:00+02:00;5768
2023-05-29 07:00:00+02:00;8463
2023-05-29 08:00:00+02:00;10919
2023-05-29 09:00:00+02:00;10796
2023-05-29 10:00:00+02:00;9917
2023-05-29 11:00:00+02:00;9096
2023-05-29 12:00:00+02:00;8274
2023-05-29 13:00:00+02:00;7562
2023-05-29 14:00:00+02:00;7313
2023-05-29 15:00:00+02:00;7015
2023-05-29 16:00:00+02:00;6846
2023-05-29 17:00:00+02:00;6909
2023-05-29 18:00:00+02:00;7197
2023-05-29 19:00:00+02:00;7500
2023-05-29 20:00:00+02:00;7931
2023-05-29 21:00:00+02:00;8473
2023-05-29 22:00:00+02:00;8293
2023-05-29 23:00:00+02:00;7765
2023-05-30 00:00:00+02:00;5887
2023-05-30 01:00:00+02:00;4012
2023-05-30 02:00:00+02:00;3915
2023-05-30 03:00:00+02:00;3876
2023-05-30 04:00:00+02:00;4178
2023-05-30 05:00:00+02:00;4592
2023-05-30 06:00:00+02:00;6235
2023-05-30 07:00:00+02:00;9312
2023-05-30 08:00:00+02:00;11294
2023-05-30 09:00:00+02:00;11258
2023-05-30 10:00:00+02:00;10429
2023-05-30 11:00:00+02:00;9540
2023-05-30 12:00:00+02:00;8693
2023-05-30 13:00:00+02:00;8163
2023-05-30 14:00:00+02:00;7772
2023-05-30 15:00:00+02:00;7257
2023-05-30 16:00:00+02:00;6962
2023-05-30 17:00:00+02:00;7080
2023-05-30 18:00:00+02:00;7338
2023-05-30 19:00:00+02:00;7877
2023-05-30 20:00:00+02:00;8492
2023-05-30 21:00:00+02:00;8993
2023-05-30 22:00:00+02:00;8810
2023-05-30 23:00:00+02:00;8279
2023-05-31 00:00:00+02:00;6328
2023-05-31 01:00:00+02:00;4489
2023-05-31 02:00:00+02:00;3366
2023-05-31 03:00:00+02:00;3581
2023-05-31 04:00:00+02:00;3693
2023-05-31 05:00:00+02:00;4358
2023-05-31 06:00:00+02:00;6257
2023-05-31 07:00:00+02:00;9395
2023-05-31 08:00:00+02:00;9989
2023-05-31 09:00:00+02:00;9949
2023-05-31 10:00:00+02:00;8936
2023-05-31 11:00:00+02:00;8112
2023-05-31 12:00:00+02:00;7505
2023-05-31 13:00:00+02:00;7055
2023-05-31 14:00:00+02:00;6712
2023-05-31 15:00:00+02:00;6450
2023-05-31 16:00:00+02:00;6451
2023-05-31 17:00:00+02:00;6527
2023-05-31 18:00:00+02:00;6841
2023-05-31 19:00:00+02:00;7185
2023-05-31 20:00:00+02:00;7671
2023-05-31 21:00:00+02:00;8183
2023-05-31 22:00:00+02:00;8112
2023-05-31 23:00:00+02:00;7486
2023-06-01 00:00:00+02:00;5771
2023-06-01 01:00:00+02:00;3999
2023-06-01 02:00:00+02:00;3482
2023-06-01 03:00:00+02:00;3679
2023-06-01 04:00:00+02:00;3894
2023-06-01 05:00:00+02:00;4491
2023-06-01 06:00:00+02:00;5889
2023-06-01 07:00:00+02:00;8596
2023-06-01 08:00:00+02:00;10799
2023-06-01 09:00:00+02:00;10675
2023-06-01 10:00:00+02:00;9710
2023-06-01 11:00:00+02:00;8970
2023-06-01 12:00:00+02:00;8137
2023-06-01 13:00:00+02:00;7467
2023-06-01 14:00:00+02:00;7055
2023-06-01 15:00:00+02:00;6907
2023-06-01 16:00:00+02:00;6721
2023-06-01 17:00:00+02:00;6888
2023-06-01 18:00:00+02:00;7057
2023-06-01 19:00:00+02:00;7468
2023-06-01 20:00:00+02:00;7932
2023-06-01 21:00:00+02:00;8470
2023-06-01 22:00:00+02:00;8332
2023-06-01 23:00:00+02:00;7789
2023-06-02 00:00:00+02:00;5892
2023-06-02 01:00:00+02:00;4036
2023-06-02 02:00:00+02:00;2662
2023-06-02 03:00:00+02:00;2763
2023-06-02 04:00:00+02:00;2925
2023-06-02 05:00:00+02:00;3343
2023-06-02 06:00:00+02:00;4419
2023-06-02 07:00:00+02:00;6462
2023-06-02 08:00:00+02:00;8190
2023-06-02 09:00:00+02:00;8094
2023-06-02 10:00:00+02:00;7487
2023-06-02 11:00:00+02:00;6876
2023-06-02 12:00:00+02:00;6195
2023-06-02 13:00:00+02:00;5694
2023-06-02 14:00:00+02:00;5368
2023-06-02 15:00:00+02:00;5308
2023-06-02 16:00:00+02:00;5169
2023-06-02 17:00:00+02:00;5250
2023-06-02 18:00:00+02:00;5485
2023-06-02 19:00:00+02:00;5719
2023-06-02 20:00:00+02:00;6058
2023-06-02 21:00:00+02:00;6449
2023-06-02 22:00:00+02:00;6318
2023-06-02 23:00:00+02:00;5926
2023-06-03 00:00:00+02:00;4438
2023-06-03 01:00:00+02:00;3020
2023-06-03 02:00:00+02:00;2372
2023-06-03 03:00:00+02:00;2462
2023-06-03 04:00:00+02:00;2595
2023-06-03 05:00:00+02:00;2989
2023-06-03 06:00:00+02:00;3968
2023-06-03 07:00:00+02:00;5834
2023-06-03 08:00:00+02:00;7408
2023-06-03 09:00:00+02:00;7304
2023-06-03 10:00:00+02:00;6751
2023-06-03 11:00:00+02:00;6209
2023-06-03 12:00:00+02:00;5587
2023-06-03 13:00:00+02:00;5134
2023-06-03 14:00:00+02:00;4850
2023-06-03 15:00:00+02:00;4786
2023-06-03 16:00:00+02:00;4665
2023-06-03 17:00:00+02:00;4721
2023-06-03 18:00:00+02:00;4938
2023-06-03 19:00:00+02:00;5153
2023-06-03 20:00:00+02:00;5459
2023-06-03 21:00:00+02:00;5817
2023-06-03 22:00:00+02:00;5707
2023-06-03 23:00:00+02:00;5348
2023-06-04 00:00:00+02:00;4005
2023-06-04 01:00:00+02:00;2714
2023-06-04 02:00:00+02:00;1535
2023-06-04 03:00:00+02:00;1665
2023-06-04 04:00:00+02:00;1667
2023-06-04 05:00:00+02:00;2055
2023-06-04 06:00:00+02:00;3028
2023-06-04 07:00:00+02:00;4933
2023-06-04 08:00:00+02:00;6299
2023-06-04 09:00:00+02:00;6102
2023-06-04 10:00:00+02:00;5237
2023-06-04 11:00:00+02:00;5014
2023-06-04 12:00:00+02:00;4449
2023-06-04 13:00:00+02:00;4098
2023-06-04 14:00:00+02:00;3951
2023-06-04 15:00:00+02:00;3606
2023-06-04 16:00:00+02:00;3484
2023-06-04 17:00:00+02:00;3279
2023-06-04 18:00:00+02:00;3466
2023-06-04 19:00:00+02:00;3635
2023-06-04 20:00:00+02:00;3857
2023-06-04 21:00:00+02:00;4198
2023-06-04 22:00:00+02:00;4309
2023-06-04 23:00:00+02:00;3961
2023-06-05 00:00:00+02:00;3078
2023-06-05 01:00:00+02:00;1999
2023-06-05 02:00:00+02:00;849
2023-06-05 03:00:00+02:00;932
2023-06-05 04:00:00+02:00;913
2023-06-05 05:00:00+02:00;1155
2023-06-05 06:00:00+02:00;1737
2023-06-05 07:00:00+02:00;2912
2023-06-05 08:00:00+02:00;3662
2023-06-05 09:00:00+02:00;3622
2023-06-05 10:00:00+02:00;3118
2023-06-05 11:00:00+02:00;2967
2023-06-05 12:00:00+02:00;2638
2023-06-05 13:00:00+02:00;2403
2023-06-05 14:00:00+02:00;2317
2023-06-05 15:00:00+02:00;2117
2023-06-05 16:00:00+02:00;2041
2023-06-05 17:00:00+02:00;1933
2023-06-05 18:00:00+02:00;2038
2023-06-05 19:00:00+02:00;2134
2023-06-05 20:00:00+02:00;2292
2023-06-05 21:00:00+02:00;2466
2023-06-05 22:00:00+02:00;2521
2023-06-05 23:00:00+02:00;2322
2023-06-06 00:00:00+02:00;1788
2023-06-06 01:00:00+02:00;1145
2023-06-06 02:00:00+02:00;1025
2023-06-06 03:00:00+02:00;1067
2023-06-06 04:00:00+02:00;1181
2023-06-06 05:00:00+02:00;1371
2023-06-06 06:00:00+02:00;2120
2023-06-06 07:00:00+02:00;3625
2023-06-06 08:00:00+02:00;4400
2023-06-06 09:00:00+02:00;4193
2023-06-06 10:00:00+02:00;3765
2023-06-06 11:00:00+02:00;3642
2023-06-06 12:00:00+02:00;3151
2023-06-06 13:00:00+02:00;3027
2023-06-06 14:00:00+02:00;2866
2023-06-06 15:00:00+02:00;2597
2023-06-06 16:00:00+02:00;2338
2023-06-06 17:00:00+02:00;2249
2023-06-06 18:00:00+02:00;2442
2023-06-06 19:00:00+02:00;2655
2023-06-06 20:00:00+02:00;2744
2023-06-06 21:00:00+02:00;3017
2023-06-06 22:00:00+02:00;3054
2023-06-06 23:00:00+02:00;2808
2023-06-07 00:00:00+02:00;2202
2023-06-07 01:00:00+02:00;1465
2023-06-07 02:00:00+02:00;1572
2023-06-07 03:00:00+02:00;1661
2023-06-07 04:00:00+02:00;1798
2023-06-07 05:00:00+02:00;2068
2023-06-07 06:00:00+02:00;3265
2023-06-07 07:00:00+02:00;5611
2023-06-07 08:00:00+02:00;6112
2023-06-07 09:00:00+02:00;5810
2023-06-07 10:00:00+02:00;4883
2023-06-07 11:00:00+02:00;4755
2023-06-07 12:00:00+02:00;4248
2023-06-07 13:00:00+02:00;3986
2023-06-07 14:00:00+02:00;3769
2023-06-07 15:00:00+02:00;3504
2023-06-07 16:00:00+02:00;3410
2023-06-07 17:00:00+02:00;3256
2023-06-07 18:00:00+02:00;3459
2023-06-07 19:00:00+02:00;3716
2023-06-07 20:00:00+02:00;3882
2023-06-07 21:00:00+02:00;4144
2023-06-07 22:00:00+02:00;4386
2023-06-07 23:00:00+02:00;4073
2023-06-08 00:00:00+02:00;3134
2023-06-08 01:00:00+02:00;2066
2023-06-08 02:00:00+02:00;2558
2023-06-08 03:00:00+02:00;2679
2023-06-08 04:00:00+02:00;2832
2023-06-08 05:00:00+02:00;3291
2023-06-08 06:00:00+02:00;4327
2023-06-08 07:00:00+02:00;6303
2023-06-08 08:00:00+02:00;7973
2023-06-08 09:00:00+02:00;7863
2023-06-08 10:00:00+02:00;7210
2023-06-08 11:00:00+02:00;6669
2023-06-08 12:00:00+02:00;6029
2023-06-08 13:00:00+02:00;5533
2023-06-08 14:00:00+02:00;5228
2023-06-08 15:00:00+02:00;5141
2023-06-08 16:00:00+02:00;5008
2023-06-08 17:00:00+02:00;5124
2023-06-08 18:00:00+02:00;5271
2023-06-08 19:00:00+02:00;5579
2023-06-08 20:00:00+02:00;5929
2023-06-08 21:00:00+02:00;6319
2023-06-08 22:00:00+02:00;6210
2023-06-08 23:00:00+02:00;5809
2023-06-09 00:00:00+02:00;4368
2023-06-09 01:00:00+02:00;2981
2023-06-09 02:00:00+02:00;3281
2023-06-09 03:00:00+02:00;3429
2023-06-09 04:00:00+02:00;3628
2023-06-09 05:00:00+02:00;4132
2023-06-09 06:00:00+02:00;5471
2023-06-09 07:00:00+02:00;8034
2023-06-09 08:00:00+02:00;10139
2023-06-09 09:00:00+02:00;10030
2023-06-09 10:00:00+02:00;9217
2023-06-09 11:00:00+02:00;8467
2023-06-09 12:00:00+02:00;7646
2023-06-09 13:00:00+02:00;7029
2023-06-09 14:00:00+02:00;6627
2023-06-09 15:00:00+02:00;6516
2023-06-09 16:00:00+02:00;6333
2023-06-09 17:00:00+02:00;6425
2023-06-09 18:00:00+02:00;6688
2023-06-09 19:00:00+02:00;6979
2023-06-09 20:00:00+02:00;7392
2023-06-09 21:00:00+02:00;7881
2023-06-09 22:00:00+02:00;7730
2023-06-09 23:00:00+02:00;7244
2023-06-10 00:00:00+02:00;5453
2023-06-10 01:00:00+02:00;3717
2023-06-10 02:00:00+02:00;2556
2023-06-10 03:00:00+02:00;2655
2023-06-10 04:00:00+02:00;2803
2023-06-10 05:00:00+02:00;3218
2023-06-10 06:00:00+02:00;4260
2023-06-10 07:00:00+02:00;6246
2023-06-10 08:00:00+02:00;7919
2023-06-10 09:00:00+02:00;7816
2023-06-10 10:00:00+02:00;7229
2023-06-10 11:00:00+02:00;6639
2023-06-10 12:00:00+02:00;5982
2023-06-10 13:00:00+02:00;5497
2023-06-10 14:00:00+02:00;5188
2023-06-10 15:00:00+02:00;5125
2023-06-10 16:00:00+02:00;4995
2023-06-10 17:00:00+02:00;5064
2023-06-10 18:00:00+02:00;5290
2023-06-10 19:00:00+02:00;5520
2023-06-10 20:00:00+02:00;5848
2023-06-10 21:00:00+02:00;6229
2023-06-10 22:00:00+02:00;6105
2023-06-10 23:00:00+02:00;5723
2023-06-11 00:00:00+02:00;4287
2023-06-11 01:00:00+02:00;2911
2023-06-11 02:00:00+02:00;1222
2023-06-11 03:00:00+02:00;1325
2023-06-11 04:00:00+02:00;1318
2023-06-11 05:00:00+02:00;1641
2023-06-11 06:00:00+02:00;2410
2023-06-11 07:00:00+02:00;3877
2023-06-11 08:00:00+02:00;5002
2023-06-11 09:00:00+02:00;4854
2023-06-11 10:00:00+02:00;4179
2023-06-11 11:00:00+02:00;4002
2023-06-11 12:00:00+02:00;3544
2023-06-11 13:00:00+02:00;3256
2023-06-11 14:00:00+02:00;3152
2023-06-11 15:00:00+02:00;2879
2023-06-11 16:00:00+02:00;2786
2023-06-11 17:00:00+02:00;2608
2023-06-11 18:00:00+02:00;2765
2023-06-11 19:00:00+02:00;2896
2023-06-11 20:00:00+02:00;3071
2023-06-11 21:00:00+02:00;3336
2023-06-11 22:00:00+02:00;3433
2023-06-11 23:00:00+02:00;3162
2023-06-12 00:00:00+02:00;2457
2023-06-12 01:00:00+02:00;1602
2023-06-12 02:00:00+02:00;807
2023-06-12 03:00:00+02:00;886
2023-06-12 04:00:00+02:00;867
2023-06-12 05:00:00+02:00;1105
2023-06-12 06:00:00+02:00;1657
2023-06-12 07:00:00+02:00;2802
2023-06-12 08:00:00+02:00;3474
2023-06-12 09:00:00+02:00;3439
2023-06-12 10:00:00+02:00;2971
2023-06-12 11:00:00+02:00;2826
2023-06-12 12:00:00+02:00;2509
2023-06-12 13:00:00+02:00;2279
2023-06-12 14:00:00+02:00;2199
2023-06-12 15:00:00+02:00;2015
2023-06-12 16:00:00+02:00;1945
2023-06-12 17:00:00+02:00;1843
2023-06-12 18:00:00+02:00;1945
2023-06-12 19:00:00+02:00;2031
2023-06-12 20:00:00+02:00;2185
2023-06-12 21:00:00+02:00;2348
2023-06-12 22:00:00+02:00;2400
2023-06-12 23:00:00+02:00;2213
2023-06-13 00:00:00+02:00;1704
2023-06-13 01:00:00+02:00;1092
2023-06-13 02:00:00+02:00;821
2023-06-13 03:00:00+02:00;858
2023-06-13 04:00:00+02:00;974
2023-06-13 05:00:00+02:00;1126
2023-06-13 06:00:00+02:00;1748
2023-06-13 07:00:00+02:00;3010
2023-06-13 08:00:00+02:00;3643
2023-06-13 09:00:00+02:00;3462
2023-06-13 10:00:00+02:00;3136
2023-06-13 11:00:00+02:00;3041
2023-06-13 12:00:00+02:00;2603
2023-06-13 13:00:00+02:00;2523
2023-06-13 14:00:00+02:00;2385
2023-06-13 15:00:00+02:00;2166
2023-06-13 16:00:00+02:00;1913
2023-06-13 17:00:00+02:00;1843
2023-06-13 18:00:00+02:00;2020
2023-06-13 19:00:00+02:00;2217
2023-06-13 20:00:00+02:00;2281
2023-06-13 21:00:00+02:00;2512
2023-06-13 22:00:00+02:00;2542
2023-06-13 23:00:00+02:00;2328
2023-06-14 00:00:00+02:00;1822
2023-06-14 01:00:00+02:00;1213
2023-06-14 02:00:00+02:00;1056
2023-06-14 03:00:00+02:00;1100
2023-06-14 04:00:00+02:00;1208
2023-06-14 05:00:00+02:00;1348
2023-06-14 06:00:00+02:00;2185
2023-06-14 07:00:00+02:00;3887
2023-06-14 08:00:00+02:00;4266
2023-06-14 09:00:00+02:00;4005
2023-06-14 10:00:00+02:00;3367
2023-06-14 11:00:00+02:00;3316
2023-06-14 12:00:00+02:00;2939
2023-06-14 13:00:00+02:00;2762
2023-06-14 14:00:00+02:00;2603
2023-06-14 15:00:00+02:00;2424
2023-06-14 16:00:00+02:00;2357
2023-06-14 17:00:00+02:00;2231
2023-06-14 18:00:00+02:00;2381
2023-06-14 19:00:00+02:00;2573
2023-06-14 20:00:00+02:00;2662
2023-06-14 21:00:00+02:00;2822
2023-06-14 22:00:00+02:00;3034
2023-06-14 23:00:00+02:00;2812
2023-06-15 00:00:00+02:00;2155
2023-06-15 01:00:00+02:00;1414
2023-06-15 02:00:00+02:00;1422
2023-06-15 03:00:00+02:00;1502
2023-06-15 04:00:00+02:00;1471
2023-06-15 05:00:00+02:00;1822
2023-06-15 06:00:00+02:00;2709
2023-06-15 07:00:00+02:00;4405
2023-06-15 08:00:00+02:00;5610
2023-06-15 09:00:00+02:00;5434
2023-06-15 10:00:00+02:00;4626
2023-06-15 11:00:00+02:00;4445
2023-06-15 12:00:00+02:00;3932
2023-06-15 13:00:00+02:00;3638
2023-06-15 14:00:00+02:00;3492
2023-06-15 15:00:00+02:00;3194
2023-06-15 16:00:00+02:00;3125
2023-06-15 17:00:00+02:00;2899
2023-06-15 18:00:00+02:00;3072
2023-06-15 19:00:00+02:00;3250
2023-06-15 20:00:00+02:00;3465
2023-06-15 21:00:00+02:00;3765
2023-06-15 22:00:00+02:00;3870
2023-06-15 23:00:00+02:00;3558
2023-06-16 00:00:00+02:00;2763
2023-06-16 01:00:00+02:00;1819
2023-06-16 02:00:00+02:00;2448
2023-06-16 03:00:00+02:00;2535
2023-06-16 04:00:00+02:00;2682
2023-06-16 05:00:00+02:00;3073
2023-06-16 06:00:00+02:00;4064
2023-06-16 07:00:00+02:00;5941
2023-06-16 08:00:00+02:00;7543
2023-06-16 09:00:00+02:00;7450
2023-06-16 10:00:00+02:00;6904
2023-06-16 11:00:00+02:00;6343
2023-06-16 12:00:00+02:00;5709
2023-06-16 13:00:00+02:00;5247
2023-06-16 14:00:00+02:00;4947
2023-06-16 15:00:00+02:00;4899
2023-06-16 16:00:00+02:00;4774
2023-06-16 17:00:00+02:00;4847
2023-06-16 18:00:00+02:00;5071
2023-06-16 19:00:00+02:00;5288
2023-06-16 20:00:00+02:00;5601
2023-06-16 21:00:00+02:00;5959
2023-06-16 22:00:00+02:00;5839
2023-06-16 23:00:00+02:00;5477
2023-06-17 00:00:00+02:00;4095
2023-06-17 01:00:00+02:00;2784
2023-06-17 02:00:00+02:00;1725
2023-06-17 03:00:00+02:00;1857
2023-06-17 04:00:00+02:00;1878
2023-06-17 05:00:00+02:00;2284
2023-06-17 06:00:00+02:00;3306
2023-06-17 07:00:00+02:00;5314
2023-06-17 08:00:00+02:00;6763
2023-06-17 09:00:00+02:00;6565
2023-06-17 10:00:00+02:00;5697
2023-06-17 11:00:00+02:00;5416
2023-06-17 12:00:00+02:00;4818
2023-06-17 13:00:00+02:00;4440
2023-06-17 14:00:00+02:00;4264
2023-06-17 15:00:00+02:00;3939
2023-06-17 16:00:00+02:00;3807
2023-06-17 17:00:00+02:00;3634
2023-06-17 18:00:00+02:00;3824
2023-06-17 19:00:00+02:00;4013
2023-06-17 20:00:00+02:00;4258
2023-06-17 21:00:00+02:00;4622
2023-06-17 22:00:00+02:00;4702
2023-06-17 23:00:00+02:00;4338
2023-06-18 00:00:00+02:00;3352
2023-06-18 01:00:00+02:00;2190
2023-06-18 02:00:00+02:00;1853
2023-06-18 03:00:00+02:00;1983
2023-06-18 04:00:00+02:00;2022
2023-06-18 05:00:00+02:00;2430
2023-06-18 06:00:00+02:00;3464
2023-06-18 07:00:00+02:00;5483
2023-06-18 08:00:00+02:00;6979
2023-06-18 09:00:00+02:00;6797
2023-06-18 10:00:00+02:00;5952
2023-06-18 11:00:00+02:00;5631
2023-06-18 12:00:00+02:00;5020
2023-06-18 13:00:00+02:00;4622
2023-06-18 14:00:00+02:00;4426
2023-06-18 15:00:00+02:00;4132
2023-06-18 16:00:00+02:00;3999
2023-06-18 17:00:00+02:00;3853
2023-06-18 18:00:00+02:00;4056
2023-06-18 19:00:00+02:00;4247
2023-06-18 20:00:00+02:00;4504
2023-06-18 21:00:00+02:00;4871
2023-06-18 22:00:00+02:00;4930
2023-06-18 23:00:00+02:00;4557
2023-06-19 00:00:00+02:00;3505
2023-06-19 01:00:00+02:00;2307
2023-06-19 02:00:00+02:00;2498
2023-06-19 03:00:00+02:00;2655
2023-06-19 04:00:00+02:00;2711
2023-06-19 05:00:00+02:00;3110
2023-06-19 06:00:00+02:00;4131
2023-06-19 07:00:00+02:00;6028
2023-06-19 08:00:00+02:00;7845
2023-06-19 09:00:00+02:00;7719
2023-06-19 10:00:00+02:00;7143
2023-06-19 11:00:00+02:00;6549
2023-06-19 12:00:00+02:00;5951
2023-06-19 13:00:00+02:00;5437
2023-06-19 14:00:00+02:00;5261
2023-06-19 15:00:00+02:00;5069
2023-06-19 16:00:00+02:00;4972
2023-06-19 17:00:00+02:00;5025
2023-06-19 18:00:00+02:00;5264
2023-06-19 19:00:00+02:00;5469
2023-06-19 20:00:00+02:00;5783
2023-06-19 21:00:00+02:00;6156
2023-06-19 22:00:00+02:00;6024
2023-06-19 23:00:00+02:00;5641
2023-06-20 00:00:00+02:00;4255
2023-06-20 01:00:00+02:00;2889
2023-06-20 02:00:00+02:00;2553
2023-06-20 03:00:00+02:00;2522
2023-06-20 04:00:00+02:00;2774
2023-06-20 05:00:00+02:00;3034
2023-06-20 06:00:00+02:00;4169
2023-06-20 07:00:00+02:00;6334
2023-06-20 08:00:00+02:00;7621
2023-06-20 09:00:00+02:00;7553
2023-06-20 10:00:00+02:00;7052
2023-06-20 11:00:00+02:00;6475
2023-06-20 12:00:00+02:00;5829
2023-06-20 13:00:00+02:00;5533
2023-06-20 14:00:00+02:00;5259
2023-06-20 15:00:00+02:00;4927
2023-06-20 16:00:00+02:00;4637
2023-06-20 17:00:00+02:00;4727
2023-06-20 18:00:00+02:00;4940
2023-06-20 19:00:00+02:00;5357
2023-06-20 20:00:00+02:00;5774
2023-06-20 21:00:00+02:00;6137
2023-06-20 22:00:00+02:00;6021
2023-06-20 23:00:00+02:00;5635
2023-06-21 00:00:00+02:00;4287
2023-06-21 01:00:00+02:00;3024
2023-06-21 02:00:00+02:00;1934
2023-06-21 03:00:00+02:00;2041
2023-06-21 04:00:00+02:00;2155
2023-06-21 05:00:00+02:00;2498
2023-06-21 06:00:00+02:00;3799
2023-06-21 07:00:00+02:00;6215
2023-06-21 08:00:00+02:00;6742
2023-06-21 09:00:00+02:00;6511
2023-06-21 10:00:00+02:00;5647
2023-06-21 11:00:00+02:00;5342
2023-06-21 12:00:00+02:00;4836
2023-06-21 13:00:00+02:00;4547
2023-06-21 14:00:00+02:00;4306
2023-06-21 15:00:00+02:00;4064
2023-06-21 16:00:00+02:00;4004
2023-06-21 17:00:00+02:00;3924
2023-06-21 18:00:00+02:00;4149
2023-06-21 19:00:00+02:00;4411
2023-06-21 20:00:00+02:00;4651
2023-06-21 21:00:00+02:00;4962
2023-06-21 22:00:00+02:00;5102
2023-06-21 23:00:00+02:00;4714
2023-06-22 00:00:00+02:00;3626
2023-06-22 01:00:00+02:00;2435
2023-06-22 02:00:00+02:00;2964
2023-06-22 03:00:00+02:00;3117
2023-06-22 04:00:00+02:00;3300
2023-06-22 05:00:00+02:00;3818
2023-06-22 06:00:00+02:00;5004
2023-06-22 07:00:00+02:00;7281
2023-06-22 08:00:00+02:00;9179
2023-06-22 09:00:00+02:00;9066
2023-06-22 10:00:00+02:00;8292
2023-06-22 11:00:00+02:00;7660
2023-06-22 12:00:00+02:00;6939
2023-06-22 13:00:00+02:00;6367
2023-06-22 14:00:00+02:00;6015
2023-06-22 15:00:00+02:00;5910
2023-06-22 16:00:00+02:00;5753
2023-06-22 17:00:00+02:00;5900
2023-06-22 18:00:00+02:00;6055
2023-06-22 19:00:00+02:00;6409
2023-06-22 20:00:00+02:00;6808
2023-06-22 21:00:00+02:00;7261
2023-06-22 22:00:00+02:00;7134
2023-06-22 23:00:00+02:00;6673
2023-06-23 00:00:00+02:00;5029
2023-06-23 01:00:00+02:00;3440
2023-06-23 02:00:00+02:00;3157
2023-06-23 03:00:00+02:00;3295
2023-06-23 04:00:00+02:00;3486
2023-06-23 05:00:00+02:00;3972
2023-06-23 06:00:00+02:00;5256
2023-06-23 07:00:00+02:00;7707
2023-06-23 08:00:00+02:00;9732
2023-06-23 09:00:00+02:00;9625
2023-06-23 10:00:00+02:00;8859
2023-06-23 11:00:00+02:00;8138
2023-06-23 12:00:00+02:00;7347
2023-06-23 13:00:00+02:00;6755
2023-06-23 14:00:00+02:00;6369
2023-06-23 15:00:00+02:00;6270
2023-06-23 16:00:00+02:00;6097
2023-06-23 17:00:00+02:00;6188
2023-06-23 18:00:00+02:00;6445
2023-06-23 19:00:00+02:00;6725
2023-06-23 20:00:00+02:00;7121
2023-06-23 21:00:00+02:00;7588
2023-06-23 22:00:00+02:00;7441
2023-06-23 23:00:00+02:00;6973
2023-06-24 00:00:00+02:00;5244
2023-06-24 01:00:00+02:00;3576
2023-06-24 02:00:00+02:00;2564
2023-06-24 03:00:00+02:00;2661
2023-06-24 04:00:00+02:00;2812
2023-06-24 05:00:00+02:00;3224
2023-06-24 06:00:00+02:00;4260
2023-06-24 07:00:00+02:00;6233
2023-06-24 08:00:00+02:00;7904
2023-06-24 09:00:00+02:00;7803
2023-06-24 10:00:00+02:00;7229
2023-06-24 11:00:00+02:00;6634
2023-06-24 12:00:00+02:00;5979
2023-06-24 13:00:00+02:00;5494
2023-06-24 14:00:00+02:00;5183
2023-06-24 15:00:00+02:00;5129
2023-06-24 16:00:00+02:00;4999
2023-06-24 17:00:00+02:00;5075
2023-06-24 18:00:00+02:00;5301
2023-06-24 19:00:00+02:00;5531
2023-06-24 20:00:00+02:00;5859
2023-06-24 21:00:00+02:00;6238
2023-06-24 22:00:00+02:00;6109
2023-06-24 23:00:00+02:00;5729
2023-06-25 00:00:00+02:00;4288
2023-06-25 01:00:00+02:00;2914
2023-06-25 02:00:00+02:00;1373
2023-06-25 03:00:00+02:00;1485
2023-06-25 04:00:00+02:00;1484
2023-06-25 05:00:00+02:00;1834
2023-06-25 06:00:00+02:00;2690
2023-06-25 07:00:00+02:00;4339
2023-06-25 08:00:00+02:00;5567
2023-06-25 09:00:00+02:00;5401
2023-06-25 10:00:00+02:00;4655
2023-06-25 11:00:00+02:00;4452
2023-06-25 12:00:00+02:00;3948
2023-06-25 13:00:00+02:00;3631
2023-06-25 14:00:00+02:00;3507
2023-06-25 15:00:00+02:00;3210
2023-06-25 16:00:00+02:00;3106
2023-06-25 17:00:00+02:00;2922
2023-06-25 18:00:00+02:00;3092
2023-06-25 19:00:00+02:00;3240
2023-06-25 20:00:00+02:00;3437
2023-06-25 21:00:00+02:00;3734
2023-06-25 22:00:00+02:00;3832
2023-06-25 23:00:00+02:00;3530
2023-06-26 00:00:00+02:00;2739
2023-06-26 01:00:00+02:00;1786
2023-06-26 02:00:00+02:00;883
2023-06-26 03:00:00+02:00;967
2023-06-26 04:00:00+02:00;949
2023-06-26 05:00:00+02:00;1211
2023-06-26 06:00:00+02:00;1811
2023-06-26 07:00:00+02:00;2981
2023-06-26 08:00:00+02:00;3750
2023-06-26 09:00:00+02:00;3715
2023-06-26 10:00:00+02:00;3220
2023-06-26 11:00:00+02:00;3062
2023-06-26 12:00:00+02:00;2710
2023-06-26 13:00:00+02:00;2454
2023-06-26 14:00:00+02:00;2366
2023-06-26 15:00:00+02:00;2176
2023-06-26 16:00:00+02:00;2097
2023-06-26 17:00:00+02:00;1991
2023-06-26 18:00:00+02:00;2099
2023-06-26 19:00:00+02:00;2184
2023-06-26 20:00:00+02:00;2361
2023-06-26 21:00:00+02:00;2541
2023-06-26 22:00:00+02:00;2593
2023-06-26 23:00:00+02:00;2395
2023-06-27 00:00:00+02:00;1850
2023-06-27 01:00:00+02:00;1187
2023-06-27 02:00:00+02:00;833
2023-06-27 03:00:00+02:00;870
2023-06-27 04:00:00+02:00;986
2023-06-27 05:00:00+02:00;1141
2023-06-27 06:00:00+02:00;1771
2023-06-27 07:00:00+02:00;3048
2023-06-27 08:00:00+02:00;3691
2023-06-27 09:00:00+02:00;3508
2023-06-27 10:00:00+02:00;3176
2023-06-27 11:00:00+02:00;3079
2023-06-27 12:00:00+02:00;2637
2023-06-27 13:00:00+02:00;2555
2023-06-27 14:00:00+02:00;2415
2023-06-27 15:00:00+02:00;2193
2023-06-27 16:00:00+02:00;1939
2023-06-27 17:00:00+02:00;1868
2023-06-27 18:00:00+02:00;2046
2023-06-27 19:00:00+02:00;2244
2023-06-27 20:00:00+02:00;2309
2023-06-27 21:00:00+02:00;2543
2023-06-27 22:00:00+02:00;2574
2023-06-27 23:00:00+02:00;2357
2023-06-28 00:00:00+02:00;1845
2023-06-28 01:00:00+02:00;1228
2023-06-28 02:00:00+02:00;901
2023-06-28 03:00:00+02:00;930
2023-06-28 04:00:00+02:00;1025
2023-06-28 05:00:00+02:00;1176
2023-06-28 06:00:00+02:00;1851
2023-06-28 07:00:00+02:00;3345
2023-06-28 08:00:00+02:00;3695
2023-06-28 09:00:00+02:00;3450
2023-06-28 10:00:00+02:00;2912
2023-06-28 11:00:00+02:00;2874
2023-06-28 12:00:00+02:00;2539
2023-06-28 13:00:00+02:00;2390
2023-06-28 14:00:00+02:00;2248
2023-06-28 15:00:00+02:00;2099
2023-06-28 16:00:00+02:00;2043
2023-06-28 17:00:00+02:00;1931
2023-06-28 18:00:00+02:00;2066
2023-06-28 19:00:00+02:00;2237
2023-06-28 20:00:00+02:00;2306
2023-06-28 21:00:00+02:00;2437
2023-06-28 22:00:00+02:00;2630
2023-06-28 23:00:00+02:00;2429
2023-06-29 00:00:00+02:00;1855
2023-06-29 01:00:00+02:00;1212
2023-06-29 02:00:00+02:00;954
2023-06-29 03:00:00+02:00;997
2023-06-29 04:00:00+02:00;965
2023-06-29 05:00:00+02:00;1224
2023-06-29 06:00:00+02:00;1807
2023-06-29 07:00:00+02:00;3014
2023-06-29 08:00:00+02:00;3765
2023-06-29 09:00:00+02:00;3658
2023-06-29 10:00:00+02:00;3142
2023-06-29 11:00:00+02:00;3018
2023-06-29 12:00:00+02:00;2652
2023-06-29 13:00:00+02:00;2444
2023-06-29 14:00:00+02:00;2354
2023-06-29 15:00:00+02:00;2163
2023-06-29 16:00:00+02:00;2126
2023-06-29 17:00:00+02:00;1948
2023-06-29 18:00:00+02:00;2081
2023-06-29 19:00:00+02:00;2203
2023-06-29 20:00:00+02:00;2348
2023-06-29 21:00:00+02:00;2539
2023-06-29 22:00:00+02:00;2609
2023-06-29 23:00:00+02:00;2400
2023-06-30 00:00:00+02:00;1847
2023-06-30 01:00:00+02:00;1219
2023-06-30 02:00:00+02:00;706
2023-06-30 03:00:00+02:00;799
2023-06-30 04:00:00+02:00;775
2023-06-30 05:00:00+02:00;902
2023-06-30 06:00:00+02:00;1409
2023-06-30 07:00:00+02:00;2686
2023-06-30 08:00:00+02:00;3485
2023-06-30 09:00:00+02:00;3345
2023-06-30 10:00:00+02:00;2701
2023-06-30 11:00:00+02:00;2598
2023-06-30 12:00:00+02:00;2403
2023-06-30 13:00:00+02:00;2315
2023-06-30 14:00:00+02:00;2241
2023-06-30 15:00:00+02:00;1924
2023-06-30 16:00:00+02:00;1872
2023-06-30 17:00:00+02:00;1716
2023-06-30 18:00:00+02:00;1825
2023-06-30 19:00:00+02:00;2004
2023-06-30 20:00:00+02:00;2019
2023-06-30 21:00:00+02:00;2173
2023-06-30 22:00:00+02:00;2279
2023-06-30 23:00:00+02:00;2044
2023-07-01 00:00:00+02:00;1545
2023-07-01 01:00:00+02:00;981
2023-07-01 02:00:00+02:00;520
2023-07-01 03:00:00+02:00;597
2023-07-01 04:00:00+02:00;573
2023-07-01 05:00:00+02:00;645
2023-07-01 06:00:00+02:00;1033
2023-07-01 07:00:00+02:00;2091
2023-07-01 08:00:00+02:00;2719
2023-07-01 09:00:00+02:00;2594
2023-07-01 10:00:00+02:00;2052
2023-07-01 11:00:00+02:00;1977
2023-07-01 12:00:00+02:00;1861
2023-07-01 13:00:00+02:00;1822
2023-07-01 14:00:00+02:00;1761
2023-07-01 15:00:00+02:00;1486
2023-07-01 16:00:00+02:00;1449
2023-07-01 17:00:00+02:00;1323
2023-07-01 18:00:00+02:00;1403
2023-07-01 19:00:00+02:00;1564
2023-07-01 20:00:00+02:00;1545
2023-07-01 21:00:00+02:00;1663
2023-07-01 22:00:00+02:00;1755
2023-07-01 23:00:00+02:00;1558
2023-07-02 00:00:00+02:00;1171
2023-07-02 01:00:00+02:00;739
2023-07-02 02:00:00+02:00;498
2023-07-02 03:00:00+02:00;574
2023-07-02 04:00:00+02:00;555
2023-07-02 05:00:00+02:00;623
2023-07-02 06:00:00+02:00;1005
2023-07-02 07:00:00+02:00;2037
2023-07-02 08:00:00+02:00;2634
2023-07-02 09:00:00+02:00;2504
2023-07-02 10:00:00+02:00;1972
2023-07-02 11:00:00+02:00;1899
2023-07-02 12:00:00+02:00;1783
2023-07-02 13:00:00+02:00;1746
2023-07-02 14:00:00+02:00;1687
2023-07-02 15:00:00+02:00;1415
2023-07-02 16:00:00+02:00;1373
2023-07-02 17:00:00+02:00;1253
2023-07-02 18:00:00+02:00;1328
2023-07-02 19:00:00+02:00;1483
2023-07-02 20:00:00+02:00;1474
2023-07-02 21:00:00+02:00;1583
2023-07-02 22:00:00+02:00;1668
2023-07-02 23:00:00+02:00;1486
2023-07-03 00:00:00+02:00;1117
2023-07-03 01:00:00+02:00;700
2023-07-03 02:00:00+02:00;496
2023-07-03 03:00:00+02:00;562
2023-07-03 04:00:00+02:00;543
2023-07-03 05:00:00+02:00;606
2023-07-03 06:00:00+02:00;979
2023-07-03 07:00:00+02:00;1977
2023-07-03 08:00:00+02:00;2548
2023-07-03 09:00:00+02:00;2474
2023-07-03 10:00:00+02:00;1962
2023-07-03 11:00:00+02:00;1887
2023-07-03 12:00:00+02:00;1763
2023-07-03 13:00:00+02:00;1713
2023-07-03 14:00:00+02:00;1652
2023-07-03 15:00:00+02:00;1401
2023-07-03 16:00:00+02:00;1341
2023-07-03 17:00:00+02:00;1235
2023-07-03 18:00:00+02:00;1300
2023-07-03 19:00:00+02:00;1461
2023-07-03 20:00:00+02:00;1465
2023-07-03 21:00:00+02:00;1580
2023-07-03 22:00:00+02:00;1650
2023-07-03 23:00:00+02:00;1479
2023-07-04 00:00:00+02:00;1102
2023-07-04 01:00:00+02:00;688
2023-07-04 02:00:00+02:00;535
2023-07-04 03:00:00+02:00;555
2023-07-04 04:00:00+02:00;481
2023-07-04 05:00:00+02:00;575
2023-07-04 06:00:00+02:00;917
2023-07-04 07:00:00+02:00;1741
2023-07-04 08:00:00+02:00;2433
2023-07-04 09:00:00+02:00;2344
2023-07-04 10:00:00+02:00;1852
2023-07-04 11:00:00+02:00;1742
2023-07-04 12:00:00+02:00;1684
2023-07-04 13:00:00+02:00;1557
2023-07-04 14:00:00+02:00;1527
2023-07-04 15:00:00+02:00;1287
2023-07-04 16:00:00+02:00;1355
2023-07-04 17:00:00+02:00;1220
2023-07-04 18:00:00+02:00;1275
2023-07-04 19:00:00+02:00;1365
2023-07-04 20:00:00+02:00;1359
2023-07-04 21:00:00+02:00;1436
2023-07-04 22:00:00+02:00;1488
2023-07-04 23:00:00+02:00;1381
2023-07-05 00:00:00+02:00;1015
2023-07-05 01:00:00+02:00;621
2023-07-05 02:00:00+02:00;583
2023-07-05 03:00:00+02:00;643
2023-07-05 04:00:00+02:00;669
2023-07-05 05:00:00+02:00;837
2023-07-05 06:00:00+02:00;1278
2023-07-05 07:00:00+02:00;2224
2023-07-05 08:00:00+02:00;2672
2023-07-05 09:00:00+02:00;2618
2023-07-05 10:00:00+02:00;2056
2023-07-05 11:00:00+02:00;1989
2023-07-05 12:00:00+02:00;1836
2023-07-05 13:00:00+02:00;1809
2023-07-05 14:00:00+02:00;1774
2023-07-05 15:00:00+02:00;1535
2023-07-05 16:00:00+02:00;1493
2023-07-05 17:00:00+02:00;1400
2023-07-05 18:00:00+02:00;1483
2023-07-05 19:00:00+02:00;1686
2023-07-05 20:00:00+02:00;1667
2023-07-05 21:00:00+02:00;1741
2023-07-05 22:00:00+02:00;1850
2023-07-05 23:00:00+02:00;1709
2023-07-06 00:00:00+02:00;1258
2023-07-06 01:00:00+02:00;807
2023-07-06 02:00:00+02:00;699
2023-07-06 03:00:00+02:00;779
2023-07-06 04:00:00+02:00;738
2023-07-06 05:00:00+02:00;843
2023-07-06 06:00:00+02:00;1340
2023-07-06 07:00:00+02:00;2607
2023-07-06 08:00:00+02:00;3388
2023-07-06 09:00:00+02:00;3256
2023-07-06 10:00:00+02:00;2552
2023-07-06 11:00:00+02:00;2470
2023-07-06 12:00:00+02:00;2303
2023-07-06 13:00:00+02:00;2236
2023-07-06 14:00:00+02:00;2171
2023-07-06 15:00:00+02:00;1845
2023-07-06 16:00:00+02:00;1815
2023-07-06 17:00:00+02:00;1649
2023-07-06 18:00:00+02:00;1756
2023-07-06 19:00:00+02:00;1959
2023-07-06 20:00:00+02:00;1957
2023-07-06 21:00:00+02:00;2099
2023-07-06 22:00:00+02:00;2217
2023-07-06 23:00:00+02:00;1979
2023-07-07 00:00:00+02:00;1495
2023-07-07 01:00:00+02:00;953
2023-07-07 02:00:00+02:00;745
2023-07-07 03:00:00+02:00;828
2023-07-07 04:00:00+02:00;809
2023-07-07 05:00:00+02:00;975
2023-07-07 06:00:00+02:00;1481
2023-07-07 07:00:00+02:00;2716
2023-07-07 08:00:00+02:00;3457
2023-07-07 09:00:00+02:00;3333
2023-07-07 10:00:00+02:00;2759
2023-07-07 11:00:00+02:00;2649
2023-07-07 12:00:00+02:00;2408
2023-07-07 13:00:00+02:00;2280
2023-07-07 14:00:00+02:00;2211
2023-07-07 15:00:00+02:00;1942
2023-07-07 16:00:00+02:00;1889
2023-07-07 17:00:00+02:00;1740
2023-07-07 18:00:00+02:00;1855
2023-07-07 19:00:00+02:00;2003
2023-07-07 20:00:00+02:00;2052
2023-07-07 21:00:00+02:00;2213
2023-07-07 22:00:00+02:00;2306
2023-07-07 23:00:00+02:00;2088
2023-07-08 00:00:00+02:00;1587
2023-07-08 01:00:00+02:00;1016
2023-07-08 02:00:00+02:00;1105
2023-07-08 03:00:00+02:00;1197
2023-07-08 04:00:00+02:00;1188
2023-07-08 05:00:00+02:00;1492
2023-07-08 06:00:00+02:00;2189
2023-07-08 07:00:00+02:00;3530
2023-07-08 08:00:00+02:00;4562
2023-07-08 09:00:00+02:00;4426
2023-07-08 10:00:00+02:00;3815
2023-07-08 11:00:00+02:00;3652
2023-07-08 12:00:00+02:00;3226
2023-07-08 13:00:00+02:00;2963
2023-07-08 14:00:00+02:00;2872
2023-07-08 15:00:00+02:00;2624
2023-07-08 16:00:00+02:00;2538
2023-07-08 17:00:00+02:00;2374
2023-07-08 18:00:00+02:00;2515
2023-07-08 19:00:00+02:00;2639
2023-07-08 20:00:00+02:00;2798
2023-07-08 21:00:00+02:00;3042
2023-07-08 22:00:00+02:00;3127
2023-07-08 23:00:00+02:00;2882
2023-07-09 00:00:00+02:00;2233
2023-07-09 01:00:00+02:00;1452
2023-07-09 02:00:00+02:00;1503
2023-07-09 03:00:00+02:00;1629
2023-07-09 04:00:00+02:00;1630
2023-07-09 05:00:00+02:00;2011
2023-07-09 06:00:00+02:00;2962
2023-07-09 07:00:00+02:00;4818
2023-07-09 08:00:00+02:00;6157
2023-07-09 09:00:00+02:00;5966
2023-07-09 10:00:00+02:00;5123
2023-07-09 11:00:00+02:00;4904
2023-07-09 12:00:00+02:00;4351
2023-07-09 13:00:00+02:00;4007
2023-07-09 14:00:00+02:00;3864
2023-07-09 15:00:00+02:00;3529
2023-07-09 16:00:00+02:00;3410
2023-07-09 17:00:00+02:00;3208
2023-07-09 18:00:00+02:00;3392
2023-07-09 19:00:00+02:00;3557
2023-07-09 20:00:00+02:00;3774
2023-07-09 21:00:00+02:00;4107
2023-07-09 22:00:00+02:00;4215
2023-07-09 23:00:00+02:00;3877
2023-07-10 00:00:00+02:00;3011
2023-07-10 01:00:00+02:00;1957
2023-07-10 02:00:00+02:00;1300
2023-07-10 03:00:00+02:00;1416
2023-07-10 04:00:00+02:00;1397
2023-07-10 05:00:00+02:00;1736
2023-07-10 06:00:00+02:00;2601
2023-07-10 07:00:00+02:00;4225
2023-07-10 08:00:00+02:00;5364
2023-07-10 09:00:00+02:00;5295
2023-07-10 10:00:00+02:00;4569
2023-07-10 11:00:00+02:00;4351
2023-07-10 12:00:00+02:00;3865
2023-07-10 13:00:00+02:00;3522
2023-07-10 14:00:00+02:00;3389
2023-07-10 15:00:00+02:00;3108
2023-07-10 16:00:00+02:00;2981
2023-07-10 17:00:00+02:00;2840
2023-07-10 18:00:00+02:00;2976
2023-07-10 19:00:00+02:00;3113
2023-07-10 20:00:00+02:00;3357
2023-07-10 21:00:00+02:00;3637
2023-07-10 22:00:00+02:00;3706
2023-07-10 23:00:00+02:00;3425
2023-07-11 00:00:00+02:00;2660
2023-07-11 01:00:00+02:00;1715
2023-07-11 02:00:00+02:00;852
2023-07-11 03:00:00+02:00;890
2023-07-11 04:00:00+02:00;1006
2023-07-11 05:00:00+02:00;1164
2023-07-11 06:00:00+02:00;1806
2023-07-11 07:00:00+02:00;3108
2023-07-11 08:00:00+02:00;3767
2023-07-11 09:00:00+02:00;3581
2023-07-11 10:00:00+02:00;3238
2023-07-11 11:00:00+02:00;3138
2023-07-11 12:00:00+02:00;2691
2023-07-11 13:00:00+02:00;2604
2023-07-11 14:00:00+02:00;2462
2023-07-11 15:00:00+02:00;2234
2023-07-11 16:00:00+02:00;1980
2023-07-11 17:00:00+02:00;1907
2023-07-11 18:00:00+02:00;2087
2023-07-11 19:00:00+02:00;2285
2023-07-11 20:00:00+02:00;2353
2023-07-11 21:00:00+02:00;2591
2023-07-11 22:00:00+02:00;2622
2023-07-11 23:00:00+02:00;2402
2023-07-12 00:00:00+02:00;1880
2023-07-12 01:00:00+02:00;1251
2023-07-12 02:00:00+02:00;1088
2023-07-12 03:00:00+02:00;1135
2023-07-12 04:00:00+02:00;1245
2023-07-12 05:00:00+02:00;1396
2023-07-12 06:00:00+02:00;2255
2023-07-12 07:00:00+02:00;3998
2023-07-12 08:00:00+02:00;4383
2023-07-12 09:00:00+02:00;4119
2023-07-12 10:00:00+02:00;3460
2023-07-12 11:00:00+02:00;3406
2023-07-12 12:00:00+02:00;3021
2023-07-12 13:00:00+02:00;2838
2023-07-12 14:00:00+02:00;2676
2023-07-12 15:00:00+02:00;2491
2023-07-12 16:00:00+02:00;2422
2023-07-12 17:00:00+02:00;2292
2023-07-12 18:00:00+02:00;2445
2023-07-12 19:00:00+02:00;2642
2023-07-12 20:00:00+02:00;2735
2023-07-12 21:00:00+02:00;2901
2023-07-12 22:00:00+02:00;3117
2023-07-12 23:00:00+02:00;2891
2023-07-13 00:00:00+02:00;2217
2023-07-13 01:00:00+02:00;1456
2023-07-13 02:00:00+02:00;1194
2023-07-13 03:00:00+02:00;1257
2023-07-13 04:00:00+02:00;1223
2023-07-13 05:00:00+02:00;1529
2023-07-13 06:00:00+02:00;2267
2023-07-13 07:00:00+02:00;3664
2023-07-13 08:00:00+02:00;4701
2023-07-13 09:00:00+02:00;4561
2023-07-13 10:00:00+02:00;3891
2023-07-13 11:00:00+02:00;3740
2023-07-13 12:00:00+02:00;3299
2023-07-13 13:00:00+02:00;3047
2023-07-13 14:00:00+02:00;2930
2023-07-13 15:00:00+02:00;2682
2023-07-13 16:00:00+02:00;2629
2023-07-13 17:00:00+02:00;2422
2023-07-13 18:00:00+02:00;2574
2023-07-13 19:00:00+02:00;2722
2023-07-13 20:00:00+02:00;2902
2023-07-13 21:00:00+02:00;3149
2023-07-13 22:00:00+02:00;3240
2023-07-13 23:00:00+02:00;2980
2023-07-14 00:00:00+02:00;2311
2023-07-14 01:00:00+02:00;1526
2023-07-14 02:00:00+02:00;1063
2023-07-14 03:00:00+02:00;1153
2023-07-14 04:00:00+02:00;1145
2023-07-14 05:00:00+02:00;1440
2023-07-14 06:00:00+02:00;2108
2023-07-14 07:00:00+02:00;3406
2023-07-14 08:00:00+02:00;4402
2023-07-14 09:00:00+02:00;4276
2023-07-14 10:00:00+02:00;3685
2023-07-14 11:00:00+02:00;3529
2023-07-14 12:00:00+02:00;3115
2023-07-14 13:00:00+02:00;2857
2023-07-14 14:00:00+02:00;2770
2023-07-14 15:00:00+02:00;2532
2023-07-14 16:00:00+02:00;2452
2023-07-14 17:00:00+02:00;2288
2023-07-14 18:00:00+02:00;2434
2023-07-14 19:00:00+02:00;2547
2023-07-14 20:00:00+02:00;2700
2023-07-14 21:00:00+02:00;2931
2023-07-14 22:00:00+02:00;3018
2023-07-14 23:00:00+02:00;2777
2023-07-15 00:00:00+02:00;2150
2023-07-15 01:00:00+02:00;1398
2023-07-15 02:00:00+02:00;988
2023-07-15 03:00:00+02:00;1070
2023-07-15 04:00:00+02:00;1062
2023-07-15 05:00:00+02:00;1344
2023-07-15 06:00:00+02:00;1962
2023-07-15 07:00:00+02:00;3206
2023-07-15 08:00:00+02:00;4107
2023-07-15 09:00:00+02:00;3988
2023-07-15 10:00:00+02:00;3445
2023-07-15 11:00:00+02:00;3296
2023-07-15 12:00:00+02:00;2904
2023-07-15 13:00:00+02:00;2663
2023-07-15 14:00:00+02:00;2584
2023-07-15 15:00:00+02:00;2366
2023-07-15 16:00:00+02:00;2291
2023-07-15 17:00:00+02:00;2141
2023-07-15 18:00:00+02:00;2274
2023-07-15 19:00:00+02:00;2385
2023-07-15 20:00:00+02:00;2528
2023-07-15 21:00:00+02:00;2745
2023-07-15 22:00:00+02:00;2820
2023-07-15 23:00:00+02:00;2597
2023-07-16 00:00:00+02:00;2004
2023-07-16 01:00:00+02:00;1300
2023-07-16 02:00:00+02:00;753
2023-07-16 03:00:00+02:00;839
2023-07-16 04:00:00+02:00;819
2023-07-16 05:00:00+02:00;984
2023-07-16 06:00:00+02:00;1499
2023-07-16 07:00:00+02:00;2752
2023-07-16 08:00:00+02:00;3514
2023-07-16 09:00:00+02:00;3387
2023-07-16 10:00:00+02:00;2797
2023-07-16 11:00:00+02:00;2686
2023-07-16 12:00:00+02:00;2445
2023-07-16 13:00:00+02:00;2319
2023-07-16 14:00:00+02:00;2248
2023-07-16 15:00:00+02:00;1970
2023-07-16 16:00:00+02:00;1916
2023-07-16 17:00:00+02:00;1765
2023-07-16 18:00:00+02:00;1881
2023-07-16 19:00:00+02:00;2033
2023-07-16 20:00:00+02:00;2081
2023-07-16 21:00:00+02:00;2243
2023-07-16 22:00:00+02:00;2339
2023-07-16 23:00:00+02:00;2116
2023-07-17 00:00:00+02:00;1608
2023-07-17 01:00:00+02:00;1029
2023-07-17 02:00:00+02:00;584
2023-07-17 03:00:00+02:00;663
2023-07-17 04:00:00+02:00;639
2023-07-17 05:00:00+02:00;720
2023-07-17 06:00:00+02:00;1161
2023-07-17 07:00:00+02:00;2291
2023-07-17 08:00:00+02:00;2992
2023-07-17 09:00:00+02:00;2916
2023-07-17 10:00:00+02:00;2320
2023-07-17 11:00:00+02:00;2234
2023-07-17 12:00:00+02:00;2092
2023-07-17 13:00:00+02:00;2026
2023-07-17 14:00:00+02:00;1951
2023-07-17 15:00:00+02:00;1661
2023-07-17 16:00:00+02:00;1600
2023-07-17 17:00:00+02:00;1479
2023-07-17 18:00:00+02:00;1560
2023-07-17 19:00:00+02:00;1740
2023-07-17 20:00:00+02:00;1745
2023-07-17 21:00:00+02:00;1877
2023-07-17 22:00:00+02:00;1964
2023-07-17 23:00:00+02:00;1757
2023-07-18 00:00:00+02:00;1311
2023-07-18 01:00:00+02:00;823
2023-07-18 02:00:00+02:00;652
2023-07-18 03:00:00+02:00;718
2023-07-18 04:00:00+02:00;751
2023-07-18 05:00:00+02:00;809
2023-07-18 06:00:00+02:00;1280
2023-07-18 07:00:00+02:00;2378
2023-07-18 08:00:00+02:00;3172
2023-07-18 09:00:00+02:00;3072
2023-07-18 10:00:00+02:00;2663
2023-07-18 11:00:00+02:00;2501
2023-07-18 12:00:00+02:00;2260
2023-07-18 13:00:00+02:00;2144
2023-07-18 14:00:00+02:00;2118
2023-07-18 15:00:00+02:00;1891
2023-07-18 16:00:00+02:00;1716
2023-07-18 17:00:00+02:00;1589
2023-07-18 18:00:00+02:00;1760
2023-07-18 19:00:00+02:00;1975
2023-07-18 20:00:00+02:00;1914
2023-07-18 21:00:00+02:00;2096
2023-07-18 22:00:00+02:00;2161
2023-07-18 23:00:00+02:00;1970
2023-07-19 00:00:00+02:00;1469
2023-07-19 01:00:00+02:00;949
2023-07-19 02:00:00+02:00;880
2023-07-19 03:00:00+02:00;908
2023-07-19 04:00:00+02:00;1001
2023-07-19 05:00:00+02:00;1156
2023-07-19 06:00:00+02:00;1808
2023-07-19 07:00:00+02:00;3271
2023-07-19 08:00:00+02:00;3620
2023-07-19 09:00:00+02:00;3380
2023-07-19 10:00:00+02:00;2851
2023-07-19 11:00:00+02:00;2815
2023-07-19 12:00:00+02:00;2487
2023-07-19 13:00:00+02:00;2342
2023-07-19 14:00:00+02:00;2204
2023-07-19 15:00:00+02:00;2057
2023-07-19 16:00:00+02:00;2002
2023-07-19 17:00:00+02:00;1892
2023-07-19 18:00:00+02:00;2025
2023-07-19 19:00:00+02:00;2194
2023-07-19 20:00:00+02:00;2259
2023-07-19 21:00:00+02:00;2386
2023-07-19 22:00:00+02:00;2576
2023-07-19 23:00:00+02:00;2379
2023-07-20 00:00:00+02:00;1815
2023-07-20 01:00:00+02:00;1185
2023-07-20 02:00:00+02:00;947
2023-07-20 03:00:00+02:00;989
2023-07-20 04:00:00+02:00;958
2023-07-20 05:00:00+02:00;1215
2023-07-20 06:00:00+02:00;1794
2023-07-20 07:00:00+02:00;2998
2023-07-20 08:00:00+02:00;3740
2023-07-20 09:00:00+02:00;3634
2023-07-20 10:00:00+02:00;3121
2023-07-20 11:00:00+02:00;2998
2023-07-20 12:00:00+02:00;2634
2023-07-20 13:00:00+02:00;2428
2023-07-20 14:00:00+02:00;2338
2023-07-20 15:00:00+02:00;2149
2023-07-20 16:00:00+02:00;2112
2023-07-20 17:00:00+02:00;1935
2023-07-20 18:00:00+02:00;2068
2023-07-20 19:00:00+02:00;2189
2023-07-20 20:00:00+02:00;2332
2023-07-20 21:00:00+02:00;2522
2023-07-20 22:00:00+02:00;2591
2023-07-20 23:00:00+02:00;2384
2023-07-21 00:00:00+02:00;1834
2023-07-21 01:00:00+02:00;1210
2023-07-21 02:00:00+02:00;742
2023-07-21 03:00:00+02:00;829
2023-07-21 04:00:00+02:00;808
2023-07-21 05:00:00+02:00;965
2023-07-21 06:00:00+02:00;1477
2023-07-21 07:00:00+02:00;2739
2023-07-21 08:00:00+02:00;3500
2023-07-21 09:00:00+02:00;3370
2023-07-21 10:00:00+02:00;2771
2023-07-21 11:00:00+02:00;2662
2023-07-21 12:00:00+02:00;2430
2023-07-21 13:00:00+02:00;2312
2023-07-21 14:00:00+02:00;2241
2023-07-21 15:00:00+02:00;1956
2023-07-21 16:00:00+02:00;1903
2023-07-21 17:00:00+02:00;1751
2023-07-21 18:00:00+02:00;1865
2023-07-21 19:00:00+02:00;2023
2023-07-21 20:00:00+02:00;2064
2023-07-21 21:00:00+02:00;2224
2023-07-21 22:00:00+02:00;2321
2023-07-21 23:00:00+02:00;2097
2023-07-22 00:00:00+02:00;1591
2023-07-22 01:00:00+02:00;1016
2023-07-22 02:00:00+02:00;767
2023-07-22 03:00:00+02:00;846
2023-07-22 04:00:00+02:00;829
2023-07-22 05:00:00+02:00;1014
2023-07-22 06:00:00+02:00;1525
2023-07-22 07:00:00+02:00;2755
2023-07-22 08:00:00+02:00;3476
2023-07-22 09:00:00+02:00;3354
2023-07-22 10:00:00+02:00;2810
2023-07-22 11:00:00+02:00;2693
2023-07-22 12:00:00+02:00;2429
2023-07-22 13:00:00+02:00;2285
2023-07-22 14:00:00+02:00;2216
2023-07-22 15:00:00+02:00;1968
2023-07-22 16:00:00+02:00;1912
2023-07-22 17:00:00+02:00;1768
2023-07-22 18:00:00+02:00;1881
2023-07-22 19:00:00+02:00;2021
2023-07-22 20:00:00+02:00;2085
2023-07-22 21:00:00+02:00;2252
2023-07-22 22:00:00+02:00;2336
2023-07-22 23:00:00+02:00;2125
2023-07-23 00:00:00+02:00;1619
2023-07-23 01:00:00+02:00;1039
2023-07-23 02:00:00+02:00;922
2023-07-23 03:00:00+02:00;998
2023-07-23 04:00:00+02:00;989
2023-07-23 05:00:00+02:00;1255
2023-07-23 06:00:00+02:00;1829
2023-07-23 07:00:00+02:00;3040
2023-07-23 08:00:00+02:00;3830
2023-07-23 09:00:00+02:00;3724
2023-07-23 10:00:00+02:00;3221
2023-07-23 11:00:00+02:00;3083
2023-07-23 12:00:00+02:00;2715
2023-07-23 13:00:00+02:00;2486
2023-07-23 14:00:00+02:00;2414
2023-07-23 15:00:00+02:00;2213
2023-07-23 16:00:00+02:00;2148
2023-07-23 17:00:00+02:00;2000
2023-07-23 18:00:00+02:00;2136
2023-07-23 19:00:00+02:00;2234
2023-07-23 20:00:00+02:00;2366
2023-07-23 21:00:00+02:00;2564
2023-07-23 22:00:00+02:00;2639
2023-07-23 23:00:00+02:00;2429
2023-07-24 00:00:00+02:00;1871
2023-07-24 01:00:00+02:00;1216
2023-07-24 02:00:00+02:00;865
2023-07-24 03:00:00+02:00;948
2023-07-24 04:00:00+02:00;930
2023-07-24 05:00:00+02:00;1185
2023-07-24 06:00:00+02:00;1773
2023-07-24 07:00:00+02:00;2937
2023-07-24 08:00:00+02:00;3692
2023-07-24 09:00:00+02:00;3656
2023-07-24 10:00:00+02:00;3163
2023-07-24 11:00:00+02:00;3008
2023-07-24 12:00:00+02:00;2666
2023-07-24 13:00:00+02:00;2417
2023-07-24 14:00:00+02:00;2331
2023-07-24 15:00:00+02:00;2140
2023-07-24 16:00:00+02:00;2063
2023-07-24 17:00:00+02:00;1958
2023-07-24 18:00:00+02:00;2064
2023-07-24 19:00:00+02:00;2151
2023-07-24 20:00:00+02:00;2321
2023-07-24 21:00:00+02:00;2497
2023-07-24 22:00:00+02:00;2550
2023-07-24 23:00:00+02:00;2353
2023-07-25 00:00:00+02:00;1816
2023-07-25 01:00:00+02:00;1164
2023-07-25 02:00:00+02:00;1145
2023-07-25 03:00:00+02:00;1189
2023-07-25 04:00:00+02:00;1300
2023-07-25 05:00:00+02:00;1513
2023-07-25 06:00:00+02:00;2340
2023-07-25 07:00:00+02:00;3991
2023-07-25 08:00:00+02:00;4849
2023-07-25 09:00:00+02:00;4625
2023-07-25 10:00:00+02:00;4135
2023-07-25 11:00:00+02:00;3998
2023-07-25 12:00:00+02:00;3476
2023-07-25 13:00:00+02:00;3326
2023-07-25 14:00:00+02:00;3150
2023-07-25 15:00:00+02:00;2851
2023-07-25 16:00:00+02:00;2589
2023-07-25 17:00:00+02:00;2486
2023-07-25 18:00:00+02:00;2688
2023-07-25 19:00:00+02:00;2910
2023-07-25 20:00:00+02:00;3012
2023-07-25 21:00:00+02:00;3310
2023-07-25 22:00:00+02:00;3353
2023-07-25 23:00:00+02:00;3089
2023-07-26 00:00:00+02:00;2428
2023-07-26 01:00:00+02:00;1615
2023-07-26 02:00:00+02:00;1749
2023-07-26 03:00:00+02:00;1850
2023-07-26 04:00:00+02:00;1988
2023-07-26 05:00:00+02:00;2299
2023-07-26 06:00:00+02:00;3574
2023-07-26 07:00:00+02:00;6024
2023-07-26 08:00:00+02:00;6537
2023-07-26 09:00:00+02:00;6254
2023-07-26 10:00:00+02:00;5302
2023-07-26 11:00:00+02:00;5114
2023-07-26 12:00:00+02:00;4590
2023-07-26 13:00:00+02:00;4308
2023-07-26 14:00:00+02:00;4076
2023-07-26 15:00:00+02:00;3807
2023-07-26 16:00:00+02:00;3719
2023-07-26 17:00:00+02:00;3581
2023-07-26 18:00:00+02:00;3797
2023-07-26 19:00:00+02:00;4064
2023-07-26 20:00:00+02:00;4261
2023-07-26 21:00:00+02:00;4548
2023-07-26 22:00:00+02:00;4767
2023-07-26 23:00:00+02:00;4423
2023-07-27 00:00:00+02:00;3406
2023-07-27 01:00:00+02:00;2262
2023-07-27 02:00:00+02:00;1589
2023-07-27 03:00:00+02:00;1682
2023-07-27 04:00:00+02:00;1660
2023-07-27 05:00:00+02:00;2041
2023-07-27 06:00:00+02:00;3008
2023-07-27 07:00:00+02:00;4880
2023-07-27 08:00:00+02:00;6190
2023-07-27 09:00:00+02:00;6000
2023-07-27 10:00:00+02:00;5121
2023-07-27 11:00:00+02:00;4909
2023-07-27 12:00:00+02:00;4352
2023-07-27 13:00:00+02:00;4026
2023-07-27 14:00:00+02:00;3857
2023-07-27 15:00:00+02:00;3541
2023-07-27 16:00:00+02:00;3461
2023-07-27 17:00:00+02:00;3239
2023-07-27 18:00:00+02:00;3421
2023-07-27 19:00:00+02:00;3619
2023-07-27 20:00:00+02:00;3857
2023-07-27 21:00:00+02:00;4189
2023-07-27 22:00:00+02:00;4293
2023-07-27 23:00:00+02:00;3948
2023-07-28 00:00:00+02:00;3062
2023-07-28 01:00:00+02:00;2018
2023-07-28 02:00:00+02:00;1748
2023-07-28 03:00:00+02:00;1873
2023-07-28 04:00:00+02:00;1904
2023-07-28 05:00:00+02:00;2299
2023-07-28 06:00:00+02:00;3294
2023-07-28 07:00:00+02:00;5230
2023-07-28 08:00:00+02:00;6665
2023-07-28 09:00:00+02:00;6487
2023-07-28 10:00:00+02:00;5666
2023-07-28 11:00:00+02:00;5371
2023-07-28 12:00:00+02:00;4783
2023-07-28 13:00:00+02:00;4404
2023-07-28 14:00:00+02:00;4223
2023-07-28 15:00:00+02:00;3929
2023-07-28 16:00:00+02:00;3803
2023-07-28 17:00:00+02:00;3650
2023-07-28 18:00:00+02:00;3846
2023-07-28 19:00:00+02:00;4027
2023-07-28 20:00:00+02:00;4271
2023-07-28 21:00:00+02:00;4622
2023-07-28 22:00:00+02:00;4689
2023-07-28 23:00:00+02:00;4333
2023-07-29 00:00:00+02:00;3336
2023-07-29 01:00:00+02:00;2193
2023-07-29 02:00:00+02:00;1954
2023-07-29 03:00:00+02:00;2083
2023-07-29 04:00:00+02:00;2133
2023-07-29 05:00:00+02:00;2549
2023-07-29 06:00:00+02:00;3600
2023-07-29 07:00:00+02:00;5652
2023-07-29 08:00:00+02:00;7182
2023-07-29 09:00:00+02:00;7002
2023-07-29 10:00:00+02:00;6173
2023-07-29 11:00:00+02:00;5815
2023-07-29 12:00:00+02:00;5192
2023-07-29 13:00:00+02:00;4781
2023-07-29 14:00:00+02:00;4571
2023-07-29 15:00:00+02:00;4295
2023-07-29 16:00:00+02:00;4159
2023-07-29 17:00:00+02:00;4037
2023-07-29 18:00:00+02:00;4236
2023-07-29 19:00:00+02:00;4439
2023-07-29 20:00:00+02:00;4707
2023-07-29 21:00:00+02:00;5084
2023-07-29 22:00:00+02:00;5120
2023-07-29 23:00:00+02:00;4744
2023-07-30 00:00:00+02:00;3638
2023-07-30 01:00:00+02:00;2403
2023-07-30 02:00:00+02:00;2681
2023-07-30 03:00:00+02:00;2784
2023-07-30 04:00:00+02:00;2947
2023-07-30 05:00:00+02:00;3368
2023-07-30 06:00:00+02:00;4452
2023-07-30 07:00:00+02:00;6512
2023-07-30 08:00:00+02:00;8252
2023-07-30 09:00:00+02:00;8155
2023-07-30 10:00:00+02:00;7542
2023-07-30 11:00:00+02:00;6926
2023-07-30 12:00:00+02:00;6241
2023-07-30 13:00:00+02:00;5737
2023-07-30 14:00:00+02:00;5408
2023-07-30 15:00:00+02:00;5347
2023-07-30 16:00:00+02:00;5206
2023-07-30 17:00:00+02:00;5288
2023-07-30 18:00:00+02:00;5523
2023-07-30 19:00:00+02:00;5760
2023-07-30 20:00:00+02:00;6100
2023-07-30 21:00:00+02:00;6494
2023-07-30 22:00:00+02:00;6363
2023-07-30 23:00:00+02:00;5968
2023-07-31 00:00:00+02:00;4470
2023-07-31 01:00:00+02:00;3042
2023-07-31 02:00:00+02:00;2633
2023-07-31 03:00:00+02:00;2802
2023-07-31 04:00:00+02:00;2861
2023-07-31 05:00:00+02:00;3279
2023-07-31 06:00:00+02:00;4363
2023-07-31 07:00:00+02:00;6387
2023-07-31 08:00:00+02:00;8294
2023-07-31 09:00:00+02:00;8168
2023-07-31 10:00:00+02:00;7538
2023-07-31 11:00:00+02:00;6916
2023-07-31 12:00:00+02:00;6283
2023-07-31 13:00:00+02:00;5741
2023-07-31 14:00:00+02:00;5554
2023-07-31 15:00:00+02:00;5342
2023-07-31 16:00:00+02:00;5233
2023-07-31 17:00:00+02:00;5282
2023-07-31 18:00:00+02:00;5527
2023-07-31 19:00:00+02:00;5747
2023-07-31 20:00:00+02:00;6078
2023-07-31 21:00:00+02:00;6478
2023-07-31 22:00:00+02:00;6343
2023-07-31 23:00:00+02:00;5938
2023-08-01 00:00:00+02:00;4486
2023-08-01 01:00:00+02:00;3045
2023-08-01 02:00:00+02:00;1555
2023-08-01 03:00:00+02:00;1604
2023-08-01 04:00:00+02:00;1721
2023-08-01 05:00:00+02:00;2005
2023-08-01 06:00:00+02:00;3063
2023-08-01 07:00:00+02:00;5187
2023-08-01 08:00:00+02:00;6323
2023-08-01 09:00:00+02:00;6059
2023-08-01 10:00:00+02:00;5380
2023-08-01 11:00:00+02:00;5171
2023-08-01 12:00:00+02:00;4545
2023-08-01 13:00:00+02:00;4311
2023-08-01 14:00:00+02:00;4084
2023-08-01 15:00:00+02:00;3698
2023-08-01 16:00:00+02:00;3424
2023-08-01 17:00:00+02:00;3299
2023-08-01 18:00:00+02:00;3534
2023-08-01 19:00:00+02:00;3795
2023-08-01 20:00:00+02:00;3957
2023-08-01 21:00:00+02:00;4333
2023-08-01 22:00:00+02:00;4377
2023-08-01 23:00:00+02:00;4042
2023-08-02 00:00:00+02:00;3164
2023-08-02 01:00:00+02:00;2099
2023-08-02 02:00:00+02:00;1104
2023-08-02 03:00:00+02:00;1152
2023-08-02 04:00:00+02:00;1263
2023-08-02 05:00:00+02:00;1414
2023-08-02 06:00:00+02:00;2286
2023-08-02 07:00:00+02:00;4044
2023-08-02 08:00:00+02:00;4431
2023-08-02 09:00:00+02:00;4166
2023-08-02 10:00:00+02:00;3499
2023-08-02 11:00:00+02:00;3444
2023-08-02 12:00:00+02:00;3056
2023-08-02 13:00:00+02:00;2871
2023-08-02 14:00:00+02:00;2708
2023-08-02 15:00:00+02:00;2521
2023-08-02 16:00:00+02:00;2450
2023-08-02 17:00:00+02:00;2319
2023-08-02 18:00:00+02:00;2473
2023-08-02 19:00:00+02:00;2672
2023-08-02 20:00:00+02:00;2767
2023-08-02 21:00:00+02:00;2935
2023-08-02 22:00:00+02:00;3153
2023-08-02 23:00:00+02:00;2926
2023-08-03 00:00:00+02:00;2246
2023-08-03 01:00:00+02:00;1476
2023-08-03 02:00:00+02:00;699
2023-08-03 03:00:00+02:00;776
2023-08-03 04:00:00+02:00;736
2023-08-03 05:00:00+02:00;846
2023-08-03 06:00:00+02:00;1339
2023-08-03 07:00:00+02:00;2588
2023-08-03 08:00:00+02:00;3351
2023-08-03 09:00:00+02:00;3222
2023-08-03 10:00:00+02:00;2539
2023-08-03 11:00:00+02:00;2456
2023-08-03 12:00:00+02:00;2282
2023-08-03 13:00:00+02:00;2210
2023-08-03 14:00:00+02:00;2146
2023-08-03 15:00:00+02:00;1831
2023-08-03 16:00:00+02:00;1801
2023-08-03 17:00:00+02:00;1637
2023-08-03 18:00:00+02:00;1744
2023-08-03 19:00:00+02:00;1940
2023-08-03 20:00:00+02:00;1945
2023-08-03 21:00:00+02:00;2087
2023-08-03 22:00:00+02:00;2200
2023-08-03 23:00:00+02:00;1968
2023-08-04 00:00:00+02:00;1488
2023-08-04 01:00:00+02:00;950
2023-08-04 02:00:00+02:00;837
2023-08-04 03:00:00+02:00;909
2023-08-04 04:00:00+02:00;898
2023-08-04 05:00:00+02:00;1132
2023-08-04 06:00:00+02:00;1660
2023-08-04 07:00:00+02:00;2858
2023-08-04 08:00:00+02:00;3554
2023-08-04 09:00:00+02:00;3450
2023-08-04 10:00:00+02:00;2963
2023-08-04 11:00:00+02:00;2837
2023-08-04 12:00:00+02:00;2513
2023-08-04 13:00:00+02:00;2316
2023-08-04 14:00:00+02:00;2250
2023-08-04 15:00:00+02:00;2047
2023-08-04 16:00:00+02:00;1989
2023-08-04 17:00:00+02:00;1847
2023-08-04 18:00:00+02:00;1975
2023-08-04 19:00:00+02:00;2079
2023-08-04 20:00:00+02:00;2186
2023-08-04 21:00:00+02:00;2364
2023-08-04 22:00:00+02:00;2440
2023-08-04 23:00:00+02:00;2239
2023-08-05 00:00:00+02:00;1717
2023-08-05 01:00:00+02:00;1113
2023-08-05 02:00:00+02:00;788
2023-08-05 03:00:00+02:00;863
2023-08-05 04:00:00+02:00;848
2023-08-05 05:00:00+02:00;1050
2023-08-05 06:00:00+02:00;1564
2023-08-05 07:00:00+02:00;2781
2023-08-05 08:00:00+02:00;3483
2023-08-05 09:00:00+02:00;3366
2023-08-05 10:00:00+02:00;2848
2023-08-05 11:00:00+02:00;2728
2023-08-05 12:00:00+02:00;2443
2023-08-05 13:00:00+02:00;2281
2023-08-05 14:00:00+02:00;2215
2023-08-05 15:00:00+02:00;1985
2023-08-05 16:00:00+02:00;1928
2023-08-05 17:00:00+02:00;1787
2023-08-05 18:00:00+02:00;1903
2023-08-05 19:00:00+02:00;2031
2023-08-05 20:00:00+02:00;2110
2023-08-05 21:00:00+02:00;2280
2023-08-05 22:00:00+02:00;2359
2023-08-05 23:00:00+02:00;2154
2023-08-06 00:00:00+02:00;1645
2023-08-06 01:00:00+02:00;1059
2023-08-06 02:00:00+02:00;654
2023-08-06 03:00:00+02:00;744
2023-08-06 04:00:00+02:00;719
2023-08-06 05:00:00+02:00;830
2023-08-06 06:00:00+02:00;1305
2023-08-06 07:00:00+02:00;2512
2023-08-06 08:00:00+02:00;3283
2023-08-06 09:00:00+02:00;3147
2023-08-06 10:00:00+02:00;2525
2023-08-06 11:00:00+02:00;2431
2023-08-06 12:00:00+02:00;2259
2023-08-06 13:00:00+02:00;2187
2023-08-06 14:00:00+02:00;2116
2023-08-06 15:00:00+02:00;1806
2023-08-06 16:00:00+02:00;1759
2023-08-06 17:00:00+02:00;1610
2023-08-06 18:00:00+02:00;1713
2023-08-06 19:00:00+02:00;1888
2023-08-06 20:00:00+02:00;1893
2023-08-06 21:00:00+02:00;2036
2023-08-06 22:00:00+02:00;2139
2023-08-06 23:00:00+02:00;1914
2023-08-07 00:00:00+02:00;1444
2023-08-07 01:00:00+02:00;915
2023-08-07 02:00:00+02:00;665
2023-08-07 03:00:00+02:00;748
2023-08-07 04:00:00+02:00;724
2023-08-07 05:00:00+02:00;841
2023-08-07 06:00:00+02:00;1331
2023-08-07 07:00:00+02:00;2528
2023-08-07 08:00:00+02:00;3266
2023-08-07 09:00:00+02:00;3193
2023-08-07 10:00:00+02:00;2588
2023-08-07 11:00:00+02:00;2485
2023-08-07 12:00:00+02:00;2297
2023-08-07 13:00:00+02:00;2195
2023-08-07 14:00:00+02:00;2115
2023-08-07 15:00:00+02:00;1829
2023-08-07 16:00:00+02:00;1761
2023-08-07 17:00:00+02:00;1636
2023-08-07 18:00:00+02:00;1726
2023-08-07 19:00:00+02:00;1898
2023-08-07 20:00:00+02:00;1935
2023-08-07 21:00:00+02:00;2081
2023-08-07 22:00:00+02:00;2165
2023-08-07 23:00:00+02:00;1951
2023-08-08 00:00:00+02:00;1467
2023-08-08 01:00:00+02:00;925
2023-08-08 02:00:00+02:00;661
2023-08-08 03:00:00+02:00;736
2023-08-08 04:00:00+02:00;761
2023-08-08 05:00:00+02:00;818
2023-08-08 06:00:00+02:00;1295
2023-08-08 07:00:00+02:00;2420
2023-08-08 08:00:00+02:00;3251
2023-08-08 09:00:00+02:00;3153
2023-08-08 10:00:00+02:00;2720
2023-08-08 11:00:00+02:00;2549
2023-08-08 12:00:00+02:00;2316
2023-08-08 13:00:00+02:00;2192
2023-08-08 14:00:00+02:00;2171
2023-08-08 15:00:00+02:00;1934
2023-08-08 16:00:00+02:00;1761
2023-08-08 17:00:00+02:00;1629
2023-08-08 18:00:00+02:00;1803
2023-08-08 19:00:00+02:00;2023
2023-08-08 20:00:00+02:00;1954
2023-08-08 21:00:00+02:00;2138
2023-08-08 22:00:00+02:00;2207
2023-08-08 23:00:00+02:00;2012
2023-08-09 00:00:00+02:00;1495
2023-08-09 01:00:00+02:00;963
2023-08-09 02:00:00+02:00;840
2023-08-09 03:00:00+02:00;864
2023-08-09 04:00:00+02:00;953
2023-08-09 05:00:00+02:00;1127
2023-08-09 06:00:00+02:00;1727
2023-08-09 07:00:00+02:00;3127
2023-08-09 08:00:00+02:00;3468
2023-08-09 09:00:00+02:00;3232
2023-08-09 10:00:00+02:00;2731
2023-08-09 11:00:00+02:00;2698
2023-08-09 12:00:00+02:00;2382
2023-08-09 13:00:00+02:00;2245
2023-08-09 14:00:00+02:00;2112
2023-08-09 15:00:00+02:00;1972
2023-08-09 16:00:00+02:00;1920
2023-08-09 17:00:00+02:00;1814
2023-08-09 18:00:00+02:00;1943
2023-08-09 19:00:00+02:00;2107
2023-08-09 20:00:00+02:00;2166
2023-08-09 21:00:00+02:00;2286
2023-08-09 22:00:00+02:00;2470
2023-08-09 23:00:00+02:00;2279
2023-08-10 00:00:00+02:00;1737
2023-08-10 01:00:00+02:00;1134
2023-08-10 02:00:00+02:00;902
2023-08-10 03:00:00+02:00;943
2023-08-10 04:00:00+02:00;912
2023-08-10 05:00:00+02:00;1155
2023-08-10 06:00:00+02:00;1707
2023-08-10 07:00:00+02:00;2904
2023-08-10 08:00:00+02:00;3588
2023-08-10 09:00:00+02:00;3485
2023-08-10 10:00:00+02:00;2987
2023-08-10 11:00:00+02:00;2870
2023-08-10 12:00:00+02:00;2526
2023-08-10 13:00:00+02:00;2333
2023-08-10 14:00:00+02:00;2249
2023-08-10 15:00:00+02:00;2062
2023-08-10 16:00:00+02:00;2027
2023-08-10 17:00:00+02:00;1855
2023-08-10 18:00:00+02:00;1984
2023-08-10 19:00:00+02:00;2105
2023-08-10 20:00:00+02:00;2237
2023-08-10 21:00:00+02:00;2416
2023-08-10 22:00:00+02:00;2485
2023-08-10 23:00:00+02:00;2284
2023-08-11 00:00:00+02:00;1754
2023-08-11 01:00:00+02:00;1156
2023-08-11 02:00:00+02:00;809
2023-08-11 03:00:00+02:00;885
2023-08-11 04:00:00+02:00;871
2023-08-11 05:00:00+02:00;1085
2023-08-11 06:00:00+02:00;1606
2023-08-11 07:00:00+02:00;2817
2023-08-11 08:00:00+02:00;3520
2023-08-11 09:00:00+02:00;3411
2023-08-11 10:00:00+02:00;2900
2023-08-11 11:00:00+02:00;2779
2023-08-11 12:00:00+02:00;2479
2023-08-11 13:00:00+02:00;2302
2023-08-11 14:00:00+02:00;2235
2023-08-11 15:00:00+02:00;2014
2023-08-11 16:00:00+02:00;1958
2023-08-11 17:00:00+02:00;1814
2023-08-11 18:00:00+02:00;1938
2023-08-11 19:00:00+02:00;2054
2023-08-11 20:00:00+02:00;2145
2023-08-11 21:00:00+02:00;2317
2023-08-11 22:00:00+02:00;2398
2023-08-11 23:00:00+02:00;2193
2023-08-12 00:00:00+02:00;1677
2023-08-12 01:00:00+02:00;1083
2023-08-12 02:00:00+02:00;651
2023-08-12 03:00:00+02:00;743
2023-08-12 04:00:00+02:00;717
2023-08-12 05:00:00+02:00;819
2023-08-12 06:00:00+02:00;1300
2023-08-12 07:00:00+02:00;2538
2023-08-12 08:00:00+02:00;3330
2023-08-12 09:00:00+02:00;3184
2023-08-12 10:00:00+02:00;2541
2023-08-12 11:00:00+02:00;2446
2023-08-12 12:00:00+02:00;2283
2023-08-12 13:00:00+02:00;2221
2023-08-12 14:00:00+02:00;2148
2023-08-12 15:00:00+02:00;1825
2023-08-12 16:00:00+02:00;1775
2023-08-12 17:00:00+02:00;1625
2023-08-12 18:00:00+02:00;1723
2023-08-12 19:00:00+02:00;1911
2023-08-12 20:00:00+02:00;1904
2023-08-12 21:00:00+02:00;2049
2023-08-12 22:00:00+02:00;2155
2023-08-12 23:00:00+02:00;1923
2023-08-13 00:00:00+02:00;1449
2023-08-13 01:00:00+02:00;914
2023-08-13 02:00:00+02:00;589
2023-08-13 03:00:00+02:00;677
2023-08-13 04:00:00+02:00;651
2023-08-13 05:00:00+02:00;735
2023-08-13 06:00:00+02:00;1176
2023-08-13 07:00:00+02:00;2321
2023-08-13 08:00:00+02:00;3072
2023-08-13 09:00:00+02:00;2937
2023-08-13 10:00:00+02:00;2322
2023-08-13 11:00:00+02:00;2239
2023-08-13 12:00:00+02:00;2103
2023-08-13 13:00:00+02:00;2057
2023-08-13 14:00:00+02:00;1989
2023-08-13 15:00:00+02:00;1676
2023-08-13 16:00:00+02:00;1633
2023-08-13 17:00:00+02:00;1490
2023-08-13 18:00:00+02:00;1584
2023-08-13 19:00:00+02:00;1763
2023-08-13 20:00:00+02:00;1749
2023-08-13 21:00:00+02:00;1879
2023-08-13 22:00:00+02:00;1983
2023-08-13 23:00:00+02:00;1763
2023-08-14 00:00:00+02:00;1325
2023-08-14 01:00:00+02:00;835
2023-08-14 02:00:00+02:00;611
2023-08-14 03:00:00+02:00;695
2023-08-14 04:00:00+02:00;669
2023-08-14 05:00:00+02:00;751
2023-08-14 06:00:00+02:00;1214
2023-08-14 07:00:00+02:00;2403
2023-08-14 08:00:00+02:00;3143
2023-08-14 09:00:00+02:00;3062
2023-08-14 10:00:00+02:00;2431
2023-08-14 11:00:00+02:00;2341
2023-08-14 12:00:00+02:00;2194
2023-08-14 13:00:00+02:00;2128
2023-08-14 14:00:00+02:00;2050
2023-08-14 15:00:00+02:00;1742
2023-08-14 16:00:00+02:00;1677
2023-08-14 17:00:00+02:00;1548
2023-08-14 18:00:00+02:00;1633
2023-08-14 19:00:00+02:00;1825
2023-08-14 20:00:00+02:00;1828
2023-08-14 21:00:00+02:00;1967
2023-08-14 22:00:00+02:00;2058
2023-08-14 23:00:00+02:00;1841
2023-08-15 00:00:00+02:00;1373
2023-08-15 01:00:00+02:00;861
2023-08-15 02:00:00+02:00;802
2023-08-15 03:00:00+02:00;839
2023-08-15 04:00:00+02:00;952
2023-08-15 05:00:00+02:00;1099
2023-08-15 06:00:00+02:00;1707
2023-08-15 07:00:00+02:00;2945
2023-08-15 08:00:00+02:00;3574
2023-08-15 09:00:00+02:00;3397
2023-08-15 10:00:00+02:00;3076
2023-08-15 11:00:00+02:00;2980
2023-08-15 12:00:00+02:00;2552
2023-08-15 13:00:00+02:00;2475
2023-08-15 14:00:00+02:00;2342
2023-08-15 15:00:00+02:00;2126
2023-08-15 16:00:00+02:00;1877
2023-08-15 17:00:00+02:00;1806
2023-08-15 18:00:00+02:00;1982
2023-08-15 19:00:00+02:00;2178
2023-08-15 20:00:00+02:00;2237
2023-08-15 21:00:00+02:00;2463
2023-08-15 22:00:00+02:00;2494
2023-08-15 23:00:00+02:00;2282
2023-08-16 00:00:00+02:00;1784
2023-08-16 01:00:00+02:00;1187
2023-08-16 02:00:00+02:00;1135
2023-08-16 03:00:00+02:00;1186
2023-08-16 04:00:00+02:00;1298
2023-08-16 05:00:00+02:00;1460
2023-08-16 06:00:00+02:00;2350
2023-08-16 07:00:00+02:00;4148
2023-08-16 08:00:00+02:00;4542
2023-08-16 09:00:00+02:00;4274
2023-08-16 10:00:00+02:00;3591
2023-08-16 11:00:00+02:00;3531
2023-08-16 12:00:00+02:00;3135
2023-08-16 13:00:00+02:00;2945
2023-08-16 14:00:00+02:00;2778
2023-08-16 15:00:00+02:00;2586
2023-08-16 16:00:00+02:00;2514
2023-08-16 17:00:00+02:00;2382
2023-08-16 18:00:00+02:00;2539
2023-08-16 19:00:00+02:00;2741
2023-08-16 20:00:00+02:00;2841
2023-08-16 21:00:00+02:00;3015
2023-08-16 22:00:00+02:00;3235
2023-08-16 23:00:00+02:00;3001
2023-08-17 00:00:00+02:00;2304
2023-08-17 01:00:00+02:00;1515
2023-08-17 02:00:00+02:00;1827
2023-08-17 03:00:00+02:00;1931
2023-08-17 04:00:00+02:00;1942
2023-08-17 05:00:00+02:00;2349
2023-08-17 06:00:00+02:00;3364
2023-08-17 07:00:00+02:00;5330
2023-08-17 08:00:00+02:00;6748
2023-08-17 09:00:00+02:00;6567
2023-08-17 10:00:00+02:00;5690
2023-08-17 11:00:00+02:00;5409
2023-08-17 12:00:00+02:00;4819
2023-08-17 13:00:00+02:00;4450
2023-08-17 14:00:00+02:00;4249
2023-08-17 15:00:00+02:00;3962
2023-08-17 16:00:00+02:00;3868
2023-08-17 17:00:00+02:00;3701
2023-08-17 18:00:00+02:00;3882
2023-08-17 19:00:00+02:00;4106
2023-08-17 20:00:00+02:00;4372
2023-08-17 21:00:00+02:00;4729
2023-08-17 22:00:00+02:00;4798
2023-08-17 23:00:00+02:00;4429
2023-08-18 00:00:00+02:00;3413
2023-08-18 01:00:00+02:00;2269
2023-08-18 02:00:00+02:00;2349
2023-08-18 03:00:00+02:00;2448
2023-08-18 04:00:00+02:00;2573
2023-08-18 05:00:00+02:00;2971
2023-08-18 06:00:00+02:00;3981
2023-08-18 07:00:00+02:00;5907
2023-08-18 08:00:00+02:00;7501
2023-08-18 09:00:00+02:00;7389
2023-08-18 10:00:00+02:00;6773
2023-08-18 11:00:00+02:00;6256
2023-08-18 12:00:00+02:00;5622
2023-08-18 13:00:00+02:00;5168
2023-08-18 14:00:00+02:00;4888
2023-08-18 15:00:00+02:00;4785
2023-08-18 16:00:00+02:00;4656
2023-08-18 17:00:00+02:00;4683
2023-08-18 18:00:00+02:00;4904
2023-08-18 19:00:00+02:00;5116
2023-08-18 20:00:00+02:00;5420
2023-08-18 21:00:00+02:00;5784
2023-08-18 22:00:00+02:00;5701
2023-08-18 23:00:00+02:00;5334
2023-08-19 00:00:00+02:00;4011
2023-08-19 01:00:00+02:00;2712
2023-08-19 02:00:00+02:00;1603
2023-08-19 03:00:00+02:00;1720
2023-08-19 04:00:00+02:00;1740
2023-08-19 05:00:00+02:00;2117
2023-08-19 06:00:00+02:00;3051
2023-08-19 07:00:00+02:00;4870
2023-08-19 08:00:00+02:00;6211
2023-08-19 09:00:00+02:00;6035
2023-08-19 10:00:00+02:00;5259
2023-08-19 11:00:00+02:00;4993
2023-08-19 12:00:00+02:00;4440
2023-08-19 13:00:00+02:00;4088
2023-08-19 14:00:00+02:00;3929
2023-08-19 15:00:00+02:00;3642
2023-08-19 16:00:00+02:00;3524
2023-08-19 17:00:00+02:00;3368
2023-08-19 18:00:00+02:00;3546
2023-08-19 19:00:00+02:00;3720
2023-08-19 20:00:00+02:00;3946
2023-08-19 21:00:00+02:00;4277
2023-08-19 22:00:00+02:00;4346
2023-08-19 23:00:00+02:00;4015
2023-08-20 00:00:00+02:00;3097
2023-08-20 01:00:00+02:00;2029
2023-08-20 02:00:00+02:00;1194
2023-08-20 03:00:00+02:00;1294
2023-08-20 04:00:00+02:00;1288
2023-08-20 05:00:00+02:00;1606
2023-08-20 06:00:00+02:00;2352
2023-08-20 07:00:00+02:00;3785
2023-08-20 08:00:00+02:00;4882
2023-08-20 09:00:00+02:00;4740
2023-08-20 10:00:00+02:00;4086
2023-08-20 11:00:00+02:00;3910
2023-08-20 12:00:00+02:00;3460
2023-08-20 13:00:00+02:00;3178
2023-08-20 14:00:00+02:00;3076
2023-08-20 15:00:00+02:00;2814
2023-08-20 16:00:00+02:00;2724
2023-08-20 17:00:00+02:00;2551
2023-08-20 18:00:00+02:00;2707
2023-08-20 19:00:00+02:00;2834
2023-08-20 20:00:00+02:00;3005
2023-08-20 21:00:00+02:00;3264
2023-08-20 22:00:00+02:00;3355
2023-08-20 23:00:00+02:00;3090
2023-08-21 00:00:00+02:00;2396
2023-08-21 01:00:00+02:00;1562
2023-08-21 02:00:00+02:00;890
2023-08-21 03:00:00+02:00;975
2023-08-21 04:00:00+02:00;956
2023-08-21 05:00:00+02:00;1220
2023-08-21 06:00:00+02:00;1824
2023-08-21 07:00:00+02:00;3002
2023-08-21 08:00:00+02:00;3778
2023-08-21 09:00:00+02:00;3743
2023-08-21 10:00:00+02:00;3243
2023-08-21 11:00:00+02:00;3084
2023-08-21 12:00:00+02:00;2730
2023-08-21 13:00:00+02:00;2472
2023-08-21 14:00:00+02:00;2383
2023-08-21 15:00:00+02:00;2192
2023-08-21 16:00:00+02:00;2112
2023-08-21 17:00:00+02:00;2005
2023-08-21 18:00:00+02:00;2113
2023-08-21 19:00:00+02:00;2200
2023-08-21 20:00:00+02:00;2377
2023-08-21 21:00:00+02:00;2560
2023-08-21 22:00:00+02:00;2612
2023-08-21 23:00:00+02:00;2412
2023-08-22 00:00:00+02:00;1863
2023-08-22 01:00:00+02:00;1196
2023-08-22 02:00:00+02:00;657
2023-08-22 03:00:00+02:00;731
2023-08-22 04:00:00+02:00;757
2023-08-22 05:00:00+02:00;812
2023-08-22 06:00:00+02:00;1285
2023-08-22 07:00:00+02:00;2404
2023-08-22 08:00:00+02:00;3233
2023-08-22 09:00:00+02:00;3136
2023-08-22 10:00:00+02:00;2705
2023-08-22 11:00:00+02:00;2533
2023-08-22 12:00:00+02:00;2303
2023-08-22 13:00:00+02:00;2179
2023-08-22 14:00:00+02:00;2159
2023-08-22 15:00:00+02:00;1924
2023-08-22 16:00:00+02:00;1752
2023-08-22 17:00:00+02:00;1620
2023-08-22 18:00:00+02:00;1792
2023-08-22 19:00:00+02:00;2012
2023-08-22 20:00:00+02:00;1942
2023-08-22 21:00:00+02:00;2125
2023-08-22 22:00:00+02:00;2194
2023-08-22 23:00:00+02:00;2000
2023-08-23 00:00:00+02:00;1486
2023-08-23 01:00:00+02:00;957
2023-08-23 02:00:00+02:00;775
2023-08-23 03:00:00+02:00;821
2023-08-23 04:00:00+02:00;884
2023-08-23 05:00:00+02:00;1036
2023-08-23 06:00:00+02:00;1608
2023-08-23 07:00:00+02:00;2898
2023-08-23 08:00:00+02:00;3333
2023-08-23 09:00:00+02:00;3172
2023-08-23 10:00:00+02:00;2599
2023-08-23 11:00:00+02:00;2545
2023-08-23 12:00:00+02:00;2289
2023-08-23 13:00:00+02:00;2196
2023-08-23 14:00:00+02:00;2102
2023-08-23 15:00:00+02:00;1900
2023-08-23 16:00:00+02:00;1850
2023-08-23 17:00:00+02:00;1741
2023-08-23 18:00:00+02:00;1857
2023-08-23 19:00:00+02:00;2052
2023-08-23 20:00:00+02:00;2078
2023-08-23 21:00:00+02:00;2184
2023-08-23 22:00:00+02:00;2343
2023-08-23 23:00:00+02:00;2165
2023-08-24 00:00:00+02:00;1628
2023-08-24 01:00:00+02:00;1055
2023-08-24 02:00:00+02:00;1016
2023-08-24 03:00:00+02:00;1064
2023-08-24 04:00:00+02:00;1032
2023-08-24 05:00:00+02:00;1305
2023-08-24 06:00:00+02:00;1927
2023-08-24 07:00:00+02:00;3166
2023-08-24 08:00:00+02:00;4010
2023-08-24 09:00:00+02:00;3895
2023-08-24 10:00:00+02:00;3338
2023-08-24 11:00:00+02:00;3207
2023-08-24 12:00:00+02:00;2820
2023-08-24 13:00:00+02:00;2600
2023-08-24 14:00:00+02:00;2502
2023-08-24 15:00:00+02:00;2297
2023-08-24 16:00:00+02:00;2256
2023-08-24 17:00:00+02:00;2070
2023-08-24 18:00:00+02:00;2208
2023-08-24 19:00:00+02:00;2336
2023-08-24 20:00:00+02:00;2491
2023-08-24 21:00:00+02:00;2697
2023-08-24 22:00:00+02:00;2772
2023-08-24 23:00:00+02:00;2550
2023-08-25 00:00:00+02:00;1966
2023-08-25 01:00:00+02:00;1297
2023-08-25 02:00:00+02:00;1162
2023-08-25 03:00:00+02:00;1259
2023-08-25 04:00:00+02:00;1252
2023-08-25 05:00:00+02:00;1565
2023-08-25 06:00:00+02:00;2294
2023-08-25 07:00:00+02:00;3694
2023-08-25 08:00:00+02:00;4770
2023-08-25 09:00:00+02:00;4631
2023-08-25 10:00:00+02:00;3990
2023-08-25 11:00:00+02:00;3820
2023-08-25 12:00:00+02:00;3379
2023-08-25 13:00:00+02:00;3102
2023-08-25 14:00:00+02:00;3005
2023-08-25 15:00:00+02:00;2746
2023-08-25 16:00:00+02:00;2658
2023-08-25 17:00:00+02:00;2485
2023-08-25 18:00:00+02:00;2638
2023-08-25 19:00:00+02:00;2763
2023-08-25 20:00:00+02:00;2929
2023-08-25 21:00:00+02:00;3181
2023-08-25 22:00:00+02:00;3273
2023-08-25 23:00:00+02:00;3014
2023-08-26 00:00:00+02:00;2338
2023-08-26 01:00:00+02:00;1523
2023-08-26 02:00:00+02:00;904
2023-08-26 03:00:00+02:00;977
2023-08-26 04:00:00+02:00;968
2023-08-26 05:00:00+02:00;1230
2023-08-26 06:00:00+02:00;1793
2023-08-26 07:00:00+02:00;2999
2023-08-26 08:00:00+02:00;3757
2023-08-26 09:00:00+02:00;3650
2023-08-26 10:00:00+02:00;3161
2023-08-26 11:00:00+02:00;3023
2023-08-26 12:00:00+02:00;2661
2023-08-26 13:00:00+02:00;2439
2023-08-26 14:00:00+02:00;2369
2023-08-26 15:00:00+02:00;2173
2023-08-26 16:00:00+02:00;2107
2023-08-26 17:00:00+02:00;1967
2023-08-26 18:00:00+02:00;2094
2023-08-26 19:00:00+02:00;2196
2023-08-26 20:00:00+02:00;2325
2023-08-26 21:00:00+02:00;2522
2023-08-26 22:00:00+02:00;2591
2023-08-26 23:00:00+02:00;2388
2023-08-27 00:00:00+02:00;1838
2023-08-27 01:00:00+02:00;1192
2023-08-27 02:00:00+02:00;1164
2023-08-27 03:00:00+02:00;1263
2023-08-27 04:00:00+02:00;1255
2023-08-27 05:00:00+02:00;1569
2023-08-27 06:00:00+02:00;2306
2023-08-27 07:00:00+02:00;3716
2023-08-27 08:00:00+02:00;4798
2023-08-27 09:00:00+02:00;4657
2023-08-27 10:00:00+02:00;4007
2023-08-27 11:00:00+02:00;3839
2023-08-27 12:00:00+02:00;3396
2023-08-27 13:00:00+02:00;3118
2023-08-27 14:00:00+02:00;3022
2023-08-27 15:00:00+02:00;2757
2023-08-27 16:00:00+02:00;2669
2023-08-27 17:00:00+02:00;2492
2023-08-27 18:00:00+02:00;2645
2023-08-27 19:00:00+02:00;2769
2023-08-27 20:00:00+02:00;2937
2023-08-27 21:00:00+02:00;3191
2023-08-27 22:00:00+02:00;3286
2023-08-27 23:00:00+02:00;3026
2023-08-28 00:00:00+02:00;2350
2023-08-28 01:00:00+02:00;1531
2023-08-28 02:00:00+02:00;1312
2023-08-28 03:00:00+02:00;1430
2023-08-28 04:00:00+02:00;1410
2023-08-28 05:00:00+02:00;1753
2023-08-28 06:00:00+02:00;2632
2023-08-28 07:00:00+02:00;4288
2023-08-28 08:00:00+02:00;5439
2023-08-28 09:00:00+02:00;5367
2023-08-28 10:00:00+02:00;4625
2023-08-28 11:00:00+02:00;4408
2023-08-28 12:00:00+02:00;3915
2023-08-28 13:00:00+02:00;3569
2023-08-28 14:00:00+02:00;3433
2023-08-28 15:00:00+02:00;3146
2023-08-28 16:00:00+02:00;3017
2023-08-28 17:00:00+02:00;2872
2023-08-28 18:00:00+02:00;3009
2023-08-28 19:00:00+02:00;3149
2023-08-28 20:00:00+02:00;3397
2023-08-28 21:00:00+02:00;3681
2023-08-28 22:00:00+02:00;3753
2023-08-28 23:00:00+02:00;3467
2023-08-29 00:00:00+02:00;2693
2023-08-29 01:00:00+02:00;1734
2023-08-29 02:00:00+02:00;1039
2023-08-29 03:00:00+02:00;1082
2023-08-29 04:00:00+02:00;1194
2023-08-29 05:00:00+02:00;1387
2023-08-29 06:00:00+02:00;2148
2023-08-29 07:00:00+02:00;3672
2023-08-29 08:00:00+02:00;4459
2023-08-29 09:00:00+02:00;4249
2023-08-29 10:00:00+02:00;3811
2023-08-29 11:00:00+02:00;3688
2023-08-29 12:00:00+02:00;3193
2023-08-29 13:00:00+02:00;3065
2023-08-29 14:00:00+02:00;2902
2023-08-29 15:00:00+02:00;2628
2023-08-29 16:00:00+02:00;2369
2023-08-29 17:00:00+02:00;2276
2023-08-29 18:00:00+02:00;2470
2023-08-29 19:00:00+02:00;2682
2023-08-29 20:00:00+02:00;2770
2023-08-29 21:00:00+02:00;3047
2023-08-29 22:00:00+02:00;3087
2023-08-29 23:00:00+02:00;2839
2023-08-30 00:00:00+02:00;2230
2023-08-30 01:00:00+02:00;1484
2023-08-30 02:00:00+02:00;736
2023-08-30 03:00:00+02:00;795
2023-08-30 04:00:00+02:00;844
2023-08-30 05:00:00+02:00;977
2023-08-30 06:00:00+02:00;1526
2023-08-30 07:00:00+02:00;2763
2023-08-30 08:00:00+02:00;3255
2023-08-30 09:00:00+02:00;3140
2023-08-30 10:00:00+02:00;2522
2023-08-30 11:00:00+02:00;2455
2023-08-30 12:00:00+02:00;2235
2023-08-30 13:00:00+02:00;2168
2023-08-30 14:00:00+02:00;2098
2023-08-30 15:00:00+02:00;1859
2023-08-30 16:00:00+02:00;1808
2023-08-30 17:00:00+02:00;1698
2023-08-30 18:00:00+02:00;1806
2023-08-30 19:00:00+02:00;2020
2023-08-30 20:00:00+02:00;2027
2023-08-30 21:00:00+02:00;2126
2023-08-30 22:00:00+02:00;2269
2023-08-30 23:00:00+02:00;2098
2023-08-31 00:00:00+02:00;1563
2023-08-31 01:00:00+02:00;1009
2023-08-31 02:00:00+02:00;678
2023-08-31 03:00:00+02:00;753
2023-08-31 04:00:00+02:00;713
2023-08-31 05:00:00+02:00;819
2023-08-31 06:00:00+02:00;1298
2023-08-31 07:00:00+02:00;2511
2023-08-31 08:00:00+02:00;3257
2023-08-31 09:00:00+02:00;3131
2023-08-31 10:00:00+02:00;2464
2023-08-31 11:00:00+02:00;2385
2023-08-31 12:00:00+02:00;2218
2023-08-31 13:00:00+02:00;2149
2023-08-31 14:00:00+02:00;2087
2023-08-31 15:00:00+02:00;1780
2023-08-31 16:00:00+02:00;1751
2023-08-31 17:00:00+02:00;1591
2023-08-31 18:00:00+02:00;1694
2023-08-31 19:00:00+02:00;1887
2023-08-31 20:00:00+02:00;1889
2023-08-31 21:00:00+02:00;2027
2023-08-31 22:00:00+02:00;2138
2023-08-31 23:00:00+02:00;1911
2023-09-01 00:00:00+02:00;1444
2023-09-01 01:00:00+02:00;922
2023-09-01 02:00:00+02:00;944
2023-09-01 03:00:00+02:00;1022
2023-09-01 04:00:00+02:00;1014
2023-09-01 05:00:00+02:00;1285
2023-09-01 06:00:00+02:00;1874
2023-09-01 07:00:00+02:00;3095
2023-09-01 08:00:00+02:00;3920
2023-09-01 09:00:00+02:00;3811
2023-09-01 10:00:00+02:00;3295
2023-09-01 11:00:00+02:00;3154
2023-09-01 12:00:00+02:00;2778
2023-09-01 13:00:00+02:00;2544
2023-09-01 14:00:00+02:00;2470
2023-09-01 15:00:00+02:00;2263
2023-09-01 16:00:00+02:00;2196
2023-09-01 17:00:00+02:00;2045
2023-09-01 18:00:00+02:00;2183
2023-09-01 19:00:00+02:00;2283
2023-09-01 20:00:00+02:00;2419
2023-09-01 21:00:00+02:00;2622
2023-09-01 22:00:00+02:00;2699
2023-09-01 23:00:00+02:00;2484
2023-09-02 00:00:00+02:00;1915
2023-09-02 01:00:00+02:00;1244
2023-09-02 02:00:00+02:00;1420
2023-09-02 03:00:00+02:00;1536
2023-09-02 04:00:00+02:00;1535
2023-09-02 05:00:00+02:00;1900
2023-09-02 06:00:00+02:00;2799
2023-09-02 07:00:00+02:00;4552
2023-09-02 08:00:00+02:00;5821
2023-09-02 09:00:00+02:00;5636
2023-09-02 10:00:00+02:00;4849
2023-09-02 11:00:00+02:00;4640
2023-09-02 12:00:00+02:00;4113
2023-09-02 13:00:00+02:00;3789
2023-09-02 14:00:00+02:00;3656
2023-09-02 15:00:00+02:00;3342
2023-09-02 16:00:00+02:00;3229
2023-09-02 17:00:00+02:00;3041
2023-09-02 18:00:00+02:00;3211
2023-09-02 19:00:00+02:00;3373
2023-09-02 20:00:00+02:00;3579
2023-09-02 21:00:00+02:00;3895
2023-09-02 22:00:00+02:00;3993
2023-09-02 23:00:00+02:00;3677
2023-09-03 00:00:00+02:00;2853
2023-09-03 01:00:00+02:00;1853
2023-09-03 02:00:00+02:00;2705
2023-09-03 03:00:00+02:00;2811
2023-09-03 04:00:00+02:00;2974
2023-09-03 05:00:00+02:00;3400
2023-09-03 06:00:00+02:00;4501
2023-09-03 07:00:00+02:00;6593
2023-09-03 08:00:00+02:00;8352
2023-09-03 09:00:00+02:00;8253
2023-09-03 10:00:00+02:00;7622
2023-09-03 11:00:00+02:00;7003
2023-09-03 12:00:00+02:00;6311
2023-09-03 13:00:00+02:00;5801
2023-09-03 14:00:00+02:00;5469
2023-09-03 15:00:00+02:00;5401
2023-09-03 16:00:00+02:00;5258
2023-09-03 17:00:00+02:00;5335
2023-09-03 18:00:00+02:00;5572
2023-09-03 19:00:00+02:00;5811
2023-09-03 20:00:00+02:00;6155
2023-09-03 21:00:00+02:00;6555
2023-09-03 22:00:00+02:00;6426
2023-09-03 23:00:00+02:00;6026
2023-09-04 00:00:00+02:00;4517
2023-09-04 01:00:00+02:00;3073
2023-09-04 02:00:00+02:00;3114
2023-09-04 03:00:00+02:00;3320
2023-09-04 04:00:00+02:00;3393
2023-09-04 05:00:00+02:00;3871
2023-09-04 06:00:00+02:00;5140
2023-09-04 07:00:00+02:00;7532
2023-09-04 08:00:00+02:00;9746
2023-09-04 09:00:00+02:00;9622
2023-09-04 10:00:00+02:00;8857
2023-09-04 11:00:00+02:00;8122
2023-09-04 12:00:00+02:00;7385
2023-09-04 13:00:00+02:00;6748
2023-09-04 14:00:00+02:00;6526
2023-09-04 15:00:00+02:00;6269
2023-09-04 16:00:00+02:00;6126
2023-09-04 17:00:00+02:00;6186
2023-09-04 18:00:00+02:00;6455
2023-09-04 19:00:00+02:00;6721
2023-09-04 20:00:00+02:00;7108
2023-09-04 21:00:00+02:00;7588
2023-09-04 22:00:00+02:00;7426
2023-09-04 23:00:00+02:00;6954
2023-09-05 00:00:00+02:00;5263
2023-09-05 01:00:00+02:00;3580
2023-09-05 02:00:00+02:00;3329
2023-09-05 03:00:00+02:00;3289
2023-09-05 04:00:00+02:00;3573
2023-09-05 05:00:00+02:00;3917
2023-09-05 06:00:00+02:00;5336
2023-09-05 07:00:00+02:00;8011
2023-09-05 08:00:00+02:00;9688
2023-09-05 09:00:00+02:00;9646
2023-09-05 10:00:00+02:00;8964
2023-09-05 11:00:00+02:00;8204
2023-09-05 12:00:00+02:00;7446
2023-09-05 13:00:00+02:00;7016
2023-09-05 14:00:00+02:00;6676
2023-09-05 15:00:00+02:00;6243
2023-09-05 16:00:00+02:00;5950
2023-09-05 17:00:00+02:00;6060
2023-09-05 18:00:00+02:00;6295
2023-09-05 19:00:00+02:00;6784
2023-09-05 20:00:00+02:00;7320
2023-09-05 21:00:00+02:00;7762
2023-09-05 22:00:00+02:00;7605
2023-09-05 23:00:00+02:00;7140
2023-09-06 00:00:00+02:00;5444
2023-09-06 01:00:00+02:00;3854
2023-09-06 02:00:00+02:00;3396
2023-09-06 03:00:00+02:00;3620
2023-09-06 04:00:00+02:00;3718
2023-09-06 05:00:00+02:00;4378
2023-09-06 06:00:00+02:00;6260
2023-09-06 07:00:00+02:00;9385
2023-09-06 08:00:00+02:00;9989
2023-09-06 09:00:00+02:00;9929
2023-09-06 10:00:00+02:00;8938
2023-09-06 11:00:00+02:00;8124
2023-09-06 12:00:00+02:00;7518
2023-09-06 13:00:00+02:00;7074
2023-09-06 14:00:00+02:00;6734
2023-09-06 15:00:00+02:00;6476
2023-09-06 16:00:00+02:00;6484
2023-09-06 17:00:00+02:00;6562
2023-09-06 18:00:00+02:00;6882
2023-09-06 19:00:00+02:00;7231
2023-09-06 20:00:00+02:00;7706
2023-09-06 21:00:00+02:00;8203
2023-09-06 22:00:00+02:00;8133
2023-09-06 23:00:00+02:00;7497
2023-09-07 00:00:00+02:00;5788
2023-09-07 01:00:00+02:00;4026
2023-09-07 02:00:00+02:00;3139
2023-09-07 03:00:00+02:00;3308
2023-09-07 04:00:00+02:00;3499
2023-09-07 05:00:00+02:00;4044
2023-09-07 06:00:00+02:00;5302
2023-09-07 07:00:00+02:00;7725
2023-09-07 08:00:00+02:00;9721
2023-09-07 09:00:00+02:00;9602
2023-09-07 10:00:00+02:00;8764
2023-09-07 11:00:00+02:00;8099
2023-09-07 12:00:00+02:00;7342
2023-09-07 13:00:00+02:00;6739
2023-09-07 14:00:00+02:00;6369
2023-09-07 15:00:00+02:00;6246
2023-09-07 16:00:00+02:00;6082
2023-09-07 17:00:00+02:00;6230
2023-09-07 18:00:00+02:00;6394
2023-09-07 19:00:00+02:00;6765
2023-09-07 20:00:00+02:00;7184
2023-09-07 21:00:00+02:00;7661
2023-09-07 22:00:00+02:00;7533
2023-09-07 23:00:00+02:00;7041
2023-09-08 00:00:00+02:00;5317
2023-09-08 01:00:00+02:00;3643
2023-09-08 02:00:00+02:00;2857
2023-09-08 03:00:00+02:00;2976
2023-09-08 04:00:00+02:00;3147
2023-09-08 05:00:00+02:00;3595
2023-09-08 06:00:00+02:00;4763
2023-09-08 07:00:00+02:00;6988
2023-09-08 08:00:00+02:00;8841
2023-09-08 09:00:00+02:00;8738
2023-09-08 10:00:00+02:00;8053
2023-09-08 11:00:00+02:00;7401
2023-09-08 12:00:00+02:00;6673
2023-09-08 13:00:00+02:00;6134
2023-09-08 14:00:00+02:00;5785
2023-09-08 15:00:00+02:00;5700
2023-09-08 16:00:00+02:00;5546
2023-09-08 17:00:00+02:00;5625
2023-09-08 18:00:00+02:00;5868
2023-09-08 19:00:00+02:00;6121
2023-09-08 20:00:00+02:00;6484
2023-09-08 21:00:00+02:00;6908
2023-09-08 22:00:00+02:00;6776
2023-09-08 23:00:00+02:00;6352
2023-09-09 00:00:00+02:00;4769
2023-09-09 01:00:00+02:00;3246
2023-09-09 02:00:00+02:00;2529
2023-09-09 03:00:00+02:00;2629
2023-09-09 04:00:00+02:00;2773
2023-09-09 05:00:00+02:00;3187
2023-09-09 06:00:00+02:00;4225
2023-09-09 07:00:00+02:00;6203
2023-09-09 08:00:00+02:00;7866
2023-09-09 09:00:00+02:00;7761
2023-09-09 10:00:00+02:00;7170
2023-09-09 11:00:00+02:00;6590
2023-09-09 12:00:00+02:00;5936
2023-09-09 13:00:00+02:00;5455
2023-09-09 14:00:00+02:00;5150
2023-09-09 15:00:00+02:00;5082
2023-09-09 16:00:00+02:00;4952
2023-09-09 17:00:00+02:00;5015
2023-09-09 18:00:00+02:00;5239
2023-09-09 19:00:00+02:00;5467
2023-09-09 20:00:00+02:00;5792
2023-09-09 21:00:00+02:00;6171
2023-09-09 22:00:00+02:00;6052
2023-09-09 23:00:00+02:00;5673
2023-09-10 00:00:00+02:00;4252
2023-09-10 01:00:00+02:00;2886
2023-09-10 02:00:00+02:00;2483
2023-09-10 03:00:00+02:00;2577
2023-09-10 04:00:00+02:00;2723
2023-09-10 05:00:00+02:00;3122
2023-09-10 06:00:00+02:00;4138
2023-09-10 07:00:00+02:00;6065
2023-09-10 08:00:00+02:00;7698
2023-09-10 09:00:00+02:00;7600
2023-09-10 10:00:00+02:00;7026
2023-09-10 11:00:00+02:00;6460
2023-09-10 12:00:00+02:00;5814
2023-09-10 13:00:00+02:00;5344
2023-09-10 14:00:00+02:00;5041
2023-09-10 15:00:00+02:00;4980
2023-09-10 16:00:00+02:00;4850
2023-09-10 17:00:00+02:00;4916
2023-09-10 18:00:00+02:00;5142
2023-09-10 19:00:00+02:00;5362
2023-09-10 20:00:00+02:00;5680
2023-09-10 21:00:00+02:00;6047
2023-09-10 22:00:00+02:00;5932
2023-09-10 23:00:00+02:00;5562
2023-09-11 00:00:00+02:00;4165
2023-09-11 01:00:00+02:00;2830
2023-09-11 02:00:00+02:00;2370
2023-09-11 03:00:00+02:00;2521
2023-09-11 04:00:00+02:00;2570
2023-09-11 05:00:00+02:00;2960
2023-09-11 06:00:00+02:00;3956
2023-09-11 07:00:00+02:00;5805
2023-09-11 08:00:00+02:00;7548
2023-09-11 09:00:00+02:00;7424
2023-09-11 10:00:00+02:00;6847
2023-09-11 11:00:00+02:00;6291
2023-09-11 12:00:00+02:00;5709
2023-09-11 13:00:00+02:00;5216
2023-09-11 14:00:00+02:00;5046
2023-09-11 15:00:00+02:00;4849
2023-09-11 16:00:00+02:00;4754
2023-09-11 17:00:00+02:00;4791
2023-09-11 18:00:00+02:00;5020
2023-09-11 19:00:00+02:00;5217
2023-09-11 20:00:00+02:00;5520
2023-09-11 21:00:00+02:00;5881
2023-09-11 22:00:00+02:00;5766
2023-09-11 23:00:00+02:00;5396
2023-09-12 00:00:00+02:00;4075
2023-09-12 01:00:00+02:00;2759
2023-09-12 02:00:00+02:00;1738
2023-09-12 03:00:00+02:00;1773
2023-09-12 04:00:00+02:00;1913
2023-09-12 05:00:00+02:00;2196
2023-09-12 06:00:00+02:00;3274
2023-09-12 07:00:00+02:00;5419
2023-09-12 08:00:00+02:00;6590
2023-09-12 09:00:00+02:00;6358
2023-09-12 10:00:00+02:00;5703
2023-09-12 11:00:00+02:00;5430
2023-09-12 12:00:00+02:00;4797
2023-09-12 13:00:00+02:00;4549
2023-09-12 14:00:00+02:00;4313
2023-09-12 15:00:00+02:00;3932
2023-09-12 16:00:00+02:00;3655
2023-09-12 17:00:00+02:00;3565
2023-09-12 18:00:00+02:00;3797
2023-09-12 19:00:00+02:00;4085
2023-09-12 20:00:00+02:00;4292
2023-09-12 21:00:00+02:00;4668
2023-09-12 22:00:00+02:00;4685
2023-09-12 23:00:00+02:00;4340
2023-09-13 00:00:00+02:00;3377
2023-09-13 01:00:00+02:00;2271
2023-09-13 02:00:00+02:00;1828
2023-09-13 03:00:00+02:00;1930
2023-09-13 04:00:00+02:00;2055
2023-09-13 05:00:00+02:00;2378
2023-09-13 06:00:00+02:00;3658
2023-09-13 07:00:00+02:00;6080
2023-09-13 08:00:00+02:00;6601
2023-09-13 09:00:00+02:00;6343
2023-09-13 10:00:00+02:00;5442
2023-09-13 11:00:00+02:00;5197
2023-09-13 12:00:00+02:00;4685
2023-09-13 13:00:00+02:00;4401
2023-09-13 14:00:00+02:00;4166
2023-09-13 15:00:00+02:00;3912
2023-09-13 16:00:00+02:00;3838
2023-09-13 17:00:00+02:00;3730
2023-09-13 18:00:00+02:00;3949
2023-09-13 19:00:00+02:00;4213
2023-09-13 20:00:00+02:00;4429
2023-09-13 21:00:00+02:00;4727
2023-09-13 22:00:00+02:00;4905
2023-09-13 23:00:00+02:00;4540
2023-09-14 00:00:00+02:00;3494
2023-09-14 01:00:00+02:00;2332
2023-09-14 02:00:00+02:00;2238
2023-09-14 03:00:00+02:00;2343
2023-09-14 04:00:00+02:00;2453
2023-09-14 05:00:00+02:00;2878
2023-09-14 06:00:00+02:00;3853
2023-09-14 07:00:00+02:00;5716
2023-09-14 08:00:00+02:00;7243
2023-09-14 09:00:00+02:00;7117
2023-09-14 10:00:00+02:00;6459
2023-09-14 11:00:00+02:00;6011
2023-09-14 12:00:00+02:00;5413
2023-09-14 13:00:00+02:00;4974
2023-09-14 14:00:00+02:00;4711
2023-09-14 15:00:00+02:00;4585
2023-09-14 16:00:00+02:00;4469
2023-09-14 17:00:00+02:00;4509
2023-09-14 18:00:00+02:00;4661
2023-09-14 19:00:00+02:00;4933
2023-09-14 20:00:00+02:00;5245
2023-09-14 21:00:00+02:00;5605
2023-09-14 22:00:00+02:00;5543
2023-09-14 23:00:00+02:00;5172
2023-09-15 00:00:00+02:00;3903
2023-09-15 01:00:00+02:00;2646
2023-09-15 02:00:00+02:00;2746
2023-09-15 03:00:00+02:00;2854
2023-09-15 04:00:00+02:00;3021
2023-09-15 05:00:00+02:00;3451
2023-09-15 06:00:00+02:00;4562
2023-09-15 07:00:00+02:00;6676
2023-09-15 08:00:00+02:00;8455
2023-09-15 09:00:00+02:00;8358
2023-09-15 10:00:00+02:00;7723
2023-09-15 11:00:00+02:00;7093
2023-09-15 12:00:00+02:00;6393
2023-09-15 13:00:00+02:00;5876
2023-09-15 14:00:00+02:00;5540
2023-09-15 15:00:00+02:00;5473
2023-09-15 16:00:00+02:00;5328
2023-09-15 17:00:00+02:00;5411
2023-09-15 18:00:00+02:00;5649
2023-09-15 19:00:00+02:00;5892
2023-09-15 20:00:00+02:00;6240
2023-09-15 21:00:00+02:00;6645
2023-09-15 22:00:00+02:00;6511
2023-09-15 23:00:00+02:00;6106
2023-09-16 00:00:00+02:00;4577
2023-09-16 01:00:00+02:00;3115
2023-09-16 02:00:00+02:00;2252
2023-09-16 03:00:00+02:00;2345
2023-09-16 04:00:00+02:00;2461
2023-09-16 05:00:00+02:00;2852
2023-09-16 06:00:00+02:00;3823
2023-09-16 07:00:00+02:00;5681
2023-09-16 08:00:00+02:00;7219
2023-09-16 09:00:00+02:00;7102
2023-09-16 10:00:00+02:00;6518
2023-09-16 11:00:00+02:00;6018
2023-09-16 12:00:00+02:00;5407
2023-09-16 13:00:00+02:00;4970
2023-09-16 14:00:00+02:00;4704
2023-09-16 15:00:00+02:00;4608
2023-09-16 16:00:00+02:00;4488
2023-09-16 17:00:00+02:00;4512
2023-09-16 18:00:00+02:00;4724
2023-09-16 19:00:00+02:00;4932
2023-09-16 20:00:00+02:00;5226
2023-09-16 21:00:00+02:00;5579
2023-09-16 22:00:00+02:00;5496
2023-09-16 23:00:00+02:00;5142
2023-09-17 00:00:00+02:00;3863
2023-09-17 01:00:00+02:00;2606
2023-09-17 02:00:00+02:00;2384
2023-09-17 03:00:00+02:00;2468
2023-09-17 04:00:00+02:00;2609
2023-09-17 05:00:00+02:00;2994
2023-09-17 06:00:00+02:00;3964
2023-09-17 07:00:00+02:00;5801
2023-09-17 08:00:00+02:00;7370
2023-09-17 09:00:00+02:00;7275
2023-09-17 10:00:00+02:00;6740
2023-09-17 11:00:00+02:00;6196
2023-09-17 12:00:00+02:00;5573
2023-09-17 13:00:00+02:00;5123
2023-09-17 14:00:00+02:00;4831
2023-09-17 15:00:00+02:00;4782
2023-09-17 16:00:00+02:00;4660
2023-09-17 17:00:00+02:00;4727
2023-09-17 18:00:00+02:00;4949
2023-09-17 19:00:00+02:00;5160
2023-09-17 20:00:00+02:00;5465
2023-09-17 21:00:00+02:00;5816
2023-09-17 22:00:00+02:00;5702
2023-09-17 23:00:00+02:00;5347
2023-09-18 00:00:00+02:00;3998
2023-09-18 01:00:00+02:00;2715
2023-09-18 02:00:00+02:00;2581
2023-09-18 03:00:00+02:00;2745
2023-09-18 04:00:00+02:00;2803
2023-09-18 05:00:00+02:00;3213
2023-09-18 06:00:00+02:00;4269
2023-09-18 07:00:00+02:00;6235
2023-09-18 08:00:00+02:00;8106
2023-09-18 09:00:00+02:00;7980
2023-09-18 10:00:00+02:00;7377
2023-09-18 11:00:00+02:00;6765
2023-09-18 12:00:00+02:00;6147
2023-09-18 13:00:00+02:00;5616
2023-09-18 14:00:00+02:00;5434
2023-09-18 15:00:00+02:00;5232
2023-09-18 16:00:00+02:00;5130
2023-09-18 17:00:00+02:00;5182
2023-09-18 18:00:00+02:00;5426
2023-09-18 19:00:00+02:00;5639
2023-09-18 20:00:00+02:00;5963
2023-09-18 21:00:00+02:00;6351
2023-09-18 22:00:00+02:00;6216
2023-09-18 23:00:00+02:00;5820
2023-09-19 00:00:00+02:00;4393
2023-09-19 01:00:00+02:00;2983
2023-09-19 02:00:00+02:00;2777
2023-09-19 03:00:00+02:00;2741
2023-09-19 04:00:00+02:00;3007
2023-09-19 05:00:00+02:00;3285
2023-09-19 06:00:00+02:00;4491
2023-09-19 07:00:00+02:00;6780
2023-09-19 08:00:00+02:00;8166
2023-09-19 09:00:00+02:00;8113
2023-09-19 10:00:00+02:00;7575
2023-09-19 11:00:00+02:00;6940
2023-09-19 12:00:00+02:00;6267
2023-09-19 13:00:00+02:00;5935
2023-09-19 14:00:00+02:00;5643
2023-09-19 15:00:00+02:00;5289
2023-09-19 16:00:00+02:00;4998
2023-09-19 17:00:00+02:00;5101
2023-09-19 18:00:00+02:00;5318
2023-09-19 19:00:00+02:00;5758
2023-09-19 20:00:00+02:00;6215
2023-09-19 21:00:00+02:00;6597
2023-09-19 22:00:00+02:00;6465
2023-09-19 23:00:00+02:00;6059
2023-09-20 00:00:00+02:00;4608
2023-09-20 01:00:00+02:00;3259
2023-09-20 02:00:00+02:00;2971
2023-09-20 03:00:00+02:00;3150
2023-09-20 04:00:00+02:00;3242
2023-09-20 05:00:00+02:00;3810
2023-09-20 06:00:00+02:00;5496
2023-09-20 07:00:00+02:00;8317
2023-09-20 08:00:00+02:00;8893
2023-09-20 09:00:00+02:00;8827
2023-09-20 10:00:00+02:00;7952
2023-09-20 11:00:00+02:00;7226
2023-09-20 12:00:00+02:00;6675
2023-09-20 13:00:00+02:00;6282
2023-09-20 14:00:00+02:00;5972
2023-09-20 15:00:00+02:00;5742
2023-09-20 16:00:00+02:00;5745
2023-09-20 17:00:00+02:00;5811
2023-09-20 18:00:00+02:00;6097
2023-09-20 19:00:00+02:00;6405
2023-09-20 20:00:00+02:00;6833
2023-09-20 21:00:00+02:00;7286
2023-09-20 22:00:00+02:00;7227
2023-09-20 23:00:00+02:00;6656
2023-09-21 00:00:00+02:00;5127
2023-09-21 01:00:00+02:00;3542
2023-09-21 02:00:00+02:00;3179
2023-09-21 03:00:00+02:00;3351
2023-09-21 04:00:00+02:00;3547
2023-09-21 05:00:00+02:00;4098
2023-09-21 06:00:00+02:00;5375
2023-09-21 07:00:00+02:00;7836
2023-09-21 08:00:00+02:00;9863
2023-09-21 09:00:00+02:00;9744
2023-09-21 10:00:00+02:00;8887
2023-09-21 11:00:00+02:00;8210
2023-09-21 12:00:00+02:00;7442
2023-09-21 13:00:00+02:00;6829
2023-09-21 14:00:00+02:00;6452
2023-09-21 15:00:00+02:00;6327
2023-09-21 16:00:00+02:00;6158
2023-09-21 17:00:00+02:00;6311
2023-09-21 18:00:00+02:00;6472
2023-09-21 19:00:00+02:00;6849
2023-09-21 20:00:00+02:00;7276
2023-09-21 21:00:00+02:00;7765
2023-09-21 22:00:00+02:00;7635
2023-09-21 23:00:00+02:00;7139
2023-09-22 00:00:00+02:00;5391
2023-09-22 01:00:00+02:00;3689
2023-09-22 02:00:00+02:00;3430
2023-09-22 03:00:00+02:00;3589
2023-09-22 04:00:00+02:00;3797
2023-09-22 05:00:00+02:00;4321
2023-09-22 06:00:00+02:00;5721
2023-09-22 07:00:00+02:00;8405
2023-09-22 08:00:00+02:00;10598
2023-09-22 09:00:00+02:00;10486
2023-09-22 10:00:00+02:00;9627
2023-09-22 11:00:00+02:00;8844
2023-09-22 12:00:00+02:00;7990
2023-09-22 13:00:00+02:00;7346
2023-09-22 14:00:00+02:00;6927
2023-09-22 15:00:00+02:00;6804
2023-09-22 16:00:00+02:00;6612
2023-09-22 17:00:00+02:00;6706
2023-09-22 18:00:00+02:00;6977
2023-09-22 19:00:00+02:00;7281
2023-09-22 20:00:00+02:00;7711
2023-09-22 21:00:00+02:00;8222
2023-09-22 22:00:00+02:00;8066
2023-09-22 23:00:00+02:00;7557
2023-09-23 00:00:00+02:00;5694
2023-09-23 01:00:00+02:00;3884
2023-09-23 02:00:00+02:00;3551
2023-09-23 03:00:00+02:00;3722
2023-09-23 04:00:00+02:00;3927
2023-09-23 05:00:00+02:00;4476
2023-09-23 06:00:00+02:00;5912
2023-09-23 07:00:00+02:00;8667
2023-09-23 08:00:00+02:00;10907
2023-09-23 09:00:00+02:00;10784
2023-09-23 10:00:00+02:00;9917
2023-09-23 11:00:00+02:00;9107
2023-09-23 12:00:00+02:00;8241
2023-09-23 13:00:00+02:00;7581
2023-09-23 14:00:00+02:00;7162
2023-09-23 15:00:00+02:00;7032
2023-09-23 16:00:00+02:00;6846
2023-09-23 17:00:00+02:00;6939
2023-09-23 18:00:00+02:00;7214
2023-09-23 19:00:00+02:00;7532
2023-09-23 20:00:00+02:00;7966
2023-09-23 21:00:00+02:00;8483
2023-09-23 22:00:00+02:00;8317
2023-09-23 23:00:00+02:00;7782
2023-09-24 00:00:00+02:00;5870
2023-09-24 01:00:00+02:00;4020
2023-09-24 02:00:00+02:00;3347
2023-09-24 03:00:00+02:00;3500
2023-09-24 04:00:00+02:00;3702
2023-09-24 05:00:00+02:00;4215
2023-09-24 06:00:00+02:00;5581
2023-09-24 07:00:00+02:00;8197
2023-09-24 08:00:00+02:00;10340
2023-09-24 09:00:00+02:00;10230
2023-09-24 10:00:00+02:00;9397
2023-09-24 11:00:00+02:00;8633
2023-09-24 12:00:00+02:00;7798
2023-09-24 13:00:00+02:00;7169
2023-09-24 14:00:00+02:00;6760
2023-09-24 15:00:00+02:00;6643
2023-09-24 16:00:00+02:00;6456
2023-09-24 17:00:00+02:00;6549
2023-09-24 18:00:00+02:00;6815
2023-09-24 19:00:00+02:00;7112
2023-09-24 20:00:00+02:00;7532
2023-09-24 21:00:00+02:00;8031
2023-09-24 22:00:00+02:00;7878
2023-09-24 23:00:00+02:00;7382
2023-09-25 00:00:00+02:00;5559
2023-09-25 01:00:00+02:00;3791
2023-09-25 02:00:00+02:00;3392
2023-09-25 03:00:00+02:00;3621
2023-09-25 04:00:00+02:00;3701
2023-09-25 05:00:00+02:00;4215
2023-09-25 06:00:00+02:00;5596
2023-09-25 07:00:00+02:00;8213
2023-09-25 08:00:00+02:00;10605
2023-09-25 09:00:00+02:00;10483
2023-09-25 10:00:00+02:00;9631
2023-09-25 11:00:00+02:00;8833
2023-09-25 12:00:00+02:00;8033
2023-09-25 13:00:00+02:00;7340
2023-09-25 14:00:00+02:00;7098
2023-09-25 15:00:00+02:00;6810
2023-09-25 16:00:00+02:00;6647
2023-09-25 17:00:00+02:00;6709
2023-09-25 18:00:00+02:00;6992
2023-09-25 19:00:00+02:00;7285
2023-09-25 20:00:00+02:00;7705
2023-09-25 21:00:00+02:00;8233
2023-09-25 22:00:00+02:00;8058
2023-09-25 23:00:00+02:00;7546
2023-09-26 00:00:00+02:00;5719
2023-09-26 01:00:00+02:00;3892
2023-09-26 02:00:00+02:00;3981
2023-09-26 03:00:00+02:00;3943
2023-09-26 04:00:00+02:00;4246
2023-09-26 05:00:00+02:00;4669
2023-09-26 06:00:00+02:00;6335
2023-09-26 07:00:00+02:00;9456
2023-09-26 08:00:00+02:00;11470
2023-09-26 09:00:00+02:00;11434
2023-09-26 10:00:00+02:00;10590
2023-09-26 11:00:00+02:00;9688
2023-09-26 12:00:00+02:00;8831
2023-09-26 13:00:00+02:00;8290
2023-09-26 14:00:00+02:00;7894
2023-09-26 15:00:00+02:00;7371
2023-09-26 16:00:00+02:00;7075
2023-09-26 17:00:00+02:00;7195
2023-09-26 18:00:00+02:00;7457
2023-09-26 19:00:00+02:00;8002
2023-09-26 20:00:00+02:00;8624
2023-09-26 21:00:00+02:00;9130
2023-09-26 22:00:00+02:00;8944
2023-09-26 23:00:00+02:00;8405
2023-09-27 00:00:00+02:00;6426
2023-09-27 01:00:00+02:00;4560
2023-09-27 02:00:00+02:00;3873
2023-09-27 03:00:00+02:00;4141
2023-09-27 04:00:00+02:00;4269
2023-09-27 05:00:00+02:00;5050
2023-09-27 06:00:00+02:00;7203
2023-09-27 07:00:00+02:00;10732
2023-09-27 08:00:00+02:00;11356
2023-09-27 09:00:00+02:00;11330
2023-09-27 10:00:00+02:00;10154
2023-09-27 11:00:00+02:00;9221
2023-09-27 12:00:00+02:00;8543
2023-09-27 13:00:00+02:00;8027
2023-09-27 14:00:00+02:00;7645
2023-09-27 15:00:00+02:00;7344
2023-09-27 16:00:00+02:00;7345
2023-09-27 17:00:00+02:00;7431
2023-09-27 18:00:00+02:00;7784
2023-09-27 19:00:00+02:00;8177
2023-09-27 20:00:00+02:00;8726
2023-09-27 21:00:00+02:00;9299
2023-09-27 22:00:00+02:00;9219
2023-09-27 23:00:00+02:00;8519
2023-09-28 00:00:00+02:00;6581
2023-09-28 01:00:00+02:00;4583
2023-09-28 02:00:00+02:00;4070
2023-09-28 03:00:00+02:00;4317
2023-09-28 04:00:00+02:00;4557
2023-09-28 05:00:00+02:00;5236
2023-09-28 06:00:00+02:00;6837
2023-09-28 07:00:00+02:00;9931
2023-09-28 08:00:00+02:00;12411
2023-09-28 09:00:00+02:00;12275
2023-09-28 10:00:00+02:00;11169
2023-09-28 11:00:00+02:00;10323
2023-09-28 12:00:00+02:00;9390
2023-09-28 13:00:00+02:00;8631
2023-09-28 14:00:00+02:00;8174
2023-09-28 15:00:00+02:00;7987
2023-09-28 16:00:00+02:00;7789
2023-09-28 17:00:00+02:00;7977
2023-09-28 18:00:00+02:00;8180
2023-09-28 19:00:00+02:00;8644
2023-09-28 20:00:00+02:00;9161
2023-09-28 21:00:00+02:00;9748
2023-09-28 22:00:00+02:00;9589
2023-09-28 23:00:00+02:00;8942
2023-09-29 00:00:00+02:00;6789
2023-09-29 01:00:00+02:00;4698
2023-09-29 02:00:00+02:00;3947
2023-09-29 03:00:00+02:00;4145
2023-09-29 04:00:00+02:00;4380
2023-09-29 05:00:00+02:00;4974
2023-09-29 06:00:00+02:00;6577
2023-09-29 07:00:00+02:00;9653
2023-09-29 08:00:00+02:00;12133
2023-09-29 09:00:00+02:00;12010
2023-09-29 10:00:00+02:00;11009
2023-09-29 11:00:00+02:00;10116
2023-09-29 12:00:00+02:00;9156
2023-09-29 13:00:00+02:00;8425
2023-09-29 14:00:00+02:00;7950
2023-09-29 15:00:00+02:00;7791
2023-09-29 16:00:00+02:00;7571
2023-09-29 17:00:00+02:00;7677
2023-09-29 18:00:00+02:00;7972
2023-09-29 19:00:00+02:00;8322
2023-09-29 20:00:00+02:00;8802
2023-09-29 21:00:00+02:00;9379
2023-09-29 22:00:00+02:00;9204
2023-09-29 23:00:00+02:00;8612
2023-09-30 00:00:00+02:00;6508
2023-09-30 01:00:00+02:00;4461
2023-09-30 02:00:00+02:00;3843
2023-09-30 03:00:00+02:00;4036
2023-09-30 04:00:00+02:00;4258
2023-09-30 05:00:00+02:00;4848
2023-09-30 06:00:00+02:00;6408
2023-09-30 07:00:00+02:00;9407
2023-09-30 08:00:00+02:00;11825
2023-09-30 09:00:00+02:00;11696
2023-09-30 10:00:00+02:00;10732
2023-09-30 11:00:00+02:00;9856
2023-09-30 12:00:00+02:00;8924
2023-09-30 13:00:00+02:00;8210
2023-09-30 14:00:00+02:00;7755
2023-09-30 15:00:00+02:00;7601
2023-09-30 16:00:00+02:00;7395
2023-09-30 17:00:00+02:00;7493
2023-09-30 18:00:00+02:00;7781
2023-09-30 19:00:00+02:00;8125
2023-09-30 20:00:00+02:00;8594
2023-09-30 21:00:00+02:00;9157
2023-09-30 22:00:00+02:00;8982
2023-09-30 23:00:00+02:00;8403
2023-10-01 00:00:00+02:00;6348
2023-10-01 01:00:00+02:00;4348
2023-10-01 02:00:00+02:00;4237
2023-10-01 03:00:00+02:00;4454
2023-10-01 04:00:00+02:00;4695
2023-10-01 05:00:00+02:00;5324
2023-10-01 06:00:00+02:00;6998
2023-10-01 07:00:00+02:00;10194
2023-10-01 08:00:00+02:00;12763
2023-10-01 09:00:00+02:00;12634
2023-10-01 10:00:00+02:00;11628
2023-10-01 11:00:00+02:00;10688
2023-10-01 12:00:00+02:00;9696
2023-10-01 13:00:00+02:00;8940
2023-10-01 14:00:00+02:00;8456
2023-10-01 15:00:00+02:00;8290
2023-10-01 16:00:00+02:00;8080
2023-10-01 17:00:00+02:00;8196
2023-10-01 18:00:00+02:00;8511
2023-10-01 19:00:00+02:00;8884
2023-10-01 20:00:00+02:00;9362
2023-10-01 21:00:00+02:00;9932
2023-10-01 22:00:00+02:00;9741
2023-10-01 23:00:00+02:00;9091
2023-10-02 00:00:00+02:00;6880
2023-10-02 01:00:00+02:00;4772
2023-10-02 02:00:00+02:00;4369
2023-10-02 03:00:00+02:00;4672
2023-10-02 04:00:00+02:00;4777
2023-10-02 05:00:00+02:00;5410
2023-10-02 06:00:00+02:00;7124
2023-10-02 07:00:00+02:00;10382
2023-10-02 08:00:00+02:00;13298
2023-10-02 09:00:00+02:00;13172
2023-10-02 10:00:00+02:00;12127
2023-10-02 11:00:00+02:00;11130
2023-10-02 12:00:00+02:00;10152
2023-10-02 13:00:00+02:00;9308
2023-10-02 14:00:00+02:00;9000
2023-10-02 15:00:00+02:00;8640
2023-10-02 16:00:00+02:00;8446
2023-10-02 17:00:00+02:00;8527
2023-10-02 18:00:00+02:00;8860
2023-10-02 19:00:00+02:00;9240
2023-10-02 20:00:00+02:00;9739
2023-10-02 21:00:00+02:00;10357
2023-10-02 22:00:00+02:00;10132
2023-10-02 23:00:00+02:00;9459
2023-10-03 00:00:00+02:00;7196
2023-10-03 01:00:00+02:00;4980
2023-10-03 02:00:00+02:00;4155
2023-10-03 03:00:00+02:00;4106
2023-10-03 04:00:00+02:00;4420
2023-10-03 05:00:00+02:00;4860
2023-10-03 06:00:00+02:00;6611
2023-10-03 07:00:00+02:00;9886
2023-10-03 08:00:00+02:00;12016
2023-10-03 09:00:00+02:00;11996
2023-10-03 10:00:00+02:00;11082
2023-10-03 11:00:00+02:00;10129
2023-10-03 12:00:00+02:00;9242
2023-10-03 13:00:00+02:00;8653
2023-10-03 14:00:00+02:00;8237
2023-10-03 15:00:00+02:00;7681
2023-10-03 16:00:00+02:00;7383
2023-10-03 17:00:00+02:00;7496
2023-10-03 18:00:00+02:00;7755
2023-10-03 19:00:00+02:00;8314
2023-10-03 20:00:00+02:00;8974
2023-10-03 21:00:00+02:00;9521
2023-10-03 22:00:00+02:00;9326
2023-10-03 23:00:00+02:00;8781
2023-10-04 00:00:00+02:00;6709
2023-10-04 01:00:00+02:00;4746
2023-10-04 02:00:00+02:00;3858
2023-10-04 03:00:00+02:00;4122
2023-10-04 04:00:00+02:00;4260
2023-10-04 05:00:00+02:00;5048
2023-10-04 06:00:00+02:00;7218
2023-10-04 07:00:00+02:00;10764
2023-10-04 08:00:00+02:00;11380
2023-10-04 09:00:00+02:00;11370
2023-10-04 10:00:00+02:00;10175
2023-10-04 11:00:00+02:00;9232
2023-10-04 12:00:00+02:00;8552
2023-10-04 13:00:00+02:00;8030
2023-10-04 14:00:00+02:00;7645
2023-10-04 15:00:00+02:00;7340
2023-10-04 16:00:00+02:00;7335
2023-10-04 17:00:00+02:00;7421
2023-10-04 18:00:00+02:00;7770
2023-10-04 19:00:00+02:00;8160
2023-10-04 20:00:00+02:00;8717
2023-10-04 21:00:00+02:00;9303
2023-10-04 22:00:00+02:00;9223
2023-10-04 23:00:00+02:00;8529
2023-10-05 00:00:00+02:00;6583
2023-10-05 01:00:00+02:00;4573
2023-10-05 02:00:00+02:00;3313
2023-10-05 03:00:00+02:00;3496
2023-10-05 04:00:00+02:00;3701
2023-10-05 05:00:00+02:00;4271
2023-10-05 06:00:00+02:00;5600
2023-10-05 07:00:00+02:00;8167
2023-10-05 08:00:00+02:00;10271
2023-10-05 09:00:00+02:00;10151
2023-10-05 10:00:00+02:00;9248
2023-10-05 11:00:00+02:00;8543
2023-10-05 12:00:00+02:00;7747
2023-10-05 13:00:00+02:00;7109
2023-10-05 14:00:00+02:00;6716
2023-10-05 15:00:00+02:00;6582
2023-10-05 16:00:00+02:00;6406
2023-10-05 17:00:00+02:00;6566
2023-10-05 18:00:00+02:00;6731
2023-10-05 19:00:00+02:00;7123
2023-10-05 20:00:00+02:00;7566
2023-10-05 21:00:00+02:00;8076
2023-10-05 22:00:00+02:00;7942
2023-10-05 23:00:00+02:00;7426
2023-10-06 00:00:00+02:00;5611
2023-10-06 01:00:00+02:00;3842
2023-10-06 02:00:00+02:00;2392
2023-10-06 03:00:00+02:00;2474
2023-10-06 04:00:00+02:00;2619
2023-10-06 05:00:00+02:00;3001
2023-10-06 06:00:00+02:00;3965
2023-10-06 07:00:00+02:00;5789
2023-10-06 08:00:00+02:00;7355
2023-10-06 09:00:00+02:00;7263
2023-10-06 10:00:00+02:00;6741
2023-10-06 11:00:00+02:00;6191
2023-10-06 12:00:00+02:00;5571
2023-10-06 13:00:00+02:00;5120
2023-10-06 14:00:00+02:00;4827
2023-10-06 15:00:00+02:00;4786
2023-10-06 16:00:00+02:00;4665
2023-10-06 17:00:00+02:00;4740
2023-10-06 18:00:00+02:00;4961
2023-10-06 19:00:00+02:00;5172
2023-10-06 20:00:00+02:00;5478
2023-10-06 21:00:00+02:00;5827
2023-10-06 22:00:00+02:00;5708
2023-10-06 23:00:00+02:00;5355
2023-10-07 00:00:00+02:00;4000
2023-10-07 01:00:00+02:00;2719
2023-10-07 02:00:00+02:00;2476
2023-10-07 03:00:00+02:00;2568
2023-10-07 04:00:00+02:00;2712
2023-10-07 05:00:00+02:00;3114
2023-10-07 06:00:00+02:00;4119
2023-10-07 07:00:00+02:00;6030
2023-10-07 08:00:00+02:00;7652
2023-10-07 09:00:00+02:00;7552
2023-10-07 10:00:00+02:00;6997
2023-10-07 11:00:00+02:00;6424
2023-10-07 12:00:00+02:00;5786
2023-10-07 13:00:00+02:00;5317
2023-10-07 14:00:00+02:00;5018
2023-10-07 15:00:00+02:00;4965
2023-10-07 16:00:00+02:00;4840
2023-10-07 17:00:00+02:00;4911
2023-10-07 18:00:00+02:00;5133
2023-10-07 19:00:00+02:00;5355
2023-10-07 20:00:00+02:00;5673
2023-10-07 21:00:00+02:00;6040
2023-10-07 22:00:00+02:00;5917
2023-10-07 23:00:00+02:00;5548
2023-10-08 00:00:00+02:00;4151
2023-10-08 01:00:00+02:00;2819
2023-10-08 02:00:00+02:00;3096
2023-10-08 03:00:00+02:00;3230
2023-10-08 04:00:00+02:00;3418
2023-10-08 05:00:00+02:00;3896
2023-10-08 06:00:00+02:00;5157
2023-10-08 07:00:00+02:00;7564
2023-10-08 08:00:00+02:00;9556
2023-10-08 09:00:00+02:00;9451
2023-10-08 10:00:00+02:00;8700
2023-10-08 11:00:00+02:00;7991
2023-10-08 12:00:00+02:00;7213
2023-10-08 13:00:00+02:00;6630
2023-10-08 14:00:00+02:00;6251
2023-10-08 15:00:00+02:00;6155
2023-10-08 16:00:00+02:00;5986
2023-10-08 17:00:00+02:00;6075
2023-10-08 18:00:00+02:00;6329
2023-10-08 19:00:00+02:00;6603
2023-10-08 20:00:00+02:00;6994
2023-10-08 21:00:00+02:00;7454
2023-10-08 22:00:00+02:00;7309
2023-10-08 23:00:00+02:00;6851
2023-10-09 00:00:00+02:00;5150
2023-10-09 01:00:00+02:00;3509
2023-10-09 02:00:00+02:00;3666
2023-10-09 03:00:00+02:00;3917
2023-10-09 04:00:00+02:00;4004
2023-10-09 05:00:00+02:00;4553
2023-10-09 06:00:00+02:00;6036
2023-10-09 07:00:00+02:00;8856
2023-10-09 08:00:00+02:00;11411
2023-10-09 09:00:00+02:00;11288
2023-10-09 10:00:00+02:00;10366
2023-10-09 11:00:00+02:00;9509
2023-10-09 12:00:00+02:00;8652
2023-10-09 13:00:00+02:00;7909
2023-10-09 14:00:00+02:00;7648
2023-10-09 15:00:00+02:00;7335
2023-10-09 16:00:00+02:00;7157
2023-10-09 17:00:00+02:00;7223
2023-10-09 18:00:00+02:00;7519
2023-10-09 19:00:00+02:00;7838
2023-10-09 20:00:00+02:00;8286
2023-10-09 21:00:00+02:00;8851
2023-10-09 22:00:00+02:00;8662
2023-10-09 23:00:00+02:00;8109
2023-10-10 00:00:00+02:00;6152
2023-10-10 01:00:00+02:00;4199
2023-10-10 02:00:00+02:00;4200
2023-10-10 03:00:00+02:00;4160
2023-10-10 04:00:00+02:00;4471
2023-10-10 05:00:00+02:00;4919
2023-10-10 06:00:00+02:00;6672
2023-10-10 07:00:00+02:00;9949
2023-10-10 08:00:00+02:00;12081
2023-10-10 09:00:00+02:00;12050
2023-10-10 10:00:00+02:00;11146
2023-10-10 11:00:00+02:00;10194
2023-10-10 12:00:00+02:00;9303
2023-10-10 13:00:00+02:00;8721
2023-10-10 14:00:00+02:00;8306
2023-10-10 15:00:00+02:00;7750
2023-10-10 16:00:00+02:00;7454
2023-10-10 17:00:00+02:00;7574
2023-10-10 18:00:00+02:00;7843
2023-10-10 19:00:00+02:00;8407
2023-10-10 20:00:00+02:00;9061
2023-10-10 21:00:00+02:00;9593
2023-10-10 22:00:00+02:00;9397
2023-10-10 23:00:00+02:00;8836
2023-10-11 00:00:00+02:00;6759
2023-10-11 01:00:00+02:00;4796
2023-10-11 02:00:00+02:00;6082
2023-10-11 03:00:00+02:00;6749
2023-10-11 04:00:00+02:00;6380
2023-10-11 05:00:00+02:00;7136
2023-10-11 06:00:00+02:00;9108
2023-10-11 07:00:00+02:00;12814
2023-10-11 08:00:00+02:00;13880
2023-10-11 09:00:00+02:00;13069
2023-10-11 10:00:00+02:00;12452
2023-10-11 11:00:00+02:00;11779
2023-10-11 12:00:00+02:00;10960
2023-10-11 13:00:00+02:00;10615
2023-10-11 14:00:00+02:00;10264
2023-10-11 15:00:00+02:00;10080
2023-10-11 16:00:00+02:00;10369
2023-10-11 17:00:00+02:00;10498
2023-10-11 18:00:00+02:00;11212
2023-10-11 19:00:00+02:00;11874
2023-10-11 20:00:00+02:00;12113
2023-10-11 21:00:00+02:00;12199
2023-10-11 22:00:00+02:00;12116
2023-10-11 23:00:00+02:00;10890
2023-10-12 00:00:00+02:00;8773
2023-10-12 01:00:00+02:00;6788
2023-10-12 02:00:00+02:00;7271
2023-10-12 03:00:00+02:00;7757
2023-10-12 04:00:00+02:00;7946
2023-10-12 05:00:00+02:00;8923
2023-10-12 06:00:00+02:00;10929
2023-10-12 07:00:00+02:00;14292
2023-10-12 08:00:00+02:00;17041
2023-10-12 09:00:00+02:00;16809
2023-10-12 10:00:00+02:00;16340
2023-10-12 11:00:00+02:00;15224
2023-10-12 12:00:00+02:00;14252
2023-10-12 13:00:00+02:00;13376
2023-10-12 14:00:00+02:00;13107
2023-10-12 15:00:00+02:00;12909
2023-10-12 16:00:00+02:00;13007
2023-10-12 17:00:00+02:00;13296
2023-10-12 18:00:00+02:00;14004
2023-10-12 19:00:00+02:00;14554
2023-10-12 20:00:00+02:00;14985
2023-10-12 21:00:00+02:00;14981
2023-10-12 22:00:00+02:00;14529
2023-10-12 23:00:00+02:00;13120
2023-10-13 00:00:00+02:00;10131
2023-10-13 01:00:00+02:00;8030
2023-10-13 02:00:00+02:00;8829
2023-10-13 03:00:00+02:00;9321
2023-10-13 04:00:00+02:00;9550
2023-10-13 05:00:00+02:00;10646
2023-10-13 06:00:00+02:00;12936
2023-10-13 07:00:00+02:00;17063
2023-10-13 08:00:00+02:00;20382
2023-10-13 09:00:00+02:00;20112
2023-10-13 10:00:00+02:00;19727
2023-10-13 11:00:00+02:00;18283
2023-10-13 12:00:00+02:00;17084
2023-10-13 13:00:00+02:00;16189
2023-10-13 14:00:00+02:00;15727
2023-10-13 15:00:00+02:00;15619
2023-10-13 16:00:00+02:00;15767
2023-10-13 17:00:00+02:00;16071
2023-10-13 18:00:00+02:00;16721
2023-10-13 19:00:00+02:00;17386
2023-10-13 20:00:00+02:00;17544
2023-10-13 21:00:00+02:00;17569
2023-10-13 22:00:00+02:00;17089
2023-10-13 23:00:00+02:00;15450
2023-10-14 00:00:00+02:00;11914
2023-10-14 01:00:00+02:00;9560
2023-10-14 02:00:00+02:00;9986
2023-10-14 03:00:00+02:00;10436
2023-10-14 04:00:00+02:00;10703
2023-10-14 05:00:00+02:00;11687
2023-10-14 06:00:00+02:00;13653
2023-10-14 07:00:00+02:00;18048
2023-10-14 08:00:00+02:00;21420
2023-10-14 09:00:00+02:00;21076
2023-10-14 10:00:00+02:00;20720
2023-10-14 11:00:00+02:00;19617
2023-10-14 12:00:00+02:00;18546
2023-10-14 13:00:00+02:00;17657
2023-10-14 14:00:00+02:00;17162
2023-10-14 15:00:00+02:00;17086
2023-10-14 16:00:00+02:00;17223
2023-10-14 17:00:00+02:00;17547
2023-10-14 18:00:00+02:00;18249
2023-10-14 19:00:00+02:00;18729
2023-10-14 20:00:00+02:00;18770
2023-10-14 21:00:00+02:00;18615
2023-10-14 22:00:00+02:00;18080
2023-10-14 23:00:00+02:00;16397
2023-10-15 00:00:00+02:00;12901
2023-10-15 01:00:00+02:00;10608
2023-10-15 02:00:00+02:00;10425
2023-10-15 03:00:00+02:00;10881
2023-10-15 04:00:00+02:00;11146
2023-10-15 05:00:00+02:00;12109
2023-10-15 06:00:00+02:00;14017
2023-10-15 07:00:00+02:00;18544
2023-10-15 08:00:00+02:00;21958
2023-10-15 09:00:00+02:00;21607
2023-10-15 10:00:00+02:00;21243
2023-10-15 11:00:00+02:00;20232
2023-10-15 12:00:00+02:00;19171
2023-10-15 13:00:00+02:00;18276
2023-10-15 14:00:00+02:00;17747
2023-10-15 15:00:00+02:00;17688
2023-10-15 16:00:00+02:00;17833
2023-10-15 17:00:00+02:00;18161
2023-10-15 18:00:00+02:00;18872
2023-10-15 19:00:00+02:00;19322
2023-10-15 20:00:00+02:00;19320
2023-10-15 21:00:00+02:00;19114
2023-10-15 22:00:00+02:00;18564
2023-10-15 23:00:00+02:00;16847
2023-10-16 00:00:00+02:00;13326
2023-10-16 01:00:00+02:00;11021
2023-10-16 02:00:00+02:00;9012
2023-10-16 03:00:00+02:00;9500
2023-10-16 04:00:00+02:00;9735
2023-10-16 05:00:00+02:00;10663
2023-10-16 06:00:00+02:00;12781
2023-10-16 07:00:00+02:00;16940
2023-10-16 08:00:00+02:00;20680
2023-10-16 09:00:00+02:00;20353
2023-10-16 10:00:00+02:00;19903
2023-10-16 11:00:00+02:00;18612
2023-10-16 12:00:00+02:00;17551
2023-10-16 13:00:00+02:00;16678
2023-10-16 14:00:00+02:00;16138
2023-10-16 15:00:00+02:00;15950
2023-10-16 16:00:00+02:00;16152
2023-10-16 17:00:00+02:00;16442
2023-10-16 18:00:00+02:00;17066
2023-10-16 19:00:00+02:00;17599
2023-10-16 20:00:00+02:00;17838
2023-10-16 21:00:00+02:00;17750
2023-10-16 22:00:00+02:00;17229
2023-10-16 23:00:00+02:00;15619
2023-10-17 00:00:00+02:00;12200
2023-10-17 01:00:00+02:00;9857
2023-10-17 02:00:00+02:00;7692
2023-10-17 03:00:00+02:00;8047
2023-10-17 04:00:00+02:00;8285
2023-10-17 05:00:00+02:00;9262
2023-10-17 06:00:00+02:00;11458
2023-10-17 07:00:00+02:00;15625
2023-10-17 08:00:00+02:00;18481
2023-10-17 09:00:00+02:00;17894
2023-10-17 10:00:00+02:00;17268
2023-10-17 11:00:00+02:00;16094
2023-10-17 12:00:00+02:00;14858
2023-10-17 13:00:00+02:00;14459
2023-10-17 14:00:00+02:00;13957
2023-10-17 15:00:00+02:00;13277
2023-10-17 16:00:00+02:00;13061
2023-10-17 17:00:00+02:00;13570
2023-10-17 18:00:00+02:00;14345
2023-10-17 19:00:00+02:00;15233
2023-10-17 20:00:00+02:00;15696
2023-10-17 21:00:00+02:00;15597
2023-10-17 22:00:00+02:00;15308
2023-10-17 23:00:00+02:00;13860
2023-10-18 00:00:00+02:00;11020
2023-10-18 01:00:00+02:00;8635
2023-10-18 02:00:00+02:00;7416
2023-10-18 03:00:00+02:00;8228
2023-10-18 04:00:00+02:00;7798
2023-10-18 05:00:00+02:00;8733
2023-10-18 06:00:00+02:00;11071
2023-10-18 07:00:00+02:00;15439
2023-10-18 08:00:00+02:00;16655
2023-10-18 09:00:00+02:00;15699
2023-10-18 10:00:00+02:00;14952
2023-10-18 11:00:00+02:00;14163
2023-10-18 12:00:00+02:00;13205
2023-10-18 13:00:00+02:00;12792
2023-10-18 14:00:00+02:00;12382
2023-10-18 15:00:00+02:00;12162
2023-10-18 16:00:00+02:00;12509
2023-10-18 17:00:00+02:00;12668
2023-10-18 18:00:00+02:00;13506
2023-10-18 19:00:00+02:00;14300
2023-10-18 20:00:00+02:00;14572
2023-10-18 21:00:00+02:00;14647
2023-10-18 22:00:00+02:00;14541
2023-10-18 23:00:00+02:00;13093
2023-10-19 00:00:00+02:00;10567
2023-10-19 01:00:00+02:00;8243
2023-10-19 02:00:00+02:00;6262
2023-10-19 03:00:00+02:00;6671
2023-10-19 04:00:00+02:00;6853
2023-10-19 05:00:00+02:00;7719
2023-10-19 06:00:00+02:00;9516
2023-10-19 07:00:00+02:00;12581
2023-10-19 08:00:00+02:00;15097
2023-10-19 09:00:00+02:00;14893
2023-10-19 10:00:00+02:00;14389
2023-10-19 11:00:00+02:00;13394
2023-10-19 12:00:00+02:00;12494
2023-10-19 13:00:00+02:00;11698
2023-10-19 14:00:00+02:00;11421
2023-10-19 15:00:00+02:00;11250
2023-10-19 16:00:00+02:00;11298
2023-10-19 17:00:00+02:00;11554
2023-10-19 18:00:00+02:00;12142
2023-10-19 19:00:00+02:00;12642
2023-10-19 20:00:00+02:00;13056
2023-10-19 21:00:00+02:00;13137
2023-10-19 22:00:00+02:00;12755
2023-10-19 23:00:00+02:00;11562
2023-10-20 00:00:00+02:00;8900
2023-10-20 01:00:00+02:00;6950
2023-10-20 02:00:00+02:00;6057
2023-10-20 03:00:00+02:00;6388
2023-10-20 04:00:00+02:00;6565
2023-10-20 05:00:00+02:00;7382
2023-10-20 06:00:00+02:00;9128
2023-10-20 07:00:00+02:00;12169
2023-10-20 08:00:00+02:00;14675
2023-10-20 09:00:00+02:00;14488
2023-10-20 10:00:00+02:00;14137
2023-10-20 11:00:00+02:00;13025
2023-10-20 12:00:00+02:00;12079
2023-10-20 13:00:00+02:00;11393
2023-10-20 14:00:00+02:00;11031
2023-10-20 15:00:00+02:00;10964
2023-10-20 16:00:00+02:00;11035
2023-10-20 17:00:00+02:00;11251
2023-10-20 18:00:00+02:00;11729
2023-10-20 19:00:00+02:00;12233
2023-10-20 20:00:00+02:00;12434
2023-10-20 21:00:00+02:00;12562
2023-10-20 22:00:00+02:00;12227
2023-10-20 23:00:00+02:00;11099
2023-10-21 00:00:00+02:00;8473
2023-10-21 01:00:00+02:00;6628
2023-10-21 02:00:00+02:00;6089
2023-10-21 03:00:00+02:00;6424
2023-10-21 04:00:00+02:00;6591
2023-10-21 05:00:00+02:00;7413
2023-10-21 06:00:00+02:00;9124
2023-10-21 07:00:00+02:00;12088
2023-10-21 08:00:00+02:00;14543
2023-10-21 09:00:00+02:00;14353
2023-10-21 10:00:00+02:00;14074
2023-10-21 11:00:00+02:00;12963
2023-10-21 12:00:00+02:00;12037
2023-10-21 13:00:00+02:00;11371
2023-10-21 14:00:00+02:00;11038
2023-10-21 15:00:00+02:00;10973
2023-10-21 16:00:00+02:00;11078
2023-10-21 17:00:00+02:00;11302
2023-10-21 18:00:00+02:00;11785
2023-10-21 19:00:00+02:00;12294
2023-10-21 20:00:00+02:00;12465
2023-10-21 21:00:00+02:00;12551
2023-10-21 22:00:00+02:00;12206
2023-10-21 23:00:00+02:00;11063
2023-10-22 00:00:00+02:00;8433
2023-10-22 01:00:00+02:00;6656
2023-10-22 02:00:00+02:00;4695
2023-10-22 03:00:00+02:00;4945
2023-10-22 04:00:00+02:00;5192
2023-10-22 05:00:00+02:00;5876
2023-10-22 06:00:00+02:00;7659
2023-10-22 07:00:00+02:00;11031
2023-10-22 08:00:00+02:00;13736
2023-10-22 09:00:00+02:00;13595
2023-10-22 10:00:00+02:00;12592
2023-10-22 11:00:00+02:00;11578
2023-10-22 12:00:00+02:00;10538
2023-10-22 13:00:00+02:00;9747
2023-10-22 14:00:00+02:00;9249
2023-10-22 15:00:00+02:00;9076
2023-10-22 16:00:00+02:00;8884
2023-10-22 17:00:00+02:00;9016
2023-10-22 18:00:00+02:00;9361
2023-10-22 19:00:00+02:00;9772
2023-10-22 20:00:00+02:00;10244
2023-10-22 21:00:00+02:00;10797
2023-10-22 22:00:00+02:00;10580
2023-10-22 23:00:00+02:00;9836
2023-10-23 00:00:00+02:00;7460
2023-10-23 01:00:00+02:00;5264
2023-10-23 02:00:00+02:00;4332
2023-10-23 03:00:00+02:00;4632
2023-10-23 04:00:00+02:00;4737
2023-10-23 05:00:00+02:00;5367
2023-10-23 06:00:00+02:00;7081
2023-10-23 07:00:00+02:00;10345
2023-10-23 08:00:00+02:00;13262
2023-10-23 09:00:00+02:00;13138
2023-10-23 10:00:00+02:00;12078
2023-10-23 11:00:00+02:00;11084
2023-10-23 12:00:00+02:00;10103
2023-10-23 13:00:00+02:00;9255
2023-10-23 14:00:00+02:00;8949
2023-10-23 15:00:00+02:00;8585
2023-10-23 16:00:00+02:00;8382
2023-10-23 17:00:00+02:00;8461
2023-10-23 18:00:00+02:00;8791
2023-10-23 19:00:00+02:00;9169
2023-10-23 20:00:00+02:00;9674
2023-10-23 21:00:00+02:00;10305
2023-10-23 22:00:00+02:00;10082
2023-10-23 23:00:00+02:00;9420
2023-10-24 00:00:00+02:00;7164
2023-10-24 01:00:00+02:00;4940
2023-10-24 02:00:00+02:00;4199
2023-10-24 03:00:00+02:00;4160
2023-10-24 04:00:00+02:00;4470
2023-10-24 05:00:00+02:00;4919
2023-10-24 06:00:00+02:00;6668
2023-10-24 07:00:00+02:00;9938
2023-10-24 08:00:00+02:00;12064
2023-10-24 09:00:00+02:00;12031
2023-10-24 10:00:00+02:00;11133
2023-10-24 11:00:00+02:00;10182
2023-10-24 12:00:00+02:00;9293
2023-10-24 13:00:00+02:00;8714
2023-10-24 14:00:00+02:00;8299
2023-10-24 15:00:00+02:00;7745
2023-10-24 16:00:00+02:00;7449
2023-10-24 17:00:00+02:00;7572
2023-10-24 18:00:00+02:00;7842
2023-10-24 19:00:00+02:00;8406
2023-10-24 20:00:00+02:00;9057
2023-10-24 21:00:00+02:00;9585
2023-10-24 22:00:00+02:00;9389
2023-10-24 23:00:00+02:00;8826
2023-10-25 00:00:00+02:00;6753
2023-10-25 01:00:00+02:00;4795
2023-10-25 02:00:00+02:00;4214
2023-10-25 03:00:00+02:00;4518
2023-10-25 04:00:00+02:00;4656
2023-10-25 05:00:00+02:00;5514
2023-10-25 06:00:00+02:00;7834
2023-10-25 07:00:00+02:00;11622
2023-10-25 08:00:00+02:00;12264
2023-10-25 09:00:00+02:00;12246
2023-10-25 10:00:00+02:00;10963
2023-10-25 11:00:00+02:00;9960
2023-10-25 12:00:00+02:00;9234
2023-10-25 13:00:00+02:00;8676
2023-10-25 14:00:00+02:00;8267
2023-10-25 15:00:00+02:00;7941
2023-10-25 16:00:00+02:00;7943
2023-10-25 17:00:00+02:00;8035
2023-10-25 18:00:00+02:00;8416
2023-10-25 19:00:00+02:00;8841
2023-10-25 20:00:00+02:00;9430
2023-10-25 21:00:00+02:00;10043
2023-10-25 22:00:00+02:00;9957
2023-10-25 23:00:00+02:00;9206
2023-10-26 00:00:00+02:00;7122
2023-10-26 01:00:00+02:00;4975
2023-10-26 02:00:00+02:00;4423
2023-10-26 03:00:00+02:00;4699
2023-10-26 04:00:00+02:00;4961
2023-10-26 05:00:00+02:00;5692
2023-10-26 06:00:00+02:00;7434
2023-10-26 07:00:00+02:00;10808
2023-10-26 08:00:00+02:00;13489
2023-10-26 09:00:00+02:00;13346
2023-10-26 10:00:00+02:00;12117
2023-10-26 11:00:00+02:00;11199
2023-10-26 12:00:00+02:00;10193
2023-10-26 13:00:00+02:00;9369
2023-10-26 14:00:00+02:00;8874
2023-10-26 15:00:00+02:00;8659
2023-10-26 16:00:00+02:00;8442
2023-10-26 17:00:00+02:00;8644
2023-10-26 18:00:00+02:00;8858
2023-10-26 19:00:00+02:00;9360
2023-10-26 20:00:00+02:00;9918
2023-10-26 21:00:00+02:00;10559
2023-10-26 22:00:00+02:00;10392
2023-10-26 23:00:00+02:00;9688
2023-10-27 00:00:00+02:00;7366
2023-10-27 01:00:00+02:00;5101
2023-10-27 02:00:00+02:00;4054
2023-10-27 03:00:00+02:00;4259
2023-10-27 04:00:00+02:00;4498
2023-10-27 05:00:00+02:00;5105
2023-10-27 06:00:00+02:00;6739
2023-10-27 07:00:00+02:00;9872
2023-10-27 08:00:00+02:00;12393
2023-10-27 09:00:00+02:00;12268
2023-10-27 10:00:00+02:00;11256
2023-10-27 11:00:00+02:00;10344
2023-10-27 12:00:00+02:00;9369
2023-10-27 13:00:00+02:00;8626
2023-10-27 14:00:00+02:00;8145
2023-10-27 15:00:00+02:00;7981
2023-10-27 16:00:00+02:00;7762
2023-10-27 17:00:00+02:00;7871
2023-10-27 18:00:00+02:00;8173
2023-10-27 19:00:00+02:00;8531
2023-10-27 20:00:00+02:00;9015
2023-10-27 21:00:00+02:00;9594
2023-10-27 22:00:00+02:00;9414
2023-10-27 23:00:00+02:00;8802
2023-10-28 00:00:00+02:00;6655
2023-10-28 01:00:00+02:00;4577
2023-10-28 02:00:00+02:00;3858
2023-10-28 03:00:00+02:00;4052
2023-10-28 04:00:00+02:00;4273
2023-10-28 05:00:00+02:00;4864
2023-10-28 06:00:00+02:00;6423
2023-10-28 07:00:00+02:00;9418
2023-10-28 08:00:00+02:00;11833
2023-10-28 09:00:00+02:00;11704
2023-10-28 10:00:00+02:00;10747
2023-10-28 11:00:00+02:00;9871
2023-10-28 12:00:00+02:00;8940
2023-10-28 13:00:00+02:00;8227
2023-10-28 14:00:00+02:00;7774
2023-10-28 15:00:00+02:00;7620
2023-10-28 16:00:00+02:00;7417
2023-10-28 17:00:00+02:00;7516
2023-10-28 18:00:00+02:00;7806
2023-10-28 19:00:00+02:00;8151
2023-10-28 20:00:00+02:00;8617
2023-10-28 21:00:00+02:00;9175
2023-10-28 22:00:00+02:00;8999
2023-10-28 23:00:00+02:00;8416
2023-10-29 00:00:00+02:00;6359
2023-10-29 01:00:00+02:00;4362
2023-10-29 02:00:00+02:00;4226
2023-10-29 02:00:00+01:00;4444
2023-10-29 03:00:00+01:00;4691
2023-10-29 04:00:00+01:00;5321
2023-10-29 05:00:00+01:00;7019
2023-10-29 06:00:00+01:00;10275
2023-10-29 07:00:00+01:00;12886
2023-10-29 08:00:00+01:00;12758
2023-10-29 09:00:00+01:00;11704
2023-10-29 10:00:00+01:00;10757
2023-10-29 11:00:00+01:00;9748
2023-10-29 12:00:00+01:00;8977
2023-10-29 13:00:00+01:00;8480
2023-10-29 14:00:00+01:00;8305
2023-10-29 15:00:00+01:00;8079
2023-10-29 16:00:00+01:00;8191
2023-10-29 17:00:00+01:00;8502
2023-10-29 18:00:00+01:00;8875
2023-10-29 19:00:00+01:00;9373
2023-10-29 20:00:00+01:00;9971
2023-10-29 21:00:00+01:00;9784
2023-10-29 22:00:00+01:00;9144
2023-10-29 23:00:00+01:00;6919
2023-10-30 00:00:00+01:00;4768
2023-10-30 01:00:00+01:00;4465
2023-10-30 02:00:00+01:00;4776
2023-10-30 03:00:00+01:00;4883
2023-10-30 04:00:00+01:00;5529
2023-10-30 05:00:00+01:00;7280
2023-10-30 06:00:00+01:00;10613
2023-10-30 07:00:00+01:00;13589
2023-10-30 08:00:00+01:00;13463
2023-10-30 09:00:00+01:00;12390
2023-10-30 10:00:00+01:00;11373
2023-10-30 11:00:00+01:00;10373
2023-10-30 12:00:00+01:00;9510
2023-10-30 13:00:00+01:00;9195
2023-10-30 14:00:00+01:00;8826
2023-10-30 15:00:00+01:00;8624
2023-10-30 16:00:00+01:00;8707
2023-10-30 17:00:00+01:00;9045
2023-10-30 18:00:00+01:00;9434
2023-10-30 19:00:00+01:00;9944
2023-10-30 20:00:00+01:00;10577
2023-10-30 21:00:00+01:00;10347
2023-10-30 22:00:00+01:00;9661
2023-10-30 23:00:00+01:00;7351
2023-10-31 00:00:00+01:00;5088
2023-10-31 01:00:00+01:00;5022
2023-10-31 02:00:00+01:00;5070
2023-10-31 03:00:00+01:00;5364
2023-10-31 04:00:00+01:00;5945
2023-10-31 05:00:00+01:00;7849
2023-10-31 06:00:00+01:00;11395
2023-10-31 07:00:00+01:00;13737
2023-10-31 08:00:00+01:00;13600
2023-10-31 09:00:00+01:00;12717
2023-10-31 10:00:00+01:00;11683
2023-10-31 11:00:00+01:00;10696
2023-10-31 12:00:00+01:00;10129
2023-10-31 13:00:00+01:00;9688
2023-10-31 14:00:00+01:00;9081
2023-10-31 15:00:00+01:00;8802
2023-10-31 16:00:00+01:00;9008
2023-10-31 17:00:00+01:00;9387
2023-10-31 18:00:00+01:00;10032
2023-10-31 19:00:00+01:00;10670
2023-10-31 20:00:00+01:00;11086
2023-10-31 21:00:00+01:00;10870
2023-10-31 22:00:00+01:00;10106
2023-10-31 23:00:00+01:00;7817
2023-11-01 00:00:00+01:00;5706
2023-11-01 01:00:00+01:00;5584
2023-11-01 02:00:00+01:00;6146
2023-11-01 03:00:00+01:00;5940
2023-11-01 04:00:00+01:00;6750
2023-11-01 05:00:00+01:00;8877
2023-11-01 06:00:00+01:00;12679
2023-11-01 07:00:00+01:00;13616
2023-11-01 08:00:00+01:00;13058
2023-11-01 09:00:00+01:00;12202
2023-11-01 10:00:00+01:00;11406
2023-11-01 11:00:00+01:00;10603
2023-11-01 12:00:00+01:00;10179
2023-11-01 13:00:00+01:00;9803
2023-11-01 14:00:00+01:00;9566
2023-11-01 15:00:00+01:00;9765
2023-11-01 16:00:00+01:00;9884
2023-11-01 17:00:00+01:00;10500
2023-11-01 18:00:00+01:00;11096
2023-11-01 19:00:00+01:00;11457
2023-11-01 20:00:00+01:00;11720
2023-11-01 21:00:00+01:00;11635
2023-11-01 22:00:00+01:00;10545
2023-11-01 23:00:00+01:00;8398
2023-11-02 00:00:00+01:00;6321
2023-11-02 01:00:00+01:00;6628
2023-11-02 02:00:00+01:00;7063
2023-11-02 03:00:00+01:00;7236
2023-11-02 04:00:00+01:00;8134
2023-11-02 05:00:00+01:00;9963
2023-11-02 06:00:00+01:00;13024
2023-11-02 07:00:00+01:00;15546
2023-11-02 08:00:00+01:00;15331
2023-11-02 09:00:00+01:00;14926
2023-11-02 10:00:00+01:00;13906
2023-11-02 11:00:00+01:00;13011
2023-11-02 12:00:00+01:00;12209
2023-11-02 13:00:00+01:00;11962
2023-11-02 14:00:00+01:00;11793
2023-11-02 15:00:00+01:00;11882
2023-11-02 16:00:00+01:00;12149
2023-11-02 17:00:00+01:00;12801
2023-11-02 18:00:00+01:00;13307
2023-11-02 19:00:00+01:00;13704
2023-11-02 20:00:00+01:00;13701
2023-11-02 21:00:00+01:00;13283
2023-11-02 22:00:00+01:00;11998
2023-11-02 23:00:00+01:00;9253
2023-11-03 00:00:00+01:00;7325
2023-11-03 01:00:00+01:00;5862
2023-11-03 02:00:00+01:00;6180
2023-11-03 03:00:00+01:00;6358
2023-11-03 04:00:00+01:00;7153
2023-11-03 05:00:00+01:00;8867
2023-11-03 06:00:00+01:00;11867
2023-11-03 07:00:00+01:00;14338
2023-11-03 08:00:00+01:00;14158
2023-11-03 09:00:00+01:00;13780
2023-11-03 10:00:00+01:00;12694
2023-11-03 11:00:00+01:00;11759
2023-11-03 12:00:00+01:00;11080
2023-11-03 13:00:00+01:00;10717
2023-11-03 14:00:00+01:00;10649
2023-11-03 15:00:00+01:00;10703
2023-11-03 16:00:00+01:00;10911
2023-11-03 17:00:00+01:00;11375
2023-11-03 18:00:00+01:00;11864
2023-11-03 19:00:00+01:00;12077
2023-11-03 20:00:00+01:00;12227
2023-11-03 21:00:00+01:00;11905
2023-11-03 22:00:00+01:00;10820
2023-11-03 23:00:00+01:00;8255
2023-11-04 00:00:00+01:00;6423
2023-11-04 01:00:00+01:00;4153
2023-11-04 02:00:00+01:00;4369
2023-11-04 03:00:00+01:00;4605
2023-11-04 04:00:00+01:00;5236
2023-11-04 05:00:00+01:00;6907
2023-11-04 06:00:00+01:00;10118
2023-11-04 07:00:00+01:00;12692
2023-11-04 08:00:00+01:00;12556
2023-11-04 09:00:00+01:00;11524
2023-11-04 10:00:00+01:00;10586
2023-11-04 11:00:00+01:00;9597
2023-11-04 12:00:00+01:00;8836
2023-11-04 13:00:00+01:00;8353
2023-11-04 14:00:00+01:00;8180
2023-11-04 15:00:00+01:00;7964
2023-11-04 16:00:00+01:00;8069
2023-11-04 17:00:00+01:00;8373
2023-11-04 18:00:00+01:00;8744
2023-11-04 19:00:00+01:00;9236
2023-11-04 20:00:00+01:00;9829
2023-11-04 21:00:00+01:00;9641
2023-11-04 22:00:00+01:00;9009
2023-11-04 23:00:00+01:00;6817
2023-11-05 00:00:00+01:00;4691
2023-11-05 01:00:00+01:00;3308
2023-11-05 02:00:00+01:00;3458
2023-11-05 03:00:00+01:00;3658
2023-11-05 04:00:00+01:00;4165
2023-11-05 05:00:00+01:00;5513
2023-11-05 06:00:00+01:00;8093
2023-11-05 07:00:00+01:00;10211
2023-11-05 08:00:00+01:00;10102
2023-11-05 09:00:00+01:00;9284
2023-11-05 10:00:00+01:00;8529
2023-11-05 11:00:00+01:00;7703
2023-11-05 12:00:00+01:00;7082
2023-11-05 13:00:00+01:00;6678
2023-11-05 14:00:00+01:00;6565
2023-11-05 15:00:00+01:00;6382
2023-11-05 16:00:00+01:00;6474
2023-11-05 17:00:00+01:00;6739
2023-11-05 18:00:00+01:00;7032
2023-11-05 19:00:00+01:00;7447
2023-11-05 20:00:00+01:00;7939
2023-11-05 21:00:00+01:00;7787
2023-11-05 22:00:00+01:00;7296
2023-11-05 23:00:00+01:00;5493
2023-11-06 00:00:00+01:00;3746
2023-11-06 01:00:00+01:00;2388
2023-11-06 02:00:00+01:00;2535
2023-11-06 03:00:00+01:00;2589
2023-11-06 04:00:00+01:00;2973
2023-11-06 05:00:00+01:00;3948
2023-11-06 06:00:00+01:00;5751
2023-11-06 07:00:00+01:00;7497
2023-11-06 08:00:00+01:00;7370
2023-11-06 09:00:00+01:00;6831
2023-11-06 10:00:00+01:00;6262
2023-11-06 11:00:00+01:00;5689
2023-11-06 12:00:00+01:00;5198
2023-11-06 13:00:00+01:00;5031
2023-11-06 14:00:00+01:00;4851
2023-11-06 15:00:00+01:00;4764
2023-11-06 16:00:00+01:00;4817
2023-11-06 17:00:00+01:00;5051
2023-11-06 18:00:00+01:00;5245
2023-11-06 19:00:00+01:00;5544
2023-11-06 20:00:00+01:00;5898
2023-11-06 21:00:00+01:00;5771
2023-11-06 22:00:00+01:00;5404
2023-11-06 23:00:00+01:00;4072
2023-11-07 00:00:00+01:00;2765
2023-11-07 01:00:00+01:00;1401
2023-11-07 02:00:00+01:00;1446
2023-11-07 03:00:00+01:00;1564
2023-11-07 04:00:00+01:00;1819
2023-11-07 05:00:00+01:00;2790
2023-11-07 06:00:00+01:00;4740
2023-11-07 07:00:00+01:00;5765
2023-11-07 08:00:00+01:00;5514
2023-11-07 09:00:00+01:00;4911
2023-11-07 10:00:00+01:00;4728
2023-11-07 11:00:00+01:00;4140
2023-11-07 12:00:00+01:00;3941
2023-11-07 13:00:00+01:00;3734
2023-11-07 14:00:00+01:00;3383
2023-11-07 15:00:00+01:00;3112
2023-11-07 16:00:00+01:00;2999
2023-11-07 17:00:00+01:00;3223
2023-11-07 18:00:00+01:00;3473
2023-11-07 19:00:00+01:00;3617
2023-11-07 20:00:00+01:00;3964
2023-11-07 21:00:00+01:00;4006
2023-11-07 22:00:00+01:00;3695
2023-11-07 23:00:00+01:00;2892
2023-11-08 00:00:00+01:00;1919
2023-11-08 01:00:00+01:00;1838
2023-11-08 02:00:00+01:00;1942
2023-11-08 03:00:00+01:00;2068
2023-11-08 04:00:00+01:00;2395
2023-11-08 05:00:00+01:00;3683
2023-11-08 06:00:00+01:00;6122
2023-11-08 07:00:00+01:00;6645
2023-11-08 08:00:00+01:00;6385
2023-11-08 09:00:00+01:00;5475
2023-11-08 10:00:00+01:00;5230
2023-11-08 11:00:00+01:00;4714
2023-11-08 12:00:00+01:00;4428
2023-11-08 13:00:00+01:00;4192
2023-11-08 14:00:00+01:00;3935
2023-11-08 15:00:00+01:00;3860
2023-11-08 16:00:00+01:00;3750
2023-11-08 17:00:00+01:00;3971
2023-11-08 18:00:00+01:00;4236
2023-11-08 19:00:00+01:00;4454
2023-11-08 20:00:00+01:00;4754
2023-11-08 21:00:00+01:00;4934
2023-11-08 22:00:00+01:00;4568
2023-11-08 23:00:00+01:00;3515
2023-11-09 00:00:00+01:00;2346
2023-11-09 01:00:00+01:00;2310
2023-11-09 02:00:00+01:00;2412
2023-11-09 03:00:00+01:00;2547
2023-11-09 04:00:00+01:00;2970
2023-11-09 05:00:00+01:00;3913
2023-11-09 06:00:00+01:00;5703
2023-11-09 07:00:00+01:00;7233
2023-11-09 08:00:00+01:00;7125
2023-11-09 09:00:00+01:00;6548
2023-11-09 10:00:00+01:00;6062
2023-11-09 11:00:00+01:00;5472
2023-11-09 12:00:00+01:00;5022
2023-11-09 13:00:00+01:00;4747
2023-11-09 14:00:00+01:00;4672
2023-11-09 15:00:00+01:00;4552
2023-11-09 16:00:00+01:00;4650
2023-11-09 17:00:00+01:00;4792
2023-11-09 18:00:00+01:00;5073
2023-11-09 19:00:00+01:00;5392
2023-11-09 20:00:00+01:00;5744
2023-11-09 21:00:00+01:00;5646
2023-11-09 22:00:00+01:00;5281
2023-11-09 23:00:00+01:00;3964
2023-11-10 00:00:00+01:00;2700
2023-11-10 01:00:00+01:00;2786
2023-11-10 02:00:00+01:00;2897
2023-11-10 03:00:00+01:00;3066
2023-11-10 04:00:00+01:00;3501
2023-11-10 05:00:00+01:00;4629
2023-11-10 06:00:00+01:00;6776
2023-11-10 07:00:00+01:00;8579
2023-11-10 08:00:00+01:00;8481
2023-11-10 09:00:00+01:00;7833
2023-11-10 10:00:00+01:00;7194
2023-11-10 11:00:00+01:00;6485
2023-11-10 12:00:00+01:00;5961
2023-11-10 13:00:00+01:00;5620
2023-11-10 14:00:00+01:00;5550
2023-11-10 15:00:00+01:00;5402
2023-11-10 16:00:00+01:00;5486
2023-11-10 17:00:00+01:00;5726
2023-11-10 18:00:00+01:00;5972
2023-11-10 19:00:00+01:00;6325
2023-11-10 20:00:00+01:00;6736
2023-11-10 21:00:00+01:00;6601
2023-11-10 22:00:00+01:00;6190
2023-11-10 23:00:00+01:00;4641
2023-11-11 00:00:00+01:00;3160
2023-11-11 01:00:00+01:00;3438
2023-11-11 02:00:00+01:00;3601
2023-11-11 03:00:00+01:00;3801
2023-11-11 04:00:00+01:00;4335
2023-11-11 05:00:00+01:00;5730
2023-11-11 06:00:00+01:00;8410
2023-11-11 07:00:00+01:00;10594
2023-11-11 08:00:00+01:00;10473
2023-11-11 09:00:00+01:00;9630
2023-11-11 10:00:00+01:00;8842
2023-11-11 11:00:00+01:00;7997
2023-11-11 12:00:00+01:00;7354
2023-11-11 13:00:00+01:00;6944
2023-11-11 14:00:00+01:00;6821
2023-11-11 15:00:00+01:00;6638
2023-11-11 16:00:00+01:00;6729
2023-11-11 17:00:00+01:00;6998
2023-11-11 18:00:00+01:00;7306
2023-11-11 19:00:00+01:00;7731
2023-11-11 20:00:00+01:00;8238
2023-11-11 21:00:00+01:00;8078
2023-11-11 22:00:00+01:00;7562
2023-11-11 23:00:00+01:00;5700
2023-11-12 00:00:00+01:00;3895
2023-11-12 01:00:00+01:00;3410
2023-11-12 02:00:00+01:00;3568
2023-11-12 03:00:00+01:00;3773
2023-11-12 04:00:00+01:00;4294
2023-11-12 05:00:00+01:00;5680
2023-11-12 06:00:00+01:00;8334
2023-11-12 07:00:00+01:00;10505
2023-11-12 08:00:00+01:00;10394
2023-11-12 09:00:00+01:00;9551
2023-11-12 10:00:00+01:00;8775
2023-11-12 11:00:00+01:00;7929
2023-11-12 12:00:00+01:00;7292
2023-11-12 13:00:00+01:00;6878
2023-11-12 14:00:00+01:00;6759
2023-11-12 15:00:00+01:00;6571
2023-11-12 16:00:00+01:00;6666
2023-11-12 17:00:00+01:00;6936
2023-11-12 18:00:00+01:00;7238
2023-11-12 19:00:00+01:00;7661
2023-11-12 20:00:00+01:00;8164
2023-11-12 21:00:00+01:00;8008
2023-11-12 22:00:00+01:00;7500
2023-11-12 23:00:00+01:00;5651
2023-11-13 00:00:00+01:00;3860
2023-11-13 01:00:00+01:00;3760
2023-11-13 02:00:00+01:00;4016
2023-11-13 03:00:00+01:00;4105
2023-11-13 04:00:00+01:00;4663
2023-11-13 05:00:00+01:00;6158
2023-11-13 06:00:00+01:00;8989
2023-11-13 07:00:00+01:00;11559
2023-11-13 08:00:00+01:00;11433
2023-11-13 09:00:00+01:00;10529
2023-11-13 10:00:00+01:00;9661
2023-11-13 11:00:00+01:00;8802
2023-11-13 12:00:00+01:00;8060
2023-11-13 13:00:00+01:00;7795
2023-11-13 14:00:00+01:00;7486
2023-11-13 15:00:00+01:00;7319
2023-11-13 16:00:00+01:00;7391
2023-11-13 17:00:00+01:00;7693
2023-11-13 18:00:00+01:00;8017
2023-11-13 19:00:00+01:00;8460
2023-11-13 20:00:00+01:00;9007
2023-11-13 21:00:00+01:00;8813
2023-11-13 22:00:00+01:00;8236
2023-11-13 23:00:00+01:00;6253
2023-11-14 00:00:00+01:00;4301
2023-11-14 01:00:00+01:00;4999
2023-11-14 02:00:00+01:00;5050
2023-11-14 03:00:00+01:00;5342
2023-11-14 04:00:00+01:00;5921
2023-11-14 05:00:00+01:00;7811
2023-11-14 06:00:00+01:00;11331
2023-11-14 07:00:00+01:00;13654
2023-11-14 08:00:00+01:00;13513
2023-11-14 09:00:00+01:00;12643
2023-11-14 10:00:00+01:00;11618
2023-11-14 11:00:00+01:00;10635
2023-11-14 12:00:00+01:00;10077
2023-11-14 13:00:00+01:00;9640
2023-11-14 14:00:00+01:00;9038
2023-11-14 15:00:00+01:00;8760
2023-11-14 16:00:00+01:00;8968
2023-11-14 17:00:00+01:00;9349
2023-11-14 18:00:00+01:00;9992
2023-11-14 19:00:00+01:00;10623
2023-11-14 20:00:00+01:00;11030
2023-11-14 21:00:00+01:00;10816
2023-11-14 22:00:00+01:00;10050
2023-11-14 23:00:00+01:00;7777
2023-11-15 00:00:00+01:00;5682
2023-11-15 01:00:00+01:00;3777
2023-11-15 02:00:00+01:00;4046
2023-11-15 03:00:00+01:00;4136
2023-11-15 04:00:00+01:00;4863
2023-11-15 05:00:00+01:00;6889
2023-11-15 06:00:00+01:00;10251
2023-11-15 07:00:00+01:00;10888
2023-11-15 08:00:00+01:00;10808
2023-11-15 09:00:00+01:00;9741
2023-11-15 10:00:00+01:00;8873
2023-11-15 11:00:00+01:00;8219
2023-11-15 12:00:00+01:00;7743
2023-11-15 13:00:00+01:00;7380
2023-11-15 14:00:00+01:00;7104
2023-11-15 15:00:00+01:00;7123
2023-11-15 16:00:00+01:00;7207
2023-11-15 17:00:00+01:00;7564
2023-11-15 18:00:00+01:00;7951
2023-11-15 19:00:00+01:00;8452
2023-11-15 20:00:00+01:00;8968
2023-11-15 21:00:00+01:00;8893
2023-11-15 22:00:00+01:00;8194
2023-11-15 23:00:00+01:00;6347
2023-11-16 00:00:00+01:00;4452
2023-11-16 01:00:00+01:00;3855
2023-11-16 02:00:00+01:00;4083
2023-11-16 03:00:00+01:00;4307
2023-11-16 04:00:00+01:00;4949
2023-11-16 05:00:00+01:00;6448
2023-11-16 06:00:00+01:00;9327
2023-11-16 07:00:00+01:00;11656
2023-11-16 08:00:00+01:00;11523
2023-11-16 09:00:00+01:00;10525
2023-11-16 10:00:00+01:00;9730
2023-11-16 11:00:00+01:00;8854
2023-11-16 12:00:00+01:00;8142
2023-11-16 13:00:00+01:00;7719
2023-11-16 14:00:00+01:00;7555
2023-11-16 15:00:00+01:00;7376
2023-11-16 16:00:00+01:00;7556
2023-11-16 17:00:00+01:00;7759
2023-11-16 18:00:00+01:00;8196
2023-11-16 19:00:00+01:00;8678
2023-11-16 20:00:00+01:00;9213
2023-11-16 21:00:00+01:00;9054
2023-11-16 22:00:00+01:00;8437
2023-11-16 23:00:00+01:00;6400
2023-11-17 00:00:00+01:00;4446
2023-11-17 01:00:00+01:00;3162
2023-11-17 02:00:00+01:00;3301
2023-11-17 03:00:00+01:00;3492
2023-11-17 04:00:00+01:00;3979
2023-11-17 05:00:00+01:00;5263
2023-11-17 06:00:00+01:00;7716
2023-11-17 07:00:00+01:00;9741
2023-11-17 08:00:00+01:00;9635
2023-11-17 09:00:00+01:00;8869
2023-11-17 10:00:00+01:00;8147
2023-11-17 11:00:00+01:00;7356
2023-11-17 12:00:00+01:00;6764
2023-11-17 13:00:00+01:00;6378
2023-11-17 14:00:00+01:00;6279
2023-11-17 15:00:00+01:00;6107
2023-11-17 16:00:00+01:00;6197
2023-11-17 17:00:00+01:00;6455
2023-11-17 18:00:00+01:00;6735
2023-11-17 19:00:00+01:00;7131
2023-11-17 20:00:00+01:00;7597
2023-11-17 21:00:00+01:00;7450
2023-11-17 22:00:00+01:00;6981
2023-11-17 23:00:00+01:00;5250
2023-11-18 00:00:00+01:00;3582
2023-11-18 01:00:00+01:00;3095
2023-11-18 02:00:00+01:00;3232
2023-11-18 03:00:00+01:00;3414
2023-11-18 04:00:00+01:00;3901
2023-11-18 05:00:00+01:00;5162
2023-11-18 06:00:00+01:00;7579
2023-11-18 07:00:00+01:00;9571
2023-11-18 08:00:00+01:00;9459
2023-11-18 09:00:00+01:00;8710
2023-11-18 10:00:00+01:00;7996
2023-11-18 11:00:00+01:00;7221
2023-11-18 12:00:00+01:00;6637
2023-11-18 13:00:00+01:00;6263
2023-11-18 14:00:00+01:00;6165
2023-11-18 15:00:00+01:00;5999
2023-11-18 16:00:00+01:00;6084
2023-11-18 17:00:00+01:00;6335
2023-11-18 18:00:00+01:00;6612
2023-11-18 19:00:00+01:00;7004
2023-11-18 20:00:00+01:00;7468
2023-11-18 21:00:00+01:00;7320
2023-11-18 22:00:00+01:00;6859
2023-11-18 23:00:00+01:00;5159
2023-11-19 00:00:00+01:00;3511
2023-11-19 01:00:00+01:00;3643
2023-11-19 02:00:00+01:00;3818
2023-11-19 03:00:00+01:00;4038
2023-11-19 04:00:00+01:00;4591
2023-11-19 05:00:00+01:00;6077
2023-11-19 06:00:00+01:00;8928
2023-11-19 07:00:00+01:00;11242
2023-11-19 08:00:00+01:00;11126
2023-11-19 09:00:00+01:00;10204
2023-11-19 10:00:00+01:00;9375
2023-11-19 11:00:00+01:00;8476
2023-11-19 12:00:00+01:00;7795
2023-11-19 13:00:00+01:00;7352
2023-11-19 14:00:00+01:00;7213
2023-11-19 15:00:00+01:00;7008
2023-11-19 16:00:00+01:00;7107
2023-11-19 17:00:00+01:00;7387
2023-11-19 18:00:00+01:00;7710
2023-11-19 19:00:00+01:00;8163
2023-11-19 20:00:00+01:00;8704
2023-11-19 21:00:00+01:00;8540
2023-11-19 22:00:00+01:00;7998
2023-11-19 23:00:00+01:00;6034
2023-11-20 00:00:00+01:00;4122
2023-11-20 01:00:00+01:00;5364
2023-11-20 02:00:00+01:00;5710
2023-11-20 03:00:00+01:00;5837
2023-11-20 04:00:00+01:00;6552
2023-11-20 05:00:00+01:00;8314
2023-11-20 06:00:00+01:00;11514
2023-11-20 07:00:00+01:00;14456
2023-11-20 08:00:00+01:00;14279
2023-11-20 09:00:00+01:00;13569
2023-11-20 10:00:00+01:00;12486
2023-11-20 11:00:00+01:00;11538
2023-11-20 12:00:00+01:00;10759
2023-11-20 13:00:00+01:00;10411
2023-11-20 14:00:00+01:00;10146
2023-11-20 15:00:00+01:00;10127
2023-11-20 16:00:00+01:00;10276
2023-11-20 17:00:00+01:00;10679
2023-11-20 18:00:00+01:00;11108
2023-11-20 19:00:00+01:00;11506
2023-11-20 20:00:00+01:00;11836
2023-11-20 21:00:00+01:00;11540
2023-11-20 22:00:00+01:00;10599
2023-11-20 23:00:00+01:00;8110
2023-11-21 00:00:00+01:00;6045
2023-11-21 01:00:00+01:00;7883
2023-11-21 02:00:00+01:00;8260
2023-11-21 03:00:00+01:00;8491
2023-11-21 04:00:00+01:00;9509
2023-11-21 05:00:00+01:00;11771
2023-11-21 06:00:00+01:00;16025
2023-11-21 07:00:00+01:00;18952
2023-11-21 08:00:00+01:00;18350
2023-11-21 09:00:00+01:00;17708
2023-11-21 10:00:00+01:00;16497
2023-11-21 11:00:00+01:00;15226
2023-11-21 12:00:00+01:00;14818
2023-11-21 13:00:00+01:00;14310
2023-11-21 14:00:00+01:00;13603
2023-11-21 15:00:00+01:00;13390
2023-11-21 16:00:00+01:00;13919
2023-11-21 17:00:00+01:00;14719
2023-11-21 18:00:00+01:00;15630
2023-11-21 19:00:00+01:00;16106
2023-11-21 20:00:00+01:00;15992
2023-11-21 21:00:00+01:00;15703
2023-11-21 22:00:00+01:00;14204
2023-11-21 23:00:00+01:00;11299
2023-11-22 00:00:00+01:00;8853
2023-11-22 01:00:00+01:00;10715
2023-11-22 02:00:00+01:00;11110
2023-11-22 03:00:00+01:00;10996
2023-11-22 04:00:00+01:00;11995
2023-11-22 05:00:00+01:00;14558
2023-11-22 06:00:00+01:00;19729
2023-11-22 07:00:00+01:00;21423
2023-11-22 08:00:00+01:00;20230
2023-11-22 09:00:00+01:00;19894
2023-11-22 10:00:00+01:00;19102
2023-11-22 11:00:00+01:00;18150
2023-11-22 12:00:00+01:00;17726
2023-11-22 13:00:00+01:00;17139
2023-11-22 14:00:00+01:00;16993
2023-11-22 15:00:00+01:00;17388
2023-11-22 16:00:00+01:00;17763
2023-11-22 17:00:00+01:00;18354
2023-11-22 18:00:00+01:00;19282
2023-11-22 19:00:00+01:00;19478
2023-11-22 20:00:00+01:00;19263
2023-11-22 21:00:00+01:00;18858
2023-11-22 22:00:00+01:00;17218
2023-11-22 23:00:00+01:00;13833
2023-11-23 00:00:00+01:00;11656
2023-11-23 01:00:00+01:00;11949
2023-11-23 02:00:00+01:00;12321
2023-11-23 03:00:00+01:00;12645
2023-11-23 04:00:00+01:00;13730
2023-11-23 05:00:00+01:00;15680
2023-11-23 06:00:00+01:00;20801
2023-11-23 07:00:00+01:00;24558
2023-11-23 08:00:00+01:00;23946
2023-11-23 09:00:00+01:00;23611
2023-11-23 10:00:00+01:00;22707
2023-11-23 11:00:00+01:00;21706
2023-11-23 12:00:00+01:00;20733
2023-11-23 13:00:00+01:00;20055
2023-11-23 14:00:00+01:00;20060
2023-11-23 15:00:00+01:00;20165
2023-11-23 16:00:00+01:00;20493
2023-11-23 17:00:00+01:00;21204
2023-11-23 18:00:00+01:00;21865
2023-11-23 19:00:00+01:00;21955
2023-11-23 20:00:00+01:00;21640
2023-11-23 21:00:00+01:00;20700
2023-11-23 22:00:00+01:00;18944
2023-11-23 23:00:00+01:00;15130
2023-11-24 00:00:00+01:00;12611
2023-11-24 01:00:00+01:00;11959
2023-11-24 02:00:00+01:00;12442
2023-11-24 03:00:00+01:00;12744
2023-11-24 04:00:00+01:00;13732
2023-11-24 05:00:00+01:00;15654
2023-11-24 06:00:00+01:00;20731
2023-11-24 07:00:00+01:00;24483
2023-11-24 08:00:00+01:00;24067
2023-11-24 09:00:00+01:00;23668
2023-11-24 10:00:00+01:00;22730
2023-11-24 11:00:00+01:00;21635
2023-11-24 12:00:00+01:00;20665
2023-11-24 13:00:00+01:00;20063
2023-11-24 14:00:00+01:00;19994
2023-11-24 15:00:00+01:00;20144
2023-11-24 16:00:00+01:00;20502
2023-11-24 17:00:00+01:00;21282
2023-11-24 18:00:00+01:00;21687
2023-11-24 19:00:00+01:00;21624
2023-11-24 20:00:00+01:00;21323
2023-11-24 21:00:00+01:00;20695
2023-11-24 22:00:00+01:00;18803
2023-11-24 23:00:00+01:00;15021
2023-11-25 00:00:00+01:00;12547
2023-11-25 01:00:00+01:00;10545
2023-11-25 02:00:00+01:00;10992
2023-11-25 03:00:00+01:00;11275
2023-11-25 04:00:00+01:00;12240
2023-11-25 05:00:00+01:00;14145
2023-11-25 06:00:00+01:00;18708
2023-11-25 07:00:00+01:00;22157
2023-11-25 08:00:00+01:00;21785
2023-11-25 09:00:00+01:00;21427
2023-11-25 10:00:00+01:00;20413
2023-11-25 11:00:00+01:00;19363
2023-11-25 12:00:00+01:00;18460
2023-11-25 13:00:00+01:00;17941
2023-11-25 14:00:00+01:00;17876
2023-11-25 15:00:00+01:00;18009
2023-11-25 16:00:00+01:00;18342
2023-11-25 17:00:00+01:00;19072
2023-11-25 18:00:00+01:00;19503
2023-11-25 19:00:00+01:00;19507
2023-11-25 20:00:00+01:00;19292
2023-11-25 21:00:00+01:00;18731
2023-11-25 22:00:00+01:00;17000
2023-11-25 23:00:00+01:00;13461
2023-11-26 00:00:00+01:00;11142
2023-11-26 01:00:00+01:00;10581
2023-11-26 02:00:00+01:00;11036
2023-11-26 03:00:00+01:00;11304
2023-11-26 04:00:00+01:00;12261
2023-11-26 05:00:00+01:00;14145
2023-11-26 06:00:00+01:00;18719
2023-11-26 07:00:00+01:00;22152
2023-11-26 08:00:00+01:00;21793
2023-11-26 09:00:00+01:00;21428
2023-11-26 10:00:00+01:00;20448
2023-11-26 11:00:00+01:00;19393
2023-11-26 12:00:00+01:00;18496
2023-11-26 13:00:00+01:00;17960
2023-11-26 14:00:00+01:00;17903
2023-11-26 15:00:00+01:00;18048
2023-11-26 16:00:00+01:00;18379
2023-11-26 17:00:00+01:00;19097
2023-11-26 18:00:00+01:00;19531
2023-11-26 19:00:00+01:00;19517
2023-11-26 20:00:00+01:00;19294
2023-11-26 21:00:00+01:00;18736
2023-11-26 22:00:00+01:00;17008
2023-11-26 23:00:00+01:00;13478
2023-11-27 00:00:00+01:00;11169
2023-11-27 01:00:00+01:00;10602
2023-11-27 02:00:00+01:00;11076
2023-11-27 03:00:00+01:00;11382
2023-11-27 04:00:00+01:00;12215
2023-11-27 05:00:00+01:00;14137
2023-11-27 06:00:00+01:00;18784
2023-11-27 07:00:00+01:00;22717
2023-11-27 08:00:00+01:00;22288
2023-11-27 09:00:00+01:00;21799
2023-11-27 10:00:00+01:00;20784
2023-11-27 11:00:00+01:00;19817
2023-11-27 12:00:00+01:00;18923
2023-11-27 13:00:00+01:00;18295
2023-11-27 14:00:00+01:00;18134
2023-11-27 15:00:00+01:00;18322
2023-11-27 16:00:00+01:00;18639
2023-11-27 17:00:00+01:00;19362
2023-11-27 18:00:00+01:00;19766
2023-11-27 19:00:00+01:00;19846
2023-11-27 20:00:00+01:00;19613
2023-11-27 21:00:00+01:00;18995
2023-11-27 22:00:00+01:00;17271
2023-11-27 23:00:00+01:00;13750
2023-11-28 00:00:00+01:00;11323
2023-11-28 01:00:00+01:00;9311
2023-11-28 02:00:00+01:00;9600
2023-11-28 03:00:00+01:00;9955
2023-11-28 04:00:00+01:00;10916
2023-11-28 05:00:00+01:00;13096
2023-11-28 06:00:00+01:00;17833
2023-11-28 07:00:00+01:00;21105
2023-11-28 08:00:00+01:00;20323
2023-11-28 09:00:00+01:00;19719
2023-11-28 10:00:00+01:00;18570
2023-11-28 11:00:00+01:00;17341
2023-11-28 12:00:00+01:00;16913
2023-11-28 13:00:00+01:00;16268
2023-11-28 14:00:00+01:00;15676
2023-11-28 15:00:00+01:00;15464
2023-11-28 16:00:00+01:00;15962
2023-11-28 17:00:00+01:00;16829
2023-11-28 18:00:00+01:00;17733
2023-11-28 19:00:00+01:00;18090
2023-11-28 20:00:00+01:00;17905
2023-11-28 21:00:00+01:00;17470
2023-11-28 22:00:00+01:00;15941
2023-11-28 23:00:00+01:00;12733
2023-11-29 00:00:00+01:00;10227
2023-11-29 01:00:00+01:00;7428
2023-11-29 02:00:00+01:00;8238
2023-11-29 03:00:00+01:00;7804
2023-11-29 04:00:00+01:00;8732
2023-11-29 05:00:00+01:00;11056
2023-11-29 06:00:00+01:00;15407
2023-11-29 07:00:00+01:00;16629
2023-11-29 08:00:00+01:00;15663
2023-11-29 09:00:00+01:00;14934
2023-11-29 10:00:00+01:00;14154
2023-11-29 11:00:00+01:00;13198
2023-11-29 12:00:00+01:00;12791
2023-11-29 13:00:00+01:00;12382
2023-11-29 14:00:00+01:00;12166
2023-11-29 15:00:00+01:00;12517
2023-11-29 16:00:00+01:00;12676
2023-11-29 17:00:00+01:00;13513
2023-11-29 18:00:00+01:00;14308
2023-11-29 19:00:00+01:00;14573
2023-11-29 20:00:00+01:00;14638
2023-11-29 21:00:00+01:00;14531
2023-11-29 22:00:00+01:00;13081
2023-11-29 23:00:00+01:00;10560
2023-11-30 00:00:00+01:00;8252
2023-11-30 01:00:00+01:00;6176
2023-11-30 02:00:00+01:00;6579
2023-11-30 03:00:00+01:00;6761
2023-11-30 04:00:00+01:00;7618
2023-11-30 05:00:00+01:00;9398
2023-11-30 06:00:00+01:00;12442
2023-11-30 07:00:00+01:00;14940
2023-11-30 08:00:00+01:00;14739
2023-11-30 09:00:00+01:00;14228
2023-11-30 10:00:00+01:00;13243
2023-11-30 11:00:00+01:00;12348
2023-11-30 12:00:00+01:00;11558
2023-11-30 13:00:00+01:00;11280
2023-11-30 14:00:00+01:00;11111
2023-11-30 15:00:00+01:00;11154
2023-11-30 16:00:00+01:00;11407
2023-11-30 17:00:00+01:00;11984
2023-11-30 18:00:00+01:00;12480
2023-11-30 19:00:00+01:00;12894
2023-11-30 20:00:00+01:00;12983
2023-11-30 21:00:00+01:00;12608
2023-11-30 22:00:00+01:00;11433
2023-11-30 23:00:00+01:00;8799
2023-12-01 00:00:00+01:00;6858
2023-12-01 01:00:00+01:00;4853
2023-12-01 02:00:00+01:00;5113
2023-12-01 03:00:00+01:00;5360
2023-12-01 04:00:00+01:00;6063
2023-12-01 05:00:00+01:00;7874
2023-12-01 06:00:00+01:00;11287
2023-12-01 07:00:00+01:00;14024
2023-12-01 08:00:00+01:00;13879
2023-12-01 09:00:00+01:00;12892
2023-12-01 10:00:00+01:00;11856
2023-12-01 11:00:00+01:00;10805
2023-12-01 12:00:00+01:00;10007
2023-12-01 13:00:00+01:00;9508
2023-12-01 14:00:00+01:00;9335
2023-12-01 15:00:00+01:00;9154
2023-12-01 16:00:00+01:00;9292
2023-12-01 17:00:00+01:00;9649
2023-12-01 18:00:00+01:00;10072
2023-12-01 19:00:00+01:00;10536
2023-12-01 20:00:00+01:00;11074
2023-12-01 21:00:00+01:00;10848
2023-12-01 22:00:00+01:00;10069
2023-12-01 23:00:00+01:00;7642
2023-12-02 00:00:00+01:00;5431
2023-12-02 01:00:00+01:00;4833
2023-12-02 02:00:00+01:00;5096
2023-12-02 03:00:00+01:00;5338
2023-12-02 04:00:00+01:00;6049
2023-12-02 05:00:00+01:00;7861
2023-12-02 06:00:00+01:00;11290
2023-12-02 07:00:00+01:00;14033
2023-12-02 08:00:00+01:00;13881
2023-12-02 09:00:00+01:00;12886
2023-12-02 10:00:00+01:00;11845
2023-12-02 11:00:00+01:00;10796
2023-12-02 12:00:00+01:00;9993
2023-12-02 13:00:00+01:00;9500
2023-12-02 14:00:00+01:00;9321
2023-12-02 15:00:00+01:00;9144
2023-12-02 16:00:00+01:00;9276
2023-12-02 17:00:00+01:00;9629
2023-12-02 18:00:00+01:00;10054
2023-12-02 19:00:00+01:00;10523
2023-12-02 20:00:00+01:00;11071
2023-12-02 21:00:00+01:00;10842
2023-12-02 22:00:00+01:00;10067
2023-12-02 23:00:00+01:00;7638
2023-12-03 00:00:00+01:00;5416
2023-12-03 01:00:00+01:00;5771
2023-12-03 02:00:00+01:00;6086
2023-12-03 03:00:00+01:00;6287
2023-12-03 04:00:00+01:00;7080
2023-12-03 05:00:00+01:00;8870
2023-12-03 06:00:00+01:00;12069
2023-12-03 07:00:00+01:00;14679
2023-12-03 08:00:00+01:00;14504
2023-12-03 09:00:00+01:00;13949
2023-12-03 10:00:00+01:00;12845
2023-12-03 11:00:00+01:00;11854
2023-12-03 12:00:00+01:00;11125
2023-12-03 13:00:00+01:00;10715
2023-12-03 14:00:00+01:00;10613
2023-12-03 15:00:00+01:00;10607
2023-12-03 16:00:00+01:00;10801
2023-12-03 17:00:00+01:00;11248
2023-12-03 18:00:00+01:00;11733
2023-12-03 19:00:00+01:00;12017
2023-12-03 20:00:00+01:00;12274
2023-12-03 21:00:00+01:00;11968
2023-12-03 22:00:00+01:00;10931
2023-12-03 23:00:00+01:00;8334
2023-12-04 00:00:00+01:00;6351
2023-12-04 01:00:00+01:00;6284
2023-12-04 02:00:00+01:00;6662
2023-12-04 03:00:00+01:00;6809
2023-12-04 04:00:00+01:00;7593
2023-12-04 05:00:00+01:00;9342
2023-12-04 06:00:00+01:00;12351
2023-12-04 07:00:00+01:00;15221
2023-12-04 08:00:00+01:00;14987
2023-12-04 09:00:00+01:00;14688
2023-12-04 10:00:00+01:00;13548
2023-12-04 11:00:00+01:00;12669
2023-12-04 12:00:00+01:00;11992
2023-12-04 13:00:00+01:00;11613
2023-12-04 14:00:00+01:00;11468
2023-12-04 15:00:00+01:00;11650
2023-12-04 16:00:00+01:00;11870
2023-12-04 17:00:00+01:00;12340
2023-12-04 18:00:00+01:00;12807
2023-12-04 19:00:00+01:00;13076
2023-12-04 20:00:00+01:00;13068
2023-12-04 21:00:00+01:00;12703
2023-12-04 22:00:00+01:00;11495
2023-12-04 23:00:00+01:00;8840
2023-12-05 00:00:00+01:00;7021
2023-12-05 01:00:00+01:00;7151
2023-12-05 02:00:00+01:00;7500
2023-12-05 03:00:00+01:00;7721
2023-12-05 04:00:00+01:00;8648
2023-12-05 05:00:00+01:00;10724
2023-12-05 06:00:00+01:00;14620
2023-12-05 07:00:00+01:00;17266
2023-12-05 08:00:00+01:00;16713
2023-12-05 09:00:00+01:00;16146
2023-12-05 10:00:00+01:00;15039
2023-12-05 11:00:00+01:00;13857
2023-12-05 12:00:00+01:00;13502
2023-12-05 13:00:00+01:00;13040
2023-12-05 14:00:00+01:00;12396
2023-12-05 15:00:00+01:00;12179
2023-12-05 16:00:00+01:00;12672
2023-12-05 17:00:00+01:00;13412
2023-12-05 18:00:00+01:00;14263
2023-12-05 19:00:00+01:00;14705
2023-12-05 20:00:00+01:00;14606
2023-12-05 21:00:00+01:00;14346
2023-12-05 22:00:00+01:00;12965
2023-12-05 23:00:00+01:00;10305
2023-12-06 00:00:00+01:00;8063
2023-12-06 01:00:00+01:00;6773
2023-12-06 02:00:00+01:00;7514
2023-12-06 03:00:00+01:00;7114
2023-12-06 04:00:00+01:00;7962
2023-12-06 05:00:00+01:00;10122
2023-12-06 06:00:00+01:00;14170
2023-12-06 07:00:00+01:00;15314
2023-12-06 08:00:00+01:00;14427
2023-12-06 09:00:00+01:00;13744
2023-12-06 10:00:00+01:00;13012
2023-12-06 11:00:00+01:00;12121
2023-12-06 12:00:00+01:00;11741
2023-12-06 13:00:00+01:00;11360
2023-12-06 14:00:00+01:00;11157
2023-12-06 15:00:00+01:00;11477
2023-12-06 16:00:00+01:00;11621
2023-12-06 17:00:00+01:00;12399
2023-12-06 18:00:00+01:00;13129
2023-12-06 19:00:00+01:00;13385
2023-12-06 20:00:00+01:00;13464
2023-12-06 21:00:00+01:00;13370
2023-12-06 22:00:00+01:00;12029
2023-12-06 23:00:00+01:00;9700
2023-12-07 00:00:00+01:00;7541
2023-12-07 01:00:00+01:00;5985
2023-12-07 02:00:00+01:00;6372
2023-12-07 03:00:00+01:00;6547
2023-12-07 04:00:00+01:00;7378
2023-12-07 05:00:00+01:00;9096
2023-12-07 06:00:00+01:00;12025
2023-12-07 07:00:00+01:00;14438
2023-12-07 08:00:00+01:00;14243
2023-12-07 09:00:00+01:00;13770
2023-12-07 10:00:00+01:00;12817
2023-12-07 11:00:00+01:00;11952
2023-12-07 12:00:00+01:00;11190
2023-12-07 13:00:00+01:00;10923
2023-12-07 14:00:00+01:00;10766
2023-12-07 15:00:00+01:00;10811
2023-12-07 16:00:00+01:00;11057
2023-12-07 17:00:00+01:00;11622
2023-12-07 18:00:00+01:00;12102
2023-12-07 19:00:00+01:00;12501
2023-12-07 20:00:00+01:00;12579
2023-12-07 21:00:00+01:00;12211
2023-12-07 22:00:00+01:00;11071
2023-12-07 23:00:00+01:00;8517
2023-12-08 00:00:00+01:00;6645
2023-12-08 01:00:00+01:00;5896
2023-12-08 02:00:00+01:00;6216
2023-12-08 03:00:00+01:00;6397
2023-12-08 04:00:00+01:00;7196
2023-12-08 05:00:00+01:00;8926
2023-12-08 06:00:00+01:00;11958
2023-12-08 07:00:00+01:00;14453
2023-12-08 08:00:00+01:00;14272
2023-12-08 09:00:00+01:00;13880
2023-12-08 10:00:00+01:00;12786
2023-12-08 11:00:00+01:00;11842
2023-12-08 12:00:00+01:00;11156
2023-12-08 13:00:00+01:00;10787
2023-12-08 14:00:00+01:00;10716
2023-12-08 15:00:00+01:00;10767
2023-12-08 16:00:00+01:00;10975
2023-12-08 17:00:00+01:00;11440
2023-12-08 18:00:00+01:00;11932
2023-12-08 19:00:00+01:00;12150
2023-12-08 20:00:00+01:00;12308
2023-12-08 21:00:00+01:00;11984
2023-12-08 22:00:00+01:00;10895
2023-12-08 23:00:00+01:00;8313
2023-12-09 00:00:00+01:00;6461
2023-12-09 01:00:00+01:00;6977
2023-12-09 02:00:00+01:00;7372
2023-12-09 03:00:00+01:00;7550
2023-12-09 04:00:00+01:00;8478
2023-12-09 05:00:00+01:00;10384
2023-12-09 06:00:00+01:00;13656
2023-12-09 07:00:00+01:00;16359
2023-12-09 08:00:00+01:00;16144
2023-12-09 09:00:00+01:00;15892
2023-12-09 10:00:00+01:00;14642
2023-12-09 11:00:00+01:00;13631
2023-12-09 12:00:00+01:00;12903
2023-12-09 13:00:00+01:00;12551
2023-12-09 14:00:00+01:00;12473
2023-12-09 15:00:00+01:00;12622
2023-12-09 16:00:00+01:00;12878
2023-12-09 17:00:00+01:00;13422
2023-12-09 18:00:00+01:00;14001
2023-12-09 19:00:00+01:00;14152
2023-12-09 20:00:00+01:00;14192
2023-12-09 21:00:00+01:00;13796
2023-12-09 22:00:00+01:00;12471
2023-12-09 23:00:00+01:00;9526
2023-12-10 00:00:00+01:00;7603
2023-12-10 01:00:00+01:00;8539
2023-12-10 02:00:00+01:00;9020
2023-12-10 03:00:00+01:00;9241
2023-12-10 04:00:00+01:00;10323
2023-12-10 05:00:00+01:00;12584
2023-12-10 06:00:00+01:00;16581
2023-12-10 07:00:00+01:00;19814
2023-12-10 08:00:00+01:00;19554
2023-12-10 09:00:00+01:00;19193
2023-12-10 10:00:00+01:00;17752
2023-12-10 11:00:00+01:00;16571
2023-12-10 12:00:00+01:00;15699
2023-12-10 13:00:00+01:00;15254
2023-12-10 14:00:00+01:00;15151
2023-12-10 15:00:00+01:00;15301
2023-12-10 16:00:00+01:00;15598
2023-12-10 17:00:00+01:00;16234
2023-12-10 18:00:00+01:00;16899
2023-12-10 19:00:00+01:00;17060
2023-12-10 20:00:00+01:00;17093
2023-12-10 21:00:00+01:00;16626
2023-12-10 22:00:00+01:00;15025
2023-12-10 23:00:00+01:00;11561
2023-12-11 00:00:00+01:00;9262
2023-12-11 01:00:00+01:00;8314
2023-12-11 02:00:00+01:00;8801
2023-12-11 03:00:00+01:00;9005
2023-12-11 04:00:00+01:00;9961
2023-12-11 05:00:00+01:00;12127
2023-12-11 06:00:00+01:00;16037
2023-12-11 07:00:00+01:00;19654
2023-12-11 08:00:00+01:00;19367
2023-12-11 09:00:00+01:00;18954
2023-12-11 10:00:00+01:00;17571
2023-12-11 11:00:00+01:00;16490
2023-12-11 12:00:00+01:00;15640
2023-12-11 13:00:00+01:00;15139
2023-12-11 14:00:00+01:00;14947
2023-12-11 15:00:00+01:00;15160
2023-12-11 16:00:00+01:00;15438
2023-12-11 17:00:00+01:00;16021
2023-12-11 18:00:00+01:00;16596
2023-12-11 19:00:00+01:00;16891
2023-12-11 20:00:00+01:00;16848
2023-12-11 21:00:00+01:00;16368
2023-12-11 22:00:00+01:00;14815
2023-12-11 23:00:00+01:00;11472
2023-12-12 00:00:00+01:00;9198
2023-12-12 01:00:00+01:00;7431
2023-12-12 02:00:00+01:00;7808
2023-12-12 03:00:00+01:00;8020
2023-12-12 04:00:00+01:00;9009
2023-12-12 05:00:00+01:00;11207
2023-12-12 06:00:00+01:00;15264
2023-12-12 07:00:00+01:00;18040
2023-12-12 08:00:00+01:00;17478
2023-12-12 09:00:00+01:00;16861
2023-12-12 10:00:00+01:00;15685
2023-12-12 11:00:00+01:00;14444
2023-12-12 12:00:00+01:00;14059
2023-12-12 13:00:00+01:00;13585
2023-12-12 14:00:00+01:00;12890
2023-12-12 15:00:00+01:00;12676
2023-12-12 16:00:00+01:00;13194
2023-12-12 17:00:00+01:00;13963
2023-12-12 18:00:00+01:00;14851
2023-12-12 19:00:00+01:00;15327
2023-12-12 20:00:00+01:00;15227
2023-12-12 21:00:00+01:00;14966
2023-12-12 22:00:00+01:00;13517
2023-12-12 23:00:00+01:00;10743
2023-12-13 00:00:00+01:00;8384
2023-12-13 01:00:00+01:00;7403
2023-12-13 02:00:00+01:00;8243
2023-12-13 03:00:00+01:00;7787
2023-12-13 04:00:00+01:00;8722
2023-12-13 05:00:00+01:00;11056
2023-12-13 06:00:00+01:00;15415
2023-12-13 07:00:00+01:00;16631
2023-12-13 08:00:00+01:00;15657
2023-12-13 09:00:00+01:00;14911
2023-12-13 10:00:00+01:00;14128
2023-12-13 11:00:00+01:00;13163
2023-12-13 12:00:00+01:00;12755
2023-12-13 13:00:00+01:00;12349
2023-12-13 14:00:00+01:00;12130
2023-12-13 15:00:00+01:00;12486
2023-12-13 16:00:00+01:00;12639
2023-12-13 17:00:00+01:00;13497
2023-12-13 18:00:00+01:00;14297
2023-12-13 19:00:00+01:00;14563
2023-12-13 20:00:00+01:00;14633
2023-12-13 21:00:00+01:00;14536
2023-12-13 22:00:00+01:00;13074
2023-12-13 23:00:00+01:00;10562
2023-12-14 00:00:00+01:00;8229
2023-12-14 01:00:00+01:00;7847
2023-12-14 02:00:00+01:00;8378
2023-12-14 03:00:00+01:00;8582
2023-12-14 04:00:00+01:00;9631
2023-12-14 05:00:00+01:00;11793
2023-12-14 06:00:00+01:00;15424
2023-12-14 07:00:00+01:00;18377
2023-12-14 08:00:00+01:00;18129
2023-12-14 09:00:00+01:00;17603
2023-12-14 10:00:00+01:00;16403
2023-12-14 11:00:00+01:00;15362
2023-12-14 12:00:00+01:00;14420
2023-12-14 13:00:00+01:00;14132
2023-12-14 14:00:00+01:00;13908
2023-12-14 15:00:00+01:00;14014
2023-12-14 16:00:00+01:00;14322
2023-12-14 17:00:00+01:00;15080
2023-12-14 18:00:00+01:00;15671
2023-12-14 19:00:00+01:00;16130
2023-12-14 20:00:00+01:00;16125
2023-12-14 21:00:00+01:00;15642
2023-12-14 22:00:00+01:00;14122
2023-12-14 23:00:00+01:00;10916
2023-12-15 00:00:00+01:00;8661
2023-12-15 01:00:00+01:00;7530
2023-12-15 02:00:00+01:00;7959
2023-12-15 03:00:00+01:00;8151
2023-12-15 04:00:00+01:00;9143
2023-12-15 05:00:00+01:00;11204
2023-12-15 06:00:00+01:00;14732
2023-12-15 07:00:00+01:00;17628
2023-12-15 08:00:00+01:00;17400
2023-12-15 09:00:00+01:00;17113
2023-12-15 10:00:00+01:00;15774
2023-12-15 11:00:00+01:00;14695
2023-12-15 12:00:00+01:00;13913
2023-12-15 13:00:00+01:00;13522
2023-12-15 14:00:00+01:00;13443
2023-12-15 15:00:00+01:00;13587
2023-12-15 16:00:00+01:00;13858
2023-12-15 17:00:00+01:00;14437
2023-12-15 18:00:00+01:00;15056
2023-12-15 19:00:00+01:00;15215
2023-12-15 20:00:00+01:00;15257
2023-12-15 21:00:00+01:00;14838
2023-12-15 22:00:00+01:00;13402
2023-12-15 23:00:00+01:00;10268
2023-12-16 00:00:00+01:00;8197
2023-12-16 01:00:00+01:00;5659
2023-12-16 02:00:00+01:00;5970
2023-12-16 03:00:00+01:00;6158
2023-12-16 04:00:00+01:00;6940
2023-12-16 05:00:00+01:00;8667
2023-12-16 06:00:00+01:00;11748
2023-12-16 07:00:00+01:00;14272
2023-12-16 08:00:00+01:00;14095
2023-12-16 09:00:00+01:00;13602
2023-12-16 10:00:00+01:00;12521
2023-12-16 11:00:00+01:00;11565
2023-12-16 12:00:00+01:00;10862
2023-12-16 13:00:00+01:00;10483
2023-12-16 14:00:00+01:00;10385
2023-12-16 15:00:00+01:00;10404
2023-12-16 16:00:00+01:00;10599
2023-12-16 17:00:00+01:00;11039
2023-12-16 18:00:00+01:00;11519
2023-12-16 19:00:00+01:00;11780
2023-12-16 20:00:00+01:00;12005
2023-12-16 21:00:00+01:00;11698
2023-12-16 22:00:00+01:00;10675
2023-12-16 23:00:00+01:00;8126
2023-12-17 00:00:00+01:00;6226
2023-12-17 01:00:00+01:00;3865
2023-12-17 02:00:00+01:00;4057
2023-12-17 03:00:00+01:00;4288
2023-12-17 04:00:00+01:00;4870
2023-12-17 05:00:00+01:00;6441
2023-12-17 06:00:00+01:00;9455
2023-12-17 07:00:00+01:00;11889
2023-12-17 08:00:00+01:00;11769
2023-12-17 09:00:00+01:00;10789
2023-12-17 10:00:00+01:00;9914
2023-12-17 11:00:00+01:00;8971
2023-12-17 12:00:00+01:00;8253
2023-12-17 13:00:00+01:00;7787
2023-12-17 14:00:00+01:00;7633
2023-12-17 15:00:00+01:00;7418
2023-12-17 16:00:00+01:00;7522
2023-12-17 17:00:00+01:00;7813
2023-12-17 18:00:00+01:00;8156
2023-12-17 19:00:00+01:00;8628
2023-12-17 20:00:00+01:00;9195
2023-12-17 21:00:00+01:00;9022
2023-12-17 22:00:00+01:00;8444
2023-12-17 23:00:00+01:00;6378
2023-12-18 00:00:00+01:00;4369
2023-12-18 01:00:00+01:00;3759
2023-12-18 02:00:00+01:00;4017
2023-12-18 03:00:00+01:00;4106
2023-12-18 04:00:00+01:00;4667
2023-12-18 05:00:00+01:00;6183
2023-12-18 06:00:00+01:00;9067
2023-12-18 07:00:00+01:00;11674
2023-12-18 08:00:00+01:00;11551
2023-12-18 09:00:00+01:00;10608
2023-12-18 10:00:00+01:00;9732
2023-12-18 11:00:00+01:00;8857
2023-12-18 12:00:00+01:00;8099
2023-12-18 13:00:00+01:00;7831
2023-12-18 14:00:00+01:00;7510
2023-12-18 15:00:00+01:00;7328
2023-12-18 16:00:00+01:00;7396
2023-12-18 17:00:00+01:00;7696
2023-12-18 18:00:00+01:00;8023
2023-12-18 19:00:00+01:00;8480
2023-12-18 20:00:00+01:00;9055
2023-12-18 21:00:00+01:00;8862
2023-12-18 22:00:00+01:00;8294
2023-12-18 23:00:00+01:00;6295
2023-12-19 00:00:00+01:00;4302
2023-12-19 01:00:00+01:00;3669
2023-12-19 02:00:00+01:00;3630
2023-12-19 03:00:00+01:00;3924
2023-12-19 04:00:00+01:00;4309
2023-12-19 05:00:00+01:00;5857
2023-12-19 06:00:00+01:00;8764
2023-12-19 07:00:00+01:00;10616
2023-12-19 08:00:00+01:00;10578
2023-12-19 09:00:00+01:00;9812
2023-12-19 10:00:00+01:00;8977
2023-12-19 11:00:00+01:00;8168
2023-12-19 12:00:00+01:00;7680
2023-12-19 13:00:00+01:00;7311
2023-12-19 14:00:00+01:00;6831
2023-12-19 15:00:00+01:00;6536
2023-12-19 16:00:00+01:00;6651
2023-12-19 17:00:00+01:00;6900
2023-12-19 18:00:00+01:00;7418
2023-12-19 19:00:00+01:00;7999
2023-12-19 20:00:00+01:00;8475
2023-12-19 21:00:00+01:00;8302
2023-12-19 22:00:00+01:00;7799
2023-12-19 23:00:00+01:00;5955
2023-12-20 00:00:00+01:00;4222
2023-12-20 01:00:00+01:00;3752
2023-12-20 02:00:00+01:00;4013
2023-12-20 03:00:00+01:00;4120
2023-12-20 04:00:00+01:00;4857
2023-12-20 05:00:00+01:00;6910
2023-12-20 06:00:00+01:00;10300
2023-12-20 07:00:00+01:00;10925
2023-12-20 08:00:00+01:00;10871
2023-12-20 09:00:00+01:00;9772
2023-12-20 10:00:00+01:00;8887
2023-12-20 11:00:00+01:00;8231
2023-12-20 12:00:00+01:00;7745
2023-12-20 13:00:00+01:00;7378
2023-12-20 14:00:00+01:00;7095
2023-12-20 15:00:00+01:00;7105
2023-12-20 16:00:00+01:00;7189
2023-12-20 17:00:00+01:00;7538
2023-12-20 18:00:00+01:00;7921
2023-12-20 19:00:00+01:00;8437
2023-12-20 20:00:00+01:00;8973
2023-12-20 21:00:00+01:00;8896
2023-12-20 22:00:00+01:00;8208
2023-12-20 23:00:00+01:00;6347
2023-12-21 00:00:00+01:00;4433
2023-12-21 01:00:00+01:00;4362
2023-12-21 02:00:00+01:00;4633
2023-12-21 03:00:00+01:00;4883
2023-12-21 04:00:00+01:00;5600
2023-12-21 05:00:00+01:00;7290
2023-12-21 06:00:00+01:00;10546
2023-12-21 07:00:00+01:00;13145
2023-12-21 08:00:00+01:00;13002
2023-12-21 09:00:00+01:00;11848
2023-12-21 10:00:00+01:00;10955
2023-12-21 11:00:00+01:00;9980
2023-12-21 12:00:00+01:00;9182
2023-12-21 13:00:00+01:00;8709
2023-12-21 14:00:00+01:00;8507
2023-12-21 15:00:00+01:00;8308
2023-12-21 16:00:00+01:00;8507
2023-12-21 17:00:00+01:00;8731
2023-12-21 18:00:00+01:00;9219
2023-12-21 19:00:00+01:00;9755
2023-12-21 20:00:00+01:00;10354
2023-12-21 21:00:00+01:00;10181
2023-12-21 22:00:00+01:00;9480
2023-12-21 23:00:00+01:00;7208
2023-12-22 00:00:00+01:00;5021
2023-12-22 01:00:00+01:00;4064
2023-12-22 02:00:00+01:00;4269
2023-12-22 03:00:00+01:00;4501
2023-12-22 04:00:00+01:00;5107
2023-12-22 05:00:00+01:00;6715
2023-12-22 06:00:00+01:00;9782
2023-12-22 07:00:00+01:00;12258
2023-12-22 08:00:00+01:00;12132
2023-12-22 09:00:00+01:00;11172
2023-12-22 10:00:00+01:00;10268
2023-12-22 11:00:00+01:00;9311
2023-12-22 12:00:00+01:00;8583
2023-12-22 13:00:00+01:00;8117
2023-12-22 14:00:00+01:00;7963
2023-12-22 15:00:00+01:00;7762
2023-12-22 16:00:00+01:00;7873
2023-12-22 17:00:00+01:00;8179
2023-12-22 18:00:00+01:00;8537
2023-12-22 19:00:00+01:00;9000
2023-12-22 20:00:00+01:00;9549
2023-12-22 21:00:00+01:00;9364
2023-12-22 22:00:00+01:00;8742
2023-12-22 23:00:00+01:00;6611
2023-12-23 00:00:00+01:00;4580
2023-12-23 01:00:00+01:00;4535
2023-12-23 02:00:00+01:00;4778
2023-12-23 03:00:00+01:00;5019
2023-12-23 04:00:00+01:00;5696
2023-12-23 05:00:00+01:00;7452
2023-12-23 06:00:00+01:00;10800
2023-12-23 07:00:00+01:00;13479
2023-12-23 08:00:00+01:00;13334
2023-12-23 09:00:00+01:00;12312
2023-12-23 10:00:00+01:00;11314
2023-12-23 11:00:00+01:00;10288
2023-12-23 12:00:00+01:00;9499
2023-12-23 13:00:00+01:00;9008
2023-12-23 14:00:00+01:00;8829
2023-12-23 15:00:00+01:00;8631
2023-12-23 16:00:00+01:00;8751
2023-12-23 17:00:00+01:00;9082
2023-12-23 18:00:00+01:00;9483
2023-12-23 19:00:00+01:00;9967
2023-12-23 20:00:00+01:00;10540
2023-12-23 21:00:00+01:00;10331
2023-12-23 22:00:00+01:00;9620
2023-12-23 23:00:00+01:00;7291
2023-12-24 00:00:00+01:00;5100
2023-12-24 01:00:00+01:00;4815
2023-12-24 02:00:00+01:00;5075
2023-12-24 03:00:00+01:00;5338
2023-12-24 04:00:00+01:00;6041
2023-12-24 05:00:00+01:00;7908
2023-12-24 06:00:00+01:00;11460
2023-12-24 07:00:00+01:00;14294
2023-12-24 08:00:00+01:00;14152
2023-12-24 09:00:00+01:00;13049
2023-12-24 10:00:00+01:00;11997
2023-12-24 11:00:00+01:00;10908
2023-12-24 12:00:00+01:00;10074
2023-12-24 13:00:00+01:00;9545
2023-12-24 14:00:00+01:00;9350
2023-12-24 15:00:00+01:00;9129
2023-12-24 16:00:00+01:00;9260
2023-12-24 17:00:00+01:00;9607
2023-12-24 18:00:00+01:00;10029
2023-12-24 19:00:00+01:00;10539
2023-12-24 20:00:00+01:00;11146
2023-12-24 21:00:00+01:00;10930
2023-12-24 22:00:00+01:00;10178
2023-12-24 23:00:00+01:00;7721
2023-12-25 00:00:00+01:00;5407
2023-12-25 01:00:00+01:00;5032
2023-12-25 02:00:00+01:00;5375
2023-12-25 03:00:00+01:00;5496
2023-12-25 04:00:00+01:00;6198
2023-12-25 05:00:00+01:00;8053
2023-12-25 06:00:00+01:00;11537
2023-12-25 07:00:00+01:00;14660
2023-12-25 08:00:00+01:00;14518
2023-12-25 09:00:00+01:00;13497
2023-12-25 10:00:00+01:00;12400
2023-12-25 11:00:00+01:00;11363
2023-12-25 12:00:00+01:00;10479
2023-12-25 13:00:00+01:00;10135
2023-12-25 14:00:00+01:00;9776
2023-12-25 15:00:00+01:00;9620
2023-12-25 16:00:00+01:00;9728
2023-12-25 17:00:00+01:00;10100
2023-12-25 18:00:00+01:00;10528
2023-12-25 19:00:00+01:00;11027
2023-12-25 20:00:00+01:00;11596
2023-12-25 21:00:00+01:00;11331
2023-12-25 22:00:00+01:00;10519
2023-12-25 23:00:00+01:00;8024
2023-12-26 00:00:00+01:00;5705
2023-12-26 01:00:00+01:00;4581
2023-12-26 02:00:00+01:00;4574
2023-12-26 03:00:00+01:00;4881
2023-12-26 04:00:00+01:00;5388
2023-12-26 05:00:00+01:00;7224
2023-12-26 06:00:00+01:00;10649
2023-12-26 07:00:00+01:00;12896
2023-12-26 08:00:00+01:00;12826
2023-12-26 09:00:00+01:00;11913
2023-12-26 10:00:00+01:00;10915
2023-12-26 11:00:00+01:00;9977
2023-12-26 12:00:00+01:00;9390
2023-12-26 13:00:00+01:00;8958
2023-12-26 14:00:00+01:00;8373
2023-12-26 15:00:00+01:00;8084
2023-12-26 16:00:00+01:00;8238
2023-12-26 17:00:00+01:00;8551
2023-12-26 18:00:00+01:00;9152
2023-12-26 19:00:00+01:00;9809
2023-12-26 20:00:00+01:00;10303
2023-12-26 21:00:00+01:00;10097
2023-12-26 22:00:00+01:00;9450
2023-12-26 23:00:00+01:00;7264
2023-12-27 00:00:00+01:00;5216
2023-12-27 01:00:00+01:00;4738
2023-12-27 02:00:00+01:00;5132
2023-12-27 03:00:00+01:00;5166
2023-12-27 04:00:00+01:00;6032
2023-12-27 05:00:00+01:00;8341
2023-12-27 06:00:00+01:00;12208
2023-12-27 07:00:00+01:00;12948
2023-12-27 08:00:00+01:00;12764
2023-12-27 09:00:00+01:00;11583
2023-12-27 10:00:00+01:00;10623
2023-12-27 11:00:00+01:00;9859
2023-12-27 12:00:00+01:00;9331
2023-12-27 13:00:00+01:00;8924
2023-12-27 14:00:00+01:00;8618
2023-12-27 15:00:00+01:00;8682
2023-12-27 16:00:00+01:00;8784
2023-12-27 17:00:00+01:00;9245
2023-12-27 18:00:00+01:00;9733
2023-12-27 19:00:00+01:00;10263
2023-12-27 20:00:00+01:00;10779
2023-12-27 21:00:00+01:00;10691
2023-12-27 22:00:00+01:00;9822
2023-12-27 23:00:00+01:00;7674
2023-12-28 00:00:00+01:00;5506
2023-12-28 01:00:00+01:00;6126
2023-12-28 02:00:00+01:00;6522
2023-12-28 03:00:00+01:00;6687
2023-12-28 04:00:00+01:00;7526
2023-12-28 05:00:00+01:00;9234
2023-12-28 06:00:00+01:00;12103
2023-12-28 07:00:00+01:00;14478
2023-12-28 08:00:00+01:00;14277
2023-12-28 09:00:00+01:00;13889
2023-12-28 10:00:00+01:00;12936
2023-12-28 11:00:00+01:00;12089
2023-12-28 12:00:00+01:00;11336
2023-12-28 13:00:00+01:00;11095
2023-12-28 14:00:00+01:00;10945
2023-12-28 15:00:00+01:00;11018
2023-12-28 16:00:00+01:00;11268
2023-12-28 17:00:00+01:00;11868
2023-12-28 18:00:00+01:00;12343
2023-12-28 19:00:00+01:00;12724
2023-12-28 20:00:00+01:00;12742
2023-12-28 21:00:00+01:00;12355
2023-12-28 22:00:00+01:00;11173
2023-12-28 23:00:00+01:00;8604
2023-12-29 00:00:00+01:00;6781
2023-12-29 01:00:00+01:00;6624
2023-12-29 02:00:00+01:00;6990
2023-12-29 03:00:00+01:00;7161
2023-12-29 04:00:00+01:00;8041
2023-12-29 05:00:00+01:00;9859
2023-12-29 06:00:00+01:00;12970
2023-12-29 07:00:00+01:00;15543
2023-12-29 08:00:00+01:00;15339
2023-12-29 09:00:00+01:00;15101
2023-12-29 10:00:00+01:00;13918
2023-12-29 11:00:00+01:00;12953
2023-12-29 12:00:00+01:00;12260
2023-12-29 13:00:00+01:00;11911
2023-12-29 14:00:00+01:00;11857
2023-12-29 15:00:00+01:00;11985
2023-12-29 16:00:00+01:00;12227
2023-12-29 17:00:00+01:00;12750
2023-12-29 18:00:00+01:00;13296
2023-12-29 19:00:00+01:00;13446
2023-12-29 20:00:00+01:00;13489
2023-12-29 21:00:00+01:00;13116
2023-12-29 22:00:00+01:00;11855
2023-12-29 23:00:00+01:00;9067
2023-12-30 00:00:00+01:00;7219
2023-12-30 01:00:00+01:00;7258
2023-12-30 02:00:00+01:00;7667
2023-12-30 03:00:00+01:00;7853
2023-12-30 04:00:00+01:00;8805
2023-12-30 05:00:00+01:00;10762
2023-12-30 06:00:00+01:00;14156
2023-12-30 07:00:00+01:00;16947
2023-12-30 08:00:00+01:00;16723
2023-12-30 09:00:00+01:00;16456
2023-12-30 10:00:00+01:00;15180
2023-12-30 11:00:00+01:00;14144
2023-12-30 12:00:00+01:00;13392
2023-12-30 13:00:00+01:00;13027
2023-12-30 14:00:00+01:00;12944
2023-12-30 15:00:00+01:00;13095
2023-12-30 16:00:00+01:00;13360
2023-12-30 17:00:00+01:00;13920
2023-12-30 18:00:00+01:00;14510
2023-12-30 19:00:00+01:00;14659
2023-12-30 20:00:00+01:00;14693
2023-12-30 21:00:00+01:00;14284
2023-12-30 22:00:00+01:00;12913
2023-12-30 23:00:00+01:00;9880
2023-12-31 00:00:00+01:00;7899
2023-12-31 01:00:00+01:00;7326
2023-12-31 02:00:00+01:00;7738
2023-12-31 03:00:00+01:00;7925
2023-12-31 04:00:00+01:00;8885
2023-12-31 05:00:00+01:00;10874
2023-12-31 06:00:00+01:00;14296
2023-12-31 07:00:00+01:00;17106
2023-12-31 08:00:00+01:00;16883
2023-12-31 09:00:00+01:00;16613
2023-12-31 10:00:00+01:00;15324
2023-12-31 11:00:00+01:00;14278
2023-12-31 12:00:00+01:00;13521
2023-12-31 13:00:00+01:00;13141
2023-12-31 14:00:00+01:00;13070
2023-12-31 15:00:00+01:00;13212
2023-12-31 16:00:00+01:00;13475
2023-12-31 17:00:00+01:00;14042
2023-12-31 18:00:00+01:00;14638
2023-12-31 19:00:00+01:00;14790
2023-12-31 20:00:00+01:00;14825
2023-12-31 21:00:00+01:00;14416
2023-12-31 22:00:00+01:00;13023
2023-12-31 23:00:00+01:00;9980
