;Actual Load
2023-01-01 00:00:00+01:00;89418
2023-01-01 01:00:00+01:00;91566
2023-01-01 02:00:00+01:00;98195
2023-01-01 03:00:00+01:00;111113
2023-01-01 04:00:00+01:00;146802
2023-01-01 05:00:00+01:00;173486
2023-01-01 06:00:00+01:00;169575
2023-01-01 07:00:00+01:00;167672
2023-01-01 08:00:00+01:00;161019
2023-01-01 09:00:00+01:00;153654
2023-01-01 10:00:00+01:00;147147
2023-01-01 11:00:00+01:00;143066
2023-01-01 12:00:00+01:00;142010
2023-01-01 13:00:00+01:00;143196
2023-01-01 14:00:00+01:00;145572
2023-01-01 15:00:00+01:00;150791
2023-01-01 16:00:00+01:00;153642
2023-01-01 17:00:00+01:00;153144
2023-01-01 18:00:00+01:00;151090
2023-01-01 19:00:00+01:00;146156
2023-01-01 20:00:00+01:00;132650
2023-01-01 21:00:00+01:00;107332
2023-01-01 22:00:00+01:00;90202
2023-01-01 23:00:00+01:00;78712
2023-01-02 00:00:00+01:00;81486
2023-01-02 01:00:00+01:00;83784
2023-01-02 02:00:00+01:00;89275
2023-01-02 03:00:00+01:00;101733
2023-01-02 04:00:00+01:00;134961
2023-01-02 05:00:00+01:00;162437
2023-01-02 06:00:00+01:00;158402
2023-01-02 07:00:00+01:00;155956
2023-01-02 08:00:00+01:00;149546
2023-01-02 09:00:00+01:00;143174
2023-01-02 10:00:00+01:00;137161
2023-01-02 11:00:00+01:00;132985
2023-01-02 12:00:00+01:00;131479
2023-01-02 13:00:00+01:00;132897
2023-01-02 14:00:00+01:00;134979
2023-01-02 15:00:00+01:00;139971
2023-01-02 16:00:00+01:00;142390
2023-01-02 17:00:00+01:00;142739
2023-01-02 18:00:00+01:00;140717
2023-01-02 19:00:00+01:00;135842
2023-01-02 20:00:00+01:00;123391
2023-01-02 21:00:00+01:00;99764
2023-01-02 22:00:00+01:00;83155
2023-01-02 23:00:00+01:00;75808
2023-01-03 00:00:00+01:00;76750
2023-01-03 01:00:00+01:00;80220
2023-01-03 02:00:00+01:00;85638
2023-01-03 03:00:00+01:00;98607
2023-01-03 04:00:00+01:00;134643
2023-01-03 05:00:00+01:00;159571
2023-01-03 06:00:00+01:00;152321
2023-01-03 07:00:00+01:00;148777
2023-01-03 08:00:00+01:00;142378
2023-01-03 09:00:00+01:00;135328
2023-01-03 10:00:00+01:00;132137
2023-01-03 11:00:00+01:00;126734
2023-01-03 12:00:00+01:00;124527
2023-01-03 13:00:00+01:00;123557
2023-01-03 14:00:00+01:00;126248
2023-01-03 15:00:00+01:00;132483
2023-01-03 16:00:00+01:00;137934
2023-01-03 17:00:00+01:00;138829
2023-01-03 18:00:00+01:00;136937
2023-01-03 19:00:00+01:00;132376
2023-01-03 20:00:00+01:00;121981
2023-01-03 21:00:00+01:00;97828
2023-01-03 22:00:00+01:00;80954
2023-01-03 23:00:00+01:00;77961
2023-01-04 00:00:00+01:00;80207
2023-01-04 01:00:00+01:00;80155
2023-01-04 02:00:00+01:00;87200
2023-01-04 03:00:00+01:00;104942
2023-01-04 04:00:00+01:00;141890
2023-01-04 05:00:00+01:00;154896
2023-01-04 06:00:00+01:00;146518
2023-01-04 07:00:00+01:00;144260
2023-01-04 08:00:00+01:00;138740
2023-01-04 09:00:00+01:00;132366
2023-01-04 10:00:00+01:00;129196
2023-01-04 11:00:00+01:00;125082
2023-01-04 12:00:00+01:00;124186
2023-01-04 13:00:00+01:00;126814
2023-01-04 14:00:00+01:00;129710
2023-01-04 15:00:00+01:00;133587
2023-01-04 16:00:00+01:00;139967
2023-01-04 17:00:00+01:00;141283
2023-01-04 18:00:00+01:00;139575
2023-01-04 19:00:00+01:00;136174
2023-01-04 20:00:00+01:00;124542
2023-01-04 21:00:00+01:00;99767
2023-01-04 22:00:00+01:00;84487
2023-01-04 23:00:00+01:00;82209
2023-01-05 00:00:00+01:00;84766
2023-01-05 01:00:00+01:00;86958
2023-01-05 02:00:00+01:00;94031
2023-01-05 03:00:00+01:00;107268
2023-01-05 04:00:00+01:00;142648
2023-01-05 05:00:00+01:00;168346
2023-01-05 06:00:00+01:00;163733
2023-01-05 07:00:00+01:00;161315
2023-01-05 08:00:00+01:00;155417
2023-01-05 09:00:00+01:00;148686
2023-01-05 10:00:00+01:00;142151
2023-01-05 11:00:00+01:00;137800
2023-01-05 12:00:00+01:00;137554
2023-01-05 13:00:00+01:00;138283
2023-01-05 14:00:00+01:00;140377
2023-01-05 15:00:00+01:00;145268
2023-01-05 16:00:00+01:00;149699
2023-01-05 17:00:00+01:00;150307
2023-01-05 18:00:00+01:00;148234
2023-01-05 19:00:00+01:00;141808
2023-01-05 20:00:00+01:00;129623
2023-01-05 21:00:00+01:00;104031
2023-01-05 22:00:00+01:00;86672
2023-01-05 23:00:00+01:00;88140
2023-01-06 00:00:00+01:00;91205
2023-01-06 01:00:00+01:00;93399
2023-01-06 02:00:00+01:00;100082
2023-01-06 03:00:00+01:00;113047
2023-01-06 04:00:00+01:00;149085
2023-01-06 05:00:00+01:00;176015
2023-01-06 06:00:00+01:00;172045
2023-01-06 07:00:00+01:00;170468
2023-01-06 08:00:00+01:00;163710
2023-01-06 09:00:00+01:00;156274
2023-01-06 10:00:00+01:00;149722
2023-01-06 11:00:00+01:00;145607
2023-01-06 12:00:00+01:00;144415
2023-01-06 13:00:00+01:00;145661
2023-01-06 14:00:00+01:00;147989
2023-01-06 15:00:00+01:00;153202
2023-01-06 16:00:00+01:00;156039
2023-01-06 17:00:00+01:00;155511
2023-01-06 18:00:00+01:00;153380
2023-01-06 19:00:00+01:00;148255
2023-01-06 20:00:00+01:00;134514
2023-01-06 21:00:00+01:00;109116
2023-01-06 22:00:00+01:00;91931
2023-01-06 23:00:00+01:00;84661
2023-01-07 00:00:00+01:00;87675
2023-01-07 01:00:00+01:00;89898
2023-01-07 02:00:00+01:00;96533
2023-01-07 03:00:00+01:00;109489
2023-01-07 04:00:00+01:00;144916
2023-01-07 05:00:00+01:00;171202
2023-01-07 06:00:00+01:00;167386
2023-01-07 07:00:00+01:00;165285
2023-01-07 08:00:00+01:00;158670
2023-01-07 09:00:00+01:00;151471
2023-01-07 10:00:00+01:00;144975
2023-01-07 11:00:00+01:00;141047
2023-01-07 12:00:00+01:00;140094
2023-01-07 13:00:00+01:00;141145
2023-01-07 14:00:00+01:00;143535
2023-01-07 15:00:00+01:00;148805
2023-01-07 16:00:00+01:00;151589
2023-01-07 17:00:00+01:00;151244
2023-01-07 18:00:00+01:00;149214
2023-01-07 19:00:00+01:00;144397
2023-01-07 20:00:00+01:00;131000
2023-01-07 21:00:00+01:00;105687
2023-01-07 22:00:00+01:00;88580
2023-01-07 23:00:00+01:00;75163
2023-01-08 00:00:00+01:00;78202
2023-01-08 01:00:00+01:00;80103
2023-01-08 02:00:00+01:00;86241
2023-01-08 03:00:00+01:00;98508
2023-01-08 04:00:00+01:00;131336
2023-01-08 05:00:00+01:00;155086
2023-01-08 06:00:00+01:00;151930
2023-01-08 07:00:00+01:00;149136
2023-01-08 08:00:00+01:00;143372
2023-01-08 09:00:00+01:00;136621
2023-01-08 10:00:00+01:00;130588
2023-01-08 11:00:00+01:00;126879
2023-01-08 12:00:00+01:00;126440
2023-01-08 13:00:00+01:00;127430
2023-01-08 14:00:00+01:00;129749
2023-01-08 15:00:00+01:00;134738
2023-01-08 16:00:00+01:00;137418
2023-01-08 17:00:00+01:00;137156
2023-01-08 18:00:00+01:00;135343
2023-01-08 19:00:00+01:00;131290
2023-01-08 20:00:00+01:00;119172
2023-01-08 21:00:00+01:00;95051
2023-01-08 22:00:00+01:00;79048
2023-01-08 23:00:00+01:00;57993
2023-01-09 00:00:00+01:00;61121
2023-01-09 01:00:00+01:00;62611
2023-01-09 02:00:00+01:00;68494
2023-01-09 03:00:00+01:00;82143
2023-01-09 04:00:00+01:00;109681
2023-01-09 05:00:00+01:00;133427
2023-01-09 06:00:00+01:00;130875
2023-01-09 07:00:00+01:00;127668
2023-01-09 08:00:00+01:00;119619
2023-01-09 09:00:00+01:00;112967
2023-01-09 10:00:00+01:00;107461
2023-01-09 11:00:00+01:00;104097
2023-01-09 12:00:00+01:00;102956
2023-01-09 13:00:00+01:00;104248
2023-01-09 14:00:00+01:00;106245
2023-01-09 15:00:00+01:00;110358
2023-01-09 16:00:00+01:00;113881
2023-01-09 17:00:00+01:00;115444
2023-01-09 18:00:00+01:00;114927
2023-01-09 19:00:00+01:00;111469
2023-01-09 20:00:00+01:00;100917
2023-01-09 21:00:00+01:00;78755
2023-01-09 22:00:00+01:00;63438
2023-01-09 23:00:00+01:00;40878
2023-01-10 00:00:00+01:00;42981
2023-01-10 01:00:00+01:00;44182
2023-01-10 02:00:00+01:00;49625
2023-01-10 03:00:00+01:00;62080
2023-01-10 04:00:00+01:00;85279
2023-01-10 05:00:00+01:00;100811
2023-01-10 06:00:00+01:00;97474
2023-01-10 07:00:00+01:00;93823
2023-01-10 08:00:00+01:00;87228
2023-01-10 09:00:00+01:00;80380
2023-01-10 10:00:00+01:00;78123
2023-01-10 11:00:00+01:00;75562
2023-01-10 12:00:00+01:00;71976
2023-01-10 13:00:00+01:00;70854
2023-01-10 14:00:00+01:00;73778
2023-01-10 15:00:00+01:00;78075
2023-01-10 16:00:00+01:00;83076
2023-01-10 17:00:00+01:00;85834
2023-01-10 18:00:00+01:00;85541
2023-01-10 19:00:00+01:00;83943
2023-01-10 20:00:00+01:00;75732
2023-01-10 21:00:00+01:00;59793
2023-01-10 22:00:00+01:00;46339
2023-01-10 23:00:00+01:00;55082
2023-01-11 00:00:00+01:00;60515
2023-01-11 01:00:00+01:00;58014
2023-01-11 02:00:00+01:00;64912
2023-01-11 03:00:00+01:00;81735
2023-01-11 04:00:00+01:00;113384
2023-01-11 05:00:00+01:00;122860
2023-01-11 06:00:00+01:00;115997
2023-01-11 07:00:00+01:00;110593
2023-01-11 08:00:00+01:00;104820
2023-01-11 09:00:00+01:00;98162
2023-01-11 10:00:00+01:00;95057
2023-01-11 11:00:00+01:00;92160
2023-01-11 12:00:00+01:00;90716
2023-01-11 13:00:00+01:00;93141
2023-01-11 14:00:00+01:00;94622
2023-01-11 15:00:00+01:00;100315
2023-01-11 16:00:00+01:00;106070
2023-01-11 17:00:00+01:00;108057
2023-01-11 18:00:00+01:00;108414
2023-01-11 19:00:00+01:00;107191
2023-01-11 20:00:00+01:00;96701
2023-01-11 21:00:00+01:00;77605
2023-01-11 22:00:00+01:00;61095
2023-01-11 23:00:00+01:00;56086
2023-01-12 00:00:00+01:00;59391
2023-01-12 01:00:00+01:00;60834
2023-01-12 02:00:00+01:00;67656
2023-01-12 03:00:00+01:00;81743
2023-01-12 04:00:00+01:00;108289
2023-01-12 05:00:00+01:00;128668
2023-01-12 06:00:00+01:00;126149
2023-01-12 07:00:00+01:00;122456
2023-01-12 08:00:00+01:00;114995
2023-01-12 09:00:00+01:00;108338
2023-01-12 10:00:00+01:00;102261
2023-01-12 11:00:00+01:00;99910
2023-01-12 12:00:00+01:00;98750
2023-01-12 13:00:00+01:00;99487
2023-01-12 14:00:00+01:00;101651
2023-01-12 15:00:00+01:00;106530
2023-01-12 16:00:00+01:00;110606
2023-01-12 17:00:00+01:00;113175
2023-01-12 18:00:00+01:00;112904
2023-01-12 19:00:00+01:00;109155
2023-01-12 20:00:00+01:00;98735
2023-01-12 21:00:00+01:00;76773
2023-01-12 22:00:00+01:00;61356
2023-01-12 23:00:00+01:00;50461
2023-01-13 00:00:00+01:00;53274
2023-01-13 01:00:00+01:00;54525
2023-01-13 02:00:00+01:00;60773
2023-01-13 03:00:00+01:00;73981
2023-01-13 04:00:00+01:00;98228
2023-01-13 05:00:00+01:00;117238
2023-01-13 06:00:00+01:00;115232
2023-01-13 07:00:00+01:00;112857
2023-01-13 08:00:00+01:00;104713
2023-01-13 09:00:00+01:00;97967
2023-01-13 10:00:00+01:00;92931
2023-01-13 11:00:00+01:00;90380
2023-01-13 12:00:00+01:00;89846
2023-01-13 13:00:00+01:00;90781
2023-01-13 14:00:00+01:00;92690
2023-01-13 15:00:00+01:00;96560
2023-01-13 16:00:00+01:00;100461
2023-01-13 17:00:00+01:00;101491
2023-01-13 18:00:00+01:00;101635
2023-01-13 19:00:00+01:00;98760
2023-01-13 20:00:00+01:00;89149
2023-01-13 21:00:00+01:00;68612
2023-01-13 22:00:00+01:00;54833
2023-01-13 23:00:00+01:00;57878
2023-01-14 00:00:00+01:00;60971
2023-01-14 01:00:00+01:00;62459
2023-01-14 02:00:00+01:00;69159
2023-01-14 03:00:00+01:00;83256
2023-01-14 04:00:00+01:00;110762
2023-01-14 05:00:00+01:00;131996
2023-01-14 06:00:00+01:00;129652
2023-01-14 07:00:00+01:00;126849
2023-01-14 08:00:00+01:00;118402
2023-01-14 09:00:00+01:00;111170
2023-01-14 10:00:00+01:00;105570
2023-01-14 11:00:00+01:00;102724
2023-01-14 12:00:00+01:00;102011
2023-01-14 13:00:00+01:00;103013
2023-01-14 14:00:00+01:00;105124
2023-01-14 15:00:00+01:00;109420
2023-01-14 16:00:00+01:00;113422
2023-01-14 17:00:00+01:00;114371
2023-01-14 18:00:00+01:00;114277
2023-01-14 19:00:00+01:00;111019
2023-01-14 20:00:00+01:00;100353
2023-01-14 21:00:00+01:00;77669
2023-01-14 22:00:00+01:00;62520
2023-01-14 23:00:00+01:00;57101
2023-01-15 00:00:00+01:00;60157
2023-01-15 01:00:00+01:00;61588
2023-01-15 02:00:00+01:00;68195
2023-01-15 03:00:00+01:00;82139
2023-01-15 04:00:00+01:00;109241
2023-01-15 05:00:00+01:00;130126
2023-01-15 06:00:00+01:00;127849
2023-01-15 07:00:00+01:00;125107
2023-01-15 08:00:00+01:00;116803
2023-01-15 09:00:00+01:00;109645
2023-01-15 10:00:00+01:00;104138
2023-01-15 11:00:00+01:00;101251
2023-01-15 12:00:00+01:00;100639
2023-01-15 13:00:00+01:00;101608
2023-01-15 14:00:00+01:00;103678
2023-01-15 15:00:00+01:00;107908
2023-01-15 16:00:00+01:00;111878
2023-01-15 17:00:00+01:00;112794
2023-01-15 18:00:00+01:00;112699
2023-01-15 19:00:00+01:00;109504
2023-01-15 20:00:00+01:00;98945
2023-01-15 21:00:00+01:00;76645
2023-01-15 22:00:00+01:00;61671
2023-01-15 23:00:00+01:00;56786
2023-01-16 00:00:00+01:00;59941
2023-01-16 01:00:00+01:00;61371
2023-01-16 02:00:00+01:00;67352
2023-01-16 03:00:00+01:00;81211
2023-01-16 04:00:00+01:00;108409
2023-01-16 05:00:00+01:00;132049
2023-01-16 06:00:00+01:00;129581
2023-01-16 07:00:00+01:00;126378
2023-01-16 08:00:00+01:00;118071
2023-01-16 09:00:00+01:00;111322
2023-01-16 10:00:00+01:00;105821
2023-01-16 11:00:00+01:00;102519
2023-01-16 12:00:00+01:00;101354
2023-01-16 13:00:00+01:00;102660
2023-01-16 14:00:00+01:00;104648
2023-01-16 15:00:00+01:00;108692
2023-01-16 16:00:00+01:00;112336
2023-01-16 17:00:00+01:00;114038
2023-01-16 18:00:00+01:00;113643
2023-01-16 19:00:00+01:00;110259
2023-01-16 20:00:00+01:00;99773
2023-01-16 21:00:00+01:00;77636
2023-01-16 22:00:00+01:00;62352
2023-01-16 23:00:00+01:00;69402
2023-01-17 00:00:00+01:00;70252
2023-01-17 01:00:00+01:00;73562
2023-01-17 02:00:00+01:00;78528
2023-01-17 03:00:00+01:00;90453
2023-01-17 04:00:00+01:00;123742
2023-01-17 05:00:00+01:00;146528
2023-01-17 06:00:00+01:00;139773
2023-01-17 07:00:00+01:00;136658
2023-01-17 08:00:00+01:00;130759
2023-01-17 09:00:00+01:00;124182
2023-01-17 10:00:00+01:00;121380
2023-01-17 11:00:00+01:00;116343
2023-01-17 12:00:00+01:00;114388
2023-01-17 13:00:00+01:00;113357
2023-01-17 14:00:00+01:00;115949
2023-01-17 15:00:00+01:00;121760
2023-01-17 16:00:00+01:00;126914
2023-01-17 17:00:00+01:00;127745
2023-01-17 18:00:00+01:00;125983
2023-01-17 19:00:00+01:00;121770
2023-01-17 20:00:00+01:00;112208
2023-01-17 21:00:00+01:00;89845
2023-01-17 22:00:00+01:00;74283
2023-01-17 23:00:00+01:00;80542
2023-01-18 00:00:00+01:00;82838
2023-01-18 01:00:00+01:00;82830
2023-01-18 02:00:00+01:00;90100
2023-01-18 03:00:00+01:00;108325
2023-01-18 04:00:00+01:00;146344
2023-01-18 05:00:00+01:00;159722
2023-01-18 06:00:00+01:00;151132
2023-01-18 07:00:00+01:00;148795
2023-01-18 08:00:00+01:00;143112
2023-01-18 09:00:00+01:00;136580
2023-01-18 10:00:00+01:00;133307
2023-01-18 11:00:00+01:00;129068
2023-01-18 12:00:00+01:00;128131
2023-01-18 13:00:00+01:00;130813
2023-01-18 14:00:00+01:00;133799
2023-01-18 15:00:00+01:00;137773
2023-01-18 16:00:00+01:00;144313
2023-01-18 17:00:00+01:00;145652
2023-01-18 18:00:00+01:00;143883
2023-01-18 19:00:00+01:00;140359
2023-01-18 20:00:00+01:00;128416
2023-01-18 21:00:00+01:00;102920
2023-01-18 22:00:00+01:00;87214
2023-01-18 23:00:00+01:00;88821
2023-01-19 00:00:00+01:00;91551
2023-01-19 01:00:00+01:00;93903
2023-01-19 02:00:00+01:00;101356
2023-01-19 03:00:00+01:00;115385
2023-01-19 04:00:00+01:00;153099
2023-01-19 05:00:00+01:00;180679
2023-01-19 06:00:00+01:00;175740
2023-01-19 07:00:00+01:00;173203
2023-01-19 08:00:00+01:00;166998
2023-01-19 09:00:00+01:00;159788
2023-01-19 10:00:00+01:00;152780
2023-01-19 11:00:00+01:00;148200
2023-01-19 12:00:00+01:00;147758
2023-01-19 13:00:00+01:00;148487
2023-01-19 14:00:00+01:00;150605
2023-01-19 15:00:00+01:00;155805
2023-01-19 16:00:00+01:00;160471
2023-01-19 17:00:00+01:00;161068
2023-01-19 18:00:00+01:00;158827
2023-01-19 19:00:00+01:00;151918
2023-01-19 20:00:00+01:00;138894
2023-01-19 21:00:00+01:00;111928
2023-01-19 22:00:00+01:00;93465
2023-01-19 23:00:00+01:00;93066
2023-01-20 00:00:00+01:00;96294
2023-01-20 01:00:00+01:00;98608
2023-01-20 02:00:00+01:00;105628
2023-01-20 03:00:00+01:00;119275
2023-01-20 04:00:00+01:00;157282
2023-01-20 05:00:00+01:00;185790
2023-01-20 06:00:00+01:00;181553
2023-01-20 07:00:00+01:00;179820
2023-01-20 08:00:00+01:00;172663
2023-01-20 09:00:00+01:00;164836
2023-01-20 10:00:00+01:00;157933
2023-01-20 11:00:00+01:00;153583
2023-01-20 12:00:00+01:00;152248
2023-01-20 13:00:00+01:00;153534
2023-01-20 14:00:00+01:00;155982
2023-01-20 15:00:00+01:00;161431
2023-01-20 16:00:00+01:00;164428
2023-01-20 17:00:00+01:00;163856
2023-01-20 18:00:00+01:00;161650
2023-01-20 19:00:00+01:00;156250
2023-01-20 20:00:00+01:00;141783
2023-01-20 21:00:00+01:00;115137
2023-01-20 22:00:00+01:00;97038
2023-01-20 23:00:00+01:00;98553
2023-01-21 00:00:00+01:00;101180
2023-01-21 01:00:00+01:00;103621
2023-01-21 02:00:00+01:00;110630
2023-01-21 03:00:00+01:00;123262
2023-01-21 04:00:00+01:00;160274
2023-01-21 05:00:00+01:00;189267
2023-01-21 06:00:00+01:00;184506
2023-01-21 07:00:00+01:00;185025
2023-01-21 08:00:00+01:00;177310
2023-01-21 09:00:00+01:00;169664
2023-01-21 10:00:00+01:00;162984
2023-01-21 11:00:00+01:00;158820
2023-01-21 12:00:00+01:00;156693
2023-01-21 13:00:00+01:00;158196
2023-01-21 14:00:00+01:00;160362
2023-01-21 15:00:00+01:00;165366
2023-01-21 16:00:00+01:00;168286
2023-01-21 17:00:00+01:00;167440
2023-01-21 18:00:00+01:00;165035
2023-01-21 19:00:00+01:00;158765
2023-01-21 20:00:00+01:00;143931
2023-01-21 21:00:00+01:00;119185
2023-01-21 22:00:00+01:00;101877
2023-01-21 23:00:00+01:00;99072
2023-01-22 00:00:00+01:00;101826
2023-01-22 01:00:00+01:00;104241
2023-01-22 02:00:00+01:00;111144
2023-01-22 03:00:00+01:00;123871
2023-01-22 04:00:00+01:00;161011
2023-01-22 05:00:00+01:00;190049
2023-01-22 06:00:00+01:00;185235
2023-01-22 07:00:00+01:00;185932
2023-01-22 08:00:00+01:00;178254
2023-01-22 09:00:00+01:00;170468
2023-01-22 10:00:00+01:00;163793
2023-01-22 11:00:00+01:00;159496
2023-01-22 12:00:00+01:00;157356
2023-01-22 13:00:00+01:00;158920
2023-01-22 14:00:00+01:00;161049
2023-01-22 15:00:00+01:00;166135
2023-01-22 16:00:00+01:00;168958
2023-01-22 17:00:00+01:00;168084
2023-01-22 18:00:00+01:00;165652
2023-01-22 19:00:00+01:00;159361
2023-01-22 20:00:00+01:00;144499
2023-01-22 21:00:00+01:00;119636
2023-01-22 22:00:00+01:00;102364
2023-01-22 23:00:00+01:00;98546
2023-01-23 00:00:00+01:00;100546
2023-01-23 01:00:00+01:00;103423
2023-01-23 02:00:00+01:00;109633
2023-01-23 03:00:00+01:00;122354
2023-01-23 04:00:00+01:00;159075
2023-01-23 05:00:00+01:00;191131
2023-01-23 06:00:00+01:00;185352
2023-01-23 07:00:00+01:00;185932
2023-01-23 08:00:00+01:00;178496
2023-01-23 09:00:00+01:00;171312
2023-01-23 10:00:00+01:00;164704
2023-01-23 11:00:00+01:00;160350
2023-01-23 12:00:00+01:00;157372
2023-01-23 13:00:00+01:00;159470
2023-01-23 14:00:00+01:00;161305
2023-01-23 15:00:00+01:00;166512
2023-01-23 16:00:00+01:00;168423
2023-01-23 17:00:00+01:00;168737
2023-01-23 18:00:00+01:00;165548
2023-01-23 19:00:00+01:00;158984
2023-01-23 20:00:00+01:00;144193
2023-01-23 21:00:00+01:00;119986
2023-01-23 22:00:00+01:00;102610
2023-01-23 23:00:00+01:00;97431
2023-01-24 00:00:00+01:00;99088
2023-01-24 01:00:00+01:00;101769
2023-01-24 02:00:00+01:00;107235
2023-01-24 03:00:00+01:00;120864
2023-01-24 04:00:00+01:00;159280
2023-01-24 05:00:00+01:00;187053
2023-01-24 06:00:00+01:00;179515
2023-01-24 07:00:00+01:00;176149
2023-01-24 08:00:00+01:00;170979
2023-01-24 09:00:00+01:00;163732
2023-01-24 10:00:00+01:00;159516
2023-01-24 11:00:00+01:00;155134
2023-01-24 12:00:00+01:00;152330
2023-01-24 13:00:00+01:00;151962
2023-01-24 14:00:00+01:00;152543
2023-01-24 15:00:00+01:00;159286
2023-01-24 16:00:00+01:00;163188
2023-01-24 17:00:00+01:00;163248
2023-01-24 18:00:00+01:00;161002
2023-01-24 19:00:00+01:00;155875
2023-01-24 20:00:00+01:00;142376
2023-01-24 21:00:00+01:00;119072
2023-01-24 22:00:00+01:00;101631
2023-01-24 23:00:00+01:00;93387
2023-01-25 00:00:00+01:00;95848
2023-01-25 01:00:00+01:00;96241
2023-01-25 02:00:00+01:00;103550
2023-01-25 03:00:00+01:00;121266
2023-01-25 04:00:00+01:00;162501
2023-01-25 05:00:00+01:00;178179
2023-01-25 06:00:00+01:00;168784
2023-01-25 07:00:00+01:00;166918
2023-01-25 08:00:00+01:00;160899
2023-01-25 09:00:00+01:00;154257
2023-01-25 10:00:00+01:00;150688
2023-01-25 11:00:00+01:00;146075
2023-01-25 12:00:00+01:00;144715
2023-01-25 13:00:00+01:00;147005
2023-01-25 14:00:00+01:00;150151
2023-01-25 15:00:00+01:00;155114
2023-01-25 16:00:00+01:00;161124
2023-01-25 17:00:00+01:00;161796
2023-01-25 18:00:00+01:00;159664
2023-01-25 19:00:00+01:00;155419
2023-01-25 20:00:00+01:00;142628
2023-01-25 21:00:00+01:00;116447
2023-01-25 22:00:00+01:00;98918
2023-01-25 23:00:00+01:00;87670
2023-01-26 00:00:00+01:00;90344
2023-01-26 01:00:00+01:00;92662
2023-01-26 02:00:00+01:00;100014
2023-01-26 03:00:00+01:00;113821
2023-01-26 04:00:00+01:00;150993
2023-01-26 05:00:00+01:00;178264
2023-01-26 06:00:00+01:00;173356
2023-01-26 07:00:00+01:00;170873
2023-01-26 08:00:00+01:00;164742
2023-01-26 09:00:00+01:00;157630
2023-01-26 10:00:00+01:00;150724
2023-01-26 11:00:00+01:00;146197
2023-01-26 12:00:00+01:00;145778
2023-01-26 13:00:00+01:00;146493
2023-01-26 14:00:00+01:00;148602
2023-01-26 15:00:00+01:00;153743
2023-01-26 16:00:00+01:00;158350
2023-01-26 17:00:00+01:00;158923
2023-01-26 18:00:00+01:00;156709
2023-01-26 19:00:00+01:00;149894
2023-01-26 20:00:00+01:00;137060
2023-01-26 21:00:00+01:00;110479
2023-01-26 22:00:00+01:00;92255
2023-01-26 23:00:00+01:00;83295
2023-01-27 00:00:00+01:00;86538
2023-01-27 01:00:00+01:00;88637
2023-01-27 02:00:00+01:00;95254
2023-01-27 03:00:00+01:00;108425
2023-01-27 04:00:00+01:00;144164
2023-01-27 05:00:00+01:00;170231
2023-01-27 06:00:00+01:00;166655
2023-01-27 07:00:00+01:00;163924
2023-01-27 08:00:00+01:00;157576
2023-01-27 09:00:00+01:00;150263
2023-01-27 10:00:00+01:00;143728
2023-01-27 11:00:00+01:00;139674
2023-01-27 12:00:00+01:00;138938
2023-01-27 13:00:00+01:00;140029
2023-01-27 14:00:00+01:00;142471
2023-01-27 15:00:00+01:00;147775
2023-01-27 16:00:00+01:00;150639
2023-01-27 17:00:00+01:00;150279
2023-01-27 18:00:00+01:00;148288
2023-01-27 19:00:00+01:00;143710
2023-01-27 20:00:00+01:00;130438
2023-01-27 21:00:00+01:00;104613
2023-01-27 22:00:00+01:00;87357
2023-01-27 23:00:00+01:00;79650
2023-01-28 00:00:00+01:00;82690
2023-01-28 01:00:00+01:00;84816
2023-01-28 02:00:00+01:00;91230
2023-01-28 03:00:00+01:00;103983
2023-01-28 04:00:00+01:00;138305
2023-01-28 05:00:00+01:00;163403
2023-01-28 06:00:00+01:00;159890
2023-01-28 07:00:00+01:00;157233
2023-01-28 08:00:00+01:00;151033
2023-01-28 09:00:00+01:00;144088
2023-01-28 10:00:00+01:00;137768
2023-01-28 11:00:00+01:00;133975
2023-01-28 12:00:00+01:00;133352
2023-01-28 13:00:00+01:00;134279
2023-01-28 14:00:00+01:00;136683
2023-01-28 15:00:00+01:00;141930
2023-01-28 16:00:00+01:00;144616
2023-01-28 17:00:00+01:00;144392
2023-01-28 18:00:00+01:00;142475
2023-01-28 19:00:00+01:00;138100
2023-01-28 20:00:00+01:00;125316
2023-01-28 21:00:00+01:00;100354
2023-01-28 22:00:00+01:00;83636
2023-01-28 23:00:00+01:00;81449
2023-01-29 00:00:00+01:00;84715
2023-01-29 01:00:00+01:00;86775
2023-01-29 02:00:00+01:00;93330
2023-01-29 03:00:00+01:00;106460
2023-01-29 04:00:00+01:00;141868
2023-01-29 05:00:00+01:00;167512
2023-01-29 06:00:00+01:00;164070
2023-01-29 07:00:00+01:00;161071
2023-01-29 08:00:00+01:00;154881
2023-01-29 09:00:00+01:00;147652
2023-01-29 10:00:00+01:00;141167
2023-01-29 11:00:00+01:00;137159
2023-01-29 12:00:00+01:00;136556
2023-01-29 13:00:00+01:00;137603
2023-01-29 14:00:00+01:00;140057
2023-01-29 15:00:00+01:00;145353
2023-01-29 16:00:00+01:00;148201
2023-01-29 17:00:00+01:00;147887
2023-01-29 18:00:00+01:00;145939
2023-01-29 19:00:00+01:00;141534
2023-01-29 20:00:00+01:00;128474
2023-01-29 21:00:00+01:00;102707
2023-01-29 22:00:00+01:00;85554
2023-01-29 23:00:00+01:00;84663
2023-01-30 00:00:00+01:00;87918
2023-01-30 01:00:00+01:00;90410
2023-01-30 02:00:00+01:00;96253
2023-01-30 03:00:00+01:00;109937
2023-01-30 04:00:00+01:00;146688
2023-01-30 05:00:00+01:00;176495
2023-01-30 06:00:00+01:00;172357
2023-01-30 07:00:00+01:00;168776
2023-01-30 08:00:00+01:00;162053
2023-01-30 09:00:00+01:00;155183
2023-01-30 10:00:00+01:00;148578
2023-01-30 11:00:00+01:00;143891
2023-01-30 12:00:00+01:00;142462
2023-01-30 13:00:00+01:00;143796
2023-01-30 14:00:00+01:00;146153
2023-01-30 15:00:00+01:00;151652
2023-01-30 16:00:00+01:00;154386
2023-01-30 17:00:00+01:00;154677
2023-01-30 18:00:00+01:00;152660
2023-01-30 19:00:00+01:00;147535
2023-01-30 20:00:00+01:00;134124
2023-01-30 21:00:00+01:00;107928
2023-01-30 22:00:00+01:00;89540
2023-01-30 23:00:00+01:00;87169
2023-01-31 00:00:00+01:00;88302
2023-01-31 01:00:00+01:00;91802
2023-01-31 02:00:00+01:00;97614
2023-01-31 03:00:00+01:00;111621
2023-01-31 04:00:00+01:00;150938
2023-01-31 05:00:00+01:00;178691
2023-01-31 06:00:00+01:00;170797
2023-01-31 07:00:00+01:00;166914
2023-01-31 08:00:00+01:00;160348
2023-01-31 09:00:00+01:00;152837
2023-01-31 10:00:00+01:00;149058
2023-01-31 11:00:00+01:00;143470
2023-01-31 12:00:00+01:00;140957
2023-01-31 13:00:00+01:00;140167
2023-01-31 14:00:00+01:00;142489
2023-01-31 15:00:00+01:00;149257
2023-01-31 16:00:00+01:00;154641
2023-01-31 17:00:00+01:00;155346
2023-01-31 18:00:00+01:00;153227
2023-01-31 19:00:00+01:00;148158
2023-01-31 20:00:00+01:00;136314
2023-01-31 21:00:00+01:00;110570
2023-01-31 22:00:00+01:00;92328
2023-01-31 23:00:00+01:00;91997
2023-02-01 00:00:00+01:00;94437
2023-02-01 01:00:00+01:00;94769
2023-02-01 02:00:00+01:00;102118
2023-02-01 03:00:00+01:00;120020
2023-02-01 04:00:00+01:00;161007
2023-02-01 05:00:00+01:00;176503
2023-02-01 06:00:00+01:00;167144
2023-02-01 07:00:00+01:00;165135
2023-02-01 08:00:00+01:00;159117
2023-02-01 09:00:00+01:00;152444
2023-02-01 10:00:00+01:00;148902
2023-02-01 11:00:00+01:00;144310
2023-02-01 12:00:00+01:00;143013
2023-02-01 13:00:00+01:00;145373
2023-02-01 14:00:00+01:00;148530
2023-02-01 15:00:00+01:00;153370
2023-02-01 16:00:00+01:00;159518
2023-02-01 17:00:00+01:00;160301
2023-02-01 18:00:00+01:00;158232
2023-02-01 19:00:00+01:00;154089
2023-02-01 20:00:00+01:00;141372
2023-02-01 21:00:00+01:00;115123
2023-02-01 22:00:00+01:00;97771
2023-02-01 23:00:00+01:00;92244
2023-02-02 00:00:00+01:00;94964
2023-02-02 01:00:00+01:00;97361
2023-02-02 02:00:00+01:00;104727
2023-02-02 03:00:00+01:00;118667
2023-02-02 04:00:00+01:00;156385
2023-02-02 05:00:00+01:00;184552
2023-02-02 06:00:00+01:00;179542
2023-02-02 07:00:00+01:00;177446
2023-02-02 08:00:00+01:00;171351
2023-02-02 09:00:00+01:00;163946
2023-02-02 10:00:00+01:00;156767
2023-02-02 11:00:00+01:00;152355
2023-02-02 12:00:00+01:00;151578
2023-02-02 13:00:00+01:00;152232
2023-02-02 14:00:00+01:00;154116
2023-02-02 15:00:00+01:00;159436
2023-02-02 16:00:00+01:00;164008
2023-02-02 17:00:00+01:00;164536
2023-02-02 18:00:00+01:00;162134
2023-02-02 19:00:00+01:00;154972
2023-02-02 20:00:00+01:00;141734
2023-02-02 21:00:00+01:00;115223
2023-02-02 22:00:00+01:00;96695
2023-02-02 23:00:00+01:00;97148
2023-02-03 00:00:00+01:00;100259
2023-02-03 01:00:00+01:00;102651
2023-02-03 02:00:00+01:00;109755
2023-02-03 03:00:00+01:00;123314
2023-02-03 04:00:00+01:00;161756
2023-02-03 05:00:00+01:00;191156
2023-02-03 06:00:00+01:00;186567
2023-02-03 07:00:00+01:00;185603
2023-02-03 08:00:00+01:00;178098
2023-02-03 09:00:00+01:00;170139
2023-02-03 10:00:00+01:00;163181
2023-02-03 11:00:00+01:00;158752
2023-02-03 12:00:00+01:00;157082
2023-02-03 13:00:00+01:00;158475
2023-02-03 14:00:00+01:00;160875
2023-02-03 15:00:00+01:00;166297
2023-02-03 16:00:00+01:00;169301
2023-02-03 17:00:00+01:00;168590
2023-02-03 18:00:00+01:00;166286
2023-02-03 19:00:00+01:00;160474
2023-02-03 20:00:00+01:00;145604
2023-02-03 21:00:00+01:00;119131
2023-02-03 22:00:00+01:00;100957
2023-02-03 23:00:00+01:00;105634
2023-02-04 00:00:00+01:00;108025
2023-02-04 01:00:00+01:00;110525
2023-02-04 02:00:00+01:00;117704
2023-02-04 03:00:00+01:00;130118
2023-02-04 04:00:00+01:00;168204
2023-02-04 05:00:00+01:00;199982
2023-02-04 06:00:00+01:00;194187
2023-02-04 07:00:00+01:00;195060
2023-02-04 08:00:00+01:00;186691
2023-02-04 09:00:00+01:00;178778
2023-02-04 10:00:00+01:00;171910
2023-02-04 11:00:00+01:00;167468
2023-02-04 12:00:00+01:00;164960
2023-02-04 13:00:00+01:00;166477
2023-02-04 14:00:00+01:00;168912
2023-02-04 15:00:00+01:00;174031
2023-02-04 16:00:00+01:00;177141
2023-02-04 17:00:00+01:00;175899
2023-02-04 18:00:00+01:00;173514
2023-02-04 19:00:00+01:00;166820
2023-02-04 20:00:00+01:00;151514
2023-02-04 21:00:00+01:00;126865
2023-02-04 22:00:00+01:00;108906
2023-02-04 23:00:00+01:00;108752
2023-02-05 00:00:00+01:00;111268
2023-02-05 01:00:00+01:00;113838
2023-02-05 02:00:00+01:00;121001
2023-02-05 03:00:00+01:00;133655
2023-02-05 04:00:00+01:00;172301
2023-02-05 05:00:00+01:00;204328
2023-02-05 06:00:00+01:00;198432
2023-02-05 07:00:00+01:00;200147
2023-02-05 08:00:00+01:00;191610
2023-02-05 09:00:00+01:00;183443
2023-02-05 10:00:00+01:00;176521
2023-02-05 11:00:00+01:00;171920
2023-02-05 12:00:00+01:00;169169
2023-02-05 13:00:00+01:00;170853
2023-02-05 14:00:00+01:00;173114
2023-02-05 15:00:00+01:00;178320
2023-02-05 16:00:00+01:00;181277
2023-02-05 17:00:00+01:00;180012
2023-02-05 18:00:00+01:00;177471
2023-02-05 19:00:00+01:00;170429
2023-02-05 20:00:00+01:00;154693
2023-02-05 21:00:00+01:00;129821
2023-02-05 22:00:00+01:00;111877
2023-02-05 23:00:00+01:00;109376
2023-02-06 00:00:00+01:00;110969
2023-02-06 01:00:00+01:00;114058
2023-02-06 02:00:00+01:00;120638
2023-02-06 03:00:00+01:00;133485
2023-02-06 04:00:00+01:00;172286
2023-02-06 05:00:00+01:00;207969
2023-02-06 06:00:00+01:00;200896
2023-02-06 07:00:00+01:00;202345
2023-02-06 08:00:00+01:00;194166
2023-02-06 09:00:00+01:00;186434
2023-02-06 10:00:00+01:00;179420
2023-02-06 11:00:00+01:00;174773
2023-02-06 12:00:00+01:00;171205
2023-02-06 13:00:00+01:00;173556
2023-02-06 14:00:00+01:00;175492
2023-02-06 15:00:00+01:00;180962
2023-02-06 16:00:00+01:00;182826
2023-02-06 17:00:00+01:00;183046
2023-02-06 18:00:00+01:00;179490
2023-02-06 19:00:00+01:00;172214
2023-02-06 20:00:00+01:00;156381
2023-02-06 21:00:00+01:00;131616
2023-02-06 22:00:00+01:00;113364
2023-02-06 23:00:00+01:00;106225
2023-02-07 00:00:00+01:00;107851
2023-02-07 01:00:00+01:00;110376
2023-02-07 02:00:00+01:00;115992
2023-02-07 03:00:00+01:00;129661
2023-02-07 04:00:00+01:00;170172
2023-02-07 05:00:00+01:00;201864
2023-02-07 06:00:00+01:00;192713
2023-02-07 07:00:00+01:00;188906
2023-02-07 08:00:00+01:00;183359
2023-02-07 09:00:00+01:00;175614
2023-02-07 10:00:00+01:00;171054
2023-02-07 11:00:00+01:00;166460
2023-02-07 12:00:00+01:00;163473
2023-02-07 13:00:00+01:00;162999
2023-02-07 14:00:00+01:00;163813
2023-02-07 15:00:00+01:00;170934
2023-02-07 16:00:00+01:00;174933
2023-02-07 17:00:00+01:00;174586
2023-02-07 18:00:00+01:00;172451
2023-02-07 19:00:00+01:00;167231
2023-02-07 20:00:00+01:00;153048
2023-02-07 21:00:00+01:00;129275
2023-02-07 22:00:00+01:00;110563
2023-02-07 23:00:00+01:00;98226
2023-02-08 00:00:00+01:00;100536
2023-02-08 01:00:00+01:00;101132
2023-02-08 02:00:00+01:00;108012
2023-02-08 03:00:00+01:00;124455
2023-02-08 04:00:00+01:00;166070
2023-02-08 05:00:00+01:00;183405
2023-02-08 06:00:00+01:00;173504
2023-02-08 07:00:00+01:00;171838
2023-02-08 08:00:00+01:00;165809
2023-02-08 09:00:00+01:00;159317
2023-02-08 10:00:00+01:00;155775
2023-02-08 11:00:00+01:00;151035
2023-02-08 12:00:00+01:00;149525
2023-02-08 13:00:00+01:00;151432
2023-02-08 14:00:00+01:00;154679
2023-02-08 15:00:00+01:00;160130
2023-02-08 16:00:00+01:00;165639
2023-02-08 17:00:00+01:00;165798
2023-02-08 18:00:00+01:00;163610
2023-02-08 19:00:00+01:00;159169
2023-02-08 20:00:00+01:00;146459
2023-02-08 21:00:00+01:00;120933
2023-02-08 22:00:00+01:00;102950
2023-02-08 23:00:00+01:00;87904
2023-02-09 00:00:00+01:00;90434
2023-02-09 01:00:00+01:00;92705
2023-02-09 02:00:00+01:00;99727
2023-02-09 03:00:00+01:00;112900
2023-02-09 04:00:00+01:00;148713
2023-02-09 05:00:00+01:00;175734
2023-02-09 06:00:00+01:00;170842
2023-02-09 07:00:00+01:00;168902
2023-02-09 08:00:00+01:00;163063
2023-02-09 09:00:00+01:00;156018
2023-02-09 10:00:00+01:00;149210
2023-02-09 11:00:00+01:00;144977
2023-02-09 12:00:00+01:00;144304
2023-02-09 13:00:00+01:00;144919
2023-02-09 14:00:00+01:00;146787
2023-02-09 15:00:00+01:00;151892
2023-02-09 16:00:00+01:00;156260
2023-02-09 17:00:00+01:00;156716
2023-02-09 18:00:00+01:00;154420
2023-02-09 19:00:00+01:00;147609
2023-02-09 20:00:00+01:00;135049
2023-02-09 21:00:00+01:00;109845
2023-02-09 22:00:00+01:00;92164
2023-02-09 23:00:00+01:00;79102
2023-02-10 00:00:00+01:00;82133
2023-02-10 01:00:00+01:00;84114
2023-02-10 02:00:00+01:00;90528
2023-02-10 03:00:00+01:00;103224
2023-02-10 04:00:00+01:00;136816
2023-02-10 05:00:00+01:00;161704
2023-02-10 06:00:00+01:00;158247
2023-02-10 07:00:00+01:00;156037
2023-02-10 08:00:00+01:00;149567
2023-02-10 09:00:00+01:00;142483
2023-02-10 10:00:00+01:00;136288
2023-02-10 11:00:00+01:00;132485
2023-02-10 12:00:00+01:00;131685
2023-02-10 13:00:00+01:00;132785
2023-02-10 14:00:00+01:00;135084
2023-02-10 15:00:00+01:00;140085
2023-02-10 16:00:00+01:00;142962
2023-02-10 17:00:00+01:00;142689
2023-02-10 18:00:00+01:00;140913
2023-02-10 19:00:00+01:00;136465
2023-02-10 20:00:00+01:00;123807
2023-02-10 21:00:00+01:00;99390
2023-02-10 22:00:00+01:00;82998
2023-02-10 23:00:00+01:00;79370
2023-02-11 00:00:00+01:00;82282
2023-02-11 01:00:00+01:00;84384
2023-02-11 02:00:00+01:00;90694
2023-02-11 03:00:00+01:00;103090
2023-02-11 04:00:00+01:00;136742
2023-02-11 05:00:00+01:00;161506
2023-02-11 06:00:00+01:00;157979
2023-02-11 07:00:00+01:00;155762
2023-02-11 08:00:00+01:00;149593
2023-02-11 09:00:00+01:00;142760
2023-02-11 10:00:00+01:00;136575
2023-02-11 11:00:00+01:00;132853
2023-02-11 12:00:00+01:00;132131
2023-02-11 13:00:00+01:00;133105
2023-02-11 14:00:00+01:00;135423
2023-02-11 15:00:00+01:00;140526
2023-02-11 16:00:00+01:00;143157
2023-02-11 17:00:00+01:00;142881
2023-02-11 18:00:00+01:00;140944
2023-02-11 19:00:00+01:00;136490
2023-02-11 20:00:00+01:00;123834
2023-02-11 21:00:00+01:00;99517
2023-02-11 22:00:00+01:00;83188
2023-02-11 23:00:00+01:00;86066
2023-02-12 00:00:00+01:00;89246
2023-02-12 01:00:00+01:00;91404
2023-02-12 02:00:00+01:00;98086
2023-02-12 03:00:00+01:00;111236
2023-02-12 04:00:00+01:00;147321
2023-02-12 05:00:00+01:00;173923
2023-02-12 06:00:00+01:00;170149
2023-02-12 07:00:00+01:00;167956
2023-02-12 08:00:00+01:00;161381
2023-02-12 09:00:00+01:00;153971
2023-02-12 10:00:00+01:00;147392
2023-02-12 11:00:00+01:00;143288
2023-02-12 12:00:00+01:00;142322
2023-02-12 13:00:00+01:00;143494
2023-02-12 14:00:00+01:00;145887
2023-02-12 15:00:00+01:00;151170
2023-02-12 16:00:00+01:00;154034
2023-02-12 17:00:00+01:00;153595
2023-02-12 18:00:00+01:00;151524
2023-02-12 19:00:00+01:00;146658
2023-02-12 20:00:00+01:00;133085
2023-02-12 21:00:00+01:00;107325
2023-02-12 22:00:00+01:00;90017
2023-02-12 23:00:00+01:00;86650
2023-02-13 00:00:00+01:00;89583
2023-02-13 01:00:00+01:00;92131
2023-02-13 02:00:00+01:00;97986
2023-02-13 03:00:00+01:00;111280
2023-02-13 04:00:00+01:00;147532
2023-02-13 05:00:00+01:00;177425
2023-02-13 06:00:00+01:00;172977
2023-02-13 07:00:00+01:00;170404
2023-02-13 08:00:00+01:00;163616
2023-02-13 09:00:00+01:00;156769
2023-02-13 10:00:00+01:00;150252
2023-02-13 11:00:00+01:00;145705
2023-02-13 12:00:00+01:00;143956
2023-02-13 13:00:00+01:00;145456
2023-02-13 14:00:00+01:00;147665
2023-02-13 15:00:00+01:00;153035
2023-02-13 16:00:00+01:00;155542
2023-02-13 17:00:00+01:00;155835
2023-02-13 18:00:00+01:00;153567
2023-02-13 19:00:00+01:00;148182
2023-02-13 20:00:00+01:00;134627
2023-02-13 21:00:00+01:00;109206
2023-02-13 22:00:00+01:00;91289
2023-02-13 23:00:00+01:00;83515
2023-02-14 00:00:00+01:00;84644
2023-02-14 01:00:00+01:00;87962
2023-02-14 02:00:00+01:00;93460
2023-02-14 03:00:00+01:00;106778
2023-02-14 04:00:00+01:00;144148
2023-02-14 05:00:00+01:00;170405
2023-02-14 06:00:00+01:00;162912
2023-02-14 07:00:00+01:00;159349
2023-02-14 08:00:00+01:00;153216
2023-02-14 09:00:00+01:00;146034
2023-02-14 10:00:00+01:00;142478
2023-02-14 11:00:00+01:00;137246
2023-02-14 12:00:00+01:00;134860
2023-02-14 13:00:00+01:00;134069
2023-02-14 14:00:00+01:00;136186
2023-02-14 15:00:00+01:00;142665
2023-02-14 16:00:00+01:00;147737
2023-02-14 17:00:00+01:00;148373
2023-02-14 18:00:00+01:00;146335
2023-02-14 19:00:00+01:00;141507
2023-02-14 20:00:00+01:00;130081
2023-02-14 21:00:00+01:00;105734
2023-02-14 22:00:00+01:00;88432
2023-02-14 23:00:00+01:00;87189
2023-02-15 00:00:00+01:00;89523
2023-02-15 01:00:00+01:00;89775
2023-02-15 02:00:00+01:00;96854
2023-02-15 03:00:00+01:00;114258
2023-02-15 04:00:00+01:00;153513
2023-02-15 05:00:00+01:00;168146
2023-02-15 06:00:00+01:00;159196
2023-02-15 07:00:00+01:00;157303
2023-02-15 08:00:00+01:00;151550
2023-02-15 09:00:00+01:00;145102
2023-02-15 10:00:00+01:00;141722
2023-02-15 11:00:00+01:00;137335
2023-02-15 12:00:00+01:00;136146
2023-02-15 13:00:00+01:00;138504
2023-02-15 14:00:00+01:00;141524
2023-02-15 15:00:00+01:00;146075
2023-02-15 16:00:00+01:00;152090
2023-02-15 17:00:00+01:00;152935
2023-02-15 18:00:00+01:00;150949
2023-02-15 19:00:00+01:00;147021
2023-02-15 20:00:00+01:00;134780
2023-02-15 21:00:00+01:00;109467
2023-02-15 22:00:00+01:00;92923
2023-02-15 23:00:00+01:00;88011
2023-02-16 00:00:00+01:00;90665
2023-02-16 01:00:00+01:00;92979
2023-02-16 02:00:00+01:00;100218
2023-02-16 03:00:00+01:00;113861
2023-02-16 04:00:00+01:00;150603
2023-02-16 05:00:00+01:00;177663
2023-02-16 06:00:00+01:00;172845
2023-02-16 07:00:00+01:00;170639
2023-02-16 08:00:00+01:00;164654
2023-02-16 09:00:00+01:00;157540
2023-02-16 10:00:00+01:00;150633
2023-02-16 11:00:00+01:00;146249
2023-02-16 12:00:00+01:00;145701
2023-02-16 13:00:00+01:00;146392
2023-02-16 14:00:00+01:00;148348
2023-02-16 15:00:00+01:00;153478
2023-02-16 16:00:00+01:00;157983
2023-02-16 17:00:00+01:00;158547
2023-02-16 18:00:00+01:00;156270
2023-02-16 19:00:00+01:00;149404
2023-02-16 20:00:00+01:00;136604
2023-02-16 21:00:00+01:00;110468
2023-02-16 22:00:00+01:00;92456
2023-02-16 23:00:00+01:00;89345
2023-02-17 00:00:00+01:00;92584
2023-02-17 01:00:00+01:00;94821
2023-02-17 02:00:00+01:00;101688
2023-02-17 03:00:00+01:00;115164
2023-02-17 04:00:00+01:00;152300
2023-02-17 05:00:00+01:00;179796
2023-02-17 06:00:00+01:00;175844
2023-02-17 07:00:00+01:00;173784
2023-02-17 08:00:00+01:00;166942
2023-02-17 09:00:00+01:00;159313
2023-02-17 10:00:00+01:00;152553
2023-02-17 11:00:00+01:00;148325
2023-02-17 12:00:00+01:00;147207
2023-02-17 13:00:00+01:00;148431
2023-02-17 14:00:00+01:00;150855
2023-02-17 15:00:00+01:00;156238
2023-02-17 16:00:00+01:00;159174
2023-02-17 17:00:00+01:00;158694
2023-02-17 18:00:00+01:00;156556
2023-02-17 19:00:00+01:00;151452
2023-02-17 20:00:00+01:00;137423
2023-02-17 21:00:00+01:00;111088
2023-02-17 22:00:00+01:00;93339
2023-02-17 23:00:00+01:00;87053
2023-02-18 00:00:00+01:00;90160
2023-02-18 01:00:00+01:00;92448
2023-02-18 02:00:00+01:00;99255
2023-02-18 03:00:00+01:00;112569
2023-02-18 04:00:00+01:00;148989
2023-02-18 05:00:00+01:00;175962
2023-02-18 06:00:00+01:00;172060
2023-02-18 07:00:00+01:00;169903
2023-02-18 08:00:00+01:00;163111
2023-02-18 09:00:00+01:00;155724
2023-02-18 10:00:00+01:00;149052
2023-02-18 11:00:00+01:00;145017
2023-02-18 12:00:00+01:00;143994
2023-02-18 13:00:00+01:00;145073
2023-02-18 14:00:00+01:00;147503
2023-02-18 15:00:00+01:00;152886
2023-02-18 16:00:00+01:00;155737
2023-02-18 17:00:00+01:00;155386
2023-02-18 18:00:00+01:00;153302
2023-02-18 19:00:00+01:00;148341
2023-02-18 20:00:00+01:00;134565
2023-02-18 21:00:00+01:00;108603
2023-02-18 22:00:00+01:00;91059
2023-02-18 23:00:00+01:00;89134
2023-02-19 00:00:00+01:00;92305
2023-02-19 01:00:00+01:00;94531
2023-02-19 02:00:00+01:00;101337
2023-02-19 03:00:00+01:00;114625
2023-02-19 04:00:00+01:00;151391
2023-02-19 05:00:00+01:00;178722
2023-02-19 06:00:00+01:00;174748
2023-02-19 07:00:00+01:00;172909
2023-02-19 08:00:00+01:00;166080
2023-02-19 09:00:00+01:00;158513
2023-02-19 10:00:00+01:00;151825
2023-02-19 11:00:00+01:00;147634
2023-02-19 12:00:00+01:00;146471
2023-02-19 13:00:00+01:00;147709
2023-02-19 14:00:00+01:00;150094
2023-02-19 15:00:00+01:00;155413
2023-02-19 16:00:00+01:00;158314
2023-02-19 17:00:00+01:00;157809
2023-02-19 18:00:00+01:00;155667
2023-02-19 19:00:00+01:00;150531
2023-02-19 20:00:00+01:00;136582
2023-02-19 21:00:00+01:00;110593
2023-02-19 22:00:00+01:00;93045
2023-02-19 23:00:00+01:00;78385
2023-02-20 00:00:00+01:00;81422
2023-02-20 01:00:00+01:00;83734
2023-02-20 02:00:00+01:00;89178
2023-02-20 03:00:00+01:00;101886
2023-02-20 04:00:00+01:00;135949
2023-02-20 05:00:00+01:00;163546
2023-02-20 06:00:00+01:00;159703
2023-02-20 07:00:00+01:00;156435
2023-02-20 08:00:00+01:00;150225
2023-02-20 09:00:00+01:00;143865
2023-02-20 10:00:00+01:00;137744
2023-02-20 11:00:00+01:00;133393
2023-02-20 12:00:00+01:00;132144
2023-02-20 13:00:00+01:00;133424
2023-02-20 14:00:00+01:00;135636
2023-02-20 15:00:00+01:00;140800
2023-02-20 16:00:00+01:00;143326
2023-02-20 17:00:00+01:00;143585
2023-02-20 18:00:00+01:00;141666
2023-02-20 19:00:00+01:00;136917
2023-02-20 20:00:00+01:00;124458
2023-02-20 21:00:00+01:00;100055
2023-02-20 22:00:00+01:00;82960
2023-02-20 23:00:00+01:00;72850
2023-02-21 00:00:00+01:00;73704
2023-02-21 01:00:00+01:00;77122
2023-02-21 02:00:00+01:00;82235
2023-02-21 03:00:00+01:00;94531
2023-02-21 04:00:00+01:00;129140
2023-02-21 05:00:00+01:00;152960
2023-02-21 06:00:00+01:00;145922
2023-02-21 07:00:00+01:00;142665
2023-02-21 08:00:00+01:00;136622
2023-02-21 09:00:00+01:00;129879
2023-02-21 10:00:00+01:00;126904
2023-02-21 11:00:00+01:00;121675
2023-02-21 12:00:00+01:00;119667
2023-02-21 13:00:00+01:00;118668
2023-02-21 14:00:00+01:00;121256
2023-02-21 15:00:00+01:00;127269
2023-02-21 16:00:00+01:00;132512
2023-02-21 17:00:00+01:00;133300
2023-02-21 18:00:00+01:00;131448
2023-02-21 19:00:00+01:00;127027
2023-02-21 20:00:00+01:00;117086
2023-02-21 21:00:00+01:00;93903
2023-02-21 22:00:00+01:00;77795
2023-02-21 23:00:00+01:00;77510
2023-02-22 00:00:00+01:00;79698
2023-02-22 01:00:00+01:00;79666
2023-02-22 02:00:00+01:00;86633
2023-02-22 03:00:00+01:00;104202
2023-02-22 04:00:00+01:00;140873
2023-02-22 05:00:00+01:00;153816
2023-02-22 06:00:00+01:00;145485
2023-02-22 07:00:00+01:00;143304
2023-02-22 08:00:00+01:00;137841
2023-02-22 09:00:00+01:00;131528
2023-02-22 10:00:00+01:00;128391
2023-02-22 11:00:00+01:00;124300
2023-02-22 12:00:00+01:00;123420
2023-02-22 13:00:00+01:00;126025
2023-02-22 14:00:00+01:00;128910
2023-02-22 15:00:00+01:00;132740
2023-02-22 16:00:00+01:00;139063
2023-02-22 17:00:00+01:00;140353
2023-02-22 18:00:00+01:00;138634
2023-02-22 19:00:00+01:00;135241
2023-02-22 20:00:00+01:00;123698
2023-02-22 21:00:00+01:00;99105
2023-02-22 22:00:00+01:00;83974
2023-02-22 23:00:00+01:00;78739
2023-02-23 00:00:00+01:00;81214
2023-02-23 01:00:00+01:00;83339
2023-02-23 02:00:00+01:00;90297
2023-02-23 03:00:00+01:00;103229
2023-02-23 04:00:00+01:00;137826
2023-02-23 05:00:00+01:00;162663
2023-02-23 06:00:00+01:00;158162
2023-02-23 07:00:00+01:00;155640
2023-02-23 08:00:00+01:00;149846
2023-02-23 09:00:00+01:00;143379
2023-02-23 10:00:00+01:00;137090
2023-02-23 11:00:00+01:00;132728
2023-02-23 12:00:00+01:00;132705
2023-02-23 13:00:00+01:00;133460
2023-02-23 14:00:00+01:00;135637
2023-02-23 15:00:00+01:00;140359
2023-02-23 16:00:00+01:00;144740
2023-02-23 17:00:00+01:00;145339
2023-02-23 18:00:00+01:00;143365
2023-02-23 19:00:00+01:00;137185
2023-02-23 20:00:00+01:00;125390
2023-02-23 21:00:00+01:00;100120
2023-02-23 22:00:00+01:00;83190
2023-02-23 23:00:00+01:00;76015
2023-02-24 00:00:00+01:00;79116
2023-02-24 01:00:00+01:00;81043
2023-02-24 02:00:00+01:00;87240
2023-02-24 03:00:00+01:00;99661
2023-02-24 04:00:00+01:00;133007
2023-02-24 05:00:00+01:00;157017
2023-02-24 06:00:00+01:00;153851
2023-02-24 07:00:00+01:00;150900
2023-02-24 08:00:00+01:00;145151
2023-02-24 09:00:00+01:00;138336
2023-02-24 10:00:00+01:00;132216
2023-02-24 11:00:00+01:00;128449
2023-02-24 12:00:00+01:00;128034
2023-02-24 13:00:00+01:00;129019
2023-02-24 14:00:00+01:00;131374
2023-02-24 15:00:00+01:00;136438
2023-02-24 16:00:00+01:00;139127
2023-02-24 17:00:00+01:00;138859
2023-02-24 18:00:00+01:00;137007
2023-02-24 19:00:00+01:00;132936
2023-02-24 20:00:00+01:00;120675
2023-02-24 21:00:00+01:00;96181
2023-02-24 22:00:00+01:00;79956
2023-02-24 23:00:00+01:00;75697
2023-02-25 00:00:00+01:00;78683
2023-02-25 01:00:00+01:00;80722
2023-02-25 02:00:00+01:00;86912
2023-02-25 03:00:00+01:00;99312
2023-02-25 04:00:00+01:00;132410
2023-02-25 05:00:00+01:00;156406
2023-02-25 06:00:00+01:00;153120
2023-02-25 07:00:00+01:00;150307
2023-02-25 08:00:00+01:00;144432
2023-02-25 09:00:00+01:00;137740
2023-02-25 10:00:00+01:00;131632
2023-02-25 11:00:00+01:00;127984
2023-02-25 12:00:00+01:00;127548
2023-02-25 13:00:00+01:00;128411
2023-02-25 14:00:00+01:00;130772
2023-02-25 15:00:00+01:00;135915
2023-02-25 16:00:00+01:00;138498
2023-02-25 17:00:00+01:00;138339
2023-02-25 18:00:00+01:00;136496
2023-02-25 19:00:00+01:00;132406
2023-02-25 20:00:00+01:00;120155
2023-02-25 21:00:00+01:00;95832
2023-02-25 22:00:00+01:00;79635
2023-02-25 23:00:00+01:00;72706
2023-02-26 00:00:00+01:00;75830
2023-02-26 01:00:00+01:00;77667
2023-02-26 02:00:00+01:00;84086
2023-02-26 03:00:00+01:00;97121
2023-02-26 04:00:00+01:00;129367
2023-02-26 05:00:00+01:00;153055
2023-02-26 06:00:00+01:00;150025
2023-02-26 07:00:00+01:00;147190
2023-02-26 08:00:00+01:00;140579
2023-02-26 09:00:00+01:00;133539
2023-02-26 10:00:00+01:00;127480
2023-02-26 11:00:00+01:00;123881
2023-02-26 12:00:00+01:00;123327
2023-02-26 13:00:00+01:00;124335
2023-02-26 14:00:00+01:00;126635
2023-02-26 15:00:00+01:00;131530
2023-02-26 16:00:00+01:00;134619
2023-02-26 17:00:00+01:00;134652
2023-02-26 18:00:00+01:00;133247
2023-02-26 19:00:00+01:00;129285
2023-02-26 20:00:00+01:00;117231
2023-02-26 21:00:00+01:00;93001
2023-02-26 22:00:00+01:00;76850
2023-02-26 23:00:00+01:00;72070
2023-02-27 00:00:00+01:00;75191
2023-02-27 01:00:00+01:00;77262
2023-02-27 02:00:00+01:00;82769
2023-02-27 03:00:00+01:00;95705
2023-02-27 04:00:00+01:00;127974
2023-02-27 05:00:00+01:00;154347
2023-02-27 06:00:00+01:00;150939
2023-02-27 07:00:00+01:00;147448
2023-02-27 08:00:00+01:00;140854
2023-02-27 09:00:00+01:00;134471
2023-02-27 10:00:00+01:00;128533
2023-02-27 11:00:00+01:00;124427
2023-02-27 12:00:00+01:00;123312
2023-02-27 13:00:00+01:00;124545
2023-02-27 14:00:00+01:00;126728
2023-02-27 15:00:00+01:00;131627
2023-02-27 16:00:00+01:00;134441
2023-02-27 17:00:00+01:00;135020
2023-02-27 18:00:00+01:00;133530
2023-02-27 19:00:00+01:00;129214
2023-02-27 20:00:00+01:00;117377
2023-02-27 21:00:00+01:00;93527
2023-02-27 22:00:00+01:00;76892
2023-02-27 23:00:00+01:00;73993
2023-02-28 00:00:00+01:00;74852
2023-02-28 01:00:00+01:00;78324
2023-02-28 02:00:00+01:00;83539
2023-02-28 03:00:00+01:00;96059
2023-02-28 04:00:00+01:00;131273
2023-02-28 05:00:00+01:00;155554
2023-02-28 06:00:00+01:00;148397
2023-02-28 07:00:00+01:00;145039
2023-02-28 08:00:00+01:00;138860
2023-02-28 09:00:00+01:00;132012
2023-02-28 10:00:00+01:00;128965
2023-02-28 11:00:00+01:00;123629
2023-02-28 12:00:00+01:00;121577
2023-02-28 13:00:00+01:00;120581
2023-02-28 14:00:00+01:00;123229
2023-02-28 15:00:00+01:00;129333
2023-02-28 16:00:00+01:00;134672
2023-02-28 17:00:00+01:00;135485
2023-02-28 18:00:00+01:00;133608
2023-02-28 19:00:00+01:00;129113
2023-02-28 20:00:00+01:00;119035
2023-02-28 21:00:00+01:00;95418
2023-02-28 22:00:00+01:00;79015
2023-02-28 23:00:00+01:00;68530
2023-03-01 00:00:00+01:00;71698
2023-03-01 01:00:00+01:00;70858
2023-03-01 02:00:00+01:00;77642
2023-03-01 03:00:00+01:00;94634
2023-03-01 04:00:00+01:00;128935
2023-03-01 05:00:00+01:00;140498
2023-03-01 06:00:00+01:00;132788
2023-03-01 07:00:00+01:00;129651
2023-03-01 08:00:00+01:00;124211
2023-03-01 09:00:00+01:00;117904
2023-03-01 10:00:00+01:00;114854
2023-03-01 11:00:00+01:00;111230
2023-03-01 12:00:00+01:00;110205
2023-03-01 13:00:00+01:00;112718
2023-03-01 14:00:00+01:00;115096
2023-03-01 15:00:00+01:00;119432
2023-03-01 16:00:00+01:00;125466
2023-03-01 17:00:00+01:00;126963
2023-03-01 18:00:00+01:00;125940
2023-03-01 19:00:00+01:00;123321
2023-03-01 20:00:00+01:00;112341
2023-03-01 21:00:00+01:00;89998
2023-03-01 22:00:00+01:00;74755
2023-03-01 23:00:00+01:00;65960
2023-03-02 00:00:00+01:00;68612
2023-03-02 01:00:00+01:00;70369
2023-03-02 02:00:00+01:00;76966
2023-03-02 03:00:00+01:00;89704
2023-03-02 04:00:00+01:00;119483
2023-03-02 05:00:00+01:00;141349
2023-03-02 06:00:00+01:00;137824
2023-03-02 07:00:00+01:00;135050
2023-03-02 08:00:00+01:00;128888
2023-03-02 09:00:00+01:00;122669
2023-03-02 10:00:00+01:00;116781
2023-03-02 11:00:00+01:00;113391
2023-03-02 12:00:00+01:00;113010
2023-03-02 13:00:00+01:00;113740
2023-03-02 14:00:00+01:00;115841
2023-03-02 15:00:00+01:00;120414
2023-03-02 16:00:00+01:00;124479
2023-03-02 17:00:00+01:00;125811
2023-03-02 18:00:00+01:00;124568
2023-03-02 19:00:00+01:00;119615
2023-03-02 20:00:00+01:00;108930
2023-03-02 21:00:00+01:00;86068
2023-03-02 22:00:00+01:00;70535
2023-03-02 23:00:00+01:00;68213
2023-03-03 00:00:00+01:00;71128
2023-03-03 01:00:00+01:00;72852
2023-03-03 02:00:00+01:00;78839
2023-03-03 03:00:00+01:00;90926
2023-03-03 04:00:00+01:00;121221
2023-03-03 05:00:00+01:00;143336
2023-03-03 06:00:00+01:00;140517
2023-03-03 07:00:00+01:00;137854
2023-03-03 08:00:00+01:00;131868
2023-03-03 09:00:00+01:00;125315
2023-03-03 10:00:00+01:00;119637
2023-03-03 11:00:00+01:00;116252
2023-03-03 12:00:00+01:00;115876
2023-03-03 13:00:00+01:00;116830
2023-03-03 14:00:00+01:00;119021
2023-03-03 15:00:00+01:00;123693
2023-03-03 16:00:00+01:00;126512
2023-03-03 17:00:00+01:00;126501
2023-03-03 18:00:00+01:00;125079
2023-03-03 19:00:00+01:00;121385
2023-03-03 20:00:00+01:00;110093
2023-03-03 21:00:00+01:00;87247
2023-03-03 22:00:00+01:00;72096
2023-03-03 23:00:00+01:00;71402
2023-03-04 00:00:00+01:00;74258
2023-03-04 01:00:00+01:00;76177
2023-03-04 02:00:00+01:00;82150
2023-03-04 03:00:00+01:00;94117
2023-03-04 04:00:00+01:00;125454
2023-03-04 05:00:00+01:00;148244
2023-03-04 06:00:00+01:00;145159
2023-03-04 07:00:00+01:00;142523
2023-03-04 08:00:00+01:00;136757
2023-03-04 09:00:00+01:00;130308
2023-03-04 10:00:00+01:00;124487
2023-03-04 11:00:00+01:00;121047
2023-03-04 12:00:00+01:00;120670
2023-03-04 13:00:00+01:00;121519
2023-03-04 14:00:00+01:00;123781
2023-03-04 15:00:00+01:00;128694
2023-03-04 16:00:00+01:00;131250
2023-03-04 17:00:00+01:00;131162
2023-03-04 18:00:00+01:00;129476
2023-03-04 19:00:00+01:00;125604
2023-03-04 20:00:00+01:00;113959
2023-03-04 21:00:00+01:00;90696
2023-03-04 22:00:00+01:00;75231
2023-03-04 23:00:00+01:00;73114
2023-03-05 00:00:00+01:00;76064
2023-03-05 01:00:00+01:00;77914
2023-03-05 02:00:00+01:00;83872
2023-03-05 03:00:00+01:00;95750
2023-03-05 04:00:00+01:00;127703
2023-03-05 05:00:00+01:00;150757
2023-03-05 06:00:00+01:00;147699
2023-03-05 07:00:00+01:00;144983
2023-03-05 08:00:00+01:00;139464
2023-03-05 09:00:00+01:00;132916
2023-03-05 10:00:00+01:00;127050
2023-03-05 11:00:00+01:00;123438
2023-03-05 12:00:00+01:00;123072
2023-03-05 13:00:00+01:00;124040
2023-03-05 14:00:00+01:00;126309
2023-03-05 15:00:00+01:00;131196
2023-03-05 16:00:00+01:00;133771
2023-03-05 17:00:00+01:00;133501
2023-03-05 18:00:00+01:00;131693
2023-03-05 19:00:00+01:00;127759
2023-03-05 20:00:00+01:00;115977
2023-03-05 21:00:00+01:00;92460
2023-03-05 22:00:00+01:00;76891
2023-03-05 23:00:00+01:00;70046
2023-03-06 00:00:00+01:00;73079
2023-03-06 01:00:00+01:00;75099
2023-03-06 02:00:00+01:00;80419
2023-03-06 03:00:00+01:00;92916
2023-03-06 04:00:00+01:00;124281
2023-03-06 05:00:00+01:00;149857
2023-03-06 06:00:00+01:00;146534
2023-03-06 07:00:00+01:00;143138
2023-03-06 08:00:00+01:00;136826
2023-03-06 09:00:00+01:00;130670
2023-03-06 10:00:00+01:00;124915
2023-03-06 11:00:00+01:00;120911
2023-03-06 12:00:00+01:00;119881
2023-03-06 13:00:00+01:00;121085
2023-03-06 14:00:00+01:00;123220
2023-03-06 15:00:00+01:00;128018
2023-03-06 16:00:00+01:00;130718
2023-03-06 17:00:00+01:00;131236
2023-03-06 18:00:00+01:00;129749
2023-03-06 19:00:00+01:00;125558
2023-03-06 20:00:00+01:00;114068
2023-03-06 21:00:00+01:00;90879
2023-03-06 22:00:00+01:00;74716
2023-03-06 23:00:00+01:00;61919
2023-03-07 00:00:00+01:00;63625
2023-03-07 01:00:00+01:00;65991
2023-03-07 02:00:00+01:00;71908
2023-03-07 03:00:00+01:00;85576
2023-03-07 04:00:00+01:00;116979
2023-03-07 05:00:00+01:00;138581
2023-03-07 06:00:00+01:00;133009
2023-03-07 07:00:00+01:00;129051
2023-03-07 08:00:00+01:00;122020
2023-03-07 09:00:00+01:00;114614
2023-03-07 10:00:00+01:00;111647
2023-03-07 11:00:00+01:00;107463
2023-03-07 12:00:00+01:00;104255
2023-03-07 13:00:00+01:00;103249
2023-03-07 14:00:00+01:00;106276
2023-03-07 15:00:00+01:00;111861
2023-03-07 16:00:00+01:00;117419
2023-03-07 17:00:00+01:00;119413
2023-03-07 18:00:00+01:00;118215
2023-03-07 19:00:00+01:00;114998
2023-03-07 20:00:00+01:00;105048
2023-03-07 21:00:00+01:00;83756
2023-03-07 22:00:00+01:00;67554
2023-03-07 23:00:00+01:00;53319
2023-03-08 00:00:00+01:00;57567
2023-03-08 01:00:00+01:00;55691
2023-03-08 02:00:00+01:00;61750
2023-03-08 03:00:00+01:00;76900
2023-03-08 04:00:00+01:00;106280
2023-03-08 05:00:00+01:00;115644
2023-03-08 06:00:00+01:00;109060
2023-03-08 07:00:00+01:00;104999
2023-03-08 08:00:00+01:00;99910
2023-03-08 09:00:00+01:00;93955
2023-03-08 10:00:00+01:00;91211
2023-03-08 11:00:00+01:00;88385
2023-03-08 12:00:00+01:00;87228
2023-03-08 13:00:00+01:00;89466
2023-03-08 14:00:00+01:00;91059
2023-03-08 15:00:00+01:00;95892
2023-03-08 16:00:00+01:00;101163
2023-03-08 17:00:00+01:00;102789
2023-03-08 18:00:00+01:00;102706
2023-03-08 19:00:00+01:00;101220
2023-03-08 20:00:00+01:00;91522
2023-03-08 21:00:00+01:00;73414
2023-03-08 22:00:00+01:00;58812
2023-03-08 23:00:00+01:00;49448
2023-03-09 00:00:00+01:00;52466
2023-03-09 01:00:00+01:00;53718
2023-03-09 02:00:00+01:00;59935
2023-03-09 03:00:00+01:00;72774
2023-03-09 04:00:00+01:00;96196
2023-03-09 05:00:00+01:00;114415
2023-03-09 06:00:00+01:00;112240
2023-03-09 07:00:00+01:00;109036
2023-03-09 08:00:00+01:00;102145
2023-03-09 09:00:00+01:00;96063
2023-03-09 10:00:00+01:00;90560
2023-03-09 11:00:00+01:00;88578
2023-03-09 12:00:00+01:00;87524
2023-03-09 13:00:00+01:00;88215
2023-03-09 14:00:00+01:00;90200
2023-03-09 15:00:00+01:00;94705
2023-03-09 16:00:00+01:00;98393
2023-03-09 17:00:00+01:00;100869
2023-03-09 18:00:00+01:00;100686
2023-03-09 19:00:00+01:00;97397
2023-03-09 20:00:00+01:00;88007
2023-03-09 21:00:00+01:00;68203
2023-03-09 22:00:00+01:00;54307
2023-03-09 23:00:00+01:00;50206
2023-03-10 00:00:00+01:00;53068
2023-03-10 01:00:00+01:00;54313
2023-03-10 02:00:00+01:00;60665
2023-03-10 03:00:00+01:00;74148
2023-03-10 04:00:00+01:00;98465
2023-03-10 05:00:00+01:00;117591
2023-03-10 06:00:00+01:00;115607
2023-03-10 07:00:00+01:00;113157
2023-03-10 08:00:00+01:00;104782
2023-03-10 09:00:00+01:00;97928
2023-03-10 10:00:00+01:00;92846
2023-03-10 11:00:00+01:00;90298
2023-03-10 12:00:00+01:00;89740
2023-03-10 13:00:00+01:00;90678
2023-03-10 14:00:00+01:00;92599
2023-03-10 15:00:00+01:00;96476
2023-03-10 16:00:00+01:00;100494
2023-03-10 17:00:00+01:00;101599
2023-03-10 18:00:00+01:00;101838
2023-03-10 19:00:00+01:00;98978
2023-03-10 20:00:00+01:00;89320
2023-03-10 21:00:00+01:00;68594
2023-03-10 22:00:00+01:00;54674
2023-03-10 23:00:00+01:00;57177
2023-03-11 00:00:00+01:00;60326
2023-03-11 01:00:00+01:00;61791
2023-03-11 02:00:00+01:00;68613
2023-03-11 03:00:00+01:00;83035
2023-03-11 04:00:00+01:00;110475
2023-03-11 05:00:00+01:00;131763
2023-03-11 06:00:00+01:00;129468
2023-03-11 07:00:00+01:00;126590
2023-03-11 08:00:00+01:00;117836
2023-03-11 09:00:00+01:00;110472
2023-03-11 10:00:00+01:00;104838
2023-03-11 11:00:00+01:00;102016
2023-03-11 12:00:00+01:00;101264
2023-03-11 13:00:00+01:00;102282
2023-03-11 14:00:00+01:00;104398
2023-03-11 15:00:00+01:00;108676
2023-03-11 16:00:00+01:00;112841
2023-03-11 17:00:00+01:00;113892
2023-03-11 18:00:00+01:00;113942
2023-03-11 19:00:00+01:00;110717
2023-03-11 20:00:00+01:00;100045
2023-03-11 21:00:00+01:00;77200
2023-03-11 22:00:00+01:00;61935
2023-03-11 23:00:00+01:00;67131
2023-03-12 00:00:00+01:00;70048
2023-03-12 01:00:00+01:00;71744
2023-03-12 02:00:00+01:00;77765
2023-03-12 03:00:00+01:00;89966
2023-03-12 04:00:00+01:00;119916
2023-03-12 05:00:00+01:00;141868
2023-03-12 06:00:00+01:00;139099
2023-03-12 07:00:00+01:00;136446
2023-03-12 08:00:00+01:00;130289
2023-03-12 09:00:00+01:00;123705
2023-03-12 10:00:00+01:00;118058
2023-03-12 11:00:00+01:00;114723
2023-03-12 12:00:00+01:00;114331
2023-03-12 13:00:00+01:00;115286
2023-03-12 14:00:00+01:00;117461
2023-03-12 15:00:00+01:00;122086
2023-03-12 16:00:00+01:00;124991
2023-03-12 17:00:00+01:00;125053
2023-03-12 18:00:00+01:00;123741
2023-03-12 19:00:00+01:00;120095
2023-03-12 20:00:00+01:00;108892
2023-03-12 21:00:00+01:00;86153
2023-03-12 22:00:00+01:00;71058
2023-03-12 23:00:00+01:00;72089
2023-03-13 00:00:00+01:00;75101
2023-03-13 01:00:00+01:00;77229
2023-03-13 02:00:00+01:00;82345
2023-03-13 03:00:00+01:00;94448
2023-03-13 04:00:00+01:00;126479
2023-03-13 05:00:00+01:00;152193
2023-03-13 06:00:00+01:00;148750
2023-03-13 07:00:00+01:00;145254
2023-03-13 08:00:00+01:00;139477
2023-03-13 09:00:00+01:00;133522
2023-03-13 10:00:00+01:00;127760
2023-03-13 11:00:00+01:00;123626
2023-03-13 12:00:00+01:00;122680
2023-03-13 13:00:00+01:00;123838
2023-03-13 14:00:00+01:00;126000
2023-03-13 15:00:00+01:00;130941
2023-03-13 16:00:00+01:00;133417
2023-03-13 17:00:00+01:00;133661
2023-03-13 18:00:00+01:00;131958
2023-03-13 19:00:00+01:00;127653
2023-03-13 20:00:00+01:00;116063
2023-03-13 21:00:00+01:00;92781
2023-03-13 22:00:00+01:00;76539
2023-03-13 23:00:00+01:00;72913
2023-03-14 00:00:00+01:00;73756
2023-03-14 01:00:00+01:00;77208
2023-03-14 02:00:00+01:00;82357
2023-03-14 03:00:00+01:00;94723
2023-03-14 04:00:00+01:00;129515
2023-03-14 05:00:00+01:00;153451
2023-03-14 06:00:00+01:00;146376
2023-03-14 07:00:00+01:00;143081
2023-03-14 08:00:00+01:00;136969
2023-03-14 09:00:00+01:00;130193
2023-03-14 10:00:00+01:00;127208
2023-03-14 11:00:00+01:00;121923
2023-03-14 12:00:00+01:00;119910
2023-03-14 13:00:00+01:00;118902
2023-03-14 14:00:00+01:00;121546
2023-03-14 15:00:00+01:00;127584
2023-03-14 16:00:00+01:00;132887
2023-03-14 17:00:00+01:00;133697
2023-03-14 18:00:00+01:00;131840
2023-03-14 19:00:00+01:00;127400
2023-03-14 20:00:00+01:00;117461
2023-03-14 21:00:00+01:00;94105
2023-03-14 22:00:00+01:00;77901
2023-03-14 23:00:00+01:00;71197
2023-03-15 00:00:00+01:00;73180
2023-03-15 01:00:00+01:00;73087
2023-03-15 02:00:00+01:00;79447
2023-03-15 03:00:00+01:00;95707
2023-03-15 04:00:00+01:00;129623
2023-03-15 05:00:00+01:00;141659
2023-03-15 06:00:00+01:00;133862
2023-03-15 07:00:00+01:00;131975
2023-03-15 08:00:00+01:00;126956
2023-03-15 09:00:00+01:00;121079
2023-03-15 10:00:00+01:00;118219
2023-03-15 11:00:00+01:00;114434
2023-03-15 12:00:00+01:00;113667
2023-03-15 13:00:00+01:00;116124
2023-03-15 14:00:00+01:00;118799
2023-03-15 15:00:00+01:00;122337
2023-03-15 16:00:00+01:00;128230
2023-03-15 17:00:00+01:00;129432
2023-03-15 18:00:00+01:00;127826
2023-03-15 19:00:00+01:00;124711
2023-03-15 20:00:00+01:00;113982
2023-03-15 21:00:00+01:00;91224
2023-03-15 22:00:00+01:00;77257
2023-03-15 23:00:00+01:00;58479
2023-03-16 00:00:00+01:00;61731
2023-03-16 01:00:00+01:00;63248
2023-03-16 02:00:00+01:00;70127
2023-03-16 03:00:00+01:00;84201
2023-03-16 04:00:00+01:00;111676
2023-03-16 05:00:00+01:00;132586
2023-03-16 06:00:00+01:00;129870
2023-03-16 07:00:00+01:00;126237
2023-03-16 08:00:00+01:00;118881
2023-03-16 09:00:00+01:00;112204
2023-03-16 10:00:00+01:00;106072
2023-03-16 11:00:00+01:00;103514
2023-03-16 12:00:00+01:00;102454
2023-03-16 13:00:00+01:00;103197
2023-03-16 14:00:00+01:00;105379
2023-03-16 15:00:00+01:00;110267
2023-03-16 16:00:00+01:00;114400
2023-03-16 17:00:00+01:00;116803
2023-03-16 18:00:00+01:00;116378
2023-03-16 19:00:00+01:00;112387
2023-03-16 20:00:00+01:00;101779
2023-03-16 21:00:00+01:00;79366
2023-03-16 22:00:00+01:00;63709
2023-03-16 23:00:00+01:00;46685
2023-03-17 00:00:00+01:00;49400
2023-03-17 01:00:00+01:00;50550
2023-03-17 02:00:00+01:00;56669
2023-03-17 03:00:00+01:00;69653
2023-03-17 04:00:00+01:00;92410
2023-03-17 05:00:00+01:00;110476
2023-03-17 06:00:00+01:00;108634
2023-03-17 07:00:00+01:00;106394
2023-03-17 08:00:00+01:00;98201
2023-03-17 09:00:00+01:00;91611
2023-03-17 10:00:00+01:00;86799
2023-03-17 11:00:00+01:00;84431
2023-03-17 12:00:00+01:00;83929
2023-03-17 13:00:00+01:00;84846
2023-03-17 14:00:00+01:00;86678
2023-03-17 15:00:00+01:00;90361
2023-03-17 16:00:00+01:00;94296
2023-03-17 17:00:00+01:00;95435
2023-03-17 18:00:00+01:00;95767
2023-03-17 19:00:00+01:00;93080
2023-03-17 20:00:00+01:00;83953
2023-03-17 21:00:00+01:00;64240
2023-03-17 22:00:00+01:00;51013
2023-03-17 23:00:00+01:00;42313
2023-03-18 00:00:00+01:00;44762
2023-03-18 01:00:00+01:00;45803
2023-03-18 02:00:00+01:00;51421
2023-03-18 03:00:00+01:00;63200
2023-03-18 04:00:00+01:00;83814
2023-03-18 05:00:00+01:00;100306
2023-03-18 06:00:00+01:00;98614
2023-03-18 07:00:00+01:00;96711
2023-03-18 08:00:00+01:00;89190
2023-03-18 09:00:00+01:00;83141
2023-03-18 10:00:00+01:00;78753
2023-03-18 11:00:00+01:00;76672
2023-03-18 12:00:00+01:00;76214
2023-03-18 13:00:00+01:00;77141
2023-03-18 14:00:00+01:00;78847
2023-03-18 15:00:00+01:00;82244
2023-03-18 16:00:00+01:00;85859
2023-03-18 17:00:00+01:00;86916
2023-03-18 18:00:00+01:00;87219
2023-03-18 19:00:00+01:00;84735
2023-03-18 20:00:00+01:00;76475
2023-03-18 21:00:00+01:00;58326
2023-03-18 22:00:00+01:00;46302
2023-03-18 23:00:00+01:00;46302
2023-03-19 00:00:00+01:00;48994
2023-03-19 01:00:00+01:00;50133
2023-03-19 02:00:00+01:00;56212
2023-03-19 03:00:00+01:00;69104
2023-03-19 04:00:00+01:00;91670
2023-03-19 05:00:00+01:00;109598
2023-03-19 06:00:00+01:00;107771
2023-03-19 07:00:00+01:00;105563
2023-03-19 08:00:00+01:00;97420
2023-03-19 09:00:00+01:00;90874
2023-03-19 10:00:00+01:00;86100
2023-03-19 11:00:00+01:00;83752
2023-03-19 12:00:00+01:00;83260
2023-03-19 13:00:00+01:00;84174
2023-03-19 14:00:00+01:00;85994
2023-03-19 15:00:00+01:00;89654
2023-03-19 16:00:00+01:00;93565
2023-03-19 17:00:00+01:00;94698
2023-03-19 18:00:00+01:00;95029
2023-03-19 19:00:00+01:00;92361
2023-03-19 20:00:00+01:00;83303
2023-03-19 21:00:00+01:00;63729
2023-03-19 22:00:00+01:00;50602
2023-03-19 23:00:00+01:00;52259
2023-03-20 00:00:00+01:00;55396
2023-03-20 01:00:00+01:00;56637
2023-03-20 02:00:00+01:00;62733
2023-03-20 03:00:00+01:00;76784
2023-03-20 04:00:00+01:00;102393
2023-03-20 05:00:00+01:00;125172
2023-03-20 06:00:00+01:00;122963
2023-03-20 07:00:00+01:00;119900
2023-03-20 08:00:00+01:00;111129
2023-03-20 09:00:00+01:00;104302
2023-03-20 10:00:00+01:00;98952
2023-03-20 11:00:00+01:00;95898
2023-03-20 12:00:00+01:00;94714
2023-03-20 13:00:00+01:00;96045
2023-03-20 14:00:00+01:00;97966
2023-03-20 15:00:00+01:00;101748
2023-03-20 16:00:00+01:00;105607
2023-03-20 17:00:00+01:00;107624
2023-03-20 18:00:00+01:00;107533
2023-03-20 19:00:00+01:00;104420
2023-03-20 20:00:00+01:00;94357
2023-03-20 21:00:00+01:00;72826
2023-03-20 22:00:00+01:00;58008
2023-03-20 23:00:00+01:00;59814
2023-03-21 00:00:00+01:00;61478
2023-03-21 01:00:00+01:00;63808
2023-03-21 02:00:00+01:00;69567
2023-03-21 03:00:00+01:00;82877
2023-03-21 04:00:00+01:00;113395
2023-03-21 05:00:00+01:00;134292
2023-03-21 06:00:00+01:00;128875
2023-03-21 07:00:00+01:00;125064
2023-03-21 08:00:00+01:00;118204
2023-03-21 09:00:00+01:00;110962
2023-03-21 10:00:00+01:00;108127
2023-03-21 11:00:00+01:00;104049
2023-03-21 12:00:00+01:00;100940
2023-03-21 13:00:00+01:00;99911
2023-03-21 14:00:00+01:00;102908
2023-03-21 15:00:00+01:00;108356
2023-03-21 16:00:00+01:00;113819
2023-03-21 17:00:00+01:00;115784
2023-03-21 18:00:00+01:00;114622
2023-03-21 19:00:00+01:00;111509
2023-03-21 20:00:00+01:00;101847
2023-03-21 21:00:00+01:00;81122
2023-03-21 22:00:00+01:00;65357
2023-03-21 23:00:00+01:00;70291
2023-03-22 00:00:00+01:00;72963
2023-03-22 01:00:00+01:00;72451
2023-03-22 02:00:00+01:00;79132
2023-03-22 03:00:00+01:00;95993
2023-03-22 04:00:00+01:00;130433
2023-03-22 05:00:00+01:00;142277
2023-03-22 06:00:00+01:00;134473
2023-03-22 07:00:00+01:00;131834
2023-03-22 08:00:00+01:00;126525
2023-03-22 09:00:00+01:00;120349
2023-03-22 10:00:00+01:00;117351
2023-03-22 11:00:00+01:00;113623
2023-03-22 12:00:00+01:00;112704
2023-03-22 13:00:00+01:00;115221
2023-03-22 14:00:00+01:00;117755
2023-03-22 15:00:00+01:00;121759
2023-03-22 16:00:00+01:00;127802
2023-03-22 17:00:00+01:00;129196
2023-03-22 18:00:00+01:00;127909
2023-03-22 19:00:00+01:00;125051
2023-03-22 20:00:00+01:00;114088
2023-03-22 21:00:00+01:00;91326
2023-03-22 22:00:00+01:00;76524
2023-03-22 23:00:00+01:00;69799
2023-03-23 00:00:00+01:00;72148
2023-03-23 01:00:00+01:00;74027
2023-03-23 02:00:00+01:00;80489
2023-03-23 03:00:00+01:00;92559
2023-03-23 04:00:00+01:00;123554
2023-03-23 05:00:00+01:00;145927
2023-03-23 06:00:00+01:00;141983
2023-03-23 07:00:00+01:00;139636
2023-03-23 08:00:00+01:00;134074
2023-03-23 09:00:00+01:00;128087
2023-03-23 10:00:00+01:00;122322
2023-03-23 11:00:00+01:00;118496
2023-03-23 12:00:00+01:00;118469
2023-03-23 13:00:00+01:00;119195
2023-03-23 14:00:00+01:00;121261
2023-03-23 15:00:00+01:00;125675
2023-03-23 16:00:00+01:00;129713
2023-03-23 17:00:00+01:00;130499
2023-03-23 18:00:00+01:00;128841
2023-03-23 19:00:00+01:00;123396
2023-03-23 20:00:00+01:00;112664
2023-03-23 21:00:00+01:00;89535
2023-03-23 22:00:00+01:00;74049
2023-03-23 23:00:00+01:00;60868
2023-03-24 00:00:00+01:00;63932
2023-03-24 01:00:00+01:00;65465
2023-03-24 02:00:00+01:00;71977
2023-03-24 03:00:00+01:00;85588
2023-03-24 04:00:00+01:00;113946
2023-03-24 05:00:00+01:00;135427
2023-03-24 06:00:00+01:00;132979
2023-03-24 07:00:00+01:00;130178
2023-03-24 08:00:00+01:00;122427
2023-03-24 09:00:00+01:00;115353
2023-03-24 10:00:00+01:00;109725
2023-03-24 11:00:00+01:00;106662
2023-03-24 12:00:00+01:00;106102
2023-03-24 13:00:00+01:00;107070
2023-03-24 14:00:00+01:00;109198
2023-03-24 15:00:00+01:00;113598
2023-03-24 16:00:00+01:00;117295
2023-03-24 17:00:00+01:00;117965
2023-03-24 18:00:00+01:00;117504
2023-03-24 19:00:00+01:00;114140
2023-03-24 20:00:00+01:00;103252
2023-03-24 21:00:00+01:00;80521
2023-03-24 22:00:00+01:00;65304
2023-03-24 23:00:00+01:00;50170
2023-03-25 00:00:00+01:00;53122
2023-03-25 01:00:00+01:00;54378
2023-03-25 02:00:00+01:00;60907
2023-03-25 03:00:00+01:00;74763
2023-03-25 04:00:00+01:00;99330
2023-03-25 05:00:00+01:00;118770
2023-03-25 06:00:00+01:00;116789
2023-03-25 07:00:00+01:00;114221
2023-03-25 08:00:00+01:00;105476
2023-03-25 09:00:00+01:00;98437
2023-03-25 10:00:00+01:00;93256
2023-03-25 11:00:00+01:00;90774
2023-03-25 12:00:00+01:00;90072
2023-03-25 13:00:00+01:00;91086
2023-03-25 14:00:00+01:00;93044
2023-03-25 15:00:00+01:00;96936
2023-03-25 16:00:00+01:00;101135
2023-03-25 17:00:00+01:00;102341
2023-03-25 18:00:00+01:00;102710
2023-03-25 19:00:00+01:00;99825
2023-03-25 20:00:00+01:00;90104
2023-03-25 21:00:00+01:00;68919
2023-03-25 22:00:00+01:00;54794
2023-03-25 23:00:00+01:00;52012
2023-03-26 00:00:00+01:00;55048
2023-03-26 01:00:00+01:00;56344
2023-03-26 03:00:00+02:00;63035
2023-03-26 04:00:00+02:00;77328
2023-03-26 05:00:00+02:00;102737
2023-03-26 06:00:00+02:00;122748
2023-03-26 07:00:00+02:00;120710
2023-03-26 08:00:00+02:00;118020
2023-03-26 09:00:00+02:00;109092
2023-03-26 10:00:00+02:00;101870
2023-03-26 11:00:00+02:00;96538
2023-03-26 12:00:00+02:00;93886
2023-03-26 13:00:00+02:00;93235
2023-03-26 14:00:00+02:00;94196
2023-03-26 15:00:00+02:00;96190
2023-03-26 16:00:00+02:00;100197
2023-03-26 17:00:00+02:00;104484
2023-03-26 18:00:00+02:00;105703
2023-03-26 19:00:00+02:00;106059
2023-03-26 20:00:00+02:00;103106
2023-03-26 21:00:00+02:00;93022
2023-03-26 22:00:00+02:00;71340
2023-03-26 23:00:00+02:00;56734
2023-03-27 00:00:00+02:00;51591
2023-03-27 01:00:00+02:00;54726
2023-03-27 02:00:00+02:00;55938
2023-03-27 03:00:00+02:00;62054
2023-03-27 04:00:00+02:00;76143
2023-03-27 05:00:00+02:00;101517
2023-03-27 06:00:00+02:00;124173
2023-03-27 07:00:00+02:00;122002
2023-03-27 08:00:00+02:00;118963
2023-03-27 09:00:00+02:00;110114
2023-03-27 10:00:00+02:00;103272
2023-03-27 11:00:00+02:00;97943
2023-03-27 12:00:00+02:00;94927
2023-03-27 13:00:00+02:00;93737
2023-03-27 14:00:00+02:00;95073
2023-03-27 15:00:00+02:00;96984
2023-03-27 16:00:00+02:00;100727
2023-03-27 17:00:00+02:00;104621
2023-03-27 18:00:00+02:00;106688
2023-03-27 19:00:00+02:00;106644
2023-03-27 20:00:00+02:00;103571
2023-03-27 21:00:00+02:00;93568
2023-03-27 22:00:00+02:00;72124
2023-03-27 23:00:00+02:00;57372
2023-03-28 00:00:00+02:00;48894
2023-03-28 01:00:00+02:00;51349
2023-03-28 02:00:00+02:00;52652
2023-03-28 03:00:00+02:00;59077
2023-03-28 04:00:00+02:00;73492
2023-03-28 05:00:00+02:00;100576
2023-03-28 06:00:00+02:00;119090
2023-03-28 07:00:00+02:00;115118
2023-03-28 08:00:00+02:00;110733
2023-03-28 09:00:00+02:00;103065
2023-03-28 10:00:00+02:00;95287
2023-03-28 11:00:00+02:00;92510
2023-03-28 12:00:00+02:00;89488
2023-03-28 13:00:00+02:00;85297
2023-03-28 14:00:00+02:00;84262
2023-03-28 15:00:00+02:00;87612
2023-03-28 16:00:00+02:00;92597
2023-03-28 17:00:00+02:00;98272
2023-03-28 18:00:00+02:00;101334
2023-03-28 19:00:00+02:00;100803
2023-03-28 20:00:00+02:00;98863
2023-03-28 21:00:00+02:00;89280
2023-03-28 22:00:00+02:00;70641
2023-03-28 23:00:00+02:00;55018
2023-03-29 00:00:00+02:00;44383
2023-03-29 01:00:00+02:00;49280
2023-03-29 02:00:00+02:00;52441
2023-03-29 03:00:00+02:00;66569
2023-03-29 04:00:00+02:00;93106
2023-03-29 05:00:00+02:00;101169
2023-03-29 06:00:00+02:00;95242
2023-03-29 07:00:00+02:00;90610
2023-03-29 08:00:00+02:00;85713
2023-03-29 09:00:00+02:00;79948
2023-03-29 10:00:00+02:00;77378
2023-03-29 11:00:00+02:00;75015
2023-03-29 12:00:00+02:00;73782
2023-03-29 13:00:00+02:00;75870
2023-03-29 14:00:00+02:00;77003
2023-03-29 15:00:00+02:00;82129
2023-03-29 16:00:00+02:00;86978
2023-03-29 17:00:00+02:00;88695
2023-03-29 18:00:00+02:00;89172
2023-03-29 19:00:00+02:00;88358
2023-03-29 20:00:00+02:00;79397
2023-03-29 21:00:00+02:00;63726
2023-03-29 22:00:00+02:00;49481
2023-03-29 23:00:00+02:00;48206
2023-03-30 00:00:00+02:00;51446
2023-03-30 01:00:00+02:00;52655
2023-03-30 02:00:00+02:00;59046
2023-03-30 03:00:00+02:00;72469
2023-03-30 04:00:00+02:00;95676
2023-03-30 05:00:00+02:00;113931
2023-03-30 06:00:00+02:00;111945
2023-03-30 07:00:00+02:00;108410
2023-03-30 08:00:00+02:00;101079
2023-03-30 09:00:00+02:00;94776
2023-03-30 10:00:00+02:00;89115
2023-03-30 11:00:00+02:00;87324
2023-03-30 12:00:00+02:00;86054
2023-03-30 13:00:00+02:00;86756
2023-03-30 14:00:00+02:00;88793
2023-03-30 15:00:00+02:00;93447
2023-03-30 16:00:00+02:00;97214
2023-03-30 17:00:00+02:00;100022
2023-03-30 18:00:00+02:00;100070
2023-03-30 19:00:00+02:00;96999
2023-03-30 20:00:00+02:00;87479
2023-03-30 21:00:00+02:00;67483
2023-03-30 22:00:00+02:00;53323
2023-03-30 23:00:00+02:00;48047
2023-03-31 00:00:00+02:00;50835
2023-03-31 01:00:00+02:00;52033
2023-03-31 02:00:00+02:00;58281
2023-03-31 03:00:00+02:00;71590
2023-03-31 04:00:00+02:00;95101
2023-03-31 05:00:00+02:00;113706
2023-03-31 06:00:00+02:00;111815
2023-03-31 07:00:00+02:00;109394
2023-03-31 08:00:00+02:00;101043
2023-03-31 09:00:00+02:00;94285
2023-03-31 10:00:00+02:00;89325
2023-03-31 11:00:00+02:00;86863
2023-03-31 12:00:00+02:00;86314
2023-03-31 13:00:00+02:00;87215
2023-03-31 14:00:00+02:00;89081
2023-03-31 15:00:00+02:00;92839
2023-03-31 16:00:00+02:00;96844
2023-03-31 17:00:00+02:00;98021
2023-03-31 18:00:00+02:00;98388
2023-03-31 19:00:00+02:00;95640
2023-03-31 20:00:00+02:00;86296
2023-03-31 21:00:00+02:00;66091
2023-03-31 22:00:00+02:00;52470
2023-03-31 23:00:00+02:00;58856
2023-04-01 00:00:00+02:00;61858
2023-04-01 01:00:00+02:00;63384
2023-04-01 02:00:00+02:00;69869
2023-04-01 03:00:00+02:00;83414
2023-04-01 04:00:00+02:00;111006
2023-04-01 05:00:00+02:00;132101
2023-04-01 06:00:00+02:00;129689
2023-04-01 07:00:00+02:00;126976
2023-04-01 08:00:00+02:00;119071
2023-04-01 09:00:00+02:00;112072
2023-04-01 10:00:00+02:00;106535
2023-04-01 11:00:00+02:00;103651
2023-04-01 12:00:00+02:00;103024
2023-04-01 13:00:00+02:00;103992
2023-04-01 14:00:00+02:00;106097
2023-04-01 15:00:00+02:00;110427
2023-04-01 16:00:00+02:00;114149
2023-04-01 17:00:00+02:00;114930
2023-04-01 18:00:00+02:00;114596
2023-04-01 19:00:00+02:00;111303
2023-04-01 20:00:00+02:00;100672
2023-04-01 21:00:00+02:00;78255
2023-04-01 22:00:00+02:00;63308
2023-04-01 23:00:00+02:00;66648
2023-04-02 00:00:00+02:00;69641
2023-04-02 01:00:00+02:00;71324
2023-04-02 02:00:00+02:00;77523
2023-04-02 03:00:00+02:00;90190
2023-04-02 04:00:00+02:00;120204
2023-04-02 05:00:00+02:00;142345
2023-04-02 06:00:00+02:00;139611
2023-04-02 07:00:00+02:00;136861
2023-04-02 08:00:00+02:00;130285
2023-04-02 09:00:00+02:00;123514
2023-04-02 10:00:00+02:00;117796
2023-04-02 11:00:00+02:00;114474
2023-04-02 12:00:00+02:00;114028
2023-04-02 13:00:00+02:00;114992
2023-04-02 14:00:00+02:00;117182
2023-04-02 15:00:00+02:00;121810
2023-04-02 16:00:00+02:00;124921
2023-04-02 17:00:00+02:00;125117
2023-04-02 18:00:00+02:00;123977
2023-04-02 19:00:00+02:00;120350
2023-04-02 20:00:00+02:00;109073
2023-04-02 21:00:00+02:00;86050
2023-04-02 22:00:00+02:00;70734
2023-04-02 23:00:00+02:00;65101
2023-04-03 00:00:00+02:00;68127
2023-04-03 01:00:00+02:00;69951
2023-04-03 02:00:00+02:00;75352
2023-04-03 03:00:00+02:00;87992
2023-04-03 04:00:00+02:00;117677
2023-04-03 05:00:00+02:00;142238
2023-04-03 06:00:00+02:00;139216
2023-04-03 07:00:00+02:00;135910
2023-04-03 08:00:00+02:00;129201
2023-04-03 09:00:00+02:00;123008
2023-04-03 10:00:00+02:00;117426
2023-04-03 11:00:00+02:00;113677
2023-04-03 12:00:00+02:00;112663
2023-04-03 13:00:00+02:00;113876
2023-04-03 14:00:00+02:00;115944
2023-04-03 15:00:00+02:00;120474
2023-04-03 16:00:00+02:00;123378
2023-04-03 17:00:00+02:00;124196
2023-04-03 18:00:00+02:00;123022
2023-04-03 19:00:00+02:00;119134
2023-04-03 20:00:00+02:00;108126
2023-04-03 21:00:00+02:00;85595
2023-04-03 22:00:00+02:00;69942
2023-04-03 23:00:00+02:00;67226
2023-04-04 00:00:00+02:00;68404
2023-04-04 01:00:00+02:00;71379
2023-04-04 02:00:00+02:00;76744
2023-04-04 03:00:00+02:00;89423
2023-04-04 04:00:00+02:00;122275
2023-04-04 05:00:00+02:00;144822
2023-04-04 06:00:00+02:00;138463
2023-04-04 07:00:00+02:00;134991
2023-04-04 08:00:00+02:00;128621
2023-04-04 09:00:00+02:00;121689
2023-04-04 10:00:00+02:00;118787
2023-04-04 11:00:00+02:00;114032
2023-04-04 12:00:00+02:00;111585
2023-04-04 13:00:00+02:00;110569
2023-04-04 14:00:00+02:00;113333
2023-04-04 15:00:00+02:00;119101
2023-04-04 16:00:00+02:00;124435
2023-04-04 17:00:00+02:00;125706
2023-04-04 18:00:00+02:00;124141
2023-04-04 19:00:00+02:00;120266
2023-04-04 20:00:00+02:00;110479
2023-04-04 21:00:00+02:00;88342
2023-04-04 22:00:00+02:00;72413
2023-04-04 23:00:00+02:00;69904
2023-04-05 00:00:00+02:00;72575
2023-04-05 01:00:00+02:00;72058
2023-04-05 02:00:00+02:00;78667
2023-04-05 03:00:00+02:00;95347
2023-04-05 04:00:00+02:00;129554
2023-04-05 05:00:00+02:00;141359
2023-04-05 06:00:00+02:00;133596
2023-04-05 07:00:00+02:00;130993
2023-04-05 08:00:00+02:00;125724
2023-04-05 09:00:00+02:00;119595
2023-04-05 10:00:00+02:00;116618
2023-04-05 11:00:00+02:00;112919
2023-04-05 12:00:00+02:00;111995
2023-04-05 13:00:00+02:00;114479
2023-04-05 14:00:00+02:00;116985
2023-04-05 15:00:00+02:00;121003
2023-04-05 16:00:00+02:00;126970
2023-04-05 17:00:00+02:00;128331
2023-04-05 18:00:00+02:00;127055
2023-04-05 19:00:00+02:00;124213
2023-04-05 20:00:00+02:00;113321
2023-04-05 21:00:00+02:00;90783
2023-04-05 22:00:00+02:00;76041
2023-04-05 23:00:00+02:00;69290
2023-04-06 00:00:00+02:00;71944
2023-04-06 01:00:00+02:00;73793
2023-04-06 02:00:00+02:00;80527
2023-04-06 03:00:00+02:00;93451
2023-04-06 04:00:00+02:00;124499
2023-04-06 05:00:00+02:00;147221
2023-04-06 06:00:00+02:00;143464
2023-04-06 07:00:00+02:00;140693
2023-04-06 08:00:00+02:00;134528
2023-04-06 09:00:00+02:00;128182
2023-04-06 10:00:00+02:00;122143
2023-04-06 11:00:00+02:00;118535
2023-04-06 12:00:00+02:00;118190
2023-04-06 13:00:00+02:00;118927
2023-04-06 14:00:00+02:00;121056
2023-04-06 15:00:00+02:00;125710
2023-04-06 16:00:00+02:00;129878
2023-04-06 17:00:00+02:00;131084
2023-04-06 18:00:00+02:00;129691
2023-04-06 19:00:00+02:00;124447
2023-04-06 20:00:00+02:00;113421
2023-04-06 21:00:00+02:00;89872
2023-04-06 22:00:00+02:00;73887
2023-04-06 23:00:00+02:00;64032
2023-04-07 00:00:00+02:00;67149
2023-04-07 01:00:00+02:00;68763
2023-04-07 02:00:00+02:00;75336
2023-04-07 03:00:00+02:00;89008
2023-04-07 04:00:00+02:00;118514
2023-04-07 05:00:00+02:00;140732
2023-04-07 06:00:00+02:00;138129
2023-04-07 07:00:00+02:00;135267
2023-04-07 08:00:00+02:00;127635
2023-04-07 09:00:00+02:00;120479
2023-04-07 10:00:00+02:00;114693
2023-04-07 11:00:00+02:00;111481
2023-04-07 12:00:00+02:00;110897
2023-04-07 13:00:00+02:00;111880
2023-04-07 14:00:00+02:00;114066
2023-04-07 15:00:00+02:00;118611
2023-04-07 16:00:00+02:00;122236
2023-04-07 17:00:00+02:00;122787
2023-04-07 18:00:00+02:00;122142
2023-04-07 19:00:00+02:00;118617
2023-04-07 20:00:00+02:00;107359
2023-04-07 21:00:00+02:00;84060
2023-04-07 22:00:00+02:00;68463
2023-04-07 23:00:00+02:00;53554
2023-04-08 00:00:00+02:00;56523
2023-04-08 01:00:00+02:00;57881
2023-04-08 02:00:00+02:00;64398
2023-04-08 03:00:00+02:00;78139
2023-04-08 04:00:00+02:00;103860
2023-04-08 05:00:00+02:00;123947
2023-04-08 06:00:00+02:00;121795
2023-04-08 07:00:00+02:00;119195
2023-04-08 08:00:00+02:00;110753
2023-04-08 09:00:00+02:00;103724
2023-04-08 10:00:00+02:00;98407
2023-04-08 11:00:00+02:00;95772
2023-04-08 12:00:00+02:00;95088
2023-04-08 13:00:00+02:00;96089
2023-04-08 14:00:00+02:00;98101
2023-04-08 15:00:00+02:00;102155
2023-04-08 16:00:00+02:00;106178
2023-04-08 17:00:00+02:00;107221
2023-04-08 18:00:00+02:00;107324
2023-04-08 19:00:00+02:00;104273
2023-04-08 20:00:00+02:00;94196
2023-04-08 21:00:00+02:00;72549
2023-04-08 22:00:00+02:00;58111
2023-04-08 23:00:00+02:00;42581
2023-04-09 00:00:00+02:00;45013
2023-04-09 01:00:00+02:00;46051
2023-04-09 02:00:00+02:00;51652
2023-04-09 03:00:00+02:00;63433
2023-04-09 04:00:00+02:00;84048
2023-04-09 05:00:00+02:00;100504
2023-04-09 06:00:00+02:00;98809
2023-04-09 07:00:00+02:00;96955
2023-04-09 08:00:00+02:00;89489
2023-04-09 09:00:00+02:00;83464
2023-04-09 10:00:00+02:00;79092
2023-04-09 11:00:00+02:00;76943
2023-04-09 12:00:00+02:00;76577
2023-04-09 13:00:00+02:00;77454
2023-04-09 14:00:00+02:00;79150
2023-04-09 15:00:00+02:00;82571
2023-04-09 16:00:00+02:00;86155
2023-04-09 17:00:00+02:00;87187
2023-04-09 18:00:00+02:00;87445
2023-04-09 19:00:00+02:00;84966
2023-04-09 20:00:00+02:00;76633
2023-04-09 21:00:00+02:00;58588
2023-04-09 22:00:00+02:00;46539
2023-04-09 23:00:00+02:00;27817
2023-04-10 00:00:00+02:00;29640
2023-04-10 01:00:00+02:00;30308
2023-04-10 02:00:00+02:00;34238
2023-04-10 03:00:00+02:00;44570
2023-04-10 04:00:00+02:00;64096
2023-04-10 05:00:00+02:00;81139
2023-04-10 06:00:00+02:00;80025
2023-04-10 07:00:00+02:00;74534
2023-04-10 08:00:00+02:00;68493
2023-04-10 09:00:00+02:00;62892
2023-04-10 10:00:00+02:00;58125
2023-04-10 11:00:00+02:00;56224
2023-04-10 12:00:00+02:00;54429
2023-04-10 13:00:00+02:00;53736
2023-04-10 14:00:00+02:00;54491
2023-04-10 15:00:00+02:00;56687
2023-04-10 16:00:00+02:00;59133
2023-04-10 17:00:00+02:00;61927
2023-04-10 18:00:00+02:00;64909
2023-04-10 19:00:00+02:00;63405
2023-04-10 20:00:00+02:00;58651
2023-04-10 21:00:00+02:00;44572
2023-04-10 22:00:00+02:00;31715
2023-04-10 23:00:00+02:00;23840
2023-04-11 00:00:00+02:00;23735
2023-04-11 01:00:00+02:00;25443
2023-04-11 02:00:00+02:00;28101
2023-04-11 03:00:00+02:00;38160
2023-04-11 04:00:00+02:00;57236
2023-04-11 05:00:00+02:00;69421
2023-04-11 06:00:00+02:00;68904
2023-04-11 07:00:00+02:00;63738
2023-04-11 08:00:00+02:00;58343
2023-04-11 09:00:00+02:00;53254
2023-04-11 10:00:00+02:00;49996
2023-04-11 11:00:00+02:00;47669
2023-04-11 12:00:00+02:00;44701
2023-04-11 13:00:00+02:00;43025
2023-04-11 14:00:00+02:00;43866
2023-04-11 15:00:00+02:00;45555
2023-04-11 16:00:00+02:00;48840
2023-04-11 17:00:00+02:00;52553
2023-04-11 18:00:00+02:00;55547
2023-04-11 19:00:00+02:00;54431
2023-04-11 20:00:00+02:00;50944
2023-04-11 21:00:00+02:00;38839
2023-04-11 22:00:00+02:00;27456
2023-04-11 23:00:00+02:00;24612
2023-04-12 00:00:00+02:00;26388
2023-04-12 01:00:00+02:00;26991
2023-04-12 02:00:00+02:00;31769
2023-04-12 03:00:00+02:00;44886
2023-04-12 04:00:00+02:00;66960
2023-04-12 05:00:00+02:00;71663
2023-04-12 06:00:00+02:00;70998
2023-04-12 07:00:00+02:00;63846
2023-04-12 08:00:00+02:00;58199
2023-04-12 09:00:00+02:00;53943
2023-04-12 10:00:00+02:00;50728
2023-04-12 11:00:00+02:00;48419
2023-04-12 12:00:00+02:00;46665
2023-04-12 13:00:00+02:00;46719
2023-04-12 14:00:00+02:00;47360
2023-04-12 15:00:00+02:00;49700
2023-04-12 16:00:00+02:00;52302
2023-04-12 17:00:00+02:00;55644
2023-04-12 18:00:00+02:00;59038
2023-04-12 19:00:00+02:00;58490
2023-04-12 20:00:00+02:00;53882
2023-04-12 21:00:00+02:00;41573
2023-04-12 22:00:00+02:00;29061
2023-04-12 23:00:00+02:00;29993
2023-04-13 00:00:00+02:00;31878
2023-04-13 01:00:00+02:00;33097
2023-04-13 02:00:00+02:00;37627
2023-04-13 03:00:00+02:00;47853
2023-04-13 04:00:00+02:00;66725
2023-04-13 05:00:00+02:00;81577
2023-04-13 06:00:00+02:00;80328
2023-04-13 07:00:00+02:00;75248
2023-04-13 08:00:00+02:00;69772
2023-04-13 09:00:00+02:00;64374
2023-04-13 10:00:00+02:00;59798
2023-04-13 11:00:00+02:00;57616
2023-04-13 12:00:00+02:00;56585
2023-04-13 13:00:00+02:00;56118
2023-04-13 14:00:00+02:00;57506
2023-04-13 15:00:00+02:00;59842
2023-04-13 16:00:00+02:00;62777
2023-04-13 17:00:00+02:00;65640
2023-04-13 18:00:00+02:00;67805
2023-04-13 19:00:00+02:00;66214
2023-04-13 20:00:00+02:00;60718
2023-04-13 21:00:00+02:00;46283
2023-04-13 22:00:00+02:00;34014
2023-04-13 23:00:00+02:00;28355
2023-04-14 00:00:00+02:00;29843
2023-04-14 01:00:00+02:00;31053
2023-04-14 02:00:00+02:00;35125
2023-04-14 03:00:00+02:00;45157
2023-04-14 04:00:00+02:00;63877
2023-04-14 05:00:00+02:00;78672
2023-04-14 06:00:00+02:00;77546
2023-04-14 07:00:00+02:00;72970
2023-04-14 08:00:00+02:00;67134
2023-04-14 09:00:00+02:00;61539
2023-04-14 10:00:00+02:00;57312
2023-04-14 11:00:00+02:00;54826
2023-04-14 12:00:00+02:00;54107
2023-04-14 13:00:00+02:00;53535
2023-04-14 14:00:00+02:00;54529
2023-04-14 15:00:00+02:00;56791
2023-04-14 16:00:00+02:00;59334
2023-04-14 17:00:00+02:00;61632
2023-04-14 18:00:00+02:00;64034
2023-04-14 19:00:00+02:00;62578
2023-04-14 20:00:00+02:00;57610
2023-04-14 21:00:00+02:00;43618
2023-04-14 22:00:00+02:00;31711
2023-04-14 23:00:00+02:00;17928
2023-04-15 00:00:00+02:00;18726
2023-04-15 01:00:00+02:00;19681
2023-04-15 02:00:00+02:00;22539
2023-04-15 03:00:00+02:00;29897
2023-04-15 04:00:00+02:00;44060
2023-04-15 05:00:00+02:00;55407
2023-04-15 06:00:00+02:00;54560
2023-04-15 07:00:00+02:00;50294
2023-04-15 08:00:00+02:00;46220
2023-04-15 09:00:00+02:00;41852
2023-04-15 10:00:00+02:00;38541
2023-04-15 11:00:00+02:00;36511
2023-04-15 12:00:00+02:00;35914
2023-04-15 13:00:00+02:00;35066
2023-04-15 14:00:00+02:00;35581
2023-04-15 15:00:00+02:00;37103
2023-04-15 16:00:00+02:00;38781
2023-04-15 17:00:00+02:00;41011
2023-04-15 18:00:00+02:00;43579
2023-04-15 19:00:00+02:00;42741
2023-04-15 20:00:00+02:00;39866
2023-04-15 21:00:00+02:00;29941
2023-04-15 22:00:00+02:00;20481
2023-04-15 23:00:00+02:00;20094
2023-04-16 00:00:00+02:00;21114
2023-04-16 01:00:00+02:00;22053
2023-04-16 02:00:00+02:00;25215
2023-04-16 03:00:00+02:00;33325
2023-04-16 04:00:00+02:00;48781
2023-04-16 05:00:00+02:00;60940
2023-04-16 06:00:00+02:00;59973
2023-04-16 07:00:00+02:00;55298
2023-04-16 08:00:00+02:00;51022
2023-04-16 09:00:00+02:00;46330
2023-04-16 10:00:00+02:00;42844
2023-04-16 11:00:00+02:00;40771
2023-04-16 12:00:00+02:00;39891
2023-04-16 13:00:00+02:00;39081
2023-04-16 14:00:00+02:00;39504
2023-04-16 15:00:00+02:00;41202
2023-04-16 16:00:00+02:00;43060
2023-04-16 17:00:00+02:00;45244
2023-04-16 18:00:00+02:00;47770
2023-04-16 19:00:00+02:00;46968
2023-04-16 20:00:00+02:00;43555
2023-04-16 21:00:00+02:00;32918
2023-04-16 22:00:00+02:00;22957
2023-04-16 23:00:00+02:00;29090
2023-04-17 00:00:00+02:00;30914
2023-04-17 01:00:00+02:00;31585
2023-04-17 02:00:00+02:00;35516
2023-04-17 03:00:00+02:00;45100
2023-04-17 04:00:00+02:00;62536
2023-04-17 05:00:00+02:00;78223
2023-04-17 06:00:00+02:00;76900
2023-04-17 07:00:00+02:00;73288
2023-04-17 08:00:00+02:00;67459
2023-04-17 09:00:00+02:00;62468
2023-04-17 10:00:00+02:00;58390
2023-04-17 11:00:00+02:00;56546
2023-04-17 12:00:00+02:00;55320
2023-04-17 13:00:00+02:00;55412
2023-04-17 14:00:00+02:00;56388
2023-04-17 15:00:00+02:00;58721
2023-04-17 16:00:00+02:00;61122
2023-04-17 17:00:00+02:00;63269
2023-04-17 18:00:00+02:00;64853
2023-04-17 19:00:00+02:00;63184
2023-04-17 20:00:00+02:00;57817
2023-04-17 21:00:00+02:00;44083
2023-04-17 22:00:00+02:00;32932
2023-04-17 23:00:00+02:00;38812
2023-04-18 00:00:00+02:00;40654
2023-04-18 01:00:00+02:00;41915
2023-04-18 02:00:00+02:00;47019
2023-04-18 03:00:00+02:00;59164
2023-04-18 04:00:00+02:00;81842
2023-04-18 05:00:00+02:00;96946
2023-04-18 06:00:00+02:00;93943
2023-04-18 07:00:00+02:00;90128
2023-04-18 08:00:00+02:00;83689
2023-04-18 09:00:00+02:00;77060
2023-04-18 10:00:00+02:00;74694
2023-04-18 11:00:00+02:00;72164
2023-04-18 12:00:00+02:00;68663
2023-04-18 13:00:00+02:00;67476
2023-04-18 14:00:00+02:00;70151
2023-04-18 15:00:00+02:00;74138
2023-04-18 16:00:00+02:00;78930
2023-04-18 17:00:00+02:00;81792
2023-04-18 18:00:00+02:00;81882
2023-04-18 19:00:00+02:00;80341
2023-04-18 20:00:00+02:00;72696
2023-04-18 21:00:00+02:00;57235
2023-04-18 22:00:00+02:00;44050
2023-04-18 23:00:00+02:00;43123
2023-04-19 00:00:00+02:00;47823
2023-04-19 01:00:00+02:00;45506
2023-04-19 02:00:00+02:00;51083
2023-04-19 03:00:00+02:00;65089
2023-04-19 04:00:00+02:00;91273
2023-04-19 05:00:00+02:00;99132
2023-04-19 06:00:00+02:00;93511
2023-04-19 07:00:00+02:00;88774
2023-04-19 08:00:00+02:00;83861
2023-04-19 09:00:00+02:00;78202
2023-04-19 10:00:00+02:00;75610
2023-04-19 11:00:00+02:00;73259
2023-04-19 12:00:00+02:00;72005
2023-04-19 13:00:00+02:00;73975
2023-04-19 14:00:00+02:00;75079
2023-04-19 15:00:00+02:00;80030
2023-04-19 16:00:00+02:00;84736
2023-04-19 17:00:00+02:00;86532
2023-04-19 18:00:00+02:00;87162
2023-04-19 19:00:00+02:00;86363
2023-04-19 20:00:00+02:00;77674
2023-04-19 21:00:00+02:00;62251
2023-04-19 22:00:00+02:00;48163
2023-04-19 23:00:00+02:00;36179
2023-04-20 00:00:00+02:00;38538
2023-04-20 01:00:00+02:00;39657
2023-04-20 02:00:00+02:00;44759
2023-04-20 03:00:00+02:00;55752
2023-04-20 04:00:00+02:00;75197
2023-04-20 05:00:00+02:00;90582
2023-04-20 06:00:00+02:00;89082
2023-04-20 07:00:00+02:00;85204
2023-04-20 08:00:00+02:00;79229
2023-04-20 09:00:00+02:00;73762
2023-04-20 10:00:00+02:00;68998
2023-04-20 11:00:00+02:00;67166
2023-04-20 12:00:00+02:00;66146
2023-04-20 13:00:00+02:00;66264
2023-04-20 14:00:00+02:00;67875
2023-04-20 15:00:00+02:00;71166
2023-04-20 16:00:00+02:00;74290
2023-04-20 17:00:00+02:00;76958
2023-04-20 18:00:00+02:00;77982
2023-04-20 19:00:00+02:00;75801
2023-04-20 20:00:00+02:00;68822
2023-04-20 21:00:00+02:00;52761
2023-04-20 22:00:00+02:00;40455
2023-04-20 23:00:00+02:00;27519
2023-04-21 00:00:00+02:00;28957
2023-04-21 01:00:00+02:00;30282
2023-04-21 02:00:00+02:00;34301
2023-04-21 03:00:00+02:00;44661
2023-04-21 04:00:00+02:00;64325
2023-04-21 05:00:00+02:00;79739
2023-04-21 06:00:00+02:00;78662
2023-04-21 07:00:00+02:00;73157
2023-04-21 08:00:00+02:00;67274
2023-04-21 09:00:00+02:00;61427
2023-04-21 10:00:00+02:00;56953
2023-04-21 11:00:00+02:00;54236
2023-04-21 12:00:00+02:00;53343
2023-04-21 13:00:00+02:00;52436
2023-04-21 14:00:00+02:00;53346
2023-04-21 15:00:00+02:00;55494
2023-04-21 16:00:00+02:00;57998
2023-04-21 17:00:00+02:00;60677
2023-04-21 18:00:00+02:00;63655
2023-04-21 19:00:00+02:00;62314
2023-04-21 20:00:00+02:00;57664
2023-04-21 21:00:00+02:00;43603
2023-04-21 22:00:00+02:00;30964
2023-04-21 23:00:00+02:00;32006
2023-04-22 00:00:00+02:00;33769
2023-04-22 01:00:00+02:00;34926
2023-04-22 02:00:00+02:00;39453
2023-04-22 03:00:00+02:00;50020
2023-04-22 04:00:00+02:00;69442
2023-04-22 05:00:00+02:00;84798
2023-04-22 06:00:00+02:00;83505
2023-04-22 07:00:00+02:00;79522
2023-04-22 08:00:00+02:00;73183
2023-04-22 09:00:00+02:00;67433
2023-04-22 10:00:00+02:00;63113
2023-04-22 11:00:00+02:00;60738
2023-04-22 12:00:00+02:00;60036
2023-04-22 13:00:00+02:00;59857
2023-04-22 14:00:00+02:00;61023
2023-04-22 15:00:00+02:00;63569
2023-04-22 16:00:00+02:00;66423
2023-04-22 17:00:00+02:00;68446
2023-04-22 18:00:00+02:00;70377
2023-04-22 19:00:00+02:00;68644
2023-04-22 20:00:00+02:00;62817
2023-04-22 21:00:00+02:00;47642
2023-04-22 22:00:00+02:00;35572
2023-04-22 23:00:00+02:00;35362
2023-04-23 00:00:00+02:00;37331
2023-04-23 01:00:00+02:00;38453
2023-04-23 02:00:00+02:00;43303
2023-04-23 03:00:00+02:00;54255
2023-04-23 04:00:00+02:00;73949
2023-04-23 05:00:00+02:00;89581
2023-04-23 06:00:00+02:00;88183
2023-04-23 07:00:00+02:00;84937
2023-04-23 08:00:00+02:00;78249
2023-04-23 09:00:00+02:00;72421
2023-04-23 10:00:00+02:00;68112
2023-04-23 11:00:00+02:00;65792
2023-04-23 12:00:00+02:00;65243
2023-04-23 13:00:00+02:00;65390
2023-04-23 14:00:00+02:00;66736
2023-04-23 15:00:00+02:00;69577
2023-04-23 16:00:00+02:00;72660
2023-04-23 17:00:00+02:00;74348
2023-04-23 18:00:00+02:00;75707
2023-04-23 19:00:00+02:00;73744
2023-04-23 20:00:00+02:00;67094
2023-04-23 21:00:00+02:00;51054
2023-04-23 22:00:00+02:00;39038
2023-04-23 23:00:00+02:00;27356
2023-04-24 00:00:00+02:00;29148
2023-04-24 01:00:00+02:00;29804
2023-04-24 02:00:00+02:00;33684
2023-04-24 03:00:00+02:00;43885
2023-04-24 04:00:00+02:00;63146
2023-04-24 05:00:00+02:00;79977
2023-04-24 06:00:00+02:00;78873
2023-04-24 07:00:00+02:00;73445
2023-04-24 08:00:00+02:00;67481
2023-04-24 09:00:00+02:00;61946
2023-04-24 10:00:00+02:00;57235
2023-04-24 11:00:00+02:00;55364
2023-04-24 12:00:00+02:00;53590
2023-04-24 13:00:00+02:00;52901
2023-04-24 14:00:00+02:00;53644
2023-04-24 15:00:00+02:00;55813
2023-04-24 16:00:00+02:00;58223
2023-04-24 17:00:00+02:00;60994
2023-04-24 18:00:00+02:00;63956
2023-04-24 19:00:00+02:00;62478
2023-04-24 20:00:00+02:00;57805
2023-04-24 21:00:00+02:00;43914
2023-04-24 22:00:00+02:00;31208
2023-04-24 23:00:00+02:00;23438
2023-04-25 00:00:00+02:00;23277
2023-04-25 01:00:00+02:00;24998
2023-04-25 02:00:00+02:00;27589
2023-04-25 03:00:00+02:00;37597
2023-04-25 04:00:00+02:00;56587
2023-04-25 05:00:00+02:00;68702
2023-04-25 06:00:00+02:00;68255
2023-04-25 07:00:00+02:00;63044
2023-04-25 08:00:00+02:00;57675
2023-04-25 09:00:00+02:00;52627
2023-04-25 10:00:00+02:00;49339
2023-04-25 11:00:00+02:00;47015
2023-04-25 12:00:00+02:00;44060
2023-04-25 13:00:00+02:00;42370
2023-04-25 14:00:00+02:00;43159
2023-04-25 15:00:00+02:00;44783
2023-04-25 16:00:00+02:00;48028
2023-04-25 17:00:00+02:00;51767
2023-04-25 18:00:00+02:00;54846
2023-04-25 19:00:00+02:00;53741
2023-04-25 20:00:00+02:00;50370
2023-04-25 21:00:00+02:00;38350
2023-04-25 22:00:00+02:00;27009
2023-04-25 23:00:00+02:00;19362
2023-04-26 00:00:00+02:00;20598
2023-04-26 01:00:00+02:00;21082
2023-04-26 02:00:00+02:00;24726
2023-04-26 03:00:00+02:00;35308
2023-04-26 04:00:00+02:00;53327
2023-04-26 05:00:00+02:00;57491
2023-04-26 06:00:00+02:00;56811
2023-04-26 07:00:00+02:00;51261
2023-04-26 08:00:00+02:00;46675
2023-04-26 09:00:00+02:00;43173
2023-04-26 10:00:00+02:00;40613
2023-04-26 11:00:00+02:00;38696
2023-04-26 12:00:00+02:00;37313
2023-04-26 13:00:00+02:00;37346
2023-04-26 14:00:00+02:00;37874
2023-04-26 15:00:00+02:00;39768
2023-04-26 16:00:00+02:00;41834
2023-04-26 17:00:00+02:00;44559
2023-04-26 18:00:00+02:00;47369
2023-04-26 19:00:00+02:00;46930
2023-04-26 20:00:00+02:00;43156
2023-04-26 21:00:00+02:00;33193
2023-04-26 22:00:00+02:00;23008
2023-04-26 23:00:00+02:00;24127
2023-04-27 00:00:00+02:00;25557
2023-04-27 01:00:00+02:00;26717
2023-04-27 02:00:00+02:00;30603
2023-04-27 03:00:00+02:00;39622
2023-04-27 04:00:00+02:00;56717
2023-04-27 05:00:00+02:00;70199
2023-04-27 06:00:00+02:00;69142
2023-04-27 07:00:00+02:00;63820
2023-04-27 08:00:00+02:00;59086
2023-04-27 09:00:00+02:00;54099
2023-04-27 10:00:00+02:00;49984
2023-04-27 11:00:00+02:00;47772
2023-04-27 12:00:00+02:00;46824
2023-04-27 13:00:00+02:00;46063
2023-04-27 14:00:00+02:00;47172
2023-04-27 15:00:00+02:00;48818
2023-04-27 16:00:00+02:00;51418
2023-04-27 17:00:00+02:00;54175
2023-04-27 18:00:00+02:00;56819
2023-04-27 19:00:00+02:00;55695
2023-04-27 20:00:00+02:00;51471
2023-04-27 21:00:00+02:00;39044
2023-04-27 22:00:00+02:00;27722
2023-04-27 23:00:00+02:00;37633
2023-04-28 00:00:00+02:00;39757
2023-04-28 01:00:00+02:00;40907
2023-04-28 02:00:00+02:00;46032
2023-04-28 03:00:00+02:00;57513
2023-04-28 04:00:00+02:00;78052
2023-04-28 05:00:00+02:00;94345
2023-04-28 06:00:00+02:00;92860
2023-04-28 07:00:00+02:00;89649
2023-04-28 08:00:00+02:00;82603
2023-04-28 09:00:00+02:00;76550
2023-04-28 10:00:00+02:00;72080
2023-04-28 11:00:00+02:00;69706
2023-04-28 12:00:00+02:00;69130
2023-04-28 13:00:00+02:00;69380
2023-04-28 14:00:00+02:00;70814
2023-04-28 15:00:00+02:00;73815
2023-04-28 16:00:00+02:00;77085
2023-04-28 17:00:00+02:00;78734
2023-04-28 18:00:00+02:00;79991
2023-04-28 19:00:00+02:00;77895
2023-04-28 20:00:00+02:00;70767
2023-04-28 21:00:00+02:00;53904
2023-04-28 22:00:00+02:00;41475
2023-04-28 23:00:00+02:00;40180
2023-04-29 00:00:00+02:00;42498
2023-04-29 01:00:00+02:00;43556
2023-04-29 02:00:00+02:00;48966
2023-04-29 03:00:00+02:00;60521
2023-04-29 04:00:00+02:00;80861
2023-04-29 05:00:00+02:00;97108
2023-04-29 06:00:00+02:00;95502
2023-04-29 07:00:00+02:00;93197
2023-04-29 08:00:00+02:00;85887
2023-04-29 09:00:00+02:00;79892
2023-04-29 10:00:00+02:00;75523
2023-04-29 11:00:00+02:00;73390
2023-04-29 12:00:00+02:00;72884
2023-04-29 13:00:00+02:00;73598
2023-04-29 14:00:00+02:00;75199
2023-04-29 15:00:00+02:00;78425
2023-04-29 16:00:00+02:00;81903
2023-04-29 17:00:00+02:00;83155
2023-04-29 18:00:00+02:00;83786
2023-04-29 19:00:00+02:00;81453
2023-04-29 20:00:00+02:00;73675
2023-04-29 21:00:00+02:00;56116
2023-04-29 22:00:00+02:00;44092
2023-04-29 23:00:00+02:00;39411
2023-04-30 00:00:00+02:00;41652
2023-04-30 01:00:00+02:00;42685
2023-04-30 02:00:00+02:00;47969
2023-04-30 03:00:00+02:00;59289
2023-04-30 04:00:00+02:00;79127
2023-04-30 05:00:00+02:00;94979
2023-04-30 06:00:00+02:00;93411
2023-04-30 07:00:00+02:00;91231
2023-04-30 08:00:00+02:00;84105
2023-04-30 09:00:00+02:00;78246
2023-04-30 10:00:00+02:00;73988
2023-04-30 11:00:00+02:00;71846
2023-04-30 12:00:00+02:00;71453
2023-04-30 13:00:00+02:00;72110
2023-04-30 14:00:00+02:00;73674
2023-04-30 15:00:00+02:00;76864
2023-04-30 16:00:00+02:00;80249
2023-04-30 17:00:00+02:00;81465
2023-04-30 18:00:00+02:00;82051
2023-04-30 19:00:00+02:00;79775
2023-04-30 20:00:00+02:00;72112
2023-04-30 21:00:00+02:00;55010
2023-04-30 22:00:00+02:00;43221
2023-04-30 23:00:00+02:00;40886
2023-05-01 00:00:00+02:00;43406
2023-05-01 01:00:00+02:00;44328
2023-05-01 02:00:00+02:00;49431
2023-05-01 03:00:00+02:00;61007
2023-05-01 04:00:00+02:00;81219
2023-05-01 05:00:00+02:00;99641
2023-05-01 06:00:00+02:00;97808
2023-05-01 07:00:00+02:00;95569
2023-05-01 08:00:00+02:00;88191
2023-05-01 09:00:00+02:00;82557
2023-05-01 10:00:00+02:00;78232
2023-05-01 11:00:00+02:00;75842
2023-05-01 12:00:00+02:00;74954
2023-05-01 13:00:00+02:00;76150
2023-05-01 14:00:00+02:00;77736
2023-05-01 15:00:00+02:00;80854
2023-05-01 16:00:00+02:00;84057
2023-05-01 17:00:00+02:00;85857
2023-05-01 18:00:00+02:00;85852
2023-05-01 19:00:00+02:00;83393
2023-05-01 20:00:00+02:00;75299
2023-05-01 21:00:00+02:00;57792
2023-05-01 22:00:00+02:00;45761
2023-05-01 23:00:00+02:00;36859
2023-05-02 00:00:00+02:00;38611
2023-05-02 01:00:00+02:00;39851
2023-05-02 02:00:00+02:00;44703
2023-05-02 03:00:00+02:00;56335
2023-05-02 04:00:00+02:00;78036
2023-05-02 05:00:00+02:00;92387
2023-05-02 06:00:00+02:00;89530
2023-05-02 07:00:00+02:00;85917
2023-05-02 08:00:00+02:00;79762
2023-05-02 09:00:00+02:00;73374
2023-05-02 10:00:00+02:00;71148
2023-05-02 11:00:00+02:00;68731
2023-05-02 12:00:00+02:00;65394
2023-05-02 13:00:00+02:00;64186
2023-05-02 14:00:00+02:00;66756
2023-05-02 15:00:00+02:00;70575
2023-05-02 16:00:00+02:00;75196
2023-05-02 17:00:00+02:00;77966
2023-05-02 18:00:00+02:00;78101
2023-05-02 19:00:00+02:00;76638
2023-05-02 20:00:00+02:00;69334
2023-05-02 21:00:00+02:00;54550
2023-05-02 22:00:00+02:00;41925
2023-05-02 23:00:00+02:00;26325
2023-05-03 00:00:00+02:00;28401
2023-05-03 01:00:00+02:00;28663
2023-05-03 02:00:00+02:00;33455
2023-05-03 03:00:00+02:00;46503
2023-05-03 04:00:00+02:00;68773
2023-05-03 05:00:00+02:00;73793
2023-05-03 06:00:00+02:00;72572
2023-05-03 07:00:00+02:00;65794
2023-05-03 08:00:00+02:00;60299
2023-05-03 09:00:00+02:00;55933
2023-05-03 10:00:00+02:00;52832
2023-05-03 11:00:00+02:00;50545
2023-05-03 12:00:00+02:00;48871
2023-05-03 13:00:00+02:00;49140
2023-05-03 14:00:00+02:00;49825
2023-05-03 15:00:00+02:00;52435
2023-05-03 16:00:00+02:00;55240
2023-05-03 17:00:00+02:00;58367
2023-05-03 18:00:00+02:00;61414
2023-05-03 19:00:00+02:00;60846
2023-05-03 20:00:00+02:00;55831
2023-05-03 21:00:00+02:00;43330
2023-05-03 22:00:00+02:00;30789
2023-05-03 23:00:00+02:00;15104
2023-05-04 00:00:00+02:00;15824
2023-05-04 01:00:00+02:00;16670
2023-05-04 02:00:00+02:00;19395
2023-05-04 03:00:00+02:00;25732
2023-05-04 04:00:00+02:00;37953
2023-05-04 05:00:00+02:00;47884
2023-05-04 06:00:00+02:00;47080
2023-05-04 07:00:00+02:00;42969
2023-05-04 08:00:00+02:00;39753
2023-05-04 09:00:00+02:00;35980
2023-05-04 10:00:00+02:00;33024
2023-05-04 11:00:00+02:00;31259
2023-05-04 12:00:00+02:00;30654
2023-05-04 13:00:00+02:00;29869
2023-05-04 14:00:00+02:00;30516
2023-05-04 15:00:00+02:00;31449
2023-05-04 16:00:00+02:00;33292
2023-05-04 17:00:00+02:00;35431
2023-05-04 18:00:00+02:00;37815
2023-05-04 19:00:00+02:00;37214
2023-05-04 20:00:00+02:00;34731
2023-05-04 21:00:00+02:00;26100
2023-05-04 22:00:00+02:00;17725
2023-05-04 23:00:00+02:00;9019
2023-05-05 00:00:00+02:00;9707
2023-05-05 01:00:00+02:00;9817
2023-05-05 02:00:00+02:00;11949
2023-05-05 03:00:00+02:00;17225
2023-05-05 04:00:00+02:00;27609
2023-05-05 05:00:00+02:00;35114
2023-05-05 06:00:00+02:00;34104
2023-05-05 07:00:00+02:00;29649
2023-05-05 08:00:00+02:00;28161
2023-05-05 09:00:00+02:00;25056
2023-05-05 10:00:00+02:00;23038
2023-05-05 11:00:00+02:00;22142
2023-05-05 12:00:00+02:00;20498
2023-05-05 13:00:00+02:00;19822
2023-05-05 14:00:00+02:00;18925
2023-05-05 15:00:00+02:00;19955
2023-05-05 16:00:00+02:00;20890
2023-05-05 17:00:00+02:00;22176
2023-05-05 18:00:00+02:00;24048
2023-05-05 19:00:00+02:00;24473
2023-05-05 20:00:00+02:00;22582
2023-05-05 21:00:00+02:00;17438
2023-05-05 22:00:00+02:00;11435
2023-05-05 23:00:00+02:00;12530
2023-05-06 00:00:00+02:00;13122
2023-05-06 01:00:00+02:00;13671
2023-05-06 02:00:00+02:00;15975
2023-05-06 03:00:00+02:00;21778
2023-05-06 04:00:00+02:00;32995
2023-05-06 05:00:00+02:00;41851
2023-05-06 06:00:00+02:00;40989
2023-05-06 07:00:00+02:00;37174
2023-05-06 08:00:00+02:00;34484
2023-05-06 09:00:00+02:00;30977
2023-05-06 10:00:00+02:00;28479
2023-05-06 11:00:00+02:00;27054
2023-05-06 12:00:00+02:00;26215
2023-05-06 13:00:00+02:00;25497
2023-05-06 14:00:00+02:00;25453
2023-05-06 15:00:00+02:00;26660
2023-05-06 16:00:00+02:00;27881
2023-05-06 17:00:00+02:00;29591
2023-05-06 18:00:00+02:00;31698
2023-05-06 19:00:00+02:00;31400
2023-05-06 20:00:00+02:00;29270
2023-05-06 21:00:00+02:00;22083
2023-05-06 22:00:00+02:00;14788
2023-05-06 23:00:00+02:00;17938
2023-05-07 00:00:00+02:00;18692
2023-05-07 01:00:00+02:00;19749
2023-05-07 02:00:00+02:00;22551
2023-05-07 03:00:00+02:00;30020
2023-05-07 04:00:00+02:00;44428
2023-05-07 05:00:00+02:00;56028
2023-05-07 06:00:00+02:00;55255
2023-05-07 07:00:00+02:00;50785
2023-05-07 08:00:00+02:00;46628
2023-05-07 09:00:00+02:00;42146
2023-05-07 10:00:00+02:00;38741
2023-05-07 11:00:00+02:00;36574
2023-05-07 12:00:00+02:00;36022
2023-05-07 13:00:00+02:00;35052
2023-05-07 14:00:00+02:00;35639
2023-05-07 15:00:00+02:00;37161
2023-05-07 16:00:00+02:00;38826
2023-05-07 17:00:00+02:00;41193
2023-05-07 18:00:00+02:00;43920
2023-05-07 19:00:00+02:00;43071
2023-05-07 20:00:00+02:00;40288
2023-05-07 21:00:00+02:00;30194
2023-05-07 22:00:00+02:00;20472
2023-05-07 23:00:00+02:00;17088
2023-05-08 00:00:00+02:00;18168
2023-05-08 01:00:00+02:00;18569
2023-05-08 02:00:00+02:00;21255
2023-05-08 03:00:00+02:00;28399
2023-05-08 04:00:00+02:00;41971
2023-05-08 05:00:00+02:00;54155
2023-05-08 06:00:00+02:00;53275
2023-05-08 07:00:00+02:00;49003
2023-05-08 08:00:00+02:00;44936
2023-05-08 09:00:00+02:00;40893
2023-05-08 10:00:00+02:00;37386
2023-05-08 11:00:00+02:00;36146
2023-05-08 12:00:00+02:00;34795
2023-05-08 13:00:00+02:00;34048
2023-05-08 14:00:00+02:00;34449
2023-05-08 15:00:00+02:00;35999
2023-05-08 16:00:00+02:00;37520
2023-05-08 17:00:00+02:00;39746
2023-05-08 18:00:00+02:00;42405
2023-05-08 19:00:00+02:00;41522
2023-05-08 20:00:00+02:00;38794
2023-05-08 21:00:00+02:00;29254
2023-05-08 22:00:00+02:00;19809
2023-05-08 23:00:00+02:00;15687
2023-05-09 00:00:00+02:00;15545
2023-05-09 01:00:00+02:00;16983
2023-05-09 02:00:00+02:00;18669
2023-05-09 03:00:00+02:00;25727
2023-05-09 04:00:00+02:00;39280
2023-05-09 05:00:00+02:00;47389
2023-05-09 06:00:00+02:00;46841
2023-05-09 07:00:00+02:00;43545
2023-05-09 08:00:00+02:00;39966
2023-05-09 09:00:00+02:00;36091
2023-05-09 10:00:00+02:00;34131
2023-05-09 11:00:00+02:00;32469
2023-05-09 12:00:00+02:00;30493
2023-05-09 13:00:00+02:00;28846
2023-05-09 14:00:00+02:00;29434
2023-05-09 15:00:00+02:00;30741
2023-05-09 16:00:00+02:00;33239
2023-05-09 17:00:00+02:00;35840
2023-05-09 18:00:00+02:00;38112
2023-05-09 19:00:00+02:00;37397
2023-05-09 20:00:00+02:00;34954
2023-05-09 21:00:00+02:00;26532
2023-05-09 22:00:00+02:00;18594
2023-05-09 23:00:00+02:00;16752
2023-05-10 00:00:00+02:00;17721
2023-05-10 01:00:00+02:00;18249
2023-05-10 02:00:00+02:00;21404
2023-05-10 03:00:00+02:00;30969
2023-05-10 04:00:00+02:00;47391
2023-05-10 05:00:00+02:00;51235
2023-05-10 06:00:00+02:00;50576
2023-05-10 07:00:00+02:00;45468
2023-05-10 08:00:00+02:00;41445
2023-05-10 09:00:00+02:00;38234
2023-05-10 10:00:00+02:00;35926
2023-05-10 11:00:00+02:00;34173
2023-05-10 12:00:00+02:00;32880
2023-05-10 13:00:00+02:00;32829
2023-05-10 14:00:00+02:00;33219
2023-05-10 15:00:00+02:00;34878
2023-05-10 16:00:00+02:00;36701
2023-05-10 17:00:00+02:00;39156
2023-05-10 18:00:00+02:00;41758
2023-05-10 19:00:00+02:00;41481
2023-05-10 20:00:00+02:00;38173
2023-05-10 21:00:00+02:00;29279
2023-05-10 22:00:00+02:00;20094
2023-05-10 23:00:00+02:00;12389
2023-05-11 00:00:00+02:00;13024
2023-05-11 01:00:00+02:00;13458
2023-05-11 02:00:00+02:00;15919
2023-05-11 03:00:00+02:00;21808
2023-05-11 04:00:00+02:00;33202
2023-05-11 05:00:00+02:00;41959
2023-05-11 06:00:00+02:00;41044
2023-05-11 07:00:00+02:00;36619
2023-05-11 08:00:00+02:00;34270
2023-05-11 09:00:00+02:00;30802
2023-05-11 10:00:00+02:00;28336
2023-05-11 11:00:00+02:00;26928
2023-05-11 12:00:00+02:00;25843
2023-05-11 13:00:00+02:00;25203
2023-05-11 14:00:00+02:00;25054
2023-05-11 15:00:00+02:00;26010
2023-05-11 16:00:00+02:00;27521
2023-05-11 17:00:00+02:00;29308
2023-05-11 18:00:00+02:00;31460
2023-05-11 19:00:00+02:00;31358
2023-05-11 20:00:00+02:00;29131
2023-05-11 21:00:00+02:00;22123
2023-05-11 22:00:00+02:00;14887
2023-05-11 23:00:00+02:00;8731
2023-05-12 00:00:00+02:00;9387
2023-05-12 01:00:00+02:00;9512
2023-05-12 02:00:00+02:00;11571
2023-05-12 03:00:00+02:00;16590
2023-05-12 04:00:00+02:00;26686
2023-05-12 05:00:00+02:00;33733
2023-05-12 06:00:00+02:00;32801
2023-05-12 07:00:00+02:00;28592
2023-05-12 08:00:00+02:00;27112
2023-05-12 09:00:00+02:00;24119
2023-05-12 10:00:00+02:00;22159
2023-05-12 11:00:00+02:00;21292
2023-05-12 12:00:00+02:00;19769
2023-05-12 13:00:00+02:00;19126
2023-05-12 14:00:00+02:00;18298
2023-05-12 15:00:00+02:00;19298
2023-05-12 16:00:00+02:00;20195
2023-05-12 17:00:00+02:00;21434
2023-05-12 18:00:00+02:00;23222
2023-05-12 19:00:00+02:00;23595
2023-05-12 20:00:00+02:00;21782
2023-05-12 21:00:00+02:00;16783
2023-05-12 22:00:00+02:00;11017
2023-05-12 23:00:00+02:00;11729
2023-05-13 00:00:00+02:00;12350
2023-05-13 01:00:00+02:00;12809
2023-05-13 02:00:00+02:00;15072
2023-05-13 03:00:00+02:00;20725
2023-05-13 04:00:00+02:00;31879
2023-05-13 05:00:00+02:00;40269
2023-05-13 06:00:00+02:00;39396
2023-05-13 07:00:00+02:00;35442
2023-05-13 08:00:00+02:00;33002
2023-05-13 09:00:00+02:00;29593
2023-05-13 10:00:00+02:00;27198
2023-05-13 11:00:00+02:00;25892
2023-05-13 12:00:00+02:00;24881
2023-05-13 13:00:00+02:00;24167
2023-05-13 14:00:00+02:00;23946
2023-05-13 15:00:00+02:00;25093
2023-05-13 16:00:00+02:00;26254
2023-05-13 17:00:00+02:00;27868
2023-05-13 18:00:00+02:00;29923
2023-05-13 19:00:00+02:00;29770
2023-05-13 20:00:00+02:00;27704
2023-05-13 21:00:00+02:00;20984
2023-05-13 22:00:00+02:00;13994
2023-05-13 23:00:00+02:00;16697
2023-05-14 00:00:00+02:00;17567
2023-05-14 01:00:00+02:00;18405
2023-05-14 02:00:00+02:00;21234
2023-05-14 03:00:00+02:00;28740
2023-05-14 04:00:00+02:00;43341
2023-05-14 05:00:00+02:00;54660
2023-05-14 06:00:00+02:00;53758
2023-05-14 07:00:00+02:00;48670
2023-05-14 08:00:00+02:00;45019
2023-05-14 09:00:00+02:00;40596
2023-05-14 10:00:00+02:00;37323
2023-05-14 11:00:00+02:00;35377
2023-05-14 12:00:00+02:00;34294
2023-05-14 13:00:00+02:00;33303
2023-05-14 14:00:00+02:00;33414
2023-05-14 15:00:00+02:00;34860
2023-05-14 16:00:00+02:00;36450
2023-05-14 17:00:00+02:00;38671
2023-05-14 18:00:00+02:00;41397
2023-05-14 19:00:00+02:00;40924
2023-05-14 20:00:00+02:00;38153
2023-05-14 21:00:00+02:00;28838
2023-05-14 22:00:00+02:00;19434
2023-05-14 23:00:00+02:00;20700
2023-05-15 00:00:00+02:00;22053
2023-05-15 01:00:00+02:00;22523
2023-05-15 02:00:00+02:00;25666
2023-05-15 03:00:00+02:00;33985
2023-05-15 04:00:00+02:00;49751
2023-05-15 05:00:00+02:00;63532
2023-05-15 06:00:00+02:00;62588
2023-05-15 07:00:00+02:00;57766
2023-05-15 08:00:00+02:00;53099
2023-05-15 09:00:00+02:00;48490
2023-05-15 10:00:00+02:00;44565
2023-05-15 11:00:00+02:00;43087
2023-05-15 12:00:00+02:00;41514
2023-05-15 13:00:00+02:00;40768
2023-05-15 14:00:00+02:00;41215
2023-05-15 15:00:00+02:00;42967
2023-05-15 16:00:00+02:00;44815
2023-05-15 17:00:00+02:00;47233
2023-05-15 18:00:00+02:00;49989
2023-05-15 19:00:00+02:00;48957
2023-05-15 20:00:00+02:00;45498
2023-05-15 21:00:00+02:00;34479
2023-05-15 22:00:00+02:00;23887
2023-05-15 23:00:00+02:00;25033
2023-05-16 00:00:00+02:00;25428
2023-05-16 01:00:00+02:00;26930
2023-05-16 02:00:00+02:00;29905
2023-05-16 03:00:00+02:00;39519
2023-05-16 04:00:00+02:00;57698
2023-05-16 05:00:00+02:00;69279
2023-05-16 06:00:00+02:00;68120
2023-05-16 07:00:00+02:00;63932
2023-05-16 08:00:00+02:00;58850
2023-05-16 09:00:00+02:00;53760
2023-05-16 10:00:00+02:00;51164
2023-05-16 11:00:00+02:00;49006
2023-05-16 12:00:00+02:00;46230
2023-05-16 13:00:00+02:00;44691
2023-05-16 14:00:00+02:00;45939
2023-05-16 15:00:00+02:00;48101
2023-05-16 16:00:00+02:00;51527
2023-05-16 17:00:00+02:00;54663
2023-05-16 18:00:00+02:00;56662
2023-05-16 19:00:00+02:00;55564
2023-05-16 20:00:00+02:00;51332
2023-05-16 21:00:00+02:00;39560
2023-05-16 22:00:00+02:00;28839
2023-05-16 23:00:00+02:00;24525
2023-05-17 00:00:00+02:00;26484
2023-05-17 01:00:00+02:00;26494
2023-05-17 02:00:00+02:00;30698
2023-05-17 03:00:00+02:00;42375
2023-05-17 04:00:00+02:00;62624
2023-05-17 05:00:00+02:00;67536
2023-05-17 06:00:00+02:00;65998
2023-05-17 07:00:00+02:00;60271
2023-05-17 08:00:00+02:00;55419
2023-05-17 09:00:00+02:00;51389
2023-05-17 10:00:00+02:00;48695
2023-05-17 11:00:00+02:00;46626
2023-05-17 12:00:00+02:00;45193
2023-05-17 13:00:00+02:00;45570
2023-05-17 14:00:00+02:00;46221
2023-05-17 15:00:00+02:00;48745
2023-05-17 16:00:00+02:00;51381
2023-05-17 17:00:00+02:00;54065
2023-05-17 18:00:00+02:00;56610
2023-05-17 19:00:00+02:00;56088
2023-05-17 20:00:00+02:00;51284
2023-05-17 21:00:00+02:00;39909
2023-05-17 22:00:00+02:00;28575
2023-05-17 23:00:00+02:00;18813
2023-05-18 00:00:00+02:00;19836
2023-05-18 01:00:00+02:00;20889
2023-05-18 02:00:00+02:00;24177
2023-05-18 03:00:00+02:00;32037
2023-05-18 04:00:00+02:00;47331
2023-05-18 05:00:00+02:00;59391
2023-05-18 06:00:00+02:00;58479
2023-05-18 07:00:00+02:00;53073
2023-05-18 08:00:00+02:00;49095
2023-05-18 09:00:00+02:00;44545
2023-05-18 10:00:00+02:00;40915
2023-05-18 11:00:00+02:00;38753
2023-05-18 12:00:00+02:00;37857
2023-05-18 13:00:00+02:00;36893
2023-05-18 14:00:00+02:00;37688
2023-05-18 15:00:00+02:00;38773
2023-05-18 16:00:00+02:00;41032
2023-05-18 17:00:00+02:00;43625
2023-05-18 18:00:00+02:00;46570
2023-05-18 19:00:00+02:00;45875
2023-05-18 20:00:00+02:00;42755
2023-05-18 21:00:00+02:00;32269
2023-05-18 22:00:00+02:00;22002
2023-05-18 23:00:00+02:00;19946
2023-05-19 00:00:00+02:00;20855
2023-05-19 01:00:00+02:00;22004
2023-05-19 02:00:00+02:00;25087
2023-05-19 03:00:00+02:00;33367
2023-05-19 04:00:00+02:00;49357
2023-05-19 05:00:00+02:00;62069
2023-05-19 06:00:00+02:00;61231
2023-05-19 07:00:00+02:00;56190
2023-05-19 08:00:00+02:00;51620
2023-05-19 09:00:00+02:00;46727
2023-05-19 10:00:00+02:00;42990
2023-05-19 11:00:00+02:00;40626
2023-05-19 12:00:00+02:00;39913
2023-05-19 13:00:00+02:00;38851
2023-05-19 14:00:00+02:00;39469
2023-05-19 15:00:00+02:00;41104
2023-05-19 16:00:00+02:00;42958
2023-05-19 17:00:00+02:00;45515
2023-05-19 18:00:00+02:00;48487
2023-05-19 19:00:00+02:00;47571
2023-05-19 20:00:00+02:00;44436
2023-05-19 21:00:00+02:00;33389
2023-05-19 22:00:00+02:00;22739
2023-05-19 23:00:00+02:00;25343
2023-05-20 00:00:00+02:00;26653
2023-05-20 01:00:00+02:00;27988
2023-05-20 02:00:00+02:00;31837
2023-05-20 03:00:00+02:00;42011
2023-05-20 04:00:00+02:00;61667
2023-05-20 05:00:00+02:00;76993
2023-05-20 06:00:00+02:00;75955
2023-05-20 07:00:00+02:00;69881
2023-05-20 08:00:00+02:00;64193
2023-05-20 09:00:00+02:00;58381
2023-05-20 10:00:00+02:00;53859
2023-05-20 11:00:00+02:00;51086
2023-05-20 12:00:00+02:00;50083
2023-05-20 13:00:00+02:00;48936
2023-05-20 14:00:00+02:00;49698
2023-05-20 15:00:00+02:00;51641
2023-05-20 16:00:00+02:00;54006
2023-05-20 17:00:00+02:00;56949
2023-05-20 18:00:00+02:00;60369
2023-05-20 19:00:00+02:00;59181
2023-05-20 20:00:00+02:00;55060
2023-05-20 22:00:00+02:00;41549
2023-05-20 23:00:00+02:00;28741
2023-05-21 00:00:00+02:00;28079
2023-05-21 01:00:00+02:00;29553
2023-05-21 02:00:00+02:00;30903
2023-05-21 03:00:00+02:00;34989
2023-05-21 04:00:00+02:00;45536
2023-05-21 05:00:00+02:00;65595
2023-05-21 06:00:00+02:00;81286
2023-05-21 07:00:00+02:00;80192
2023-05-21 08:00:00+02:00;74559
2023-05-21 09:00:00+02:00;68581
2023-05-21 10:00:00+02:00;62637
2023-05-21 11:00:00+02:00;58081
2023-05-21 12:00:00+02:00;55313
2023-05-21 13:00:00+02:00;54387
2023-05-21 14:00:00+02:00;53460
2023-05-21 15:00:00+02:00;54383
2023-05-21 16:00:00+02:00;56562
2023-05-21 17:00:00+02:00;59108
2023-05-21 18:00:00+02:00;61829
2023-05-21 19:00:00+02:00;64858
2023-05-21 20:00:00+02:00;63494
2023-05-21 21:00:00+02:00;58752
2023-05-21 22:00:00+02:00;44448
2023-05-21 23:00:00+02:00;31581
2023-05-22 00:00:00+02:00;23293
2023-05-22 01:00:00+02:00;24808
2023-05-22 02:00:00+02:00;25372
2023-05-22 03:00:00+02:00;28787
2023-05-22 04:00:00+02:00;37926
2023-05-22 05:00:00+02:00;55370
2023-05-22 06:00:00+02:00;70662
2023-05-22 07:00:00+02:00;69669
2023-05-22 08:00:00+02:00;64381
2023-05-22 09:00:00+02:00;59116
2023-05-22 10:00:00+02:00;54059
2023-05-22 11:00:00+02:00;49693
2023-05-22 12:00:00+02:00;48051
2023-05-22 13:00:00+02:00;46352
2023-05-22 14:00:00+02:00;45511
2023-05-22 15:00:00+02:00;46095
2023-05-22 16:00:00+02:00;48010
2023-05-22 17:00:00+02:00;50081
2023-05-22 18:00:00+02:00;52744
2023-05-22 19:00:00+02:00;55816
2023-05-22 20:00:00+02:00;54584
2023-05-22 21:00:00+02:00;50755
2023-05-22 22:00:00+02:00;38459
2023-05-22 23:00:00+02:00;26711
2023-05-23 00:00:00+02:00;20137
2023-05-23 01:00:00+02:00;20029
2023-05-23 02:00:00+02:00;21622
2023-05-23 03:00:00+02:00;23808
2023-05-23 04:00:00+02:00;32342
2023-05-23 05:00:00+02:00;48640
2023-05-23 06:00:00+02:00;58797
2023-05-23 07:00:00+02:00;58239
2023-05-23 08:00:00+02:00;54118
2023-05-23 09:00:00+02:00;49587
2023-05-23 10:00:00+02:00;45104
2023-05-23 11:00:00+02:00;42531
2023-05-23 12:00:00+02:00;40530
2023-05-23 13:00:00+02:00;38098
2023-05-23 14:00:00+02:00;36442
2023-05-23 15:00:00+02:00;37229
2023-05-23 16:00:00+02:00;38764
2023-05-23 17:00:00+02:00;41699
2023-05-23 18:00:00+02:00;44856
2023-05-23 19:00:00+02:00;47410
2023-05-23 20:00:00+02:00;46453
2023-05-23 21:00:00+02:00;43417
2023-05-23 22:00:00+02:00;33057
2023-05-23 23:00:00+02:00;23398
2023-05-24 00:00:00+02:00;17281
2023-05-24 01:00:00+02:00;18325
2023-05-24 02:00:00+02:00;18816
2023-05-24 03:00:00+02:00;22027
2023-05-24 04:00:00+02:00;31716
2023-05-24 05:00:00+02:00;48406
2023-05-24 06:00:00+02:00;52323
2023-05-24 07:00:00+02:00;51560
2023-05-24 08:00:00+02:00;46397
2023-05-24 09:00:00+02:00;42375
2023-05-24 10:00:00+02:00;39101
2023-05-24 11:00:00+02:00;36776
2023-05-24 12:00:00+02:00;35006
2023-05-24 13:00:00+02:00;33698
2023-05-24 14:00:00+02:00;33673
2023-05-24 15:00:00+02:00;34060
2023-05-24 16:00:00+02:00;35782
2023-05-24 17:00:00+02:00;37669
2023-05-24 18:00:00+02:00;40109
2023-05-24 19:00:00+02:00;42679
2023-05-24 20:00:00+02:00;42416
2023-05-24 21:00:00+02:00;39011
2023-05-24 22:00:00+02:00;29975
2023-05-24 23:00:00+02:00;20673
2023-05-25 00:00:00+02:00;17737
2023-05-25 01:00:00+02:00;18668
2023-05-25 02:00:00+02:00;19660
2023-05-25 03:00:00+02:00;22778
2023-05-25 04:00:00+02:00;30164
2023-05-25 05:00:00+02:00;44498
2023-05-25 06:00:00+02:00;55902
2023-05-25 07:00:00+02:00;55023
2023-05-25 08:00:00+02:00;50048
2023-05-25 09:00:00+02:00;46296
2023-05-25 10:00:00+02:00;41989
2023-05-25 11:00:00+02:00;38566
2023-05-25 12:00:00+02:00;36528
2023-05-25 13:00:00+02:00;35733
2023-05-25 14:00:00+02:00;34830
2023-05-25 15:00:00+02:00;35592
2023-05-25 16:00:00+02:00;36637
2023-05-25 17:00:00+02:00;38770
2023-05-25 18:00:00+02:00;41220
2023-05-25 19:00:00+02:00;43977
2023-05-25 20:00:00+02:00;43298
2023-05-25 21:00:00+02:00;40363
2023-05-25 22:00:00+02:00;30428
2023-05-25 23:00:00+02:00;20748
2023-05-26 00:00:00+02:00;22266
2023-05-26 01:00:00+02:00;23335
2023-05-26 02:00:00+02:00;24614
2023-05-26 03:00:00+02:00;28006
2023-05-26 04:00:00+02:00;37207
2023-05-26 05:00:00+02:00;55017
2023-05-26 06:00:00+02:00;69039
2023-05-26 07:00:00+02:00;68145
2023-05-26 08:00:00+02:00;62461
2023-05-26 09:00:00+02:00;57379
2023-05-26 10:00:00+02:00;52007
2023-05-26 11:00:00+02:00;47869
2023-05-26 12:00:00+02:00;45250
2023-05-26 13:00:00+02:00;44394
2023-05-26 14:00:00+02:00;43212
2023-05-26 15:00:00+02:00;43904
2023-05-26 16:00:00+02:00;45665
2023-05-26 17:00:00+02:00;47735
2023-05-26 18:00:00+02:00;50543
2023-05-26 19:00:00+02:00;53822
2023-05-26 20:00:00+02:00;52804
2023-05-26 21:00:00+02:00;49291
2023-05-26 22:00:00+02:00;37100
2023-05-26 23:00:00+02:00;25335
2023-05-27 00:00:00+02:00;25515
2023-05-27 01:00:00+02:00;26834
2023-05-27 02:00:00+02:00;28145
2023-05-27 03:00:00+02:00;32001
2023-05-27 04:00:00+02:00;42097
2023-05-27 05:00:00+02:00;61532
2023-05-27 06:00:00+02:00;76712
2023-05-27 07:00:00+02:00;75665
2023-05-27 08:00:00+02:00;69801
2023-05-27 09:00:00+02:00;64127
2023-05-27 10:00:00+02:00;58373
2023-05-27 11:00:00+02:00;53909
2023-05-27 12:00:00+02:00;51190
2023-05-27 13:00:00+02:00;50225
2023-05-27 14:00:00+02:00;49155
2023-05-27 15:00:00+02:00;49938
2023-05-27 16:00:00+02:00;51906
2023-05-27 17:00:00+02:00;54279
2023-05-27 18:00:00+02:00;57136
2023-05-27 21:00:00+02:00;60424
2023-05-27 22:00:00+02:00;59211
2023-05-27 23:00:00+02:00;55022
2023-05-28 00:00:00+02:00;41528
2023-05-28 01:00:00+02:00;28892
2023-05-28 02:00:00+02:00;21655
2023-05-28 03:00:00+02:00;22680
2023-05-28 04:00:00+02:00;23940
2023-05-28 05:00:00+02:00;27254
2023-05-28 06:00:00+02:00;36265
2023-05-28 07:00:00+02:00;53722
2023-05-28 08:00:00+02:00;67489
2023-05-28 09:00:00+02:00;66614
2023-05-28 10:00:00+02:00;61009
2023-05-28 11:00:00+02:00;56038
2023-05-28 12:00:00+02:00;50758
2023-05-28 13:00:00+02:00;46693
2023-05-28 14:00:00+02:00;44113
2023-05-28 15:00:00+02:00;43282
2023-05-28 16:00:00+02:00;42101
2023-05-28 17:00:00+02:00;42773
2023-05-28 18:00:00+02:00;44495
2023-05-28 19:00:00+02:00;46512
2023-05-28 20:00:00+02:00;49295
2023-05-28 21:00:00+02:00;52551
2023-05-28 22:00:00+02:00;51563
2023-05-28 23:00:00+02:00;48166
2023-05-29 00:00:00+02:00;36231
2023-05-29 01:00:00+02:00;24665
2023-05-29 02:00:00+02:00;18837
2023-05-29 03:00:00+02:00;20052
2023-05-29 04:00:00+02:00;20504
2023-05-29 05:00:00+02:00;23419
2023-05-29 06:00:00+02:00;31290
2023-05-29 07:00:00+02:00;46337
2023-05-29 08:00:00+02:00;59680
2023-05-29 09:00:00+02:00;58793
2023-05-29 10:00:00+02:00;53961
2023-05-29 11:00:00+02:00;49477
2023-05-29 12:00:00+02:00;45034
2023-05-29 13:00:00+02:00;41164
2023-05-29 14:00:00+02:00;39792
2023-05-29 15:00:00+02:00;38261
2023-05-29 16:00:00+02:00;37381
2023-05-29 17:00:00+02:00;37817
2023-05-29 18:00:00+02:00;39462
2023-05-29 19:00:00+02:00;41165
2023-05-29 20:00:00+02:00;43619
2023-05-29 21:00:00+02:00;46599
2023-05-29 22:00:00+02:00;45626
2023-05-29 23:00:00+02:00;42638
2023-05-30 00:00:00+02:00;32181
2023-05-30 01:00:00+02:00;21784
2023-05-30 02:00:00+02:00;21585
2023-05-30 03:00:00+02:00;21437
2023-05-30 04:00:00+02:00;23083
2023-05-30 05:00:00+02:00;25467
2023-05-30 06:00:00+02:00;34778
2023-05-30 07:00:00+02:00;52479
2023-05-30 08:00:00+02:00;63640
2023-05-30 09:00:00+02:00;63159
2023-05-30 10:00:00+02:00;58400
2023-05-30 11:00:00+02:00;53465
2023-05-30 12:00:00+02:00;48691
2023-05-30 13:00:00+02:00;45724
2023-05-30 14:00:00+02:00;43559
2023-05-30 15:00:00+02:00;40832
2023-05-30 16:00:00+02:00;39154
2023-05-30 17:00:00+02:00;39893
2023-05-30 18:00:00+02:00;41447
2023-05-30 19:00:00+02:00;44513
2023-05-30 20:00:00+02:00;47973
2023-05-30 21:00:00+02:00;50854
2023-05-30 22:00:00+02:00;49848
2023-05-30 23:00:00+02:00;46689
2023-05-31 00:00:00+02:00;35535
2023-05-31 01:00:00+02:00;25005
2023-05-31 02:00:00+02:00;16709
2023-05-31 03:00:00+02:00;17681
2023-05-31 04:00:00+02:00;18252
2023-05-31 05:00:00+02:00;21424
2023-05-31 06:00:00+02:00;31071
2023-05-31 07:00:00+02:00;47663
2023-05-31 08:00:00+02:00;51486
2023-05-31 09:00:00+02:00;50814
2023-05-31 10:00:00+02:00;45546
2023-05-31 11:00:00+02:00;41577
2023-05-31 12:00:00+02:00;38329
2023-05-31 13:00:00+02:00;35997
2023-05-31 14:00:00+02:00;34234
2023-05-31 15:00:00+02:00;32898
2023-05-31 16:00:00+02:00;32812
2023-05-31 17:00:00+02:00;33152
2023-05-31 18:00:00+02:00;34807
2023-05-31 19:00:00+02:00;36643
2023-05-31 20:00:00+02:00;39093
2023-05-31 21:00:00+02:00;41715
2023-05-31 22:00:00+02:00;41505
2023-05-31 23:00:00+02:00;38227
2023-06-01 00:00:00+02:00;29319
2023-06-01 01:00:00+02:00;20090
2023-06-01 02:00:00+02:00;16080
2023-06-01 03:00:00+02:00;16908
2023-06-01 04:00:00+02:00;17769
2023-06-01 05:00:00+02:00;20676
2023-06-01 06:00:00+02:00;27558
2023-06-01 07:00:00+02:00;40948
2023-06-01 08:00:00+02:00;51534
2023-06-01 09:00:00+02:00;50674
2023-06-01 10:00:00+02:00;45931
2023-06-01 11:00:00+02:00;42553
2023-06-01 12:00:00+02:00;38509
2023-06-01 13:00:00+02:00;35358
2023-06-01 14:00:00+02:00;33484
2023-06-01 15:00:00+02:00;32668
2023-06-01 16:00:00+02:00;31825
2023-06-01 17:00:00+02:00;32386
2023-06-01 18:00:00+02:00;33371
2023-06-01 19:00:00+02:00;35326
2023-06-01 20:00:00+02:00;37596
2023-06-01 21:00:00+02:00;40195
2023-06-01 22:00:00+02:00;39654
2023-06-01 23:00:00+02:00;36971
2023-06-02 00:00:00+02:00;27877
2023-06-02 01:00:00+02:00;18910
2023-06-02 02:00:00+02:00;10705
2023-06-02 03:00:00+02:00;11303
2023-06-02 04:00:00+02:00;11672
2023-06-02 05:00:00+02:00;13824
2023-06-02 06:00:00+02:00;19193
2023-06-02 07:00:00+02:00;29714
2023-06-02 08:00:00+02:00;37672
2023-06-02 09:00:00+02:00;36808
2023-06-02 10:00:00+02:00;32897
2023-06-02 11:00:00+02:00;30778
2023-06-02 12:00:00+02:00;27534
2023-06-02 13:00:00+02:00;25304
2023-06-02 14:00:00+02:00;24130
2023-06-02 15:00:00+02:00;23028
2023-06-02 16:00:00+02:00;22351
2023-06-02 17:00:00+02:00;21975
2023-06-02 18:00:00+02:00;23098
2023-06-02 19:00:00+02:00;24146
2023-06-02 20:00:00+02:00;25628
2023-06-02 21:00:00+02:00;27555
2023-06-02 22:00:00+02:00;27558
2023-06-02 23:00:00+02:00;25601
2023-06-03 00:00:00+02:00;19452
2023-06-03 01:00:00+02:00;12935
2023-06-03 02:00:00+02:00;8365
2023-06-03 03:00:00+02:00;8989
2023-06-03 04:00:00+02:00;9094
2023-06-03 05:00:00+02:00;11057
2023-06-03 06:00:00+02:00;15890
2023-06-03 07:00:00+02:00;25880
2023-06-03 08:00:00+02:00;32518
2023-06-03 09:00:00+02:00;31566
2023-06-03 10:00:00+02:00;27492
2023-06-03 11:00:00+02:00;26059
2023-06-03 12:00:00+02:00;23212
2023-06-03 13:00:00+02:00;21378
2023-06-03 14:00:00+02:00;20547
2023-06-03 15:00:00+02:00;19047
2023-06-03 16:00:00+02:00;18428
2023-06-03 17:00:00+02:00;17639
2023-06-03 18:00:00+02:00;18572
2023-06-03 19:00:00+02:00;19500
2023-06-03 20:00:00+02:00;20662
2023-06-03 21:00:00+02:00;22387
2023-06-03 22:00:00+02:00;22733
2023-06-03 23:00:00+02:00;20988
2023-06-04 00:00:00+02:00;16148
2023-06-04 01:00:00+02:00;10579
2023-06-04 02:00:00+02:00;8176
2023-06-04 03:00:00+02:00;8816
2023-06-04 04:00:00+02:00;8911
2023-06-04 05:00:00+02:00;10793
2023-06-04 06:00:00+02:00;15548
2023-06-04 07:00:00+02:00;25405
2023-06-04 08:00:00+02:00;32063
2023-06-04 09:00:00+02:00;31132
2023-06-04 10:00:00+02:00;26990
2023-06-04 11:00:00+02:00;25610
2023-06-04 12:00:00+02:00;22864
2023-06-04 13:00:00+02:00;21092
2023-06-04 14:00:00+02:00;20275
2023-06-04 15:00:00+02:00;18717
2023-06-04 16:00:00+02:00;18116
2023-06-04 17:00:00+02:00;17291
2023-06-04 18:00:00+02:00;18242
2023-06-04 19:00:00+02:00;19163
2023-06-04 20:00:00+02:00;20255
2023-06-04 21:00:00+02:00;21927
2023-06-04 22:00:00+02:00;22324
2023-06-04 23:00:00+02:00;20570
2023-06-05 00:00:00+02:00;15823
2023-06-05 01:00:00+02:00;10369
2023-06-05 02:00:00+02:00;5277
2023-06-05 03:00:00+02:00;5856
2023-06-05 04:00:00+02:00;5736
2023-06-05 05:00:00+02:00;6910
2023-06-05 06:00:00+02:00;10542
2023-06-05 07:00:00+02:00;18883
2023-06-05 08:00:00+02:00;23580
2023-06-05 09:00:00+02:00;23214
2023-06-05 10:00:00+02:00;19399
2023-06-05 11:00:00+02:00;18521
2023-06-05 12:00:00+02:00;16764
2023-06-05 13:00:00+02:00;15610
2023-06-05 14:00:00+02:00;15026
2023-06-05 15:00:00+02:00;13377
2023-06-05 16:00:00+02:00;12809
2023-06-05 17:00:00+02:00;12056
2023-06-05 18:00:00+02:00;12637
2023-06-05 19:00:00+02:00;13554
2023-06-05 20:00:00+02:00;14233
2023-06-05 21:00:00+02:00;15398
2023-06-05 22:00:00+02:00;15836
2023-06-05 23:00:00+02:00;14460
2023-06-06 00:00:00+02:00;11078
2023-06-06 01:00:00+02:00;7076
2023-06-06 02:00:00+02:00;5056
2023-06-06 03:00:00+02:00;5240
2023-06-06 04:00:00+02:00;5454
2023-06-06 05:00:00+02:00;6104
2023-06-06 06:00:00+02:00;9489
2023-06-06 07:00:00+02:00;16931
2023-06-06 08:00:00+02:00;22021
2023-06-06 09:00:00+02:00;21132
2023-06-06 10:00:00+02:00;18361
2023-06-06 11:00:00+02:00;17384
2023-06-06 12:00:00+02:00;15586
2023-06-06 13:00:00+02:00;14717
2023-06-06 14:00:00+02:00;14314
2023-06-06 15:00:00+02:00;12816
2023-06-06 16:00:00+02:00;11996
2023-06-06 17:00:00+02:00;11125
2023-06-06 18:00:00+02:00;12035
2023-06-06 19:00:00+02:00;13233
2023-06-06 20:00:00+02:00;13154
2023-06-06 21:00:00+02:00;14424
2023-06-06 22:00:00+02:00;14750
2023-06-06 23:00:00+02:00;13539
2023-06-07 00:00:00+02:00;10324
2023-06-07 01:00:00+02:00;6756
2023-06-07 02:00:00+02:00;6228
2023-06-07 03:00:00+02:00;6656
2023-06-07 04:00:00+02:00;7182
2023-06-07 05:00:00+02:00;8635
2023-06-07 06:00:00+02:00;13225
2023-06-07 07:00:00+02:00;22585
2023-06-07 08:00:00+02:00;25075
2023-06-07 09:00:00+02:00;24000
2023-06-07 10:00:00+02:00;19798
2023-06-07 11:00:00+02:00;19251
2023-06-07 12:00:00+02:00;17337
2023-06-07 13:00:00+02:00;16452
2023-06-07 14:00:00+02:00;15696
2023-06-07 15:00:00+02:00;14342
2023-06-07 16:00:00+02:00;13945
2023-06-07 17:00:00+02:00;13247
2023-06-07 18:00:00+02:00;14068
2023-06-07 19:00:00+02:00;15345
2023-06-07 20:00:00+02:00;15788
2023-06-07 21:00:00+02:00;16738
2023-06-07 22:00:00+02:00;17774
2023-06-07 23:00:00+02:00;16511
2023-06-08 00:00:00+02:00;12560
2023-06-08 01:00:00+02:00;8255
2023-06-08 02:00:00+02:00;9668
2023-06-08 03:00:00+02:00;10176
2023-06-08 04:00:00+02:00;10325
2023-06-08 05:00:00+02:00;12426
2023-06-08 06:00:00+02:00;17480
2023-06-08 07:00:00+02:00;27645
2023-06-08 08:00:00+02:00;34647
2023-06-08 09:00:00+02:00;33756
2023-06-08 10:00:00+02:00;29611
2023-06-08 11:00:00+02:00;27968
2023-06-08 12:00:00+02:00;24984
2023-06-08 13:00:00+02:00;23023
2023-06-08 14:00:00+02:00;21960
2023-06-08 15:00:00+02:00;20718
2023-06-08 16:00:00+02:00;20232
2023-06-08 17:00:00+02:00;19622
2023-06-08 18:00:00+02:00;20528
2023-06-08 19:00:00+02:00;21724
2023-06-08 20:00:00+02:00;23134
2023-06-08 21:00:00+02:00;24933
2023-06-08 22:00:00+02:00;25117
2023-06-08 23:00:00+02:00;23240
2023-06-09 00:00:00+02:00;17766
2023-06-09 01:00:00+02:00;11860
2023-06-09 02:00:00+02:00;14343
2023-06-09 03:00:00+02:00;15028
2023-06-09 04:00:00+02:00;15732
2023-06-09 05:00:00+02:00;18225
2023-06-09 06:00:00+02:00;24709
2023-06-09 07:00:00+02:00;37255
2023-06-09 08:00:00+02:00;47135
2023-06-09 09:00:00+02:00;46293
2023-06-09 10:00:00+02:00;42022
2023-06-09 11:00:00+02:00;38898
2023-06-09 12:00:00+02:00;35008
2023-06-09 13:00:00+02:00;32180
2023-06-09 14:00:00+02:00;30507
2023-06-09 15:00:00+02:00;29636
2023-06-09 16:00:00+02:00;28802
2023-06-09 17:00:00+02:00;28877
2023-06-09 18:00:00+02:00;30204
2023-06-09 19:00:00+02:00;31567
2023-06-09 20:00:00+02:00;33501
2023-06-09 21:00:00+02:00;35853
2023-06-09 22:00:00+02:00;35454
2023-06-09 23:00:00+02:00;33069
2023-06-10 00:00:00+02:00;24936
2023-06-10 01:00:00+02:00;16763
2023-06-10 02:00:00+02:00;12949
2023-06-10 03:00:00+02:00;13542
2023-06-10 04:00:00+02:00;14140
2023-06-10 05:00:00+02:00;16474
2023-06-10 06:00:00+02:00;22374
2023-06-10 07:00:00+02:00;33779
2023-06-10 08:00:00+02:00;42825
2023-06-10 09:00:00+02:00;41979
2023-06-10 10:00:00+02:00;38170
2023-06-10 11:00:00+02:00;35345
2023-06-10 12:00:00+02:00;31775
2023-06-10 13:00:00+02:00;29207
2023-06-10 14:00:00+02:00;27718
2023-06-10 15:00:00+02:00;26939
2023-06-10 16:00:00+02:00;26206
2023-06-10 17:00:00+02:00;26238
2023-06-10 18:00:00+02:00;27467
2023-06-10 19:00:00+02:00;28721
2023-06-10 20:00:00+02:00;30487
2023-06-10 21:00:00+02:00;32639
2023-06-10 22:00:00+02:00;32275
2023-06-10 23:00:00+02:00;30108
2023-06-11 00:00:00+02:00;22681
2023-06-11 01:00:00+02:00;15206
2023-06-11 02:00:00+02:00;9140
2023-06-11 03:00:00+02:00;9792
2023-06-11 04:00:00+02:00;9954
2023-06-11 05:00:00+02:00;12049
2023-06-11 06:00:00+02:00;17201
2023-06-11 07:00:00+02:00;27399
2023-06-11 08:00:00+02:00;34784
2023-06-11 09:00:00+02:00;33836
2023-06-11 10:00:00+02:00;29610
2023-06-11 11:00:00+02:00;28022
2023-06-11 12:00:00+02:00;24954
2023-06-11 13:00:00+02:00;22934
2023-06-11 14:00:00+02:00;22006
2023-06-11 15:00:00+02:00;20521
2023-06-11 16:00:00+02:00;19863
2023-06-11 17:00:00+02:00;19091
2023-06-11 18:00:00+02:00;20122
2023-06-11 19:00:00+02:00;21055
2023-06-11 20:00:00+02:00;22349
2023-06-11 21:00:00+02:00;24185
2023-06-11 22:00:00+02:00;24511
2023-06-11 23:00:00+02:00;22651
2023-06-12 00:00:00+02:00;17416
2023-06-12 01:00:00+02:00;11454
2023-06-12 02:00:00+02:00;6191
2023-06-12 03:00:00+02:00;6788
2023-06-12 04:00:00+02:00;6690
2023-06-12 05:00:00+02:00;8367
2023-06-12 06:00:00+02:00;12514
2023-06-12 07:00:00+02:00;21178
2023-06-12 08:00:00+02:00;26108
2023-06-12 09:00:00+02:00;25809
2023-06-12 10:00:00+02:00;22180
2023-06-12 11:00:00+02:00;21108
2023-06-12 12:00:00+02:00;18747
2023-06-12 13:00:00+02:00;17061
2023-06-12 14:00:00+02:00;16411
2023-06-12 15:00:00+02:00;15008
2023-06-12 16:00:00+02:00;14372
2023-06-12 17:00:00+02:00;13662
2023-06-12 18:00:00+02:00;14317
2023-06-12 19:00:00+02:00;14991
2023-06-12 20:00:00+02:00;16155
2023-06-12 21:00:00+02:00;17502
2023-06-12 22:00:00+02:00;17850
2023-06-12 23:00:00+02:00;16458
2023-06-13 00:00:00+02:00;12754
2023-06-13 01:00:00+02:00;8193
2023-06-13 02:00:00+02:00;5480
2023-06-13 03:00:00+02:00;5681
2023-06-13 04:00:00+02:00;6091
2023-06-13 05:00:00+02:00;6997
2023-06-13 06:00:00+02:00;10815
2023-06-13 07:00:00+02:00;18785
2023-06-13 08:00:00+02:00;23499
2023-06-13 09:00:00+02:00;22482
2023-06-13 10:00:00+02:00;19902
2023-06-13 11:00:00+02:00;19086
2023-06-13 12:00:00+02:00;16747
2023-06-13 13:00:00+02:00;15960
2023-06-13 14:00:00+02:00;15260
2023-06-13 15:00:00+02:00;13747
2023-06-13 16:00:00+02:00;12610
2023-06-13 17:00:00+02:00;11891
2023-06-13 18:00:00+02:00;12923
2023-06-13 19:00:00+02:00;14094
2023-06-13 20:00:00+02:00;14338
2023-06-13 21:00:00+02:00;15757
2023-06-13 22:00:00+02:00;16005
2023-06-13 23:00:00+02:00;14705
2023-06-14 00:00:00+02:00;11406
2023-06-14 01:00:00+02:00;7531
2023-06-14 02:00:00+02:00;6224
2023-06-14 03:00:00+02:00;6602
2023-06-14 04:00:00+02:00;7186
2023-06-14 05:00:00+02:00;8674
2023-06-14 06:00:00+02:00;13203
2023-06-14 07:00:00+02:00;22743
2023-06-14 08:00:00+02:00;25138
2023-06-14 09:00:00+02:00;23883
2023-06-14 10:00:00+02:00;19800
2023-06-14 11:00:00+02:00;19355
2023-06-14 12:00:00+02:00;17320
2023-06-14 13:00:00+02:00;16360
2023-06-14 14:00:00+02:00;15530
2023-06-14 15:00:00+02:00;14290
2023-06-14 16:00:00+02:00;13881
2023-06-14 17:00:00+02:00;13160
2023-06-14 18:00:00+02:00;14004
2023-06-14 19:00:00+02:00;15218
2023-06-14 20:00:00+02:00;15697
2023-06-14 21:00:00+02:00;16653
2023-06-14 22:00:00+02:00;17777
2023-06-14 23:00:00+02:00;16512
2023-06-15 00:00:00+02:00;12598
2023-06-15 01:00:00+02:00;8274
2023-06-15 02:00:00+02:00;8699
2023-06-15 03:00:00+02:00;9196
2023-06-15 04:00:00+02:00;9184
2023-06-15 05:00:00+02:00;11185
2023-06-15 06:00:00+02:00;16111
2023-06-15 07:00:00+02:00;26080
2023-06-15 08:00:00+02:00;32708
2023-06-15 09:00:00+02:00;31774
2023-06-15 10:00:00+02:00;27402
2023-06-15 11:00:00+02:00;26081
2023-06-15 12:00:00+02:00;23211
2023-06-15 13:00:00+02:00;21434
2023-06-15 14:00:00+02:00;20505
2023-06-15 15:00:00+02:00;19032
2023-06-15 16:00:00+02:00;18599
2023-06-15 17:00:00+02:00;17666
2023-06-15 18:00:00+02:00;18583
2023-06-15 19:00:00+02:00;19671
2023-06-15 20:00:00+02:00;20938
2023-06-15 21:00:00+02:00;22662
2023-06-15 22:00:00+02:00;23053
2023-06-15 23:00:00+02:00;21247
2023-06-16 00:00:00+02:00;16368
2023-06-16 01:00:00+02:00;10859
2023-06-16 02:00:00+02:00;13323
2023-06-16 03:00:00+02:00;13989
2023-06-16 04:00:00+02:00;14608
2023-06-16 05:00:00+02:00;16999
2023-06-16 06:00:00+02:00;23133
2023-06-16 07:00:00+02:00;35154
2023-06-16 08:00:00+02:00;44380
2023-06-16 09:00:00+02:00;43557
2023-06-16 10:00:00+02:00;39411
2023-06-16 11:00:00+02:00;36551
2023-06-16 12:00:00+02:00;32855
2023-06-16 13:00:00+02:00;30191
2023-06-16 14:00:00+02:00;28660
2023-06-16 15:00:00+02:00;27742
2023-06-16 16:00:00+02:00;26953
2023-06-16 17:00:00+02:00;26917
2023-06-16 18:00:00+02:00;28180
2023-06-16 19:00:00+02:00;29452
2023-06-16 20:00:00+02:00;31254
2023-06-16 21:00:00+02:00;33477
2023-06-16 22:00:00+02:00;33176
2023-06-16 23:00:00+02:00;30916
2023-06-17 00:00:00+02:00;23345
2023-06-17 01:00:00+02:00;15663
2023-06-17 02:00:00+02:00;13263
2023-06-17 03:00:00+02:00;13912
2023-06-17 04:00:00+02:00;14507
2023-06-17 05:00:00+02:00;16915
2023-06-17 06:00:00+02:00;23033
2023-06-17 07:00:00+02:00;34930
2023-06-17 08:00:00+02:00;44204
2023-06-17 09:00:00+02:00;43329
2023-06-17 10:00:00+02:00;39257
2023-06-17 11:00:00+02:00;36393
2023-06-17 12:00:00+02:00;32720
2023-06-17 13:00:00+02:00;30078
2023-06-17 14:00:00+02:00;28565
2023-06-17 15:00:00+02:00;27665
2023-06-17 16:00:00+02:00;26895
2023-06-17 17:00:00+02:00;26867
2023-06-17 18:00:00+02:00;28109
2023-06-17 19:00:00+02:00;29401
2023-06-17 20:00:00+02:00;31206
2023-06-17 21:00:00+02:00;33435
2023-06-17 22:00:00+02:00;33110
2023-06-17 23:00:00+02:00;30863
2023-06-18 00:00:00+02:00;23299
2023-06-18 01:00:00+02:00;15613
2023-06-18 02:00:00+02:00;13020
2023-06-18 03:00:00+02:00;13612
2023-06-18 04:00:00+02:00;14230
2023-06-18 05:00:00+02:00;16544
2023-06-18 06:00:00+02:00;22471
2023-06-18 07:00:00+02:00;33890
2023-06-18 08:00:00+02:00;42974
2023-06-18 09:00:00+02:00;42155
2023-06-18 10:00:00+02:00;38311
2023-06-18 11:00:00+02:00;35501
2023-06-18 12:00:00+02:00;31905
2023-06-18 13:00:00+02:00;29330
2023-06-18 14:00:00+02:00;27820
2023-06-18 15:00:00+02:00;27038
2023-06-18 16:00:00+02:00;26293
2023-06-18 17:00:00+02:00;26324
2023-06-18 18:00:00+02:00;27584
2023-06-18 19:00:00+02:00;28820
2023-06-18 20:00:00+02:00;30585
2023-06-18 21:00:00+02:00;32724
2023-06-18 22:00:00+02:00;32383
2023-06-18 23:00:00+02:00;30204
2023-06-19 00:00:00+02:00;22755
2023-06-19 01:00:00+02:00;15278
2023-06-19 02:00:00+02:00;17176
2023-06-19 03:00:00+02:00;18267
2023-06-19 04:00:00+02:00;18668
2023-06-19 05:00:00+02:00;21376
2023-06-19 06:00:00+02:00;28602
2023-06-19 07:00:00+02:00;42350
2023-06-19 08:00:00+02:00;54626
2023-06-19 09:00:00+02:00;53751
2023-06-19 10:00:00+02:00;49379
2023-06-19 11:00:00+02:00;45294
2023-06-19 12:00:00+02:00;41207
2023-06-19 13:00:00+02:00;37664
2023-06-19 14:00:00+02:00;36411
2023-06-19 15:00:00+02:00;35024
2023-06-19 16:00:00+02:00;34250
2023-06-19 17:00:00+02:00;34636
2023-06-19 18:00:00+02:00;36187
2023-06-19 19:00:00+02:00;37724
2023-06-19 20:00:00+02:00;39978
2023-06-19 21:00:00+02:00;42682
2023-06-19 22:00:00+02:00;41808
2023-06-19 23:00:00+02:00;39064
2023-06-20 00:00:00+02:00;29467
2023-06-20 01:00:00+02:00;19927
2023-06-20 02:00:00+02:00;19950
2023-06-20 03:00:00+02:00;19779
2023-06-20 04:00:00+02:00;21393
2023-06-20 05:00:00+02:00;23555
2023-06-20 06:00:00+02:00;32210
2023-06-20 07:00:00+02:00;48694
2023-06-20 08:00:00+02:00;58974
2023-06-20 09:00:00+02:00;58518
2023-06-20 10:00:00+02:00;54212
2023-06-20 11:00:00+02:00;49611
2023-06-20 12:00:00+02:00;45105
2023-06-20 13:00:00+02:00;42417
2023-06-20 14:00:00+02:00;40393
2023-06-20 15:00:00+02:00;37905
2023-06-20 16:00:00+02:00;36229
2023-06-20 17:00:00+02:00;36958
2023-06-20 18:00:00+02:00;38426
2023-06-20 19:00:00+02:00;41350
2023-06-20 20:00:00+02:00;44612
2023-06-20 21:00:00+02:00;47330
2023-06-20 22:00:00+02:00;46381
2023-06-20 23:00:00+02:00;43439
2023-06-21 00:00:00+02:00;33007
2023-06-21 01:00:00+02:00;23203
2023-06-21 02:00:00+02:00;17397
2023-06-21 03:00:00+02:00;18413
2023-06-21 04:00:00+02:00;18915
2023-06-21 05:00:00+02:00;22190
2023-06-21 06:00:00+02:00;31973
2023-06-21 07:00:00+02:00;48678
2023-06-21 08:00:00+02:00;52620
2023-06-21 09:00:00+02:00;52011
2023-06-21 10:00:00+02:00;46899
2023-06-21 11:00:00+02:00;42648
2023-06-21 12:00:00+02:00;39398
2023-06-21 13:00:00+02:00;37031
2023-06-21 14:00:00+02:00;35237
2023-06-21 15:00:00+02:00;33954
2023-06-21 16:00:00+02:00;33942
2023-06-21 17:00:00+02:00;34418
2023-06-21 18:00:00+02:00;36128
2023-06-21 19:00:00+02:00;37992
2023-06-21 20:00:00+02:00;40548
2023-06-21 21:00:00+02:00;43221
2023-06-21 22:00:00+02:00;42834
2023-06-21 23:00:00+02:00;39395
2023-06-22 00:00:00+02:00;30219
2023-06-22 01:00:00+02:00;20787
2023-06-22 02:00:00+02:00;18240
2023-06-22 03:00:00+02:00;19193
2023-06-22 04:00:00+02:00;20275
2023-06-22 05:00:00+02:00;23457
2023-06-22 06:00:00+02:00;30992
2023-06-22 07:00:00+02:00;45653
2023-06-22 08:00:00+02:00;57386
2023-06-22 09:00:00+02:00;56533
2023-06-22 10:00:00+02:00;51483
2023-06-22 11:00:00+02:00;47539
2023-06-22 12:00:00+02:00;43131
2023-06-22 13:00:00+02:00;39581
2023-06-22 14:00:00+02:00;37443
2023-06-22 15:00:00+02:00;36714
2023-06-22 16:00:00+02:00;35754
2023-06-22 17:00:00+02:00;36661
2023-06-22 18:00:00+02:00;37678
2023-06-22 19:00:00+02:00;39891
2023-06-22 20:00:00+02:00;42441
2023-06-22 21:00:00+02:00;45317
2023-06-22 22:00:00+02:00;44564
2023-06-22 23:00:00+02:00;41592
2023-06-23 00:00:00+02:00;31303
2023-06-23 01:00:00+02:00;21299
2023-06-23 02:00:00+02:00;20436
2023-06-23 03:00:00+02:00;21374
2023-06-23 04:00:00+02:00;22566
2023-06-23 05:00:00+02:00;25714
2023-06-23 06:00:00+02:00;34224
2023-06-23 07:00:00+02:00;50689
2023-06-23 08:00:00+02:00;63746
2023-06-23 09:00:00+02:00;62902
2023-06-23 10:00:00+02:00;57667
2023-06-23 11:00:00+02:00;52963
2023-06-23 12:00:00+02:00;47943
2023-06-23 13:00:00+02:00;44094
2023-06-23 14:00:00+02:00;41651
2023-06-23 15:00:00+02:00;40909
2023-06-23 16:00:00+02:00;39798
2023-06-23 17:00:00+02:00;40440
2023-06-23 18:00:00+02:00;42098
2023-06-23 19:00:00+02:00;44002
2023-06-23 20:00:00+02:00;46648
2023-06-23 21:00:00+02:00;49731
2023-06-23 22:00:00+02:00;48790
2023-06-23 23:00:00+02:00;45591
2023-06-24 00:00:00+02:00;34258
2023-06-24 01:00:00+02:00;23294
2023-06-24 02:00:00+02:00;18243
2023-06-24 03:00:00+02:00;19042
2023-06-24 04:00:00+02:00;20079
2023-06-24 05:00:00+02:00;22979
2023-06-24 06:00:00+02:00;30603
2023-06-24 07:00:00+02:00;45370
2023-06-24 08:00:00+02:00;57179
2023-06-24 09:00:00+02:00;56352
2023-06-24 10:00:00+02:00;51761
2023-06-24 11:00:00+02:00;47509
2023-06-24 12:00:00+02:00;42972
2023-06-24 13:00:00+02:00;39493
2023-06-24 14:00:00+02:00;37321
2023-06-24 15:00:00+02:00;36713
2023-06-24 16:00:00+02:00;35745
2023-06-24 17:00:00+02:00;36304
2023-06-24 18:00:00+02:00;37825
2023-06-24 19:00:00+02:00;39542
2023-06-24 20:00:00+02:00;41955
2023-06-24 21:00:00+02:00;44758
2023-06-24 22:00:00+02:00;43890
2023-06-24 23:00:00+02:00;41037
2023-06-25 00:00:00+02:00;30784
2023-06-25 01:00:00+02:00;20850
2023-06-25 02:00:00+02:00;11491
2023-06-25 03:00:00+02:00;12092
2023-06-25 04:00:00+02:00;12529
2023-06-25 05:00:00+02:00;14751
2023-06-25 06:00:00+02:00;20377
2023-06-25 07:00:00+02:00;31228
2023-06-25 08:00:00+02:00;39691
2023-06-25 09:00:00+02:00;38805
2023-06-25 10:00:00+02:00;34845
2023-06-25 11:00:00+02:00;32525
2023-06-25 12:00:00+02:00;29137
2023-06-25 13:00:00+02:00;26792
2023-06-25 14:00:00+02:00;25508
2023-06-25 15:00:00+02:00;24462
2023-06-25 16:00:00+02:00;23756
2023-06-25 17:00:00+02:00;23477
2023-06-25 18:00:00+02:00;24653
2023-06-25 19:00:00+02:00;25768
2023-06-25 20:00:00+02:00;27348
2023-06-25 21:00:00+02:00;29364
2023-06-25 22:00:00+02:00;29285
2023-06-25 23:00:00+02:00;27239
2023-06-26 00:00:00+02:00;20658
2023-06-26 01:00:00+02:00;13778
2023-06-26 02:00:00+02:00;7195
2023-06-26 03:00:00+02:00;7860
2023-06-26 04:00:00+02:00;7775
2023-06-26 05:00:00+02:00;9669
2023-06-26 06:00:00+02:00;14388
2023-06-26 07:00:00+02:00;23687
2023-06-26 08:00:00+02:00;29714
2023-06-26 09:00:00+02:00;29351
2023-06-26 10:00:00+02:00;25323
2023-06-26 11:00:00+02:00;24074
2023-06-26 12:00:00+02:00;21372
2023-06-26 13:00:00+02:00;19437
2023-06-26 14:00:00+02:00;18686
2023-06-26 15:00:00+02:00;17155
2023-06-26 16:00:00+02:00;16425
2023-06-26 17:00:00+02:00;15677
2023-06-26 18:00:00+02:00;16408
2023-06-26 19:00:00+02:00;17156
2023-06-26 20:00:00+02:00;18516
2023-06-26 21:00:00+02:00;20083
2023-06-26 22:00:00+02:00;20428
2023-06-26 23:00:00+02:00;18860
2023-06-27 00:00:00+02:00;14633
2023-06-27 01:00:00+02:00;9426
2023-06-27 02:00:00+02:00;6344
2023-06-27 03:00:00+02:00;6562
2023-06-27 04:00:00+02:00;7169
2023-06-27 05:00:00+02:00;8375
2023-06-27 06:00:00+02:00;12873
2023-06-27 07:00:00+02:00;21957
2023-06-27 08:00:00+02:00;26797
2023-06-27 09:00:00+02:00;25553
2023-06-27 10:00:00+02:00;22826
2023-06-27 11:00:00+02:00;22030
2023-06-27 12:00:00+02:00;19152
2023-06-27 13:00:00+02:00;18274
2023-06-27 14:00:00+02:00;17286
2023-06-27 15:00:00+02:00;15644
2023-06-27 16:00:00+02:00;14244
2023-06-27 17:00:00+02:00;13670
2023-06-27 18:00:00+02:00;14779
2023-06-27 19:00:00+02:00;15965
2023-06-27 20:00:00+02:00;16530
2023-06-27 21:00:00+02:00;18186
2023-06-27 22:00:00+02:00;18382
2023-06-27 23:00:00+02:00;16923
2023-06-28 00:00:00+02:00;13275
2023-06-28 01:00:00+02:00;8809
2023-06-28 02:00:00+02:00;6786
2023-06-28 03:00:00+02:00;7142
2023-06-28 04:00:00+02:00;7839
2023-06-28 05:00:00+02:00;9253
2023-06-28 06:00:00+02:00;14293
2023-06-28 07:00:00+02:00;24847
2023-06-28 08:00:00+02:00;27081
2023-06-28 09:00:00+02:00;25558
2023-06-28 10:00:00+02:00;21377
2023-06-28 11:00:00+02:00;20972
2023-06-28 12:00:00+02:00;18640
2023-06-28 13:00:00+02:00;17480
2023-06-28 14:00:00+02:00;16487
2023-06-28 15:00:00+02:00;15335
2023-06-28 16:00:00+02:00;14887
2023-06-28 17:00:00+02:00;14129
2023-06-28 18:00:00+02:00;15052
2023-06-28 19:00:00+02:00;16233
2023-06-28 20:00:00+02:00;16859
2023-06-28 21:00:00+02:00;17937
2023-06-28 22:00:00+02:00;19189
2023-06-28 23:00:00+02:00;17826
2023-06-29 00:00:00+02:00;13679
2023-06-29 01:00:00+02:00;8996
2023-06-29 02:00:00+02:00;6279
2023-06-29 03:00:00+02:00;6663
2023-06-29 04:00:00+02:00;6485
2023-06-29 05:00:00+02:00;8059
2023-06-29 06:00:00+02:00;11946
2023-06-29 07:00:00+02:00;20739
2023-06-29 08:00:00+02:00;25240
2023-06-29 09:00:00+02:00;24441
2023-06-29 10:00:00+02:00;20654
2023-06-29 11:00:00+02:00;19838
2023-06-29 12:00:00+02:00;17583
2023-06-29 13:00:00+02:00;16294
2023-06-29 14:00:00+02:00;15671
2023-06-29 15:00:00+02:00;14240
2023-06-29 16:00:00+02:00;13953
2023-06-29 17:00:00+02:00;12848
2023-06-29 18:00:00+02:00;13649
2023-06-29 19:00:00+02:00;14497
2023-06-29 20:00:00+02:00;15367
2023-06-29 21:00:00+02:00;16678
2023-06-29 22:00:00+02:00;17188
2023-06-29 23:00:00+02:00;15753
2023-06-30 00:00:00+02:00;12191
2023-06-30 01:00:00+02:00;8027
2023-06-30 02:00:00+02:00;5251
2023-06-30 03:00:00+02:00;5858
2023-06-30 04:00:00+02:00;5765
2023-06-30 05:00:00+02:00;6924
2023-06-30 06:00:00+02:00;10449
2023-06-30 07:00:00+02:00;19045
2023-06-30 08:00:00+02:00;23843
2023-06-30 09:00:00+02:00;22964
2023-06-30 10:00:00+02:00;19023
2023-06-30 11:00:00+02:00;18245
2023-06-30 12:00:00+02:00;16559
2023-06-30 13:00:00+02:00;15608
2023-06-30 14:00:00+02:00;15100
2023-06-30 15:00:00+02:00;13286
2023-06-30 16:00:00+02:00;12865
2023-06-30 17:00:00+02:00;11904
2023-06-30 18:00:00+02:00;12608
2023-06-30 19:00:00+02:00;13549
2023-06-30 20:00:00+02:00;13973
2023-06-30 21:00:00+02:00;15130
2023-06-30 22:00:00+02:00;15729
2023-06-30 23:00:00+02:00;14269
2023-07-01 00:00:00+02:00;10957
2023-07-01 01:00:00+02:00;7051
2023-07-01 02:00:00+02:00;4351
2023-07-01 03:00:00+02:00;4968
2023-07-01 04:00:00+02:00;4836
2023-07-01 05:00:00+02:00;5551
2023-07-01 06:00:00+02:00;8662
2023-07-01 07:00:00+02:00;16747
2023-07-01 08:00:00+02:00;21402
2023-07-01 09:00:00+02:00;20468
2023-07-01 10:00:00+02:00;16419
2023-07-01 11:00:00+02:00;15769
2023-07-01 12:00:00+02:00;14660
2023-07-01 13:00:00+02:00;14147
2023-07-01 14:00:00+02:00;13671
2023-07-01 15:00:00+02:00;11677
2023-07-01 16:00:00+02:00;11312
2023-07-01 17:00:00+02:00;10394
2023-07-01 18:00:00+02:00;10953
2023-07-01 19:00:00+02:00;12062
2023-07-01 20:00:00+02:00;12123
2023-07-01 21:00:00+02:00;13096
2023-07-01 22:00:00+02:00;13732
2023-07-01 23:00:00+02:00;12303
2023-07-02 00:00:00+02:00;9383
2023-07-02 01:00:00+02:00;5979
2023-07-02 02:00:00+02:00;3758
2023-07-02 03:00:00+02:00;4371
2023-07-02 04:00:00+02:00;4258
2023-07-02 05:00:00+02:00;4743
2023-07-02 06:00:00+02:00;7582
2023-07-02 07:00:00+02:00;15085
2023-07-02 08:00:00+02:00;19350
2023-07-02 09:00:00+02:00;18438
2023-07-02 10:00:00+02:00;14465
2023-07-02 11:00:00+02:00;13895
2023-07-02 12:00:00+02:00;13064
2023-07-02 13:00:00+02:00;12745
2023-07-02 14:00:00+02:00;12308
2023-07-02 15:00:00+02:00;10293
2023-07-02 16:00:00+02:00;9927
2023-07-02 17:00:00+02:00;9084
2023-07-02 18:00:00+02:00;9531
2023-07-02 19:00:00+02:00;10631
2023-07-02 20:00:00+02:00;10613
2023-07-02 21:00:00+02:00;11434
2023-07-02 22:00:00+02:00;12033
2023-07-02 23:00:00+02:00;10740
2023-07-03 00:00:00+02:00;8179
2023-07-03 01:00:00+02:00;5169
2023-07-03 02:00:00+02:00;3676
2023-07-03 03:00:00+02:00;4152
2023-07-03 04:00:00+02:00;4043
2023-07-03 05:00:00+02:00;4437
2023-07-03 06:00:00+02:00;7053
2023-07-03 07:00:00+02:00;14142
2023-07-03 08:00:00+02:00;18036
2023-07-03 09:00:00+02:00;17544
2023-07-03 10:00:00+02:00;13881
2023-07-03 11:00:00+02:00;13313
2023-07-03 12:00:00+02:00;12397
2023-07-03 13:00:00+02:00;12032
2023-07-03 14:00:00+02:00;11610
2023-07-03 15:00:00+02:00;9835
2023-07-03 16:00:00+02:00;9293
2023-07-03 17:00:00+02:00;8561
2023-07-03 18:00:00+02:00;8916
2023-07-03 19:00:00+02:00;10083
2023-07-03 20:00:00+02:00;10147
2023-07-03 21:00:00+02:00;11021
2023-07-03 22:00:00+02:00;11466
2023-07-03 23:00:00+02:00;10335
2023-07-04 00:00:00+02:00;7760
2023-07-04 01:00:00+02:00;4876
2023-07-04 02:00:00+02:00;3978
2023-07-04 03:00:00+02:00;4100
2023-07-04 04:00:00+02:00;3488
2023-07-04 05:00:00+02:00;4207
2023-07-04 06:00:00+02:00;6547
2023-07-04 07:00:00+02:00;12051
2023-07-04 08:00:00+02:00;16921
2023-07-04 09:00:00+02:00;16407
2023-07-04 10:00:00+02:00;12874
2023-07-04 11:00:00+02:00;12052
2023-07-04 12:00:00+02:00;11809
2023-07-04 13:00:00+02:00;10746
2023-07-04 14:00:00+02:00;10536
2023-07-04 15:00:00+02:00;8848
2023-07-04 16:00:00+02:00;9524
2023-07-04 17:00:00+02:00;8575
2023-07-04 18:00:00+02:00;8835
2023-07-04 19:00:00+02:00;9302
2023-07-04 20:00:00+02:00;9297
2023-07-04 21:00:00+02:00;9817
2023-07-04 22:00:00+02:00;10148
2023-07-04 23:00:00+02:00;9503
2023-07-05 00:00:00+02:00;7066
2023-07-05 01:00:00+02:00;4370
2023-07-05 02:00:00+02:00;3699
2023-07-05 03:00:00+02:00;4376
2023-07-05 04:00:00+02:00;4565
2023-07-05 05:00:00+02:00;6039
2023-07-05 06:00:00+02:00;8812
2023-07-05 07:00:00+02:00;14178
2023-07-05 08:00:00+02:00;15914
2023-07-05 09:00:00+02:00;15890
2023-07-05 10:00:00+02:00;12126
2023-07-05 11:00:00+02:00;11513
2023-07-05 12:00:00+02:00;10867
2023-07-05 13:00:00+02:00;10525
2023-07-05 14:00:00+02:00;10349
2023-07-05 15:00:00+02:00;8844
2023-07-05 16:00:00+02:00;8545
2023-07-05 17:00:00+02:00;7912
2023-07-05 18:00:00+02:00;8402
2023-07-05 19:00:00+02:00;9449
2023-07-05 20:00:00+02:00;9595
2023-07-05 21:00:00+02:00;10171
2023-07-05 22:00:00+02:00;10617
2023-07-05 23:00:00+02:00;10039
2023-07-06 00:00:00+02:00;7444
2023-07-06 01:00:00+02:00;4877
2023-07-06 02:00:00+02:00;4027
2023-07-06 03:00:00+02:00;4601
2023-07-06 04:00:00+02:00;4416
2023-07-06 05:00:00+02:00;4916
2023-07-06 06:00:00+02:00;7815
2023-07-06 07:00:00+02:00;15495
2023-07-06 08:00:00+02:00;19777
2023-07-06 09:00:00+02:00;18920
2023-07-06 10:00:00+02:00;14561
2023-07-06 11:00:00+02:00;14046
2023-07-06 12:00:00+02:00;13192
2023-07-06 13:00:00+02:00;12864
2023-07-06 14:00:00+02:00;12478
2023-07-06 15:00:00+02:00;10466
2023-07-06 16:00:00+02:00;10238
2023-07-06 17:00:00+02:00;9350
2023-07-06 18:00:00+02:00;9871
2023-07-06 19:00:00+02:00;11041
2023-07-06 20:00:00+02:00;10998
2023-07-06 21:00:00+02:00;11840
2023-07-06 22:00:00+02:00;12546
2023-07-06 23:00:00+02:00;11191
2023-07-07 00:00:00+02:00;8545
2023-07-07 01:00:00+02:00;5445
2023-07-07 02:00:00+02:00;3933
2023-07-07 03:00:00+02:00;4559
2023-07-07 04:00:00+02:00;4436
2023-07-07 05:00:00+02:00;4965
2023-07-07 06:00:00+02:00;7907
2023-07-07 07:00:00+02:00;15628
2023-07-07 08:00:00+02:00;20119
2023-07-07 09:00:00+02:00;19196
2023-07-07 10:00:00+02:00;15110
2023-07-07 11:00:00+02:00;14521
2023-07-07 12:00:00+02:00;13634
2023-07-07 13:00:00+02:00;13283
2023-07-07 14:00:00+02:00;12831
2023-07-07 15:00:00+02:00;10765
2023-07-07 16:00:00+02:00;10402
2023-07-07 17:00:00+02:00;9520
2023-07-07 18:00:00+02:00;10008
2023-07-07 19:00:00+02:00;11138
2023-07-07 20:00:00+02:00;11122
2023-07-07 21:00:00+02:00;11984
2023-07-07 22:00:00+02:00;12612
2023-07-07 23:00:00+02:00;11257
2023-07-08 00:00:00+02:00;8566
2023-07-08 01:00:00+02:00;5423
2023-07-08 02:00:00+02:00;5229
2023-07-08 03:00:00+02:00;5828
2023-07-08 04:00:00+02:00;5736
2023-07-08 05:00:00+02:00;6895
2023-07-08 06:00:00+02:00;10409
2023-07-08 07:00:00+02:00;18901
2023-07-08 08:00:00+02:00;23720
2023-07-08 09:00:00+02:00;22838
2023-07-08 10:00:00+02:00;18940
2023-07-08 11:00:00+02:00;18156
2023-07-08 12:00:00+02:00;16471
2023-07-08 13:00:00+02:00;15528
2023-07-08 14:00:00+02:00;15016
2023-07-08 15:00:00+02:00;13226
2023-07-08 16:00:00+02:00;12793
2023-07-08 17:00:00+02:00;11860
2023-07-08 18:00:00+02:00;12524
2023-07-08 19:00:00+02:00;13478
2023-07-08 20:00:00+02:00;13898
2023-07-08 21:00:00+02:00;15073
2023-07-08 22:00:00+02:00;15647
2023-07-08 23:00:00+02:00;14200
2023-07-09 00:00:00+02:00;10915
2023-07-09 01:00:00+02:00;7015
2023-07-09 02:00:00+02:00;7699
2023-07-09 03:00:00+02:00;8358
2023-07-09 04:00:00+02:00;8369
2023-07-09 05:00:00+02:00;10329
2023-07-09 06:00:00+02:00;15096
2023-07-09 07:00:00+02:00;24922
2023-07-09 08:00:00+02:00;31333
2023-07-09 09:00:00+02:00;30372
2023-07-09 10:00:00+02:00;26126
2023-07-09 11:00:00+02:00;24956
2023-07-09 12:00:00+02:00;22152
2023-07-09 13:00:00+02:00;20371
2023-07-09 14:00:00+02:00;19654
2023-07-09 15:00:00+02:00;17973
2023-07-09 16:00:00+02:00;17364
2023-07-09 17:00:00+02:00;16356
2023-07-09 18:00:00+02:00;17289
2023-07-09 19:00:00+02:00;18117
2023-07-09 20:00:00+02:00;19212
2023-07-09 21:00:00+02:00;20894
2023-07-09 22:00:00+02:00;21424
2023-07-09 23:00:00+02:00;19712
2023-07-10 00:00:00+02:00;15297
2023-07-10 01:00:00+02:00;9973
2023-07-10 02:00:00+02:00;9330
2023-07-10 03:00:00+02:00;10062
2023-07-10 04:00:00+02:00;10076
2023-07-10 05:00:00+02:00;12136
2023-07-10 06:00:00+02:00;17417
2023-07-10 07:00:00+02:00;27560
2023-07-10 08:00:00+02:00;35049
2023-07-10 09:00:00+02:00;34497
2023-07-10 10:00:00+02:00;30438
2023-07-10 11:00:00+02:00;28602
2023-07-10 12:00:00+02:00;25609
2023-07-10 13:00:00+02:00;23358
2023-07-10 14:00:00+02:00;22497
2023-07-10 15:00:00+02:00;21002
2023-07-10 16:00:00+02:00;20282
2023-07-10 17:00:00+02:00;19781
2023-07-10 18:00:00+02:00;20712
2023-07-10 19:00:00+02:00;21628
2023-07-10 20:00:00+02:00;23174
2023-07-10 21:00:00+02:00;24982
2023-07-10 22:00:00+02:00;25075
2023-07-10 23:00:00+02:00;23255
2023-07-11 00:00:00+02:00;17860
2023-07-11 01:00:00+02:00;11703
2023-07-11 02:00:00+02:00;6842
2023-07-11 03:00:00+02:00;7049
2023-07-11 04:00:00+02:00;7634
2023-07-11 05:00:00+02:00;8818
2023-07-11 06:00:00+02:00;13432
2023-07-11 07:00:00+02:00;22795
2023-07-11 08:00:00+02:00;27998
2023-07-11 09:00:00+02:00;26811
2023-07-11 10:00:00+02:00;23933
2023-07-11 11:00:00+02:00;22940
2023-07-11 12:00:00+02:00;20114
2023-07-11 13:00:00+02:00;19141
2023-07-11 14:00:00+02:00;18184
2023-07-11 15:00:00+02:00;16484
2023-07-11 16:00:00+02:00;15135
2023-07-11 17:00:00+02:00;14550
2023-07-11 18:00:00+02:00;15674
2023-07-11 19:00:00+02:00;16955
2023-07-11 20:00:00+02:00;17553
2023-07-11 21:00:00+02:00;19231
2023-07-11 22:00:00+02:00;19417
2023-07-11 23:00:00+02:00;17906
2023-07-12 00:00:00+02:00;13957
2023-07-12 01:00:00+02:00;9292
2023-07-12 02:00:00+02:00;6602
2023-07-12 03:00:00+02:00;7020
2023-07-12 04:00:00+02:00;7648
2023-07-12 05:00:00+02:00;9040
2023-07-12 06:00:00+02:00;14035
2023-07-12 07:00:00+02:00;24241
2023-07-12 08:00:00+02:00;26711
2023-07-12 09:00:00+02:00;25390
2023-07-12 10:00:00+02:00;20992
2023-07-12 11:00:00+02:00;20547
2023-07-12 12:00:00+02:00;18381
2023-07-12 13:00:00+02:00;17344
2023-07-12 14:00:00+02:00;16464
2023-07-12 15:00:00+02:00;15132
2023-07-12 16:00:00+02:00;14683
2023-07-12 17:00:00+02:00;13901
2023-07-12 18:00:00+02:00;14788
2023-07-12 19:00:00+02:00;16062
2023-07-12 20:00:00+02:00;16587
2023-07-12 21:00:00+02:00;17621
2023-07-12 22:00:00+02:00;18822
2023-07-12 23:00:00+02:00;17505
2023-07-13 00:00:00+02:00;13376
2023-07-13 01:00:00+02:00;8784
2023-07-13 02:00:00+02:00;7207
2023-07-13 03:00:00+02:00;7655
2023-07-13 04:00:00+02:00;7478
2023-07-13 05:00:00+02:00;9273
2023-07-13 06:00:00+02:00;13750
2023-07-13 07:00:00+02:00;23082
2023-07-13 08:00:00+02:00;28807
2023-07-13 09:00:00+02:00;27891
2023-07-13 10:00:00+02:00;23583
2023-07-13 11:00:00+02:00;22653
2023-07-13 12:00:00+02:00;20062
2023-07-13 13:00:00+02:00;18572
2023-07-13 14:00:00+02:00;17835
2023-07-13 15:00:00+02:00;16230
2023-07-13 16:00:00+02:00;15883
2023-07-13 17:00:00+02:00;14673
2023-07-13 18:00:00+02:00;15559
2023-07-13 19:00:00+02:00;16485
2023-07-13 20:00:00+02:00;17525
2023-07-13 21:00:00+02:00;19057
2023-07-13 22:00:00+02:00;19625
2023-07-13 23:00:00+02:00;17997
2023-07-14 00:00:00+02:00;13976
2023-07-14 01:00:00+02:00;9199
2023-07-14 02:00:00+02:00;6264
2023-07-14 03:00:00+02:00;6892
2023-07-14 04:00:00+02:00;6837
2023-07-14 05:00:00+02:00;8417
2023-07-14 06:00:00+02:00;12485
2023-07-14 07:00:00+02:00;21493
2023-07-14 08:00:00+02:00;26995
2023-07-14 09:00:00+02:00;26101
2023-07-14 10:00:00+02:00;22067
2023-07-14 11:00:00+02:00;21148
2023-07-14 12:00:00+02:00;18895
2023-07-14 13:00:00+02:00;17524
2023-07-14 14:00:00+02:00;16945
2023-07-14 15:00:00+02:00;15219
2023-07-14 16:00:00+02:00;14709
2023-07-14 17:00:00+02:00;13699
2023-07-14 18:00:00+02:00;14509
2023-07-14 19:00:00+02:00;15345
2023-07-14 20:00:00+02:00;16104
2023-07-14 21:00:00+02:00;17508
2023-07-14 22:00:00+02:00;18085
2023-07-14 23:00:00+02:00;16531
2023-07-15 00:00:00+02:00;12794
2023-07-15 01:00:00+02:00;8277
2023-07-15 02:00:00+02:00;5772
2023-07-15 03:00:00+02:00;6371
2023-07-15 04:00:00+02:00;6303
2023-07-15 05:00:00+02:00;7708
2023-07-15 06:00:00+02:00;11497
2023-07-15 07:00:00+02:00;20243
2023-07-15 08:00:00+02:00;25313
2023-07-15 09:00:00+02:00;24430
2023-07-15 10:00:00+02:00;20542
2023-07-15 11:00:00+02:00;19677
2023-07-15 12:00:00+02:00;17664
2023-07-15 13:00:00+02:00;16480
2023-07-15 14:00:00+02:00;15937
2023-07-15 15:00:00+02:00;14229
2023-07-15 16:00:00+02:00;13751
2023-07-15 17:00:00+02:00;12800
2023-07-15 18:00:00+02:00;13523
2023-07-15 19:00:00+02:00;14407
2023-07-15 20:00:00+02:00;15027
2023-07-15 21:00:00+02:00;16329
2023-07-15 22:00:00+02:00;16877
2023-07-15 23:00:00+02:00;15399
2023-07-16 00:00:00+02:00;11883
2023-07-16 01:00:00+02:00;7664
2023-07-16 02:00:00+02:00;5035
2023-07-16 03:00:00+02:00;5630
2023-07-16 04:00:00+02:00;5536
2023-07-16 05:00:00+02:00;6625
2023-07-16 06:00:00+02:00;10017
2023-07-16 07:00:00+02:00;18378
2023-07-16 08:00:00+02:00;22984
2023-07-16 09:00:00+02:00;22109
2023-07-16 10:00:00+02:00;18261
2023-07-16 11:00:00+02:00;17518
2023-07-16 12:00:00+02:00;15931
2023-07-16 13:00:00+02:00;15040
2023-07-16 14:00:00+02:00;14548
2023-07-16 15:00:00+02:00;12769
2023-07-16 16:00:00+02:00;12365
2023-07-16 17:00:00+02:00;11435
2023-07-16 18:00:00+02:00;12105
2023-07-16 19:00:00+02:00;13027
2023-07-16 20:00:00+02:00;13411
2023-07-16 21:00:00+02:00;14522
2023-07-16 22:00:00+02:00;15109
2023-07-16 23:00:00+02:00;13693
2023-07-17 00:00:00+02:00;10517
2023-07-17 01:00:00+02:00;6769
2023-07-17 02:00:00+02:00;4096
2023-07-17 03:00:00+02:00;4624
2023-07-17 04:00:00+02:00;4496
2023-07-17 05:00:00+02:00;5077
2023-07-17 06:00:00+02:00;7998
2023-07-17 07:00:00+02:00;15553
2023-07-17 08:00:00+02:00;19817
2023-07-17 09:00:00+02:00;19359
2023-07-17 10:00:00+02:00;15521
2023-07-17 11:00:00+02:00;14890
2023-07-17 12:00:00+02:00;13824
2023-07-17 13:00:00+02:00;13278
2023-07-17 14:00:00+02:00;12789
2023-07-17 15:00:00+02:00;10968
2023-07-17 16:00:00+02:00;10461
2023-07-17 17:00:00+02:00;9703
2023-07-17 18:00:00+02:00;10147
2023-07-17 19:00:00+02:00;11276
2023-07-17 20:00:00+02:00;11437
2023-07-17 21:00:00+02:00;12382
2023-07-17 22:00:00+02:00;12878
2023-07-17 23:00:00+02:00;11607
2023-07-18 00:00:00+02:00;8762
2023-07-18 01:00:00+02:00;5547
2023-07-18 02:00:00+02:00;4459
2023-07-18 03:00:00+02:00;4633
2023-07-18 04:00:00+02:00;4562
2023-07-18 05:00:00+02:00;4977
2023-07-18 06:00:00+02:00;7802
2023-07-18 07:00:00+02:00;14427
2023-07-18 08:00:00+02:00;19766
2023-07-18 09:00:00+02:00;19065
2023-07-18 10:00:00+02:00;16060
2023-07-18 11:00:00+02:00;14971
2023-07-18 12:00:00+02:00;13856
2023-07-18 13:00:00+02:00;12900
2023-07-18 14:00:00+02:00;12803
2023-07-18 15:00:00+02:00;11335
2023-07-18 16:00:00+02:00;10960
2023-07-18 17:00:00+02:00;9948
2023-07-18 18:00:00+02:00;10658
2023-07-18 19:00:00+02:00;11805
2023-07-18 20:00:00+02:00;11416
2023-07-18 21:00:00+02:00;12459
2023-07-18 22:00:00+02:00;12856
2023-07-18 23:00:00+02:00;11798
2023-07-19 00:00:00+02:00;8800
2023-07-19 01:00:00+02:00;5676
2023-07-19 02:00:00+02:00;5182
2023-07-19 03:00:00+02:00;5649
2023-07-19 04:00:00+02:00;6050
2023-07-19 05:00:00+02:00;7563
2023-07-19 06:00:00+02:00;11383
2023-07-19 07:00:00+02:00;19282
2023-07-19 08:00:00+02:00;21665
2023-07-19 09:00:00+02:00;20917
2023-07-19 10:00:00+02:00;16883
2023-07-19 11:00:00+02:00;16424
2023-07-19 12:00:00+02:00;14909
2023-07-19 13:00:00+02:00;14292
2023-07-19 14:00:00+02:00;13760
2023-07-19 15:00:00+02:00;12333
2023-07-19 16:00:00+02:00;11968
2023-07-19 17:00:00+02:00;11286
2023-07-19 18:00:00+02:00;11971
2023-07-19 19:00:00+02:00;13240
2023-07-19 20:00:00+02:00;13451
2023-07-19 21:00:00+02:00;14199
2023-07-19 22:00:00+02:00;15128
2023-07-19 23:00:00+02:00;14078
2023-07-20 00:00:00+02:00;10623
2023-07-20 01:00:00+02:00;6952
2023-07-20 02:00:00+02:00;5480
2023-07-20 03:00:00+02:00;5951
2023-07-20 04:00:00+02:00;5747
2023-07-20 05:00:00+02:00;6889
2023-07-20 06:00:00+02:00;10454
2023-07-20 07:00:00+02:00;18946
2023-07-20 08:00:00+02:00;23584
2023-07-20 09:00:00+02:00;22742
2023-07-20 10:00:00+02:00;18582
2023-07-20 11:00:00+02:00;17895
2023-07-20 12:00:00+02:00;16206
2023-07-20 13:00:00+02:00;15306
2023-07-20 14:00:00+02:00;14774
2023-07-20 15:00:00+02:00;13035
2023-07-20 16:00:00+02:00;12779
2023-07-20 17:00:00+02:00;11720
2023-07-20 18:00:00+02:00;12427
2023-07-20 19:00:00+02:00;13454
2023-07-20 20:00:00+02:00;13929
2023-07-20 21:00:00+02:00;15073
2023-07-20 22:00:00+02:00;15697
2023-07-20 23:00:00+02:00;14238
2023-07-21 00:00:00+02:00;10967
2023-07-21 01:00:00+02:00;7150
2023-07-21 02:00:00+02:00;4469
2023-07-21 03:00:00+02:00;5098
2023-07-21 04:00:00+02:00;4972
2023-07-21 05:00:00+02:00;5728
2023-07-21 06:00:00+02:00;8916
2023-07-21 07:00:00+02:00;17077
2023-07-21 08:00:00+02:00;21808
2023-07-21 09:00:00+02:00;20887
2023-07-21 10:00:00+02:00;16768
2023-07-21 11:00:00+02:00;16112
2023-07-21 12:00:00+02:00;14945
2023-07-21 13:00:00+02:00;14387
2023-07-21 14:00:00+02:00;13905
2023-07-21 15:00:00+02:00;11889
2023-07-21 16:00:00+02:00;11520
2023-07-21 17:00:00+02:00;10583
2023-07-21 18:00:00+02:00;11175
2023-07-21 19:00:00+02:00;12262
2023-07-21 20:00:00+02:00;12376
2023-07-21 21:00:00+02:00;13361
2023-07-21 22:00:00+02:00;14007
2023-07-21 23:00:00+02:00;12568
2023-07-22 00:00:00+02:00;9590
2023-07-22 01:00:00+02:00;6121
2023-07-22 02:00:00+02:00;4271
2023-07-22 03:00:00+02:00;4882
2023-07-22 04:00:00+02:00;4762
2023-07-22 05:00:00+02:00;5460
2023-07-22 06:00:00+02:00;8545
2023-07-22 07:00:00+02:00;16508
2023-07-22 08:00:00+02:00;21066
2023-07-22 09:00:00+02:00;20134
2023-07-22 10:00:00+02:00;16119
2023-07-22 11:00:00+02:00;15475
2023-07-22 12:00:00+02:00;14379
2023-07-22 13:00:00+02:00;13873
2023-07-22 14:00:00+02:00;13406
2023-07-22 15:00:00+02:00;11434
2023-07-22 16:00:00+02:00;11057
2023-07-22 17:00:00+02:00;10162
2023-07-22 18:00:00+02:00;10695
2023-07-22 19:00:00+02:00;11785
2023-07-22 20:00:00+02:00;11864
2023-07-22 21:00:00+02:00;12815
2023-07-22 22:00:00+02:00;13430
2023-07-22 23:00:00+02:00;12042
2023-07-23 00:00:00+02:00;9191
2023-07-23 01:00:00+02:00;5847
2023-07-23 02:00:00+02:00;4923
2023-07-23 03:00:00+02:00;5520
2023-07-23 04:00:00+02:00;5421
2023-07-23 05:00:00+02:00;6454
2023-07-23 06:00:00+02:00;9795
2023-07-23 07:00:00+02:00;18092
2023-07-23 08:00:00+02:00;22685
2023-07-23 09:00:00+02:00;21810
2023-07-23 10:00:00+02:00;17940
2023-07-23 11:00:00+02:00;17215
2023-07-23 12:00:00+02:00;15701
2023-07-23 13:00:00+02:00;14866
2023-07-23 14:00:00+02:00;14378
2023-07-23 15:00:00+02:00;12572
2023-07-23 16:00:00+02:00;12178
2023-07-23 17:00:00+02:00;11251
2023-07-23 18:00:00+02:00;11907
2023-07-23 19:00:00+02:00;12848
2023-07-23 20:00:00+02:00;13187
2023-07-23 21:00:00+02:00;14274
2023-07-23 22:00:00+02:00;14868
2023-07-23 23:00:00+02:00;13455
2023-07-24 00:00:00+02:00;10324
2023-07-24 01:00:00+02:00;6638
2023-07-24 02:00:00+02:00;4755
2023-07-24 03:00:00+02:00;5320
2023-07-24 04:00:00+02:00;5191
2023-07-24 05:00:00+02:00;6099
2023-07-24 06:00:00+02:00;9437
2023-07-24 07:00:00+02:00;17519
2023-07-24 08:00:00+02:00;22064
2023-07-24 09:00:00+02:00;21658
2023-07-24 10:00:00+02:00;17776
2023-07-24 11:00:00+02:00;17012
2023-07-24 12:00:00+02:00;15574
2023-07-24 13:00:00+02:00;14698
2023-07-24 14:00:00+02:00;14150
2023-07-24 15:00:00+02:00;12391
2023-07-24 16:00:00+02:00;11856
2023-07-24 17:00:00+02:00;11086
2023-07-24 18:00:00+02:00;11616
2023-07-24 19:00:00+02:00;12643
2023-07-24 20:00:00+02:00;13075
2023-07-24 21:00:00+02:00;14143
2023-07-24 22:00:00+02:00;14625
2023-07-24 23:00:00+02:00;13271
2023-07-25 00:00:00+02:00;10103
2023-07-25 01:00:00+02:00;6429
2023-07-25 02:00:00+02:00;5522
2023-07-25 03:00:00+02:00;5761
2023-07-25 04:00:00+02:00;6095
2023-07-25 05:00:00+02:00;6936
2023-07-25 06:00:00+02:00;10740
2023-07-25 07:00:00+02:00;18880
2023-07-25 08:00:00+02:00;24036
2023-07-25 09:00:00+02:00;23041
2023-07-25 10:00:00+02:00;20205
2023-07-25 11:00:00+02:00;19262
2023-07-25 12:00:00+02:00;17102
2023-07-25 13:00:00+02:00;16203
2023-07-25 14:00:00+02:00;15611
2023-07-25 15:00:00+02:00;14012
2023-07-25 16:00:00+02:00;12957
2023-07-25 17:00:00+02:00;12161
2023-07-25 18:00:00+02:00;13192
2023-07-25 19:00:00+02:00;14410
2023-07-25 20:00:00+02:00;14522
2023-07-25 21:00:00+02:00;15938
2023-07-25 22:00:00+02:00;16240
2023-07-25 23:00:00+02:00;14922
2023-07-26 00:00:00+02:00;11486
2023-07-26 01:00:00+02:00;7540
2023-07-26 02:00:00+02:00;7395
2023-07-26 03:00:00+02:00;7792
2023-07-26 04:00:00+02:00;8510
2023-07-26 05:00:00+02:00;9970
2023-07-26 06:00:00+02:00;15472
2023-07-26 07:00:00+02:00;26688
2023-07-26 08:00:00+02:00;29046
2023-07-26 09:00:00+02:00;27486
2023-07-26 10:00:00+02:00;23058
2023-07-26 11:00:00+02:00;22540
2023-07-26 12:00:00+02:00;20078
2023-07-26 13:00:00+02:00;18824
2023-07-26 14:00:00+02:00;17768
2023-07-26 15:00:00+02:00;16545
2023-07-26 16:00:00+02:00;16079
2023-07-26 17:00:00+02:00;15311
2023-07-26 18:00:00+02:00;16290
2023-07-26 19:00:00+02:00;17534
2023-07-26 20:00:00+02:00;18258
2023-07-26 21:00:00+02:00;19447
2023-07-26 22:00:00+02:00;20709
2023-07-26 23:00:00+02:00;19243
2023-07-27 00:00:00+02:00;14785
2023-07-27 01:00:00+02:00;9750
2023-07-27 02:00:00+02:00;8195
2023-07-27 03:00:00+02:00;8682
2023-07-27 04:00:00+02:00;8548
2023-07-27 05:00:00+02:00;10553
2023-07-27 06:00:00+02:00;15518
2023-07-27 07:00:00+02:00;25437
2023-07-27 08:00:00+02:00;31957
2023-07-27 09:00:00+02:00;30973
2023-07-27 10:00:00+02:00;26394
2023-07-27 11:00:00+02:00;25294
2023-07-27 12:00:00+02:00;22396
2023-07-27 13:00:00+02:00;20685
2023-07-27 14:00:00+02:00;19830
2023-07-27 15:00:00+02:00;18186
2023-07-27 16:00:00+02:00;17781
2023-07-27 17:00:00+02:00;16579
2023-07-27 18:00:00+02:00;17525
2023-07-27 19:00:00+02:00;18521
2023-07-27 20:00:00+02:00;19751
2023-07-27 21:00:00+02:00;21472
2023-07-27 22:00:00+02:00;22021
2023-07-27 23:00:00+02:00;20247
2023-07-28 00:00:00+02:00;15726
2023-07-28 01:00:00+02:00;10384
2023-07-28 02:00:00+02:00;8444
2023-07-28 03:00:00+02:00;9117
2023-07-28 04:00:00+02:00;9187
2023-07-28 05:00:00+02:00;11251
2023-07-28 06:00:00+02:00;16294
2023-07-28 07:00:00+02:00;26405
2023-07-28 08:00:00+02:00;33416
2023-07-28 09:00:00+02:00;32437
2023-07-28 10:00:00+02:00;28096
2023-07-28 11:00:00+02:00;26744
2023-07-28 12:00:00+02:00;23762
2023-07-28 13:00:00+02:00;21839
2023-07-28 14:00:00+02:00;21021
2023-07-28 15:00:00+02:00;19376
2023-07-28 16:00:00+02:00;18729
2023-07-28 17:00:00+02:00;17788
2023-07-28 18:00:00+02:00;18775
2023-07-28 19:00:00+02:00;19654
2023-07-28 20:00:00+02:00;20863
2023-07-28 21:00:00+02:00;22652
2023-07-28 22:00:00+02:00;23117
2023-07-28 23:00:00+02:00;21311
2023-07-29 00:00:00+02:00;16491
2023-07-29 01:00:00+02:00;10790
2023-07-29 02:00:00+02:00;10709
2023-07-29 03:00:00+02:00;11302
2023-07-29 04:00:00+02:00;11655
2023-07-29 05:00:00+02:00;13831
2023-07-29 06:00:00+02:00;19234
2023-07-29 07:00:00+02:00;29741
2023-07-29 08:00:00+02:00;37796
2023-07-29 09:00:00+02:00;36878
2023-07-29 10:00:00+02:00;32970
2023-07-29 11:00:00+02:00;30846
2023-07-29 12:00:00+02:00;27593
2023-07-29 13:00:00+02:00;25373
2023-07-29 14:00:00+02:00;24205
2023-07-29 15:00:00+02:00;23088
2023-07-29 16:00:00+02:00;22409
2023-07-29 17:00:00+02:00;22031
2023-07-29 18:00:00+02:00;23127
2023-07-29 19:00:00+02:00;24204
2023-07-29 20:00:00+02:00;25694
2023-07-29 21:00:00+02:00;27647
2023-07-29 22:00:00+02:00;27636
2023-07-29 23:00:00+02:00;25683
2023-07-30 00:00:00+02:00;19525
2023-07-30 01:00:00+02:00;12965
2023-07-30 02:00:00+02:00;12337
2023-07-30 03:00:00+02:00;12925
2023-07-30 04:00:00+02:00;13470
2023-07-30 05:00:00+02:00;15733
2023-07-30 06:00:00+02:00;21490
2023-07-30 07:00:00+02:00;32579
2023-07-30 08:00:00+02:00;41360
2023-07-30 09:00:00+02:00;40526
2023-07-30 10:00:00+02:00;36682
2023-07-30 11:00:00+02:00;34077
2023-07-30 12:00:00+02:00;30588
2023-07-30 13:00:00+02:00;28119
2023-07-30 14:00:00+02:00;26708
2023-07-30 15:00:00+02:00;25840
2023-07-30 16:00:00+02:00;25117
2023-07-30 17:00:00+02:00;25032
2023-07-30 18:00:00+02:00;26252
2023-07-30 19:00:00+02:00;27431
2023-07-30 20:00:00+02:00;29111
2023-07-30 21:00:00+02:00;31184
2023-07-30 22:00:00+02:00;30943
2023-07-30 23:00:00+02:00;28835
2023-07-31 00:00:00+02:00;21772
2023-07-31 01:00:00+02:00;14585
2023-07-31 02:00:00+02:00;12582
2023-07-31 03:00:00+02:00;13431
2023-07-31 04:00:00+02:00;13622
2023-07-31 05:00:00+02:00;15913
2023-07-31 06:00:00+02:00;21881
2023-07-31 07:00:00+02:00;33180
2023-07-31 08:00:00+02:00;42680
2023-07-31 09:00:00+02:00;41945
2023-07-31 10:00:00+02:00;37981
2023-07-31 11:00:00+02:00;35174
2023-07-31 12:00:00+02:00;31792
2023-07-31 13:00:00+02:00;29036
2023-07-31 14:00:00+02:00;28031
2023-07-31 15:00:00+02:00;26675
2023-07-31 16:00:00+02:00;25988
2023-07-31 17:00:00+02:00;25933
2023-07-31 18:00:00+02:00;27147
2023-07-31 19:00:00+02:00;28299
2023-07-31 20:00:00+02:00;30114
2023-07-31 21:00:00+02:00;32251
2023-07-31 22:00:00+02:00;31885
2023-07-31 23:00:00+02:00;29711
2023-08-01 00:00:00+02:00;22550
2023-08-01 01:00:00+02:00;15055
2023-08-01 02:00:00+02:00;8734
2023-08-01 03:00:00+02:00;8926
2023-08-01 04:00:00+02:00;9675
2023-08-01 05:00:00+02:00;11122
2023-08-01 06:00:00+02:00;16622
2023-08-01 07:00:00+02:00;27572
2023-08-01 08:00:00+02:00;33533
2023-08-01 09:00:00+02:00;32261
2023-08-01 10:00:00+02:00;29003
2023-08-01 11:00:00+02:00;27638
2023-08-01 12:00:00+02:00;24347
2023-08-01 13:00:00+02:00;23118
2023-08-01 14:00:00+02:00;21911
2023-08-01 15:00:00+02:00;20004
2023-08-01 16:00:00+02:00;18499
2023-08-01 17:00:00+02:00;18060
2023-08-01 18:00:00+02:00;19283
2023-08-01 19:00:00+02:00;20770
2023-08-01 20:00:00+02:00;21798
2023-08-01 21:00:00+02:00;23746
2023-08-01 22:00:00+02:00;23831
2023-08-01 23:00:00+02:00;22057
2023-08-02 00:00:00+02:00;17165
2023-08-02 01:00:00+02:00;11538
2023-08-02 02:00:00+02:00;6638
2023-08-02 03:00:00+02:00;7005
2023-08-02 04:00:00+02:00;7664
2023-08-02 05:00:00+02:00;9127
2023-08-02 06:00:00+02:00;14032
2023-08-02 07:00:00+02:00;24251
2023-08-02 08:00:00+02:00;26545
2023-08-02 09:00:00+02:00;25111
2023-08-02 10:00:00+02:00;20950
2023-08-02 11:00:00+02:00;20524
2023-08-02 12:00:00+02:00;18285
2023-08-02 13:00:00+02:00;17187
2023-08-02 14:00:00+02:00;16247
2023-08-02 15:00:00+02:00;15060
2023-08-02 16:00:00+02:00;14625
2023-08-02 17:00:00+02:00;13879
2023-08-02 18:00:00+02:00;14778
2023-08-02 19:00:00+02:00;15974
2023-08-02 20:00:00+02:00;16557
2023-08-02 21:00:00+02:00;17601
2023-08-02 22:00:00+02:00;18809
2023-08-02 23:00:00+02:00;17474
2023-08-03 00:00:00+02:00;13387
2023-08-03 01:00:00+02:00;8804
2023-08-03 02:00:00+02:00;4941
2023-08-03 03:00:00+02:00;5468
2023-08-03 04:00:00+02:00;5243
2023-08-03 05:00:00+02:00;6096
2023-08-03 06:00:00+02:00;9437
2023-08-03 07:00:00+02:00;17838
2023-08-03 08:00:00+02:00;22528
2023-08-03 09:00:00+02:00;21685
2023-08-03 10:00:00+02:00;17266
2023-08-03 11:00:00+02:00;16657
2023-08-03 12:00:00+02:00;15349
2023-08-03 13:00:00+02:00;14719
2023-08-03 14:00:00+02:00;14252
2023-08-03 15:00:00+02:00;12292
2023-08-03 16:00:00+02:00;12059
2023-08-03 17:00:00+02:00;11020
2023-08-03 18:00:00+02:00;11679
2023-08-03 19:00:00+02:00;12851
2023-08-03 20:00:00+02:00;13045
2023-08-03 21:00:00+02:00;14066
2023-08-03 22:00:00+02:00;14769
2023-08-03 23:00:00+02:00;13283
2023-08-04 00:00:00+02:00;10165
2023-08-04 01:00:00+02:00;6565
2023-08-04 02:00:00+02:00;4454
2023-08-04 03:00:00+02:00;5095
2023-08-04 04:00:00+02:00;4959
2023-08-04 05:00:00+02:00;5678
2023-08-04 06:00:00+02:00;8869
2023-08-04 07:00:00+02:00;17111
2023-08-04 08:00:00+02:00;21957
2023-08-04 09:00:00+02:00;21031
2023-08-04 10:00:00+02:00;16826
2023-08-04 11:00:00+02:00;16174
2023-08-04 12:00:00+02:00;15052
2023-08-04 13:00:00+02:00;14539
2023-08-04 14:00:00+02:00;14051
2023-08-04 15:00:00+02:00;11969
2023-08-04 16:00:00+02:00;11607
2023-08-04 17:00:00+02:00;10650
2023-08-04 18:00:00+02:00;11250
2023-08-04 19:00:00+02:00;12383
2023-08-04 20:00:00+02:00;12450
2023-08-04 21:00:00+02:00;13430
2023-08-04 22:00:00+02:00;14099
2023-08-04 23:00:00+02:00;12628
2023-08-05 00:00:00+02:00;9616
2023-08-05 01:00:00+02:00;6130
2023-08-05 02:00:00+02:00;4759
2023-08-05 03:00:00+02:00;5353
2023-08-05 04:00:00+02:00;5243
2023-08-05 05:00:00+02:00;6194
2023-08-05 06:00:00+02:00;9463
2023-08-05 07:00:00+02:00;17758
2023-08-05 08:00:00+02:00;22337
2023-08-05 09:00:00+02:00;21425
2023-08-05 10:00:00+02:00;17541
2023-08-05 11:00:00+02:00;16825
2023-08-05 12:00:00+02:00;15416
2023-08-05 13:00:00+02:00;14675
2023-08-05 14:00:00+02:00;14194
2023-08-05 15:00:00+02:00;12347
2023-08-05 16:00:00+02:00;11954
2023-08-05 17:00:00+02:00;11038
2023-08-05 18:00:00+02:00;11652
2023-08-05 19:00:00+02:00;12662
2023-08-05 20:00:00+02:00;12914
2023-08-05 21:00:00+02:00;13974
2023-08-05 22:00:00+02:00;14567
2023-08-05 23:00:00+02:00;13154
2023-08-06 00:00:00+02:00;10069
2023-08-06 01:00:00+02:00;6450
2023-08-06 02:00:00+02:00;3938
2023-08-06 03:00:00+02:00;4562
2023-08-06 04:00:00+02:00;4420
2023-08-06 05:00:00+02:00;4941
2023-08-06 06:00:00+02:00;7853
2023-08-06 07:00:00+02:00;15623
2023-08-06 08:00:00+02:00;20124
2023-08-06 09:00:00+02:00;19198
2023-08-06 10:00:00+02:00;15106
2023-08-06 11:00:00+02:00;14534
2023-08-06 12:00:00+02:00;13679
2023-08-06 13:00:00+02:00;13344
2023-08-06 14:00:00+02:00;12888
2023-08-06 15:00:00+02:00;10826
2023-08-06 16:00:00+02:00;10502
2023-08-06 17:00:00+02:00;9604
2023-08-06 18:00:00+02:00;10121
2023-08-06 19:00:00+02:00;11253
2023-08-06 20:00:00+02:00;11193
2023-08-06 21:00:00+02:00;12061
2023-08-06 22:00:00+02:00;12717
2023-08-06 23:00:00+02:00;11326
2023-08-07 00:00:00+02:00;8607
2023-08-07 01:00:00+02:00;5472
2023-08-07 02:00:00+02:00;3839
2023-08-07 03:00:00+02:00;4335
2023-08-07 04:00:00+02:00;4219
2023-08-07 05:00:00+02:00;4661
2023-08-07 06:00:00+02:00;7402
2023-08-07 07:00:00+02:00;14705
2023-08-07 08:00:00+02:00;18790
2023-08-07 09:00:00+02:00;18314
2023-08-07 10:00:00+02:00;14536
2023-08-07 11:00:00+02:00;13940
2023-08-07 12:00:00+02:00;12962
2023-08-07 13:00:00+02:00;12557
2023-08-07 14:00:00+02:00;12115
2023-08-07 15:00:00+02:00;10289
2023-08-07 16:00:00+02:00;9737
2023-08-07 17:00:00+02:00;8978
2023-08-07 18:00:00+02:00;9361
2023-08-07 19:00:00+02:00;10555
2023-08-07 20:00:00+02:00;10643
2023-08-07 21:00:00+02:00;11550
2023-08-07 22:00:00+02:00;12013
2023-08-07 23:00:00+02:00;10832
2023-08-08 00:00:00+02:00;8135
2023-08-08 01:00:00+02:00;5112
2023-08-08 02:00:00+02:00;4345
2023-08-08 03:00:00+02:00;4513
2023-08-08 04:00:00+02:00;4229
2023-08-08 05:00:00+02:00;4816
2023-08-08 06:00:00+02:00;7518
2023-08-08 07:00:00+02:00;13821
2023-08-08 08:00:00+02:00;18989
2023-08-08 09:00:00+02:00;18350
2023-08-08 10:00:00+02:00;15107
2023-08-08 11:00:00+02:00;14143
2023-08-08 12:00:00+02:00;13327
2023-08-08 13:00:00+02:00;12331
2023-08-08 14:00:00+02:00;12141
2023-08-08 15:00:00+02:00;10537
2023-08-08 16:00:00+02:00;10562
2023-08-08 17:00:00+02:00;9578
2023-08-08 18:00:00+02:00;10148
2023-08-08 19:00:00+02:00;11007
2023-08-08 20:00:00+02:00;10828
2023-08-08 21:00:00+02:00;11668
2023-08-08 22:00:00+02:00;12034
2023-08-08 23:00:00+02:00;11130
2023-08-09 00:00:00+02:00;8313
2023-08-09 01:00:00+02:00;5281
2023-08-09 02:00:00+02:00;4469
2023-08-09 03:00:00+02:00;5012
2023-08-09 04:00:00+02:00;5307
2023-08-09 05:00:00+02:00;6824
2023-08-09 06:00:00+02:00;10108
2023-08-09 07:00:00+02:00;16810
2023-08-09 08:00:00+02:00;19022
2023-08-09 09:00:00+02:00;18585
2023-08-09 10:00:00+02:00;14697
2023-08-09 11:00:00+02:00;14184
2023-08-09 12:00:00+02:00;13053
2023-08-09 13:00:00+02:00;12590
2023-08-09 14:00:00+02:00;12224
2023-08-09 15:00:00+02:00;10757
2023-08-09 16:00:00+02:00;10429
2023-08-09 17:00:00+02:00;9772
2023-08-09 18:00:00+02:00;10369
2023-08-09 19:00:00+02:00;11565
2023-08-09 20:00:00+02:00;11707
2023-08-09 21:00:00+02:00;12353
2023-08-09 22:00:00+02:00;13083
2023-08-09 23:00:00+02:00;12226
2023-08-10 00:00:00+02:00;9149
2023-08-10 01:00:00+02:00;5981
2023-08-10 02:00:00+02:00;4671
2023-08-10 03:00:00+02:00;5162
2023-08-10 04:00:00+02:00;4981
2023-08-10 05:00:00+02:00;5829
2023-08-10 06:00:00+02:00;8978
2023-08-10 07:00:00+02:00;16930
2023-08-10 08:00:00+02:00;21067
2023-08-10 09:00:00+02:00;20233
2023-08-10 10:00:00+02:00;16186
2023-08-10 11:00:00+02:00;15587
2023-08-10 12:00:00+02:00;14287
2023-08-10 13:00:00+02:00;13644
2023-08-10 14:00:00+02:00;13194
2023-08-10 15:00:00+02:00;11434
2023-08-10 16:00:00+02:00;11197
2023-08-10 17:00:00+02:00;10253
2023-08-10 18:00:00+02:00;10855
2023-08-10 19:00:00+02:00;11884
2023-08-10 20:00:00+02:00;12146
2023-08-10 21:00:00+02:00;13119
2023-08-10 22:00:00+02:00;13742
2023-08-10 23:00:00+02:00;12398
2023-08-11 00:00:00+02:00;9522
2023-08-11 01:00:00+02:00;6159
2023-08-11 02:00:00+02:00;4485
2023-08-11 03:00:00+02:00;5073
2023-08-11 04:00:00+02:00;4975
2023-08-11 05:00:00+02:00;5834
2023-08-11 06:00:00+02:00;8965
2023-08-11 07:00:00+02:00;16940
2023-08-11 08:00:00+02:00;21253
2023-08-11 09:00:00+02:00;20372
2023-08-11 10:00:00+02:00;16558
2023-08-11 11:00:00+02:00;15888
2023-08-11 12:00:00+02:00;14594
2023-08-11 13:00:00+02:00;13918
2023-08-11 14:00:00+02:00;13459
2023-08-11 15:00:00+02:00;11637
2023-08-11 16:00:00+02:00;11254
2023-08-11 17:00:00+02:00;10372
2023-08-11 18:00:00+02:00;10951
2023-08-11 19:00:00+02:00;11915
2023-08-11 20:00:00+02:00;12152
2023-08-11 21:00:00+02:00;13136
2023-08-11 22:00:00+02:00;13714
2023-08-11 23:00:00+02:00;12374
2023-08-12 00:00:00+02:00;9478
2023-08-12 01:00:00+02:00;6068
2023-08-12 02:00:00+02:00;4347
2023-08-12 03:00:00+02:00;4943
2023-08-12 04:00:00+02:00;4830
2023-08-12 05:00:00+02:00;5593
2023-08-12 06:00:00+02:00;8687
2023-08-12 07:00:00+02:00;16653
2023-08-12 08:00:00+02:00;21099
2023-08-12 09:00:00+02:00;20173
2023-08-12 10:00:00+02:00;16257
2023-08-12 11:00:00+02:00;15601
2023-08-12 12:00:00+02:00;14429
2023-08-12 13:00:00+02:00;13858
2023-08-12 14:00:00+02:00;13395
2023-08-12 15:00:00+02:00;11498
2023-08-12 16:00:00+02:00;11120
2023-08-12 17:00:00+02:00;10237
2023-08-12 18:00:00+02:00;10781
2023-08-12 19:00:00+02:00;11824
2023-08-12 20:00:00+02:00;11957
2023-08-12 21:00:00+02:00;12926
2023-08-12 22:00:00+02:00;13521
2023-08-12 23:00:00+02:00;12154
2023-08-13 00:00:00+02:00;9290
2023-08-13 01:00:00+02:00;5925
2023-08-13 02:00:00+02:00;4038
2023-08-13 03:00:00+02:00;4648
2023-08-13 04:00:00+02:00;4534
2023-08-13 05:00:00+02:00;5142
2023-08-13 06:00:00+02:00;8104
2023-08-13 07:00:00+02:00;15829
2023-08-13 08:00:00+02:00;20202
2023-08-13 09:00:00+02:00;19298
2023-08-13 10:00:00+02:00;15323
2023-08-13 11:00:00+02:00;14718
2023-08-13 12:00:00+02:00;13736
2023-08-13 13:00:00+02:00;13304
2023-08-13 14:00:00+02:00;12854
2023-08-13 15:00:00+02:00;10874
2023-08-13 16:00:00+02:00;10509
2023-08-13 17:00:00+02:00;9638
2023-08-13 18:00:00+02:00;10142
2023-08-13 19:00:00+02:00;11215
2023-08-13 20:00:00+02:00;11266
2023-08-13 21:00:00+02:00;12151
2023-08-13 22:00:00+02:00;12759
2023-08-13 23:00:00+02:00;11424
2023-08-14 00:00:00+02:00;8712
2023-08-14 01:00:00+02:00;5534
2023-08-14 02:00:00+02:00;3973
2023-08-14 03:00:00+02:00;4504
2023-08-14 04:00:00+02:00;4370
2023-08-14 05:00:00+02:00;4857
2023-08-14 06:00:00+02:00;7719
2023-08-14 07:00:00+02:00;15270
2023-08-14 08:00:00+02:00;19599
2023-08-14 09:00:00+02:00;19118
2023-08-14 10:00:00+02:00;15186
2023-08-14 11:00:00+02:00;14585
2023-08-14 12:00:00+02:00;13622
2023-08-14 13:00:00+02:00;13177
2023-08-14 14:00:00+02:00;12695
2023-08-14 15:00:00+02:00;10798
2023-08-14 16:00:00+02:00;10294
2023-08-14 17:00:00+02:00;9515
2023-08-14 18:00:00+02:00;9949
2023-08-14 19:00:00+02:00;11147
2023-08-14 20:00:00+02:00;11214
2023-08-14 21:00:00+02:00;12139
2023-08-14 22:00:00+02:00;12658
2023-08-14 23:00:00+02:00;11373
2023-08-15 00:00:00+02:00;8552
2023-08-15 01:00:00+02:00;5400
2023-08-15 02:00:00+02:00;4589
2023-08-15 03:00:00+02:00;4804
2023-08-15 04:00:00+02:00;4800
2023-08-15 05:00:00+02:00;5201
2023-08-15 06:00:00+02:00;8143
2023-08-15 07:00:00+02:00;15055
2023-08-15 08:00:00+02:00;20549
2023-08-15 09:00:00+02:00;19836
2023-08-15 10:00:00+02:00;16859
2023-08-15 11:00:00+02:00;15725
2023-08-15 12:00:00+02:00;14477
2023-08-15 13:00:00+02:00;13525
2023-08-15 14:00:00+02:00;13420
2023-08-15 15:00:00+02:00;11915
2023-08-15 16:00:00+02:00;11368
2023-08-15 17:00:00+02:00;10332
2023-08-15 18:00:00+02:00;11171
2023-08-15 19:00:00+02:00;12408
2023-08-15 20:00:00+02:00;11993
2023-08-15 21:00:00+02:00;13108
2023-08-15 22:00:00+02:00;13521
2023-08-15 23:00:00+02:00;12393
2023-08-16 00:00:00+02:00;9247
2023-08-16 01:00:00+02:00;5976
2023-08-16 02:00:00+02:00;5904
2023-08-16 03:00:00+02:00;6302
2023-08-16 04:00:00+02:00;6838
2023-08-16 05:00:00+02:00;8337
2023-08-16 06:00:00+02:00;12652
2023-08-16 07:00:00+02:00;21707
2023-08-16 08:00:00+02:00;24068
2023-08-16 09:00:00+02:00;22941
2023-08-16 10:00:00+02:00;18900
2023-08-16 11:00:00+02:00;18466
2023-08-16 12:00:00+02:00;16569
2023-08-16 13:00:00+02:00;15702
2023-08-16 14:00:00+02:00;14950
2023-08-16 15:00:00+02:00;13676
2023-08-16 16:00:00+02:00;13281
2023-08-16 17:00:00+02:00;12571
2023-08-16 18:00:00+02:00;13369
2023-08-16 19:00:00+02:00;14589
2023-08-16 20:00:00+02:00;14992
2023-08-16 21:00:00+02:00;15884
2023-08-16 22:00:00+02:00;16961
2023-08-16 23:00:00+02:00;15760
2023-08-17 00:00:00+02:00;11994
2023-08-17 01:00:00+02:00;7869
2023-08-17 02:00:00+02:00;8208
2023-08-17 03:00:00+02:00;8719
2023-08-17 04:00:00+02:00;8669
2023-08-17 05:00:00+02:00;10500
2023-08-17 06:00:00+02:00;15251
2023-08-17 07:00:00+02:00;25031
2023-08-17 08:00:00+02:00;31516
2023-08-17 09:00:00+02:00;30560
2023-08-17 10:00:00+02:00;26108
2023-08-17 11:00:00+02:00;24896
2023-08-17 12:00:00+02:00;22251
2023-08-17 13:00:00+02:00;20646
2023-08-17 14:00:00+02:00;19779
2023-08-17 15:00:00+02:00;18194
2023-08-17 16:00:00+02:00;17786
2023-08-17 17:00:00+02:00;16822
2023-08-17 18:00:00+02:00;17705
2023-08-17 19:00:00+02:00;18822
2023-08-17 20:00:00+02:00;19928
2023-08-17 21:00:00+02:00;21563
2023-08-17 22:00:00+02:00;22018
2023-08-17 23:00:00+02:00;20241
2023-08-18 00:00:00+02:00;15596
2023-08-18 01:00:00+02:00;10321
2023-08-18 02:00:00+02:00;9817
2023-08-18 03:00:00+02:00;10425
2023-08-18 04:00:00+02:00;10704
2023-08-18 05:00:00+02:00;12723
2023-08-18 06:00:00+02:00;17847
2023-08-18 07:00:00+02:00;28095
2023-08-18 08:00:00+02:00;35604
2023-08-18 09:00:00+02:00;34711
2023-08-18 10:00:00+02:00;30739
2023-08-18 11:00:00+02:00;28869
2023-08-18 12:00:00+02:00;25842
2023-08-18 13:00:00+02:00;23807
2023-08-18 14:00:00+02:00;22750
2023-08-18 15:00:00+02:00;21492
2023-08-18 16:00:00+02:00;20850
2023-08-18 17:00:00+02:00;20338
2023-08-18 18:00:00+02:00;21397
2023-08-18 19:00:00+02:00;22419
2023-08-18 20:00:00+02:00;23739
2023-08-18 21:00:00+02:00;25558
2023-08-18 22:00:00+02:00;25687
2023-08-18 23:00:00+02:00;23802
2023-08-19 00:00:00+02:00;18135
2023-08-19 01:00:00+02:00;12015
2023-08-19 02:00:00+02:00;10083
2023-08-19 03:00:00+02:00;10717
2023-08-19 04:00:00+02:00;10979
2023-08-19 05:00:00+02:00;13114
2023-08-19 06:00:00+02:00;18457
2023-08-19 07:00:00+02:00;29035
2023-08-19 08:00:00+02:00;36813
2023-08-19 09:00:00+02:00;35845
2023-08-19 10:00:00+02:00;31716
2023-08-19 11:00:00+02:00;29813
2023-08-19 12:00:00+02:00;26652
2023-08-19 13:00:00+02:00;24536
2023-08-19 14:00:00+02:00;23467
2023-08-19 15:00:00+02:00;22137
2023-08-19 16:00:00+02:00;21461
2023-08-19 17:00:00+02:00;20906
2023-08-19 18:00:00+02:00;21956
2023-08-19 19:00:00+02:00;23014
2023-08-19 20:00:00+02:00;24404
2023-08-19 21:00:00+02:00;26321
2023-08-19 22:00:00+02:00;26459
2023-08-19 23:00:00+02:00;24525
2023-08-20 00:00:00+02:00;18733
2023-08-20 01:00:00+02:00;12387
2023-08-20 02:00:00+02:00;8919
2023-08-20 03:00:00+02:00;9567
2023-08-20 04:00:00+02:00;9710
2023-08-20 05:00:00+02:00;11777
2023-08-20 06:00:00+02:00;16838
2023-08-20 07:00:00+02:00;26922
2023-08-20 08:00:00+02:00;34120
2023-08-20 09:00:00+02:00;33175
2023-08-20 10:00:00+02:00;28995
2023-08-20 11:00:00+02:00;27465
2023-08-20 12:00:00+02:00;24448
2023-08-20 13:00:00+02:00;22470
2023-08-20 14:00:00+02:00;21574
2023-08-20 15:00:00+02:00;20085
2023-08-20 16:00:00+02:00;19440
2023-08-20 17:00:00+02:00;18649
2023-08-20 18:00:00+02:00;19663
2023-08-20 19:00:00+02:00;20575
2023-08-20 20:00:00+02:00;21833
2023-08-20 21:00:00+02:00;23632
2023-08-20 22:00:00+02:00;23975
2023-08-20 23:00:00+02:00;22147
2023-08-21 00:00:00+02:00;17043
2023-08-21 01:00:00+02:00;11207
2023-08-21 02:00:00+02:00;7364
2023-08-21 03:00:00+02:00;8034
2023-08-21 04:00:00+02:00;7955
2023-08-21 05:00:00+02:00;9862
2023-08-21 06:00:00+02:00;14624
2023-08-21 07:00:00+02:00;24046
2023-08-21 08:00:00+02:00;30111
2023-08-21 09:00:00+02:00;29734
2023-08-21 10:00:00+02:00;25708
2023-08-21 11:00:00+02:00;24415
2023-08-21 12:00:00+02:00;21693
2023-08-21 13:00:00+02:00;19736
2023-08-21 14:00:00+02:00;18977
2023-08-21 15:00:00+02:00;17450
2023-08-21 16:00:00+02:00;16722
2023-08-21 17:00:00+02:00;15994
2023-08-21 18:00:00+02:00;16738
2023-08-21 19:00:00+02:00;17499
2023-08-21 20:00:00+02:00;18872
2023-08-21 21:00:00+02:00;20453
2023-08-21 22:00:00+02:00;20779
2023-08-21 23:00:00+02:00;19192
2023-08-22 00:00:00+02:00;14879
2023-08-22 01:00:00+02:00;9606
2023-08-22 02:00:00+02:00;6340
2023-08-22 03:00:00+02:00;6536
2023-08-22 04:00:00+02:00;7120
2023-08-22 05:00:00+02:00;8299
2023-08-22 06:00:00+02:00;12729
2023-08-22 07:00:00+02:00;21669
2023-08-22 08:00:00+02:00;26472
2023-08-22 09:00:00+02:00;25255
2023-08-22 10:00:00+02:00;22571
2023-08-22 11:00:00+02:00;21765
2023-08-22 12:00:00+02:00;18927
2023-08-22 13:00:00+02:00;18069
2023-08-22 14:00:00+02:00;17100
2023-08-22 15:00:00+02:00;15487
2023-08-22 16:00:00+02:00;14140
2023-08-22 17:00:00+02:00;13548
2023-08-22 18:00:00+02:00;14641
2023-08-22 19:00:00+02:00;15828
2023-08-22 20:00:00+02:00;16387
2023-08-22 21:00:00+02:00;18014
2023-08-22 22:00:00+02:00;18201
2023-08-22 23:00:00+02:00;16757
2023-08-23 00:00:00+02:00;13135
2023-08-23 01:00:00+02:00;8732
2023-08-23 02:00:00+02:00;6279
2023-08-23 03:00:00+02:00;6602
2023-08-23 04:00:00+02:00;7242
2023-08-23 05:00:00+02:00;8828
2023-08-23 06:00:00+02:00;13369
2023-08-23 07:00:00+02:00;22993
2023-08-23 08:00:00+02:00;25127
2023-08-23 09:00:00+02:00;23683
2023-08-23 10:00:00+02:00;19827
2023-08-23 11:00:00+02:00;19462
2023-08-23 12:00:00+02:00;17291
2023-08-23 13:00:00+02:00;16232
2023-08-23 14:00:00+02:00;15311
2023-08-23 15:00:00+02:00;14244
2023-08-23 16:00:00+02:00;13836
2023-08-23 17:00:00+02:00;13125
2023-08-23 18:00:00+02:00;13990
2023-08-23 19:00:00+02:00;15108
2023-08-23 20:00:00+02:00;15657
2023-08-23 21:00:00+02:00;16630
2023-08-23 22:00:00+02:00;17818
2023-08-23 23:00:00+02:00;16542
2023-08-24 00:00:00+02:00;12678
2023-08-24 01:00:00+02:00;8338
2023-08-24 02:00:00+02:00;6390
2023-08-24 03:00:00+02:00;6773
2023-08-24 04:00:00+02:00;6597
2023-08-24 05:00:00+02:00;8213
2023-08-24 06:00:00+02:00;12158
2023-08-24 07:00:00+02:00;21010
2023-08-24 08:00:00+02:00;25565
2023-08-24 09:00:00+02:00;24757
2023-08-24 10:00:00+02:00;20967
2023-08-24 11:00:00+02:00;20136
2023-08-24 12:00:00+02:00;17821
2023-08-24 13:00:00+02:00;16494
2023-08-24 14:00:00+02:00;15858
2023-08-24 15:00:00+02:00;14438
2023-08-24 16:00:00+02:00;14146
2023-08-24 17:00:00+02:00;13033
2023-08-24 18:00:00+02:00;13844
2023-08-24 19:00:00+02:00;14683
2023-08-24 20:00:00+02:00;15591
2023-08-24 21:00:00+02:00;16926
2023-08-24 22:00:00+02:00;17432
2023-08-24 23:00:00+02:00;15989
2023-08-25 00:00:00+02:00;12382
2023-08-25 01:00:00+02:00;8158
2023-08-25 02:00:00+02:00;7065
2023-08-25 03:00:00+02:00;7686
2023-08-25 04:00:00+02:00;7678
2023-08-25 05:00:00+02:00;9560
2023-08-25 06:00:00+02:00;13975
2023-08-25 07:00:00+02:00;23314
2023-08-25 08:00:00+02:00;29094
2023-08-25 09:00:00+02:00;28207
2023-08-25 10:00:00+02:00;24244
2023-08-25 11:00:00+02:00;23185
2023-08-25 12:00:00+02:00;20524
2023-08-25 13:00:00+02:00;18835
2023-08-25 14:00:00+02:00;18199
2023-08-25 15:00:00+02:00;16623
2023-08-25 16:00:00+02:00;16058
2023-08-25 17:00:00+02:00;15064
2023-08-25 18:00:00+02:00;15953
2023-08-25 19:00:00+02:00;16697
2023-08-25 20:00:00+02:00;17718
2023-08-25 21:00:00+02:00;19283
2023-08-25 22:00:00+02:00;19803
2023-08-25 23:00:00+02:00;18209
2023-08-26 00:00:00+02:00;14135
2023-08-26 01:00:00+02:00;9197
2023-08-26 02:00:00+02:00;6273
2023-08-26 03:00:00+02:00;6825
2023-08-26 04:00:00+02:00;6797
2023-08-26 05:00:00+02:00;8507
2023-08-26 06:00:00+02:00;12442
2023-08-26 07:00:00+02:00;21326
2023-08-26 08:00:00+02:00;26110
2023-08-26 09:00:00+02:00;25259
2023-08-26 10:00:00+02:00;21709
2023-08-26 11:00:00+02:00;20755
2023-08-26 12:00:00+02:00;18360
2023-08-26 13:00:00+02:00;16867
2023-08-26 14:00:00+02:00;16321
2023-08-26 15:00:00+02:00;14887
2023-08-26 16:00:00+02:00;14381
2023-08-26 17:00:00+02:00;13474
2023-08-26 18:00:00+02:00;14253
2023-08-26 19:00:00+02:00;14964
2023-08-26 20:00:00+02:00;15854
2023-08-26 21:00:00+02:00;17256
2023-08-26 22:00:00+02:00;17717
2023-08-26 23:00:00+02:00;16301
2023-08-27 00:00:00+02:00;12630
2023-08-27 01:00:00+02:00;8202
2023-08-27 02:00:00+02:00;5752
2023-08-27 03:00:00+02:00;6340
2023-08-27 04:00:00+02:00;6276
2023-08-27 05:00:00+02:00;7707
2023-08-27 06:00:00+02:00;11445
2023-08-27 07:00:00+02:00;20183
2023-08-27 08:00:00+02:00;25007
2023-08-27 09:00:00+02:00;24161
2023-08-27 10:00:00+02:00;20377
2023-08-27 11:00:00+02:00;19524
2023-08-27 12:00:00+02:00;17487
2023-08-27 13:00:00+02:00;16261
2023-08-27 14:00:00+02:00;15735
2023-08-27 15:00:00+02:00;14091
2023-08-27 16:00:00+02:00;13633
2023-08-27 17:00:00+02:00;12674
2023-08-27 18:00:00+02:00;13437
2023-08-27 19:00:00+02:00;14251
2023-08-27 20:00:00+02:00;14902
2023-08-27 21:00:00+02:00;16176
2023-08-27 22:00:00+02:00;16729
2023-08-27 23:00:00+02:00;15276
2023-08-28 00:00:00+02:00;11791
2023-08-28 01:00:00+02:00;7625
2023-08-28 02:00:00+02:00;6235
2023-08-28 03:00:00+02:00;6867
2023-08-28 04:00:00+02:00;6758
2023-08-28 05:00:00+02:00;8295
2023-08-28 06:00:00+02:00;12520
2023-08-28 07:00:00+02:00;21377
2023-08-28 08:00:00+02:00;26900
2023-08-28 09:00:00+02:00;26531
2023-08-28 10:00:00+02:00;22504
2023-08-28 11:00:00+02:00;21455
2023-08-28 12:00:00+02:00;19211
2023-08-28 13:00:00+02:00;17671
2023-08-28 14:00:00+02:00;16993
2023-08-28 15:00:00+02:00;15352
2023-08-28 16:00:00+02:00;14686
2023-08-28 17:00:00+02:00;13905
2023-08-28 18:00:00+02:00;14560
2023-08-28 19:00:00+02:00;15416
2023-08-28 20:00:00+02:00;16431
2023-08-28 21:00:00+02:00;17815
2023-08-28 22:00:00+02:00;18230
2023-08-28 23:00:00+02:00;16736
2023-08-29 00:00:00+02:00;12917
2023-08-29 01:00:00+02:00;8274
2023-08-29 02:00:00+02:00;5745
2023-08-29 03:00:00+02:00;5968
2023-08-29 04:00:00+02:00;6349
2023-08-29 05:00:00+02:00;7276
2023-08-29 06:00:00+02:00;11262
2023-08-29 07:00:00+02:00;19682
2023-08-29 08:00:00+02:00;24839
2023-08-29 09:00:00+02:00;23759
2023-08-29 10:00:00+02:00;20877
2023-08-29 11:00:00+02:00;19958
2023-08-29 12:00:00+02:00;17650
2023-08-29 13:00:00+02:00;16726
2023-08-29 14:00:00+02:00;16054
2023-08-29 15:00:00+02:00;14433
2023-08-29 16:00:00+02:00;13343
2023-08-29 17:00:00+02:00;12581
2023-08-29 18:00:00+02:00;13598
2023-08-29 19:00:00+02:00;14803
2023-08-29 20:00:00+02:00;15004
2023-08-29 21:00:00+02:00;16484
2023-08-29 22:00:00+02:00;16771
2023-08-29 23:00:00+02:00;15419
2023-08-30 00:00:00+02:00;11926
2023-08-30 01:00:00+02:00;7843
2023-08-30 02:00:00+02:00;4854
2023-08-30 03:00:00+02:00;5345
2023-08-30 04:00:00+02:00;5685
2023-08-30 05:00:00+02:00;7169
2023-08-30 06:00:00+02:00;10751
2023-08-30 07:00:00+02:00;18116
2023-08-30 08:00:00+02:00;20600
2023-08-30 09:00:00+02:00;20014
2023-08-30 10:00:00+02:00;15996
2023-08-30 11:00:00+02:00;15518
2023-08-30 12:00:00+02:00;14172
2023-08-30 13:00:00+02:00;13673
2023-08-30 14:00:00+02:00;13236
2023-08-30 15:00:00+02:00;11744
2023-08-30 16:00:00+02:00;11398
2023-08-30 17:00:00+02:00;10730
2023-08-30 18:00:00+02:00;11370
2023-08-30 19:00:00+02:00;12667
2023-08-30 20:00:00+02:00;12786
2023-08-30 21:00:00+02:00;13464
2023-08-30 22:00:00+02:00;14326
2023-08-30 23:00:00+02:00;13332
2023-08-31 00:00:00+02:00;10004
2023-08-31 01:00:00+02:00;6534
2023-08-31 02:00:00+02:00;4225
2023-08-31 03:00:00+02:00;4764
2023-08-31 04:00:00+02:00;4557
2023-08-31 05:00:00+02:00;5149
2023-08-31 06:00:00+02:00;8107
2023-08-31 07:00:00+02:00;15908
2023-08-31 08:00:00+02:00;20162
2023-08-31 09:00:00+02:00;19311
2023-08-31 10:00:00+02:00;15031
2023-08-31 11:00:00+02:00;14514
2023-08-31 12:00:00+02:00;13559
2023-08-31 13:00:00+02:00;13145
2023-08-31 14:00:00+02:00;12749
2023-08-31 15:00:00+02:00;10799
2023-08-31 16:00:00+02:00;10588
2023-08-31 17:00:00+02:00;9662
2023-08-31 18:00:00+02:00;10215
2023-08-31 19:00:00+02:00;11367
2023-08-31 20:00:00+02:00;11379
2023-08-31 21:00:00+02:00;12256
2023-08-31 22:00:00+02:00;12952
2023-08-31 23:00:00+02:00;11576
2023-09-01 00:00:00+02:00;8847
2023-09-01 01:00:00+02:00;5678
2023-09-01 02:00:00+02:00;4902
2023-09-01 03:00:00+02:00;5492
2023-09-01 04:00:00+02:00;5393
2023-09-01 05:00:00+02:00;6430
2023-09-01 06:00:00+02:00;9747
2023-09-01 07:00:00+02:00;18039
2023-09-01 08:00:00+02:00;22536
2023-09-01 09:00:00+02:00;21681
2023-09-01 10:00:00+02:00;17857
2023-09-01 11:00:00+02:00;17133
2023-09-01 12:00:00+02:00;15617
2023-09-01 13:00:00+02:00;14778
2023-09-01 14:00:00+02:00;14296
2023-09-01 15:00:00+02:00;12511
2023-09-01 16:00:00+02:00;12121
2023-09-01 17:00:00+02:00;11197
2023-09-01 18:00:00+02:00;11855
2023-09-01 19:00:00+02:00;12786
2023-09-01 20:00:00+02:00;13128
2023-09-01 21:00:00+02:00;14208
2023-09-01 22:00:00+02:00;14797
2023-09-01 23:00:00+02:00;13394
2023-09-02 00:00:00+02:00;10275
2023-09-02 01:00:00+02:00;6608
2023-09-02 02:00:00+02:00;6935
2023-09-02 03:00:00+02:00;7547
2023-09-02 04:00:00+02:00;7527
2023-09-02 05:00:00+02:00;9384
2023-09-02 06:00:00+02:00;13761
2023-09-02 07:00:00+02:00;23051
2023-09-02 08:00:00+02:00;28789
2023-09-02 09:00:00+02:00;27871
2023-09-02 10:00:00+02:00;23919
2023-09-02 11:00:00+02:00;22878
2023-09-02 12:00:00+02:00;20254
2023-09-02 13:00:00+02:00;18619
2023-09-02 14:00:00+02:00;17995
2023-09-02 15:00:00+02:00;16401
2023-09-02 16:00:00+02:00;15830
2023-09-02 17:00:00+02:00;14852
2023-09-02 18:00:00+02:00;15687
2023-09-02 19:00:00+02:00;16470
2023-09-02 20:00:00+02:00;17464
2023-09-02 21:00:00+02:00;19027
2023-09-02 22:00:00+02:00;19531
2023-09-02 23:00:00+02:00;17965
2023-09-03 00:00:00+02:00;13946
2023-09-03 01:00:00+02:00;9054
2023-09-03 02:00:00+02:00;10364
2023-09-03 03:00:00+02:00;10952
2023-09-03 04:00:00+02:00;11287
2023-09-03 05:00:00+02:00;13410
2023-09-03 06:00:00+02:00;18695
2023-09-03 07:00:00+02:00;28998
2023-09-03 08:00:00+02:00;36843
2023-09-03 09:00:00+02:00;35961
2023-09-03 10:00:00+02:00;32070
2023-09-03 11:00:00+02:00;30058
2023-09-03 12:00:00+02:00;26865
2023-09-03 13:00:00+02:00;24694
2023-09-03 14:00:00+02:00;23566
2023-09-03 15:00:00+02:00;22430
2023-09-03 16:00:00+02:00;21766
2023-09-03 17:00:00+02:00;21336
2023-09-03 18:00:00+02:00;22443
2023-09-03 19:00:00+02:00;23461
2023-09-03 20:00:00+02:00;24901
2023-09-03 21:00:00+02:00;26793
2023-09-03 22:00:00+02:00;26843
2023-09-03 23:00:00+02:00;24924
2023-09-04 00:00:00+02:00;18963
2023-09-04 01:00:00+02:00;12590
2023-09-04 02:00:00+02:00;14093
2023-09-04 03:00:00+02:00;14995
2023-09-04 04:00:00+02:00;15272
2023-09-04 05:00:00+02:00;17659
2023-09-04 06:00:00+02:00;23907
2023-09-04 07:00:00+02:00;35717
2023-09-04 08:00:00+02:00;46082
2023-09-04 09:00:00+02:00;45271
2023-09-04 10:00:00+02:00;41397
2023-09-04 11:00:00+02:00;38127
2023-09-04 12:00:00+02:00;34583
2023-09-04 13:00:00+02:00;31601
2023-09-04 14:00:00+02:00;30535
2023-09-04 15:00:00+02:00;29262
2023-09-04 16:00:00+02:00;28599
2023-09-04 17:00:00+02:00;28765
2023-09-04 18:00:00+02:00;30110
2023-09-04 19:00:00+02:00;31368
2023-09-04 20:00:00+02:00;33297
2023-09-04 21:00:00+02:00;35571
2023-09-04 22:00:00+02:00;34979
2023-09-04 23:00:00+02:00;32648
2023-09-05 00:00:00+02:00;24674
2023-09-05 01:00:00+02:00;16591
2023-09-05 02:00:00+02:00;17993
2023-09-05 03:00:00+02:00;17824
2023-09-05 04:00:00+02:00;19373
2023-09-05 05:00:00+02:00;21295
2023-09-05 06:00:00+02:00;29174
2023-09-05 07:00:00+02:00;44222
2023-09-05 08:00:00+02:00;53453
2023-09-05 09:00:00+02:00;52981
2023-09-05 10:00:00+02:00;49201
2023-09-05 11:00:00+02:00;45046
2023-09-05 12:00:00+02:00;40848
2023-09-05 13:00:00+02:00;38511
2023-09-05 14:00:00+02:00;36658
2023-09-05 15:00:00+02:00;34436
2023-09-05 16:00:00+02:00;32770
2023-09-05 17:00:00+02:00;33466
2023-09-05 18:00:00+02:00;34852
2023-09-05 19:00:00+02:00;37592
2023-09-05 20:00:00+02:00;40569
2023-09-05 21:00:00+02:00;43067
2023-09-05 22:00:00+02:00;42208
2023-09-05 23:00:00+02:00;39503
2023-09-06 00:00:00+02:00;29984
2023-09-06 01:00:00+02:00;21066
2023-09-06 02:00:00+02:00;20372
2023-09-06 03:00:00+02:00;21685
2023-09-06 04:00:00+02:00;22265
2023-09-06 05:00:00+02:00;26193
2023-09-06 06:00:00+02:00;37431
2023-09-06 07:00:00+02:00;56445
2023-09-06 08:00:00+02:00;60691
2023-09-06 09:00:00+02:00;60118
2023-09-06 10:00:00+02:00;54092
2023-09-06 11:00:00+02:00;49208
2023-09-06 12:00:00+02:00;45535
2023-09-06 13:00:00+02:00;42787
2023-09-06 14:00:00+02:00;40766
2023-09-06 15:00:00+02:00;39274
2023-09-06 16:00:00+02:00;39271
2023-09-06 17:00:00+02:00;39820
2023-09-06 18:00:00+02:00;41776
2023-09-06 19:00:00+02:00;43939
2023-09-06 20:00:00+02:00;46862
2023-09-06 21:00:00+02:00;49886
2023-09-06 22:00:00+02:00;49424
2023-09-06 23:00:00+02:00;45515
2023-09-07 00:00:00+02:00;34990
2023-09-07 01:00:00+02:00;24220
2023-09-07 02:00:00+02:00;21150
2023-09-07 03:00:00+02:00;22331
2023-09-07 04:00:00+02:00;23535
2023-09-07 05:00:00+02:00;27105
2023-09-07 06:00:00+02:00;35577
2023-09-07 07:00:00+02:00;52012
2023-09-07 08:00:00+02:00;65019
2023-09-07 09:00:00+02:00;64088
2023-09-07 10:00:00+02:00;58497
2023-09-07 11:00:00+02:00;54034
2023-09-07 12:00:00+02:00;49182
2023-09-07 13:00:00+02:00;45218
2023-09-07 14:00:00+02:00;42889
2023-09-07 15:00:00+02:00;42028
2023-09-07 16:00:00+02:00;41034
2023-09-07 17:00:00+02:00;42089
2023-09-07 18:00:00+02:00;43300
2023-09-07 19:00:00+02:00;45778
2023-09-07 20:00:00+02:00;48568
2023-09-07 21:00:00+02:00;51620
2023-09-07 22:00:00+02:00;50718
2023-09-07 23:00:00+02:00;47209
2023-09-08 00:00:00+02:00;35639
2023-09-08 01:00:00+02:00;24550
2023-09-08 02:00:00+02:00;19620
2023-09-08 03:00:00+02:00;20497
2023-09-08 04:00:00+02:00;21632
2023-09-08 05:00:00+02:00;24662
2023-09-08 06:00:00+02:00;32778
2023-09-08 07:00:00+02:00;48446
2023-09-08 08:00:00+02:00;60938
2023-09-08 09:00:00+02:00;60115
2023-09-08 10:00:00+02:00;55219
2023-09-08 11:00:00+02:00;50715
2023-09-08 12:00:00+02:00;45905
2023-09-08 13:00:00+02:00;42232
2023-09-08 14:00:00+02:00;39905
2023-09-08 15:00:00+02:00;39241
2023-09-08 16:00:00+02:00;38204
2023-09-08 17:00:00+02:00;38831
2023-09-08 18:00:00+02:00;40449
2023-09-08 19:00:00+02:00;42270
2023-09-08 20:00:00+02:00;44787
2023-09-08 21:00:00+02:00;47700
2023-09-08 22:00:00+02:00;46783
2023-09-08 23:00:00+02:00;43708
2023-09-09 00:00:00+02:00;32823
2023-09-09 01:00:00+02:00;22356
2023-09-09 02:00:00+02:00;18691
2023-09-09 03:00:00+02:00;19519
2023-09-09 04:00:00+02:00;20570
2023-09-09 05:00:00+02:00;23522
2023-09-09 06:00:00+02:00;31262
2023-09-09 07:00:00+02:00;46235
2023-09-09 08:00:00+02:00;58199
2023-09-09 09:00:00+02:00;57362
2023-09-09 10:00:00+02:00;52753
2023-09-09 11:00:00+02:00;48419
2023-09-09 12:00:00+02:00;43827
2023-09-09 13:00:00+02:00;40303
2023-09-09 14:00:00+02:00;38108
2023-09-09 15:00:00+02:00;37497
2023-09-09 16:00:00+02:00;36537
2023-09-09 17:00:00+02:00;37120
2023-09-09 18:00:00+02:00;38670
2023-09-09 19:00:00+02:00;40423
2023-09-09 20:00:00+02:00;42846
2023-09-09 21:00:00+02:00;45650
2023-09-09 22:00:00+02:00;44752
2023-09-09 23:00:00+02:00;41816
2023-09-10 00:00:00+02:00;31380
2023-09-10 01:00:00+02:00;21330
2023-09-10 02:00:00+02:00;19412
2023-09-10 03:00:00+02:00;20277
2023-09-10 04:00:00+02:00;21382
2023-09-10 05:00:00+02:00;24379
2023-09-10 06:00:00+02:00;32348
2023-09-10 07:00:00+02:00;47695
2023-09-10 08:00:00+02:00;59957
2023-09-10 09:00:00+02:00;59135
2023-09-10 10:00:00+02:00;54410
2023-09-10 11:00:00+02:00;49979
2023-09-10 12:00:00+02:00;45255
2023-09-10 13:00:00+02:00;41659
2023-09-10 14:00:00+02:00;39389
2023-09-10 15:00:00+02:00;38755
2023-09-10 16:00:00+02:00;37769
2023-09-10 17:00:00+02:00;38391
2023-09-10 18:00:00+02:00;40005
2023-09-10 19:00:00+02:00;41802
2023-09-10 20:00:00+02:00;44246
2023-09-10 21:00:00+02:00;47060
2023-09-10 22:00:00+02:00;46147
2023-09-10 23:00:00+02:00;43085
2023-09-11 00:00:00+02:00;32356
2023-09-11 01:00:00+02:00;22107
2023-09-11 02:00:00+02:00;18200
2023-09-11 03:00:00+02:00;19366
2023-09-11 04:00:00+02:00;19796
2023-09-11 05:00:00+02:00;22626
2023-09-11 06:00:00+02:00;30207
2023-09-11 07:00:00+02:00;44650
2023-09-11 08:00:00+02:00;57496
2023-09-11 09:00:00+02:00;56607
2023-09-11 10:00:00+02:00;52029
2023-09-11 11:00:00+02:00;47721
2023-09-11 12:00:00+02:00;43446
2023-09-11 13:00:00+02:00;39737
2023-09-11 14:00:00+02:00;38416
2023-09-11 15:00:00+02:00;36962
2023-09-11 16:00:00+02:00;36154
2023-09-11 17:00:00+02:00;36573
2023-09-11 18:00:00+02:00;38184
2023-09-11 19:00:00+02:00;39816
2023-09-11 20:00:00+02:00;42163
2023-09-11 21:00:00+02:00;44976
2023-09-11 22:00:00+02:00;44040
2023-09-11 23:00:00+02:00;41130
2023-09-12 00:00:00+02:00;31045
2023-09-12 01:00:00+02:00;21066
2023-09-12 02:00:00+02:00;12521
2023-09-12 03:00:00+02:00;12471
2023-09-12 04:00:00+02:00;13681
2023-09-12 05:00:00+02:00;15142
2023-09-12 06:00:00+02:00;21264
2023-09-12 07:00:00+02:00;33162
2023-09-12 08:00:00+02:00;39969
2023-09-12 09:00:00+02:00;39201
2023-09-12 10:00:00+02:00;36284
2023-09-12 11:00:00+02:00;33606
2023-09-12 12:00:00+02:00;30089
2023-09-12 13:00:00+02:00;28575
2023-09-12 14:00:00+02:00;27150
2023-09-12 15:00:00+02:00;25374
2023-09-12 16:00:00+02:00;23768
2023-09-12 17:00:00+02:00;24064
2023-09-12 18:00:00+02:00;25300
2023-09-12 19:00:00+02:00;27410
2023-09-12 20:00:00+02:00;29399
2023-09-12 21:00:00+02:00;31428
2023-09-12 22:00:00+02:00;30991
2023-09-12 23:00:00+02:00;28876
2023-09-13 00:00:00+02:00;22013
2023-09-13 01:00:00+02:00;15291
2023-09-13 02:00:00+02:00;8376
2023-09-13 03:00:00+02:00;8849
2023-09-13 04:00:00+02:00;9609
2023-09-13 05:00:00+02:00;11055
2023-09-13 06:00:00+02:00;17380
2023-09-13 07:00:00+02:00;29767
2023-09-13 08:00:00+02:00;32337
2023-09-13 09:00:00+02:00;30709
2023-09-13 10:00:00+02:00;25819
2023-09-13 11:00:00+02:00;25140
2023-09-13 12:00:00+02:00;22456
2023-09-13 13:00:00+02:00;21049
2023-09-13 14:00:00+02:00;19891
2023-09-13 15:00:00+02:00;18530
2023-09-13 16:00:00+02:00;18027
2023-09-13 17:00:00+02:00;17225
2023-09-13 18:00:00+02:00;18298
2023-09-13 19:00:00+02:00;19653
2023-09-13 20:00:00+02:00;20526
2023-09-13 21:00:00+02:00;21893
2023-09-13 22:00:00+02:00;23193
2023-09-13 23:00:00+02:00;21562
2023-09-14 00:00:00+02:00;16595
2023-09-14 01:00:00+02:00;10976
2023-09-14 02:00:00+02:00;9119
2023-09-14 03:00:00+02:00;9648
2023-09-14 04:00:00+02:00;9596
2023-09-14 05:00:00+02:00;11728
2023-09-14 06:00:00+02:00;17033
2023-09-14 07:00:00+02:00;27353
2023-09-14 08:00:00+02:00;34632
2023-09-14 09:00:00+02:00;33605
2023-09-14 10:00:00+02:00;28865
2023-09-14 11:00:00+02:00;27549
2023-09-14 12:00:00+02:00;24471
2023-09-14 13:00:00+02:00;22598
2023-09-14 14:00:00+02:00;21626
2023-09-14 15:00:00+02:00;19991
2023-09-14 16:00:00+02:00;19532
2023-09-14 17:00:00+02:00;18450
2023-09-14 18:00:00+02:00;19428
2023-09-14 19:00:00+02:00;20535
2023-09-14 20:00:00+02:00;21892
2023-09-14 21:00:00+02:00;23745
2023-09-14 22:00:00+02:00;24224
2023-09-14 23:00:00+02:00;22314
2023-09-15 00:00:00+02:00;17272
2023-09-15 01:00:00+02:00;11445
2023-09-15 02:00:00+02:00;12131
2023-09-15 03:00:00+02:00;12692
2023-09-15 04:00:00+02:00;13234
2023-09-15 05:00:00+02:00;15455
2023-09-15 06:00:00+02:00;21085
2023-09-15 07:00:00+02:00;31932
2023-09-15 08:00:00+02:00;40539
2023-09-15 09:00:00+02:00;39721
2023-09-15 10:00:00+02:00;36012
2023-09-15 11:00:00+02:00;33441
2023-09-15 12:00:00+02:00;30012
2023-09-15 13:00:00+02:00;27589
2023-09-15 14:00:00+02:00;26197
2023-09-15 15:00:00+02:00;25385
2023-09-15 16:00:00+02:00;24683
2023-09-15 17:00:00+02:00;24621
2023-09-15 18:00:00+02:00;25831
2023-09-15 19:00:00+02:00;26987
2023-09-15 20:00:00+02:00;28639
2023-09-15 21:00:00+02:00;30665
2023-09-15 22:00:00+02:00;30410
2023-09-15 23:00:00+02:00;28346
2023-09-16 00:00:00+02:00;21381
2023-09-16 01:00:00+02:00;14326
2023-09-16 02:00:00+02:00;10801
2023-09-16 03:00:00+02:00;11400
2023-09-16 04:00:00+02:00;11760
2023-09-16 05:00:00+02:00;13947
2023-09-16 06:00:00+02:00;19384
2023-09-16 07:00:00+02:00;30006
2023-09-16 08:00:00+02:00;38068
2023-09-16 09:00:00+02:00;37152
2023-09-16 10:00:00+02:00;33222
2023-09-16 11:00:00+02:00;31073
2023-09-16 12:00:00+02:00;27801
2023-09-16 13:00:00+02:00;25563
2023-09-16 14:00:00+02:00;24383
2023-09-16 15:00:00+02:00;23266
2023-09-16 16:00:00+02:00;22582
2023-09-16 17:00:00+02:00;22212
2023-09-16 18:00:00+02:00;23313
2023-09-16 19:00:00+02:00;24399
2023-09-16 20:00:00+02:00;25901
2023-09-16 21:00:00+02:00;27867
2023-09-16 22:00:00+02:00;27848
2023-09-16 23:00:00+02:00;25880
2023-09-17 00:00:00+02:00;19671
2023-09-17 01:00:00+02:00;13064
2023-09-17 02:00:00+02:00;10898
2023-09-17 03:00:00+02:00;11521
2023-09-17 04:00:00+02:00;11886
2023-09-17 05:00:00+02:00;14081
2023-09-17 06:00:00+02:00;19599
2023-09-17 07:00:00+02:00;30436
2023-09-17 08:00:00+02:00;38523
2023-09-17 09:00:00+02:00;37625
2023-09-17 10:00:00+02:00;33563
2023-09-17 11:00:00+02:00;31430
2023-09-17 12:00:00+02:00;28118
2023-09-17 13:00:00+02:00;25848
2023-09-17 14:00:00+02:00;24656
2023-09-17 15:00:00+02:00;23481
2023-09-17 16:00:00+02:00;22782
2023-09-17 17:00:00+02:00;22367
2023-09-17 18:00:00+02:00;23502
2023-09-17 19:00:00+02:00;24572
2023-09-17 20:00:00+02:00;26082
2023-09-17 21:00:00+02:00;28059
2023-09-17 22:00:00+02:00;28090
2023-09-17 23:00:00+02:00;26088
2023-09-18 00:00:00+02:00;19853
2023-09-18 01:00:00+02:00;13197
2023-09-18 02:00:00+02:00;12881
2023-09-18 03:00:00+02:00;13720
2023-09-18 04:00:00+02:00;13945
2023-09-18 05:00:00+02:00;16214
2023-09-18 06:00:00+02:00;22096
2023-09-18 07:00:00+02:00;33191
2023-09-18 08:00:00+02:00;42815
2023-09-18 09:00:00+02:00;42050
2023-09-18 10:00:00+02:00;38322
2023-09-18 11:00:00+02:00;35379
2023-09-18 12:00:00+02:00;32035
2023-09-18 13:00:00+02:00;29263
2023-09-18 14:00:00+02:00;28267
2023-09-18 15:00:00+02:00;27019
2023-09-18 16:00:00+02:00;26386
2023-09-18 17:00:00+02:00;26449
2023-09-18 18:00:00+02:00;27703
2023-09-18 19:00:00+02:00;28856
2023-09-18 20:00:00+02:00;30662
2023-09-18 21:00:00+02:00;32775
2023-09-18 22:00:00+02:00;32304
2023-09-18 23:00:00+02:00;30131
2023-09-19 00:00:00+02:00;22804
2023-09-19 01:00:00+02:00;15286
2023-09-19 02:00:00+02:00;15383
2023-09-19 03:00:00+02:00;15265
2023-09-19 04:00:00+02:00;16655
2023-09-19 05:00:00+02:00;18353
2023-09-19 06:00:00+02:00;25399
2023-09-19 07:00:00+02:00;38951
2023-09-19 08:00:00+02:00;47032
2023-09-19 09:00:00+02:00;46428
2023-09-19 10:00:00+02:00;43054
2023-09-19 11:00:00+02:00;39596
2023-09-19 12:00:00+02:00;35723
2023-09-19 13:00:00+02:00;33772
2023-09-19 14:00:00+02:00;32121
2023-09-19 15:00:00+02:00;30111
2023-09-19 16:00:00+02:00;28472
2023-09-19 17:00:00+02:00;28976
2023-09-19 18:00:00+02:00;30285
2023-09-19 19:00:00+02:00;32725
2023-09-19 20:00:00+02:00;35240
2023-09-19 21:00:00+02:00;37525
2023-09-19 22:00:00+02:00;36865
2023-09-19 23:00:00+02:00;34449
2023-09-20 00:00:00+02:00;26188
2023-09-20 01:00:00+02:00;18309
2023-09-20 02:00:00+02:00;18055
2023-09-20 03:00:00+02:00;19126
2023-09-20 04:00:00+02:00;19671
2023-09-20 05:00:00+02:00;23118
2023-09-20 06:00:00+02:00;33284
2023-09-20 07:00:00+02:00;50567
2023-09-20 08:00:00+02:00;54567
2023-09-20 09:00:00+02:00;54016
2023-09-20 10:00:00+02:00;48649
2023-09-20 11:00:00+02:00;44208
2023-09-20 12:00:00+02:00;40859
2023-09-20 13:00:00+02:00;38384
2023-09-20 14:00:00+02:00;36529
2023-09-20 15:00:00+02:00;35190
2023-09-20 16:00:00+02:00;35167
2023-09-20 17:00:00+02:00;35666
2023-09-20 18:00:00+02:00;37420
2023-09-20 19:00:00+02:00;39346
2023-09-20 20:00:00+02:00;42018
2023-09-20 21:00:00+02:00;44812
2023-09-20 22:00:00+02:00;44398
2023-09-20 23:00:00+02:00;40862
2023-09-21 00:00:00+02:00;31344
2023-09-21 01:00:00+02:00;21561
2023-09-21 02:00:00+02:00;19435
2023-09-21 03:00:00+02:00;20478
2023-09-21 04:00:00+02:00;21637
2023-09-21 05:00:00+02:00;24988
2023-09-21 06:00:00+02:00;32959
2023-09-21 07:00:00+02:00;48486
2023-09-21 08:00:00+02:00;60852
2023-09-21 09:00:00+02:00;59977
2023-09-21 10:00:00+02:00;54609
2023-09-21 11:00:00+02:00;50409
2023-09-21 12:00:00+02:00;45778
2023-09-21 13:00:00+02:00;42020
2023-09-21 14:00:00+02:00;39761
2023-09-21 15:00:00+02:00;38980
2023-09-21 16:00:00+02:00;37970
2023-09-21 17:00:00+02:00;38961
2023-09-21 18:00:00+02:00;40026
2023-09-21 19:00:00+02:00;42369
2023-09-21 20:00:00+02:00;45057
2023-09-21 21:00:00+02:00;48083
2023-09-21 22:00:00+02:00;47272
2023-09-21 23:00:00+02:00;44103
2023-09-22 00:00:00+02:00;33219
2023-09-22 01:00:00+02:00;22652
2023-09-22 02:00:00+02:00;19737
2023-09-22 03:00:00+02:00;20622
2023-09-22 04:00:00+02:00;21781
2023-09-22 05:00:00+02:00;24833
2023-09-22 06:00:00+02:00;33065
2023-09-22 07:00:00+02:00;48987
2023-09-22 08:00:00+02:00;61661
2023-09-22 09:00:00+02:00;60838
2023-09-22 10:00:00+02:00;55794
2023-09-22 11:00:00+02:00;51236
2023-09-22 12:00:00+02:00;46357
2023-09-22 13:00:00+02:00;42623
2023-09-22 14:00:00+02:00;40250
2023-09-22 15:00:00+02:00;39558
2023-09-22 16:00:00+02:00;38478
2023-09-22 17:00:00+02:00;39106
2023-09-22 18:00:00+02:00;40724
2023-09-22 19:00:00+02:00;42562
2023-09-22 20:00:00+02:00;45141
2023-09-22 21:00:00+02:00;48140
2023-09-22 22:00:00+02:00;47225
2023-09-22 23:00:00+02:00;44148
2023-09-23 00:00:00+02:00;33149
2023-09-23 01:00:00+02:00;22507
2023-09-23 02:00:00+02:00;22079
2023-09-23 03:00:00+02:00;23151
2023-09-23 04:00:00+02:00;24363
2023-09-23 05:00:00+02:00;27779
2023-09-23 06:00:00+02:00;36827
2023-09-23 07:00:00+02:00;54352
2023-09-23 08:00:00+02:00;68141
2023-09-23 09:00:00+02:00;67202
2023-09-23 10:00:00+02:00;61729
2023-09-23 11:00:00+02:00;56681
2023-09-23 12:00:00+02:00;51425
2023-09-23 13:00:00+02:00;47353
2023-09-23 14:00:00+02:00;44831
2023-09-23 15:00:00+02:00;43999
2023-09-23 16:00:00+02:00;42906
2023-09-23 17:00:00+02:00;43574
2023-09-23 18:00:00+02:00;45319
2023-09-23 19:00:00+02:00;47388
2023-09-23 20:00:00+02:00;50126
2023-09-23 21:00:00+02:00;53313
2023-09-23 22:00:00+02:00;52275
2023-09-23 23:00:00+02:00;48753
2023-09-24 00:00:00+02:00;36699
2023-09-24 01:00:00+02:00;25125
2023-09-24 02:00:00+02:00;21194
2023-09-24 03:00:00+02:00;22182
2023-09-24 04:00:00+02:00;23378
2023-09-24 05:00:00+02:00;26611
2023-09-24 06:00:00+02:00;35261
2023-09-24 07:00:00+02:00;51941
2023-09-24 08:00:00+02:00;65165
2023-09-24 09:00:00+02:00;64295
2023-09-24 10:00:00+02:00;59122
2023-09-24 11:00:00+02:00;54312
2023-09-24 12:00:00+02:00;49239
2023-09-24 13:00:00+02:00;45353
2023-09-24 14:00:00+02:00;42904
2023-09-24 15:00:00+02:00;42166
2023-09-24 16:00:00+02:00;41105
2023-09-24 17:00:00+02:00;41782
2023-09-24 18:00:00+02:00;43497
2023-09-24 19:00:00+02:00;45459
2023-09-24 20:00:00+02:00;48073
2023-09-24 21:00:00+02:00;51092
2023-09-24 22:00:00+02:00;50100
2023-09-24 23:00:00+02:00;46737
2023-09-25 00:00:00+02:00;35151
2023-09-25 01:00:00+02:00;24096
2023-09-25 02:00:00+02:00;20523
2023-09-25 03:00:00+02:00;21858
2023-09-25 04:00:00+02:00;22355
2023-09-25 05:00:00+02:00;25473
2023-09-25 06:00:00+02:00;33907
2023-09-25 07:00:00+02:00;50050
2023-09-25 08:00:00+02:00;64270
2023-09-25 09:00:00+02:00;63354
2023-09-25 10:00:00+02:00;58217
2023-09-25 11:00:00+02:00;53395
2023-09-25 12:00:00+02:00;48663
2023-09-25 13:00:00+02:00;44546
2023-09-25 14:00:00+02:00;43064
2023-09-25 15:00:00+02:00;41429
2023-09-25 16:00:00+02:00;40514
2023-09-25 17:00:00+02:00;40997
2023-09-25 18:00:00+02:00;42742
2023-09-25 19:00:00+02:00;44599
2023-09-25 20:00:00+02:00;47184
2023-09-25 21:00:00+02:00;50299
2023-09-25 22:00:00+02:00;49231
2023-09-25 23:00:00+02:00;45948
2023-09-26 00:00:00+02:00;34723
2023-09-26 01:00:00+02:00;23665
2023-09-26 02:00:00+02:00;21805
2023-09-26 03:00:00+02:00;21627
2023-09-26 04:00:00+02:00;23304
2023-09-26 05:00:00+02:00;25690
2023-09-26 06:00:00+02:00;35088
2023-09-26 07:00:00+02:00;52950
2023-09-26 08:00:00+02:00;64237
2023-09-26 09:00:00+02:00;63801
2023-09-26 10:00:00+02:00;58982
2023-09-26 11:00:00+02:00;53957
2023-09-26 12:00:00+02:00;49158
2023-09-26 13:00:00+02:00;46130
2023-09-26 14:00:00+02:00;43940
2023-09-26 15:00:00+02:00;41195
2023-09-26 16:00:00+02:00;39508
2023-09-26 17:00:00+02:00;40260
2023-09-26 18:00:00+02:00;41802
2023-09-26 19:00:00+02:00;44896
2023-09-26 20:00:00+02:00;48431
2023-09-26 21:00:00+02:00;51370
2023-09-26 22:00:00+02:00;50336
2023-09-26 23:00:00+02:00;47180
2023-09-27 00:00:00+02:00;35879
2023-09-27 01:00:00+02:00;25226
2023-09-27 02:00:00+02:00;23268
2023-09-27 03:00:00+02:00;24887
2023-09-27 04:00:00+02:00;25523
2023-09-27 05:00:00+02:00;30072
2023-09-27 06:00:00+02:00;42698
2023-09-27 07:00:00+02:00;63939
2023-09-27 08:00:00+02:00;68489
2023-09-27 09:00:00+02:00;67913
2023-09-27 10:00:00+02:00;61013
2023-09-27 11:00:00+02:00;55549
2023-09-27 12:00:00+02:00;51460
2023-09-27 13:00:00+02:00;48355
2023-09-27 14:00:00+02:00;46120
2023-09-27 15:00:00+02:00;44426
2023-09-27 16:00:00+02:00;44438
2023-09-27 17:00:00+02:00;45049
2023-09-27 18:00:00+02:00;47257
2023-09-27 19:00:00+02:00;49720
2023-09-27 20:00:00+02:00;52977
2023-09-27 21:00:00+02:00;56316
2023-09-27 22:00:00+02:00;55795
2023-09-27 23:00:00+02:00;51420
2023-09-28 00:00:00+02:00;39607
2023-09-28 01:00:00+02:00;27557
2023-09-28 02:00:00+02:00;26441
2023-09-28 03:00:00+02:00;28052
2023-09-28 04:00:00+02:00;29447
2023-09-28 05:00:00+02:00;33735
2023-09-28 06:00:00+02:00;43963
2023-09-28 07:00:00+02:00;63692
2023-09-28 08:00:00+02:00;79028
2023-09-28 09:00:00+02:00;77937
2023-09-28 10:00:00+02:00;71289
2023-09-28 11:00:00+02:00;65913
2023-09-28 12:00:00+02:00;60242
2023-09-28 13:00:00+02:00;55533
2023-09-28 14:00:00+02:00;52879
2023-09-28 15:00:00+02:00;51718
2023-09-28 16:00:00+02:00;50678
2023-09-28 17:00:00+02:00;51942
2023-09-28 18:00:00+02:00;53533
2023-09-28 19:00:00+02:00;56487
2023-09-28 20:00:00+02:00;59702
2023-09-28 21:00:00+02:00;63066
2023-09-28 22:00:00+02:00;61926
2023-09-28 23:00:00+02:00;57408
2023-09-29 00:00:00+02:00;43539
2023-09-29 01:00:00+02:00;30487
2023-09-29 02:00:00+02:00;27777
2023-09-29 03:00:00+02:00;29234
2023-09-29 04:00:00+02:00;30590
2023-09-29 05:00:00+02:00;34653
2023-09-29 06:00:00+02:00;45197
2023-09-29 07:00:00+02:00;65255
2023-09-29 08:00:00+02:00;80942
2023-09-29 09:00:00+02:00;79861
2023-09-29 10:00:00+02:00;74146
2023-09-29 11:00:00+02:00;68180
2023-09-29 12:00:00+02:00;62229
2023-09-29 13:00:00+02:00;57665
2023-09-29 14:00:00+02:00;54884
2023-09-29 15:00:00+02:00;53945
2023-09-29 16:00:00+02:00;52982
2023-09-29 17:00:00+02:00;53890
2023-09-29 18:00:00+02:00;56045
2023-09-29 19:00:00+02:00;58579
2023-09-29 20:00:00+02:00;61340
2023-09-29 21:00:00+02:00;64432
2023-09-29 22:00:00+02:00;63091
2023-09-29 23:00:00+02:00;58417
2023-09-30 00:00:00+02:00;44173
2023-09-30 01:00:00+02:00;31277
2023-09-30 02:00:00+02:00;29451
2023-09-30 03:00:00+02:00;31039
2023-09-30 04:00:00+02:00;32306
2023-09-30 05:00:00+02:00;36584
2023-09-30 06:00:00+02:00;47163
2023-09-30 07:00:00+02:00;67108
2023-09-30 08:00:00+02:00;82740
2023-09-30 09:00:00+02:00;81547
2023-09-30 10:00:00+02:00;76448
2023-09-30 11:00:00+02:00;70313
2023-09-30 12:00:00+02:00;64433
2023-09-30 13:00:00+02:00;59933
2023-09-30 14:00:00+02:00;57318
2023-09-30 15:00:00+02:00;56441
2023-09-30 16:00:00+02:00;55787
2023-09-30 17:00:00+02:00;56776
2023-09-30 18:00:00+02:00;59072
2023-09-30 19:00:00+02:00;61741
2023-09-30 20:00:00+02:00;64242
2023-09-30 21:00:00+02:00;66926
2023-09-30 22:00:00+02:00;65425
2023-09-30 23:00:00+02:00;60304
2023-10-01 00:00:00+02:00;45656
2023-10-01 01:00:00+02:00;33000
2023-10-01 02:00:00+02:00;32895
2023-10-01 03:00:00+02:00;34698
2023-10-01 04:00:00+02:00;35900
2023-10-01 05:00:00+02:00;40495
2023-10-01 06:00:00+02:00;51330
2023-10-01 07:00:00+02:00;71188
2023-10-01 08:00:00+02:00;86866
2023-10-01 09:00:00+02:00;85571
2023-10-01 10:00:00+02:00;81490
2023-10-01 11:00:00+02:00;75034
2023-10-01 12:00:00+02:00;69155
2023-10-01 13:00:00+02:00;64753
2023-10-01 14:00:00+02:00;62275
2023-10-01 15:00:00+02:00;61593
2023-10-01 16:00:00+02:00;61369
2023-10-01 17:00:00+02:00;62571
2023-10-01 18:00:00+02:00;65188
2023-10-01 19:00:00+02:00;68093
2023-10-01 20:00:00+02:00;70142
2023-10-01 21:00:00+02:00;72083
2023-10-01 22:00:00+02:00;70324
2023-10-01 23:00:00+02:00;64321
2023-10-02 00:00:00+02:00;48853
2023-10-02 01:00:00+02:00;36520
2023-10-02 02:00:00+02:00;30743
2023-10-02 03:00:00+02:00;32714
2023-10-02 04:00:00+02:00;33434
2023-10-02 05:00:00+02:00;37612
2023-10-02 06:00:00+02:00;48079
2023-10-02 07:00:00+02:00;67379
2023-10-02 08:00:00+02:00;84455
2023-10-02 09:00:00+02:00;83158
2023-10-02 10:00:00+02:00;78682
2023-10-02 11:00:00+02:00;72393
2023-10-02 12:00:00+02:00;66892
2023-10-02 13:00:00+02:00;62341
2023-10-02 14:00:00+02:00;60349
2023-10-02 15:00:00+02:00;58846
2023-10-02 16:00:00+02:00;58691
2023-10-02 17:00:00+02:00;59662
2023-10-02 18:00:00+02:00;62076
2023-10-02 19:00:00+02:00;64678
2023-10-02 20:00:00+02:00;67154
2023-10-02 21:00:00+02:00;69264
2023-10-02 22:00:00+02:00;67531
2023-10-02 23:00:00+02:00;61966
2023-10-03 00:00:00+02:00;47227
2023-10-03 01:00:00+02:00;34843
2023-10-03 02:00:00+02:00;25101
2023-10-03 03:00:00+02:00;25066
2023-10-03 04:00:00+02:00;26780
2023-10-03 05:00:00+02:00;29620
2023-10-03 06:00:00+02:00;40062
2023-10-03 07:00:00+02:00;59828
2023-10-03 08:00:00+02:00;72522
2023-10-03 09:00:00+02:00;71928
2023-10-03 10:00:00+02:00;66596
2023-10-03 11:00:00+02:00;60990
2023-10-03 12:00:00+02:00;55724
2023-10-03 13:00:00+02:00;52358
2023-10-03 14:00:00+02:00;49958
2023-10-03 15:00:00+02:00;46863
2023-10-03 16:00:00+02:00;45200
2023-10-03 17:00:00+02:00;46116
2023-10-03 18:00:00+02:00;47917
2023-10-03 19:00:00+02:00;51327
2023-10-03 20:00:00+02:00;55123
2023-10-03 21:00:00+02:00;58106
2023-10-03 22:00:00+02:00;56944
2023-10-03 23:00:00+02:00;53219
2023-10-04 00:00:00+02:00;40644
2023-10-04 01:00:00+02:00;28847
2023-10-04 02:00:00+02:00;22490
2023-10-04 03:00:00+02:00;23981
2023-10-04 04:00:00+02:00;24751
2023-10-04 05:00:00+02:00;29275
2023-10-04 06:00:00+02:00;41887
2023-10-04 07:00:00+02:00;62982
2023-10-04 08:00:00+02:00;67396
2023-10-04 09:00:00+02:00;67043
2023-10-04 10:00:00+02:00;60018
2023-10-04 11:00:00+02:00;54511
2023-10-04 12:00:00+02:00;50478
2023-10-04 13:00:00+02:00;47338
2023-10-04 14:00:00+02:00;45101
2023-10-04 15:00:00+02:00;43380
2023-10-04 16:00:00+02:00;43307
2023-10-04 17:00:00+02:00;43898
2023-10-04 18:00:00+02:00;45991
2023-10-04 19:00:00+02:00;48364
2023-10-04 20:00:00+02:00;51696
2023-10-04 21:00:00+02:00;55166
2023-10-04 22:00:00+02:00;54655
2023-10-04 23:00:00+02:00;50457
2023-10-05 00:00:00+02:00;38761
2023-10-05 01:00:00+02:00;26760
2023-10-05 02:00:00+02:00;20780
2023-10-05 03:00:00+02:00;21935
2023-10-05 04:00:00+02:00;23176
2023-10-05 05:00:00+02:00;26738
2023-10-05 06:00:00+02:00;35290
2023-10-05 07:00:00+02:00;52005
2023-10-05 08:00:00+02:00;65196
2023-10-05 09:00:00+02:00;64285
2023-10-05 10:00:00+02:00;58389
2023-10-05 11:00:00+02:00;53899
2023-10-05 12:00:00+02:00;48966
2023-10-05 13:00:00+02:00;44947
2023-10-05 14:00:00+02:00;42527
2023-10-05 15:00:00+02:00;41631
2023-10-05 16:00:00+02:00;40541
2023-10-05 17:00:00+02:00;41587
2023-10-05 18:00:00+02:00;42692
2023-10-05 19:00:00+02:00;45195
2023-10-05 20:00:00+02:00;48064
2023-10-05 21:00:00+02:00;51330
2023-10-05 22:00:00+02:00;50492
2023-10-05 23:00:00+02:00;47100
2023-10-06 00:00:00+02:00;35520
2023-10-06 01:00:00+02:00;24214
2023-10-06 02:00:00+02:00;15955
2023-10-06 03:00:00+02:00;16571
2023-10-06 04:00:00+02:00;17506
2023-10-06 05:00:00+02:00;20037
2023-10-06 06:00:00+02:00;26666
2023-10-06 07:00:00+02:00;39403
2023-10-06 08:00:00+02:00;49805
2023-10-06 09:00:00+02:00;49080
2023-10-06 10:00:00+02:00;45243
2023-10-06 11:00:00+02:00;41542
2023-10-06 12:00:00+02:00;37500
2023-10-06 13:00:00+02:00;34465
2023-10-06 14:00:00+02:00;32536
2023-10-06 15:00:00+02:00;32125
2023-10-06 16:00:00+02:00;31284
2023-10-06 17:00:00+02:00;31814
2023-10-06 18:00:00+02:00;33232
2023-10-06 19:00:00+02:00;34708
2023-10-06 20:00:00+02:00;36828
2023-10-06 21:00:00+02:00;39245
2023-10-06 22:00:00+02:00;38475
2023-10-06 23:00:00+02:00;36006
2023-10-07 00:00:00+02:00;26927
2023-10-07 01:00:00+02:00;18237
2023-10-07 02:00:00+02:00;15053
2023-10-07 03:00:00+02:00;15626
2023-10-07 04:00:00+02:00;16474
2023-10-07 05:00:00+02:00;18927
2023-10-07 06:00:00+02:00;25186
2023-10-07 07:00:00+02:00;37229
2023-10-07 08:00:00+02:00;47092
2023-10-07 09:00:00+02:00;46352
2023-10-07 10:00:00+02:00;42796
2023-10-07 11:00:00+02:00;39282
2023-10-07 12:00:00+02:00;35456
2023-10-07 13:00:00+02:00;32579
2023-10-07 14:00:00+02:00;30785
2023-10-07 15:00:00+02:00;30413
2023-10-07 16:00:00+02:00;29647
2023-10-07 17:00:00+02:00;30124
2023-10-07 18:00:00+02:00;31476
2023-10-07 19:00:00+02:00;32883
2023-10-07 20:00:00+02:00;34893
2023-10-07 21:00:00+02:00;37188
2023-10-07 22:00:00+02:00;36446
2023-10-07 23:00:00+02:00;34105
2023-10-08 00:00:00+02:00;25494
2023-10-08 01:00:00+02:00;17243
2023-10-08 02:00:00+02:00;18831
2023-10-08 03:00:00+02:00;19650
2023-10-08 04:00:00+02:00;20741
2023-10-08 05:00:00+02:00;23659
2023-10-08 06:00:00+02:00;31433
2023-10-08 07:00:00+02:00;46414
2023-10-08 08:00:00+02:00;58426
2023-10-08 09:00:00+02:00;57627
2023-10-08 10:00:00+02:00;53001
2023-10-08 11:00:00+02:00;48670
2023-10-08 12:00:00+02:00;44037
2023-10-08 13:00:00+02:00;40512
2023-10-08 14:00:00+02:00;38276
2023-10-08 15:00:00+02:00;37681
2023-10-08 16:00:00+02:00;36697
2023-10-08 17:00:00+02:00;37312
2023-10-08 18:00:00+02:00;38889
2023-10-08 19:00:00+02:00;40634
2023-10-08 20:00:00+02:00;43055
2023-10-08 21:00:00+02:00;45842
2023-10-08 22:00:00+02:00;44950
2023-10-08 23:00:00+02:00;42004
2023-10-09 00:00:00+02:00;31514
2023-10-09 01:00:00+02:00;21460
2023-10-09 02:00:00+02:00;22502
2023-10-09 03:00:00+02:00;23965
2023-10-09 04:00:00+02:00;24506
2023-10-09 05:00:00+02:00;27837
2023-10-09 06:00:00+02:00;36722
2023-10-09 07:00:00+02:00;53603
2023-10-09 08:00:00+02:00;68468
2023-10-09 09:00:00+02:00;67487
2023-10-09 10:00:00+02:00;62386
2023-10-09 11:00:00+02:00;57255
2023-10-09 12:00:00+02:00;52335
2023-10-09 13:00:00+02:00;48096
2023-10-09 14:00:00+02:00;46508
2023-10-09 15:00:00+02:00;44870
2023-10-09 16:00:00+02:00;44067
2023-10-09 17:00:00+02:00;44637
2023-10-09 18:00:00+02:00;46508
2023-10-09 19:00:00+02:00;48518
2023-10-09 20:00:00+02:00;51116
2023-10-09 21:00:00+02:00;54103
2023-10-09 22:00:00+02:00;52911
2023-10-09 23:00:00+02:00;49202
2023-10-10 00:00:00+02:00;37253
2023-10-10 01:00:00+02:00;25840
2023-10-10 02:00:00+02:00;30522
2023-10-10 03:00:00+02:00;31182
2023-10-10 04:00:00+02:00;32738
2023-10-10 05:00:00+02:00;36466
2023-10-10 06:00:00+02:00;47706
2023-10-10 07:00:00+02:00;68838
2023-10-10 08:00:00+02:00;82632
2023-10-10 09:00:00+02:00;81160
2023-10-10 10:00:00+02:00;76271
2023-10-10 11:00:00+02:00;70261
2023-10-10 12:00:00+02:00;64425
2023-10-10 13:00:00+02:00;61353
2023-10-10 14:00:00+02:00;58873
2023-10-10 15:00:00+02:00;55566
2023-10-10 16:00:00+02:00;54077
2023-10-10 17:00:00+02:00;55649
2023-10-10 18:00:00+02:00;58271
2023-10-10 19:00:00+02:00;62229
2023-10-10 20:00:00+02:00;65745
2023-10-10 21:00:00+02:00;67712
2023-10-10 22:00:00+02:00;66397
2023-10-10 23:00:00+02:00;61178
2023-10-11 00:00:00+02:00;47355
2023-10-11 01:00:00+02:00;34859
2023-10-11 02:00:00+02:00;43333
2023-10-11 03:00:00+02:00;47964
2023-10-11 04:00:00+02:00;45830
2023-10-11 05:00:00+02:00;51579
2023-10-11 06:00:00+02:00;66014
2023-10-11 07:00:00+02:00;92766
2023-10-11 08:00:00+02:00;100592
2023-10-11 09:00:00+02:00;95203
2023-10-11 10:00:00+02:00;90076
2023-10-11 11:00:00+02:00;84933
2023-10-11 12:00:00+02:00;79207
2023-10-11 13:00:00+02:00;76466
2023-10-11 14:00:00+02:00;74037
2023-10-11 15:00:00+02:00;72695
2023-10-11 16:00:00+02:00;74576
2023-10-11 17:00:00+02:00;75686
2023-10-11 18:00:00+02:00;80576
2023-10-11 19:00:00+02:00;85281
2023-10-11 20:00:00+02:00;87260
2023-10-11 21:00:00+02:00;88118
2023-10-11 22:00:00+02:00;87298
2023-10-11 23:00:00+02:00;78652
2023-10-12 00:00:00+02:00;62914
2023-10-12 01:00:00+02:00;48492
2023-10-12 02:00:00+02:00;54224
2023-10-12 03:00:00+02:00;57254
2023-10-12 04:00:00+02:00;58658
2023-10-12 05:00:00+02:00;65116
2023-10-12 06:00:00+02:00;78308
2023-10-12 07:00:00+02:00;103820
2023-10-12 08:00:00+02:00;123340
2023-10-12 09:00:00+02:00;120826
2023-10-12 10:00:00+02:00;117502
2023-10-12 11:00:00+02:00;110574
2023-10-12 12:00:00+02:00;104291
2023-10-12 13:00:00+02:00;98547
2023-10-12 14:00:00+02:00;96188
2023-10-12 15:00:00+02:00;95222
2023-10-12 16:00:00+02:00;95918
2023-10-12 17:00:00+02:00;97975
2023-10-12 18:00:00+02:00;102579
2023-10-12 19:00:00+02:00;106452
2023-10-12 20:00:00+02:00;108762
2023-10-12 21:00:00+02:00;108402
2023-10-12 22:00:00+02:00;104695
2023-10-12 23:00:00+02:00;94800
2023-10-13 00:00:00+02:00;73822
2023-10-13 01:00:00+02:00;59158
2023-10-13 02:00:00+02:00;62021
2023-10-13 03:00:00+02:00;64974
2023-10-13 04:00:00+02:00;66535
2023-10-13 05:00:00+02:00;72767
2023-10-13 06:00:00+02:00;85641
2023-10-13 07:00:00+02:00;114056
2023-10-13 08:00:00+02:00;135335
2023-10-13 09:00:00+02:00;132812
2023-10-13 10:00:00+02:00;130139
2023-10-13 11:00:00+02:00;123085
2023-10-13 12:00:00+02:00;116302
2023-10-13 13:00:00+02:00;110766
2023-10-13 14:00:00+02:00;107661
2023-10-13 15:00:00+02:00;107191
2023-10-13 16:00:00+02:00;108146
2023-10-13 17:00:00+02:00;110262
2023-10-13 18:00:00+02:00;114680
2023-10-13 19:00:00+02:00;118036
2023-10-13 20:00:00+02:00;118481
2023-10-13 21:00:00+02:00;117720
2023-10-13 22:00:00+02:00;114312
2023-10-13 23:00:00+02:00;103496
2023-10-14 00:00:00+02:00;81125
2023-10-14 01:00:00+02:00;66209
2023-10-14 02:00:00+02:00;66408
2023-10-14 03:00:00+02:00;69368
2023-10-14 04:00:00+02:00;71128
2023-10-14 05:00:00+02:00;77392
2023-10-14 06:00:00+02:00;90212
2023-10-14 07:00:00+02:00;120203
2023-10-14 08:00:00+02:00;142462
2023-10-14 09:00:00+02:00;139653
2023-10-14 10:00:00+02:00;136913
2023-10-14 11:00:00+02:00;130123
2023-10-14 12:00:00+02:00;123361
2023-10-14 13:00:00+02:00;117605
2023-10-14 14:00:00+02:00;114380
2023-10-14 15:00:00+02:00;113881
2023-10-14 16:00:00+02:00;114787
2023-10-14 17:00:00+02:00;117001
2023-10-14 18:00:00+02:00;121698
2023-10-14 19:00:00+02:00;124810
2023-10-14 20:00:00+02:00;125119
2023-10-14 21:00:00+02:00;124035
2023-10-14 22:00:00+02:00;120396
2023-10-14 23:00:00+02:00;109093
2023-10-15 00:00:00+02:00;85962
2023-10-15 01:00:00+02:00;70563
2023-10-15 02:00:00+02:00;65510
2023-10-15 03:00:00+02:00;68514
2023-10-15 04:00:00+02:00;70168
2023-10-15 05:00:00+02:00;76416
2023-10-15 06:00:00+02:00;89244
2023-10-15 07:00:00+02:00;118940
2023-10-15 08:00:00+02:00;140939
2023-10-15 09:00:00+02:00;138260
2023-10-15 10:00:00+02:00;135489
2023-10-15 11:00:00+02:00;128714
2023-10-15 12:00:00+02:00;121896
2023-10-15 13:00:00+02:00;116199
2023-10-15 14:00:00+02:00;112926
2023-10-15 15:00:00+02:00;112466
2023-10-15 16:00:00+02:00;113428
2023-10-15 17:00:00+02:00;115607
2023-10-15 18:00:00+02:00;120192
2023-10-15 19:00:00+02:00;123406
2023-10-15 20:00:00+02:00;123689
2023-10-15 21:00:00+02:00;122674
2023-10-15 22:00:00+02:00;119102
2023-10-15 23:00:00+02:00;107909
2023-10-16 00:00:00+02:00;84949
2023-10-16 01:00:00+02:00;69659
2023-10-16 02:00:00+02:00;59335
2023-10-16 03:00:00+02:00;62354
2023-10-16 04:00:00+02:00;63935
2023-10-16 05:00:00+02:00;69505
2023-10-16 06:00:00+02:00;82460
2023-10-16 07:00:00+02:00;110193
2023-10-16 08:00:00+02:00;133715
2023-10-16 09:00:00+02:00;131031
2023-10-16 10:00:00+02:00;127860
2023-10-16 11:00:00+02:00;120516
2023-10-16 12:00:00+02:00;114192
2023-10-16 13:00:00+02:00;108781
2023-10-16 14:00:00+02:00;105345
2023-10-16 15:00:00+02:00;104299
2023-10-16 16:00:00+02:00;105539
2023-10-16 17:00:00+02:00;107525
2023-10-16 18:00:00+02:00;111725
2023-10-16 19:00:00+02:00;114928
2023-10-16 20:00:00+02:00;116171
2023-10-16 21:00:00+02:00;115412
2023-10-16 22:00:00+02:00;111871
2023-10-16 23:00:00+02:00;101386
2023-10-17 00:00:00+02:00;79559
2023-10-17 01:00:00+02:00;64439
2023-10-17 02:00:00+02:00;54246
2023-10-17 03:00:00+02:00;56244
2023-10-17 04:00:00+02:00;58097
2023-10-17 05:00:00+02:00;64098
2023-10-17 06:00:00+02:00;77809
2023-10-17 07:00:00+02:00;106525
2023-10-17 08:00:00+02:00;126151
2023-10-17 09:00:00+02:00;121453
2023-10-17 10:00:00+02:00;117399
2023-10-17 11:00:00+02:00;110226
2023-10-17 12:00:00+02:00;102793
2023-10-17 13:00:00+02:00;100002
2023-10-17 14:00:00+02:00;96438
2023-10-17 15:00:00+02:00;92863
2023-10-17 16:00:00+02:00;91824
2023-10-17 17:00:00+02:00;94949
2023-10-17 18:00:00+02:00;100131
2023-10-17 19:00:00+02:00;105647
2023-10-17 20:00:00+02:00;108113
2023-10-17 21:00:00+02:00;107280
2023-10-17 22:00:00+02:00;104729
2023-10-17 23:00:00+02:00;95202
2023-10-18 00:00:00+02:00;75597
2023-10-18 01:00:00+02:00;60014
2023-10-18 02:00:00+02:00;52830
2023-10-18 03:00:00+02:00;57914
2023-10-18 04:00:00+02:00;55589
2023-10-18 05:00:00+02:00;62150
2023-10-18 06:00:00+02:00;78288
2023-10-18 07:00:00+02:00;108736
2023-10-18 08:00:00+02:00;117925
2023-10-18 09:00:00+02:00;111355
2023-10-18 10:00:00+02:00;106234
2023-10-18 11:00:00+02:00;100685
2023-10-18 12:00:00+02:00;94305
2023-10-18 13:00:00+02:00;91322
2023-10-18 14:00:00+02:00;88514
2023-10-18 15:00:00+02:00;87139
2023-10-18 16:00:00+02:00;89441
2023-10-18 17:00:00+02:00;90883
2023-10-18 18:00:00+02:00;96286
2023-10-18 19:00:00+02:00;101785
2023-10-18 20:00:00+02:00;103710
2023-10-18 21:00:00+02:00;104072
2023-10-18 22:00:00+02:00;102867
2023-10-18 23:00:00+02:00;92821
2023-10-19 00:00:00+02:00;74443
2023-10-19 01:00:00+02:00;58615
2023-10-19 02:00:00+02:00;49885
2023-10-19 03:00:00+02:00;53088
2023-10-19 04:00:00+02:00;54360
2023-10-19 05:00:00+02:00;60800
2023-10-19 06:00:00+02:00;74261
2023-10-19 07:00:00+02:00;98228
2023-10-19 08:00:00+02:00;116933
2023-10-19 09:00:00+02:00;114810
2023-10-19 10:00:00+02:00;111234
2023-10-19 11:00:00+02:00;103955
2023-10-19 12:00:00+02:00;97606
2023-10-19 13:00:00+02:00;91882
2023-10-19 14:00:00+02:00;89924
2023-10-19 15:00:00+02:00;88709
2023-10-19 16:00:00+02:00;89393
2023-10-19 17:00:00+02:00;91443
2023-10-19 18:00:00+02:00;96088
2023-10-19 19:00:00+02:00;99906
2023-10-19 20:00:00+02:00;102624
2023-10-19 21:00:00+02:00;102616
2023-10-19 22:00:00+02:00;99386
2023-10-19 23:00:00+02:00;89743
2023-10-20 00:00:00+02:00;69398
2023-10-20 01:00:00+02:00;54991
2023-10-20 02:00:00+02:00;48151
2023-10-20 03:00:00+02:00;50889
2023-10-20 04:00:00+02:00;52086
2023-10-20 05:00:00+02:00;58219
2023-10-20 06:00:00+02:00;71228
2023-10-20 07:00:00+02:00;94604
2023-10-20 08:00:00+02:00;113034
2023-10-20 09:00:00+02:00;111126
2023-10-20 10:00:00+02:00;108788
2023-10-20 11:00:00+02:00;100690
2023-10-20 12:00:00+02:00;94059
2023-10-20 13:00:00+02:00;89159
2023-10-20 14:00:00+02:00;86705
2023-10-20 15:00:00+02:00;86194
2023-10-20 16:00:00+02:00;87096
2023-10-20 17:00:00+02:00;88952
2023-10-20 18:00:00+02:00;92701
2023-10-20 19:00:00+02:00;96585
2023-10-20 20:00:00+02:00;97681
2023-10-20 21:00:00+02:00;97944
2023-10-20 22:00:00+02:00;95191
2023-10-20 23:00:00+02:00;85911
2023-10-21 00:00:00+02:00;65920
2023-10-21 01:00:00+02:00;52476
2023-10-21 02:00:00+02:00;44909
2023-10-21 03:00:00+02:00;47498
2023-10-21 04:00:00+02:00;48617
2023-10-21 05:00:00+02:00;54487
2023-10-21 06:00:00+02:00;66849
2023-10-21 07:00:00+02:00;88760
2023-10-21 08:00:00+02:00;106188
2023-10-21 09:00:00+02:00;104394
2023-10-21 10:00:00+02:00;102260
2023-10-21 11:00:00+02:00;94432
2023-10-21 12:00:00+02:00;88096
2023-10-21 13:00:00+02:00;83459
2023-10-21 14:00:00+02:00;81236
2023-10-21 15:00:00+02:00;80705
2023-10-21 16:00:00+02:00;81641
2023-10-21 17:00:00+02:00;83421
2023-10-21 18:00:00+02:00;86974
2023-10-21 19:00:00+02:00;90729
2023-10-21 20:00:00+02:00;91824
2023-10-21 21:00:00+02:00;92136
2023-10-21 22:00:00+02:00;89523
2023-10-21 23:00:00+02:00;80820
2023-10-22 00:00:00+02:00;61757
2023-10-22 01:00:00+02:00;49071
2023-10-22 02:00:00+02:00;39621
2023-10-22 03:00:00+02:00;41873
2023-10-22 04:00:00+02:00;43056
2023-10-22 05:00:00+02:00;48404
2023-10-22 06:00:00+02:00;60334
2023-10-22 07:00:00+02:00;81684
2023-10-22 08:00:00+02:00;98580
2023-10-22 09:00:00+02:00;97021
2023-10-22 10:00:00+02:00;93787
2023-10-22 11:00:00+02:00;86457
2023-10-22 12:00:00+02:00;80206
2023-10-22 13:00:00+02:00;75585
2023-10-22 14:00:00+02:00;73147
2023-10-22 15:00:00+02:00;72541
2023-10-22 16:00:00+02:00;72859
2023-10-22 17:00:00+02:00;74367
2023-10-22 18:00:00+02:00;77503
2023-10-22 19:00:00+02:00;80922
2023-10-22 20:00:00+02:00;82551
2023-10-22 21:00:00+02:00;83741
2023-10-22 22:00:00+02:00;81532
2023-10-22 23:00:00+02:00;74005
2023-10-23 00:00:00+02:00;56432
2023-10-23 01:00:00+02:00;43604
2023-10-23 02:00:00+02:00;34438
2023-10-23 03:00:00+02:00;36624
2023-10-23 04:00:00+02:00;37425
2023-10-23 05:00:00+02:00;41964
2023-10-23 06:00:00+02:00;53057
2023-10-23 07:00:00+02:00;73269
2023-10-23 08:00:00+02:00;91231
2023-10-23 09:00:00+02:00;89775
2023-10-23 10:00:00+02:00;85691
2023-10-23 11:00:00+02:00;78924
2023-10-23 12:00:00+02:00;73215
2023-10-23 13:00:00+02:00;68574
2023-10-23 14:00:00+02:00;66408
2023-10-23 15:00:00+02:00;65000
2023-10-23 16:00:00+02:00;65172
2023-10-23 17:00:00+02:00;66328
2023-10-23 18:00:00+02:00;68985
2023-10-23 19:00:00+02:00;71832
2023-10-23 20:00:00+02:00;74207
2023-10-23 21:00:00+02:00;75844
2023-10-23 22:00:00+02:00;73867
2023-10-23 23:00:00+02:00;67463
2023-10-24 00:00:00+02:00;51544
2023-10-24 01:00:00+02:00;38854
2023-10-24 02:00:00+02:00;35057
2023-10-24 03:00:00+02:00;36381
2023-10-24 04:00:00+02:00;37766
2023-10-24 05:00:00+02:00;42260
2023-10-24 06:00:00+02:00;54001
2023-10-24 07:00:00+02:00;75968
2023-10-24 08:00:00+02:00;90462
2023-10-24 09:00:00+02:00;88145
2023-10-24 10:00:00+02:00;83856
2023-10-24 11:00:00+02:00;77610
2023-10-24 12:00:00+02:00;71334
2023-10-24 13:00:00+02:00;68660
2023-10-24 14:00:00+02:00;66158
2023-10-24 15:00:00+02:00;62744
2023-10-24 16:00:00+02:00;61422
2023-10-24 17:00:00+02:00;63611
2023-10-24 18:00:00+02:00;66992
2023-10-24 19:00:00+02:00;71414
2023-10-24 20:00:00+02:00;74569
2023-10-24 21:00:00+02:00;75492
2023-10-24 22:00:00+02:00;74057
2023-10-24 23:00:00+02:00;67487
2023-10-25 00:00:00+02:00;52771
2023-10-25 01:00:00+02:00;39898
2023-10-25 02:00:00+02:00;33868
2023-10-25 03:00:00+02:00;37157
2023-10-25 04:00:00+02:00;36209
2023-10-25 05:00:00+02:00;41326
2023-10-25 06:00:00+02:00;54732
2023-10-25 07:00:00+02:00;78687
2023-10-25 08:00:00+02:00;85000
2023-10-25 09:00:00+02:00;81747
2023-10-25 10:00:00+02:00;75954
2023-10-25 11:00:00+02:00;70763
2023-10-25 12:00:00+02:00;65818
2023-10-25 13:00:00+02:00;62972
2023-10-25 14:00:00+02:00;60671
2023-10-25 15:00:00+02:00;59203
2023-10-25 16:00:00+02:00;60260
2023-10-25 17:00:00+02:00;61133
2023-10-25 18:00:00+02:00;64824
2023-10-25 19:00:00+02:00;68494
2023-10-25 20:00:00+02:00;70988
2023-10-25 21:00:00+02:00;72903
2023-10-25 22:00:00+02:00;72236
2023-10-25 23:00:00+02:00;65541
2023-10-26 00:00:00+02:00;51773
2023-10-26 01:00:00+02:00;38575
2023-10-26 02:00:00+02:00;36666
2023-10-26 03:00:00+02:00;39075
2023-10-26 04:00:00+02:00;40215
2023-10-26 05:00:00+02:00;45398
2023-10-26 06:00:00+02:00;56603
2023-10-26 07:00:00+02:00;76407
2023-10-26 08:00:00+02:00;92056
2023-10-26 09:00:00+02:00;90544
2023-10-26 10:00:00+02:00;86520
2023-10-26 11:00:00+02:00;80431
2023-10-26 12:00:00+02:00;74863
2023-10-26 13:00:00+02:00;70011
2023-10-26 14:00:00+02:00;68145
2023-10-26 15:00:00+02:00;67082
2023-10-26 16:00:00+02:00;67188
2023-10-26 17:00:00+02:00;68821
2023-10-26 18:00:00+02:00;72148
2023-10-26 19:00:00+02:00;75327
2023-10-26 20:00:00+02:00;78057
2023-10-26 21:00:00+02:00;79138
2023-10-26 22:00:00+02:00;76946
2023-10-26 23:00:00+02:00;69866
2023-10-27 00:00:00+02:00;53558
2023-10-27 01:00:00+02:00;41020
2023-10-27 02:00:00+02:00;40489
2023-10-27 03:00:00+02:00;42807
2023-10-27 04:00:00+02:00;43926
2023-10-27 05:00:00+02:00;49370
2023-10-27 06:00:00+02:00;61243
2023-10-27 07:00:00+02:00;82204
2023-10-27 08:00:00+02:00;98869
2023-10-27 09:00:00+02:00;97269
2023-10-27 10:00:00+02:00;94578
2023-10-27 11:00:00+02:00;87177
2023-10-27 12:00:00+02:00;81018
2023-10-27 13:00:00+02:00;76507
2023-10-27 14:00:00+02:00;74195
2023-10-27 15:00:00+02:00;73683
2023-10-27 16:00:00+02:00;74217
2023-10-27 17:00:00+02:00;75793
2023-10-27 18:00:00+02:00;79027
2023-10-27 19:00:00+02:00;82519
2023-10-27 20:00:00+02:00;83928
2023-10-27 21:00:00+02:00;84776
2023-10-27 22:00:00+02:00;82475
2023-10-27 23:00:00+02:00;74668
2023-10-28 00:00:00+02:00;56959
2023-10-28 01:00:00+02:00;44465
2023-10-28 02:00:00+02:00;42506
2023-10-28 03:00:00+02:00;44985
2023-10-28 04:00:00+02:00;46096
2023-10-28 05:00:00+02:00;51799
2023-10-28 06:00:00+02:00;63996
2023-10-28 07:00:00+02:00;85441
2023-10-28 08:00:00+02:00;102532
2023-10-28 09:00:00+02:00;100841
2023-10-28 10:00:00+02:00;98398
2023-10-28 11:00:00+02:00;90683
2023-10-28 12:00:00+02:00;84393
2023-10-28 13:00:00+02:00;79800
2023-10-28 14:00:00+02:00;77569
2023-10-28 15:00:00+02:00;76996
2023-10-28 16:00:00+02:00;77764
2023-10-28 17:00:00+02:00;79447
2023-10-28 18:00:00+02:00;82828
2023-10-28 19:00:00+02:00;86507
2023-10-28 20:00:00+02:00;87789
2023-10-28 21:00:00+02:00;88416
2023-10-28 22:00:00+02:00;85958
2023-10-28 23:00:00+02:00;77717
2023-10-29 00:00:00+02:00;59232
2023-10-29 01:00:00+02:00;46618
2023-10-29 02:00:00+02:00;40542
2023-10-29 02:00:00+01:00;42864
2023-10-29 03:00:00+01:00;44008
2023-10-29 04:00:00+01:00;49468
2023-10-29 05:00:00+01:00;61456
2023-10-29 06:00:00+01:00;82682
2023-10-29 07:00:00+01:00;99536
2023-10-29 08:00:00+01:00;97937
2023-10-29 09:00:00+01:00;95065
2023-10-29 10:00:00+01:00;87621
2023-10-29 11:00:00+01:00;81390
2023-10-29 12:00:00+01:00;76814
2023-10-29 13:00:00+01:00;74451
2023-10-29 14:00:00+01:00;73902
2023-10-29 15:00:00+01:00;74379
2023-10-29 16:00:00+01:00;75946
2023-10-29 17:00:00+01:00;79172
2023-10-29 18:00:00+01:00;82674
2023-10-29 19:00:00+01:00;84154
2023-10-29 20:00:00+01:00;85106
2023-10-29 21:00:00+01:00;82816
2023-10-29 22:00:00+01:00;75027
2023-10-29 23:00:00+01:00;57227
2023-10-30 00:00:00+01:00;44550
2023-10-30 01:00:00+01:00;39560
2023-10-30 02:00:00+01:00;42006
2023-10-30 03:00:00+01:00;42901
2023-10-30 04:00:00+01:00;47879
2023-10-30 05:00:00+01:00;59272
2023-10-30 06:00:00+01:00;79273
2023-10-30 07:00:00+01:00;97451
2023-10-30 08:00:00+01:00;95684
2023-10-30 09:00:00+01:00;93221
2023-10-30 10:00:00+01:00;85999
2023-10-30 11:00:00+01:00;80409
2023-10-30 12:00:00+01:00;76084
2023-10-30 13:00:00+01:00;73750
2023-10-30 14:00:00+01:00;72803
2023-10-30 15:00:00+01:00;73850
2023-10-30 16:00:00+01:00;75362
2023-10-30 17:00:00+01:00;78390
2023-10-30 18:00:00+01:00;81511
2023-10-30 19:00:00+01:00;83375
2023-10-30 20:00:00+01:00;83597
2023-10-30 21:00:00+01:00;81230
2023-10-30 22:00:00+01:00;73452
2023-10-30 23:00:00+01:00;56335
2023-10-31 00:00:00+01:00;44328
2023-10-31 01:00:00+01:00;38788
2023-10-31 02:00:00+01:00;40862
2023-10-31 03:00:00+01:00;42010
2023-10-31 04:00:00+01:00;47202
2023-10-31 05:00:00+01:00;58970
2023-10-31 06:00:00+01:00;80872
2023-10-31 07:00:00+01:00;95419
2023-10-31 08:00:00+01:00;92147
2023-10-31 09:00:00+01:00;88901
2023-10-31 10:00:00+01:00;82691
2023-10-31 11:00:00+01:00;76132
2023-10-31 12:00:00+01:00;74150
2023-10-31 13:00:00+01:00;71746
2023-10-31 14:00:00+01:00;68395
2023-10-31 15:00:00+01:00;67270
2023-10-31 16:00:00+01:00;70136
2023-10-31 17:00:00+01:00;74312
2023-10-31 18:00:00+01:00;79134
2023-10-31 19:00:00+01:00;81689
2023-10-31 20:00:00+01:00;81285
2023-10-31 21:00:00+01:00;79778
2023-10-31 22:00:00+01:00;71850
2023-10-31 23:00:00+01:00;56758
2023-11-01 00:00:00+01:00;44075
2023-11-01 01:00:00+01:00;43744
2023-11-01 02:00:00+01:00;48601
2023-11-01 03:00:00+01:00;46113
2023-11-01 04:00:00+01:00;51699
2023-11-01 05:00:00+01:00;65672
2023-11-01 06:00:00+01:00;91914
2023-11-01 07:00:00+01:00;99895
2023-11-01 08:00:00+01:00;94031
2023-11-01 09:00:00+01:00;89438
2023-11-01 10:00:00+01:00;84589
2023-11-01 11:00:00+01:00;78877
2023-11-01 12:00:00+01:00;76336
2023-11-01 13:00:00+01:00;74003
2023-11-01 14:00:00+01:00;72781
2023-11-01 15:00:00+01:00;74845
2023-11-01 16:00:00+01:00;75959
2023-11-01 17:00:00+01:00;81046
2023-11-01 18:00:00+01:00;85839
2023-11-01 19:00:00+01:00;87545
2023-11-01 20:00:00+01:00;88034
2023-11-01 21:00:00+01:00;87242
2023-11-01 22:00:00+01:00;78376
2023-11-01 23:00:00+01:00;62902
2023-11-02 00:00:00+01:00;48788
2023-11-02 01:00:00+01:00;49344
2023-11-02 02:00:00+01:00;52584
2023-11-02 03:00:00+01:00;53828
2023-11-02 04:00:00+01:00;60274
2023-11-02 05:00:00+01:00;73770
2023-11-02 06:00:00+01:00;97461
2023-11-02 07:00:00+01:00;116017
2023-11-02 08:00:00+01:00;113947
2023-11-02 09:00:00+01:00;110396
2023-11-02 10:00:00+01:00;103062
2023-11-02 11:00:00+01:00;96716
2023-11-02 12:00:00+01:00;91003
2023-11-02 13:00:00+01:00;89124
2023-11-02 14:00:00+01:00;87878
2023-11-02 15:00:00+01:00;88583
2023-11-02 16:00:00+01:00;90636
2023-11-02 17:00:00+01:00;95314
2023-11-02 18:00:00+01:00;99123
2023-11-02 19:00:00+01:00;101887
2023-11-02 20:00:00+01:00;101885
2023-11-02 21:00:00+01:00;98712
2023-11-02 22:00:00+01:00;89073
2023-11-02 23:00:00+01:00;68806
2023-11-03 00:00:00+01:00;54474
2023-11-03 01:00:00+01:00;56390
2023-11-03 02:00:00+01:00;59337
2023-11-03 03:00:00+01:00;60749
2023-11-03 04:00:00+01:00;67122
2023-11-03 05:00:00+01:00;80498
2023-11-03 06:00:00+01:00;107072
2023-11-03 07:00:00+01:00;127454
2023-11-03 08:00:00+01:00;125195
2023-11-03 09:00:00+01:00;122578
2023-11-03 10:00:00+01:00;114719
2023-11-03 11:00:00+01:00;107813
2023-11-03 12:00:00+01:00;102451
2023-11-03 13:00:00+01:00;99607
2023-11-03 14:00:00+01:00;99071
2023-11-03 15:00:00+01:00;100022
2023-11-03 16:00:00+01:00;102055
2023-11-03 17:00:00+01:00;106227
2023-11-03 18:00:00+01:00;109984
2023-11-03 19:00:00+01:00;110794
2023-11-03 20:00:00+01:00;110572
2023-11-03 21:00:00+01:00;107423
2023-11-03 22:00:00+01:00;97100
2023-11-03 23:00:00+01:00;75348
2023-11-04 00:00:00+01:00;60780
2023-11-04 01:00:00+01:00;49138
2023-11-04 02:00:00+01:00;51876
2023-11-04 03:00:00+01:00;53187
2023-11-04 04:00:00+01:00;59316
2023-11-04 05:00:00+01:00;72440
2023-11-04 06:00:00+01:00;96856
2023-11-04 07:00:00+01:00;115962
2023-11-04 08:00:00+01:00;113991
2023-11-04 09:00:00+01:00;111125
2023-11-04 10:00:00+01:00;103087
2023-11-04 11:00:00+01:00;96315
2023-11-04 12:00:00+01:00;91204
2023-11-04 13:00:00+01:00;88633
2023-11-04 14:00:00+01:00;87957
2023-11-04 15:00:00+01:00;88734
2023-11-04 16:00:00+01:00;90583
2023-11-04 17:00:00+01:00;94342
2023-11-04 18:00:00+01:00;98146
2023-11-04 19:00:00+01:00;99382
2023-11-04 20:00:00+01:00;99841
2023-11-04 21:00:00+01:00;97061
2023-11-04 22:00:00+01:00;87828
2023-11-04 23:00:00+01:00;67456
2023-11-05 00:00:00+01:00;53508
2023-11-05 01:00:00+01:00;37733
2023-11-05 02:00:00+01:00;39849
2023-11-05 03:00:00+01:00;40998
2023-11-05 04:00:00+01:00;46106
2023-11-05 05:00:00+01:00;57529
2023-11-05 06:00:00+01:00;78038
2023-11-05 07:00:00+01:00;94304
2023-11-05 08:00:00+01:00;92810
2023-11-05 09:00:00+01:00;89636
2023-11-05 10:00:00+01:00;82636
2023-11-05 11:00:00+01:00;76610
2023-11-05 12:00:00+01:00;72154
2023-11-05 13:00:00+01:00;69784
2023-11-05 14:00:00+01:00;69219
2023-11-05 15:00:00+01:00;69477
2023-11-05 16:00:00+01:00;70913
2023-11-05 17:00:00+01:00;73917
2023-11-05 18:00:00+01:00;77166
2023-11-05 19:00:00+01:00;78788
2023-11-05 20:00:00+01:00;80008
2023-11-05 21:00:00+01:00;77907
2023-11-05 22:00:00+01:00;70776
2023-11-05 23:00:00+01:00;53939
2023-11-06 00:00:00+01:00;41554
2023-11-06 01:00:00+01:00;26391
2023-11-06 02:00:00+01:00;28093
2023-11-06 03:00:00+01:00;28718
2023-11-06 04:00:00+01:00;32447
2023-11-06 05:00:00+01:00;42070
2023-11-06 06:00:00+01:00;60074
2023-11-06 07:00:00+01:00;75977
2023-11-06 08:00:00+01:00;74845
2023-11-06 09:00:00+01:00;70048
2023-11-06 10:00:00+01:00;64374
2023-11-06 11:00:00+01:00;59184
2023-11-06 12:00:00+01:00;54802
2023-11-06 13:00:00+01:00;53024
2023-11-06 14:00:00+01:00;51452
2023-11-06 15:00:00+01:00;50957
2023-11-06 16:00:00+01:00;51715
2023-11-06 17:00:00+01:00;53842
2023-11-06 18:00:00+01:00;56128
2023-11-06 19:00:00+01:00;58664
2023-11-06 20:00:00+01:00;61231
2023-11-06 21:00:00+01:00;59784
2023-11-06 22:00:00+01:00;55201
2023-11-06 23:00:00+01:00;41943
2023-11-07 00:00:00+01:00;30085
2023-11-07 01:00:00+01:00;16490
2023-11-07 02:00:00+01:00;16429
2023-11-07 03:00:00+01:00;17803
2023-11-07 04:00:00+01:00;19699
2023-11-07 05:00:00+01:00;27233
2023-11-07 06:00:00+01:00;41707
2023-11-07 07:00:00+01:00;50436
2023-11-07 08:00:00+01:00;49741
2023-11-07 09:00:00+01:00;45994
2023-11-07 10:00:00+01:00;42374
2023-11-07 11:00:00+01:00;38294
2023-11-07 12:00:00+01:00;36156
2023-11-07 13:00:00+01:00;34413
2023-11-07 14:00:00+01:00;32201
2023-11-07 15:00:00+01:00;30573
2023-11-07 16:00:00+01:00;31042
2023-11-07 17:00:00+01:00;32442
2023-11-07 18:00:00+01:00;34959
2023-11-07 19:00:00+01:00;37543
2023-11-07 20:00:00+01:00;39922
2023-11-07 21:00:00+01:00;39258
2023-11-07 22:00:00+01:00;36656
2023-11-07 23:00:00+01:00;27954
2023-11-08 00:00:00+01:00;19573
2023-11-08 01:00:00+01:00;15691
2023-11-08 02:00:00+01:00;16566
2023-11-08 03:00:00+01:00;17044
2023-11-08 04:00:00+01:00;19941
2023-11-08 05:00:00+01:00;28936
2023-11-08 06:00:00+01:00;44498
2023-11-08 07:00:00+01:00;48248
2023-11-08 08:00:00+01:00;47516
2023-11-08 09:00:00+01:00;42764
2023-11-08 10:00:00+01:00;39029
2023-11-08 11:00:00+01:00;35967
2023-11-08 12:00:00+01:00;33817
2023-11-08 13:00:00+01:00;32154
2023-11-08 14:00:00+01:00;30939
2023-11-08 15:00:00+01:00;30893
2023-11-08 16:00:00+01:00;31241
2023-11-08 17:00:00+01:00;32824
2023-11-08 18:00:00+01:00;34548
2023-11-08 19:00:00+01:00;36833
2023-11-08 20:00:00+01:00;39268
2023-11-08 21:00:00+01:00;39041
2023-11-08 22:00:00+01:00;35893
2023-11-08 23:00:00+01:00;27523
2023-11-09 00:00:00+01:00;18862
2023-11-09 01:00:00+01:00;15344
2023-11-09 02:00:00+01:00;16073
2023-11-09 03:00:00+01:00;16949
2023-11-09 04:00:00+01:00;19697
2023-11-09 05:00:00+01:00;26066
2023-11-09 06:00:00+01:00;38343
2023-11-09 07:00:00+01:00;48357
2023-11-09 08:00:00+01:00;47557
2023-11-09 09:00:00+01:00;43491
2023-11-09 10:00:00+01:00;40207
2023-11-09 11:00:00+01:00;36414
2023-11-09 12:00:00+01:00;33423
2023-11-09 13:00:00+01:00;31634
2023-11-09 14:00:00+01:00;31070
2023-11-09 15:00:00+01:00;30280
2023-11-09 16:00:00+01:00;30991
2023-11-09 17:00:00+01:00;31931
2023-11-09 18:00:00+01:00;33799
2023-11-09 19:00:00+01:00;35962
2023-11-09 20:00:00+01:00;38351
2023-11-09 21:00:00+01:00;37706
2023-11-09 22:00:00+01:00;35193
2023-11-09 23:00:00+01:00;26429
2023-11-10 00:00:00+01:00;17974
2023-11-10 01:00:00+01:00;16435
2023-11-10 02:00:00+01:00;17079
2023-11-10 03:00:00+01:00;18043
2023-11-10 04:00:00+01:00;20632
2023-11-10 05:00:00+01:00;27428
2023-11-10 06:00:00+01:00;40488
2023-11-10 07:00:00+01:00;51133
2023-11-10 08:00:00+01:00;50401
2023-11-10 09:00:00+01:00;46474
2023-11-10 10:00:00+01:00;42663
2023-11-10 11:00:00+01:00;38533
2023-11-10 12:00:00+01:00;35423
2023-11-10 13:00:00+01:00;33444
2023-11-10 14:00:00+01:00;33024
2023-11-10 15:00:00+01:00;32165
2023-11-10 16:00:00+01:00;32724
2023-11-10 17:00:00+01:00;34170
2023-11-10 18:00:00+01:00;35689
2023-11-10 19:00:00+01:00;37854
2023-11-10 20:00:00+01:00;40321
2023-11-10 21:00:00+01:00;39520
2023-11-10 22:00:00+01:00;36975
2023-11-10 23:00:00+01:00;27659
2023-11-11 00:00:00+01:00;18761
2023-11-11 01:00:00+01:00;20777
2023-11-11 02:00:00+01:00;21754
2023-11-11 03:00:00+01:00;22889
2023-11-11 04:00:00+01:00;26121
2023-11-11 05:00:00+01:00;34603
2023-11-11 06:00:00+01:00;50987
2023-11-11 07:00:00+01:00;63970
2023-11-11 08:00:00+01:00;63068
2023-11-11 09:00:00+01:00;58043
2023-11-11 10:00:00+01:00;53289
2023-11-11 11:00:00+01:00;48329
2023-11-11 12:00:00+01:00;44506
2023-11-11 13:00:00+01:00;42141
2023-11-11 14:00:00+01:00;41417
2023-11-11 15:00:00+01:00;40413
2023-11-11 16:00:00+01:00;41058
2023-11-11 17:00:00+01:00;42735
2023-11-11 18:00:00+01:00;44681
2023-11-11 19:00:00+01:00;47252
2023-11-11 20:00:00+01:00;50225
2023-11-11 21:00:00+01:00;49231
2023-11-11 22:00:00+01:00;45916
2023-11-11 23:00:00+01:00;34526
2023-11-12 00:00:00+01:00;23648
2023-11-12 01:00:00+01:00;26046
2023-11-12 02:00:00+01:00;27372
2023-11-12 03:00:00+01:00;28592
2023-11-12 04:00:00+01:00;32400
2023-11-12 05:00:00+01:00;42050
2023-11-12 06:00:00+01:00;60260
2023-11-12 07:00:00+01:00;74653
2023-11-12 08:00:00+01:00;73608
2023-11-12 09:00:00+01:00;68733
2023-11-12 10:00:00+01:00;63206
2023-11-12 11:00:00+01:00;57740
2023-11-12 12:00:00+01:00;53587
2023-11-12 13:00:00+01:00;51084
2023-11-12 14:00:00+01:00;50338
2023-11-12 15:00:00+01:00;49573
2023-11-12 16:00:00+01:00;50460
2023-11-12 17:00:00+01:00;52539
2023-11-12 18:00:00+01:00;54899
2023-11-12 19:00:00+01:00;57342
2023-11-12 20:00:00+01:00;60006
2023-11-12 21:00:00+01:00;58708
2023-11-12 22:00:00+01:00;54273
2023-11-12 23:00:00+01:00;41011
2023-11-13 00:00:00+01:00;29274
2023-11-13 01:00:00+01:00;29779
2023-11-13 02:00:00+01:00;31694
2023-11-13 03:00:00+01:00;32397
2023-11-13 04:00:00+01:00;36487
2023-11-13 05:00:00+01:00;46867
2023-11-13 06:00:00+01:00;66126
2023-11-13 07:00:00+01:00;83126
2023-11-13 08:00:00+01:00;81877
2023-11-13 09:00:00+01:00;77146
2023-11-13 10:00:00+01:00;70954
2023-11-13 11:00:00+01:00;65450
2023-11-13 12:00:00+01:00;60861
2023-11-13 13:00:00+01:00;58905
2023-11-13 14:00:00+01:00;57329
2023-11-13 15:00:00+01:00;57026
2023-11-13 16:00:00+01:00;57931
2023-11-13 17:00:00+01:00;60273
2023-11-13 18:00:00+01:00;62817
2023-11-13 19:00:00+01:00;65370
2023-11-13 20:00:00+01:00;67712
2023-11-13 21:00:00+01:00;66054
2023-11-13 22:00:00+01:00;60745
2023-11-13 23:00:00+01:00;46258
2023-11-14 00:00:00+01:00;33803
2023-11-14 01:00:00+01:00;38165
2023-11-14 02:00:00+01:00;40119
2023-11-14 03:00:00+01:00;41305
2023-11-14 04:00:00+01:00;46377
2023-11-14 05:00:00+01:00;58114
2023-11-14 06:00:00+01:00;79993
2023-11-14 07:00:00+01:00;94504
2023-11-14 08:00:00+01:00;91381
2023-11-14 09:00:00+01:00;87986
2023-11-14 10:00:00+01:00;81787
2023-11-14 11:00:00+01:00;75283
2023-11-14 12:00:00+01:00;73201
2023-11-14 13:00:00+01:00;70785
2023-11-14 14:00:00+01:00;67434
2023-11-14 15:00:00+01:00;66279
2023-11-14 16:00:00+01:00;69036
2023-11-14 17:00:00+01:00;73085
2023-11-14 18:00:00+01:00;77837
2023-11-14 19:00:00+01:00;80476
2023-11-14 20:00:00+01:00;80274
2023-11-14 21:00:00+01:00;78778
2023-11-14 22:00:00+01:00;71072
2023-11-14 23:00:00+01:00;56061
2023-11-15 00:00:00+01:00;43374
2023-11-15 01:00:00+01:00;32923
2023-11-15 02:00:00+01:00;36093
2023-11-15 03:00:00+01:00;35200
2023-11-15 04:00:00+01:00;40187
2023-11-15 05:00:00+01:00;53322
2023-11-15 06:00:00+01:00;76782
2023-11-15 07:00:00+01:00;82967
2023-11-15 08:00:00+01:00;79827
2023-11-15 09:00:00+01:00;74137
2023-11-15 10:00:00+01:00;69033
2023-11-15 11:00:00+01:00;64195
2023-11-15 12:00:00+01:00;61400
2023-11-15 13:00:00+01:00;59139
2023-11-15 14:00:00+01:00;57696
2023-11-15 15:00:00+01:00;58706
2023-11-15 16:00:00+01:00;59558
2023-11-15 17:00:00+01:00;63145
2023-11-15 18:00:00+01:00;66714
2023-11-15 19:00:00+01:00;69182
2023-11-15 20:00:00+01:00;71103
2023-11-15 21:00:00+01:00;70453
2023-11-15 22:00:00+01:00;63934
2023-11-15 23:00:00+01:00;50470
2023-11-16 00:00:00+01:00;37537
2023-11-16 01:00:00+01:00;30331
2023-11-16 02:00:00+01:00;32247
2023-11-16 03:00:00+01:00;33504
2023-11-16 04:00:00+01:00;38103
2023-11-16 05:00:00+01:00;48554
2023-11-16 06:00:00+01:00;67920
2023-11-16 07:00:00+01:00;83108
2023-11-16 08:00:00+01:00;81854
2023-11-16 09:00:00+01:00;76497
2023-11-16 10:00:00+01:00;70914
2023-11-16 11:00:00+01:00;65387
2023-11-16 12:00:00+01:00;60704
2023-11-16 13:00:00+01:00;58440
2023-11-16 14:00:00+01:00;57359
2023-11-16 15:00:00+01:00;56834
2023-11-16 16:00:00+01:00;58237
2023-11-16 17:00:00+01:00;60555
2023-11-16 18:00:00+01:00;63552
2023-11-16 19:00:00+01:00;66502
2023-11-16 20:00:00+01:00;68815
2023-11-16 21:00:00+01:00;67237
2023-11-16 22:00:00+01:00;61701
2023-11-16 23:00:00+01:00;47026
2023-11-17 00:00:00+01:00;34437
2023-11-17 01:00:00+01:00;25814
2023-11-17 02:00:00+01:00;27136
2023-11-17 03:00:00+01:00;28490
2023-11-17 04:00:00+01:00;32326
2023-11-17 05:00:00+01:00;42502
2023-11-17 06:00:00+01:00;62016
2023-11-17 07:00:00+01:00;77286
2023-11-17 08:00:00+01:00;76276
2023-11-17 09:00:00+01:00;70386
2023-11-17 10:00:00+01:00;64694
2023-11-17 11:00:00+01:00;58879
2023-11-17 12:00:00+01:00;54404
2023-11-17 13:00:00+01:00;51630
2023-11-17 14:00:00+01:00;50683
2023-11-17 15:00:00+01:00;49582
2023-11-17 16:00:00+01:00;50403
2023-11-17 17:00:00+01:00;52407
2023-11-17 18:00:00+01:00;54784
2023-11-17 19:00:00+01:00;57637
2023-11-17 20:00:00+01:00;60905
2023-11-17 21:00:00+01:00;59693
2023-11-17 22:00:00+01:00;55460
2023-11-17 23:00:00+01:00;41868
2023-11-18 00:00:00+01:00;29193
2023-11-18 01:00:00+01:00;22567
2023-11-18 02:00:00+01:00;23678
2023-11-18 03:00:00+01:00;24937
2023-11-18 04:00:00+01:00;28433
2023-11-18 05:00:00+01:00;37782
2023-11-18 06:00:00+01:00;55933
2023-11-18 07:00:00+01:00;70162
2023-11-18 08:00:00+01:00;69212
2023-11-18 09:00:00+01:00;63427
2023-11-18 10:00:00+01:00;58236
2023-11-18 11:00:00+01:00;52814
2023-11-18 12:00:00+01:00;48599
2023-11-18 13:00:00+01:00;45979
2023-11-18 14:00:00+01:00;45077
2023-11-18 15:00:00+01:00;43904
2023-11-18 16:00:00+01:00;44572
2023-11-18 17:00:00+01:00;46333
2023-11-18 18:00:00+01:00;48457
2023-11-18 19:00:00+01:00;51315
2023-11-18 20:00:00+01:00;54670
2023-11-18 21:00:00+01:00;53626
2023-11-18 22:00:00+01:00;50045
2023-11-18 23:00:00+01:00;37682
2023-11-19 00:00:00+01:00;25704
2023-11-19 01:00:00+01:00;23933
2023-11-19 02:00:00+01:00;25123
2023-11-19 03:00:00+01:00;26468
2023-11-19 04:00:00+01:00;30081
2023-11-19 05:00:00+01:00;39870
2023-11-19 06:00:00+01:00;58786
2023-11-19 07:00:00+01:00;73604
2023-11-19 08:00:00+01:00;72661
2023-11-19 09:00:00+01:00;66658
2023-11-19 10:00:00+01:00;61243
2023-11-19 11:00:00+01:00;55581
2023-11-19 12:00:00+01:00;51210
2023-11-19 13:00:00+01:00;48458
2023-11-19 14:00:00+01:00;47514
2023-11-19 15:00:00+01:00;46299
2023-11-19 16:00:00+01:00;47039
2023-11-19 17:00:00+01:00;48901
2023-11-19 18:00:00+01:00;51124
2023-11-19 19:00:00+01:00;54043
2023-11-19 20:00:00+01:00;57448
2023-11-19 21:00:00+01:00;56355
2023-11-19 22:00:00+01:00;52536
2023-11-19 23:00:00+01:00;39594
2023-11-20 00:00:00+01:00;27185
2023-11-20 01:00:00+01:00;36007
2023-11-20 02:00:00+01:00;38240
2023-11-20 03:00:00+01:00;39056
2023-11-20 04:00:00+01:00;43670
2023-11-20 05:00:00+01:00;54379
2023-11-20 06:00:00+01:00;73343
2023-11-20 07:00:00+01:00;90542
2023-11-20 08:00:00+01:00;88918
2023-11-20 09:00:00+01:00;86193
2023-11-20 10:00:00+01:00;79472
2023-11-20 11:00:00+01:00;74137
2023-11-20 12:00:00+01:00;69949
2023-11-20 13:00:00+01:00;67789
2023-11-20 14:00:00+01:00;66789
2023-11-20 15:00:00+01:00;67564
2023-11-20 16:00:00+01:00;68908
2023-11-20 17:00:00+01:00;71708
2023-11-20 18:00:00+01:00;74576
2023-11-20 19:00:00+01:00;76492
2023-11-20 20:00:00+01:00;77084
2023-11-20 21:00:00+01:00;74946
2023-11-20 22:00:00+01:00;67956
2023-11-20 23:00:00+01:00;52040
2023-11-21 00:00:00+01:00;40452
2023-11-21 01:00:00+01:00;52533
2023-11-21 02:00:00+01:00;54964
2023-11-21 03:00:00+01:00;56439
2023-11-21 04:00:00+01:00;63043
2023-11-21 05:00:00+01:00;77887
2023-11-21 06:00:00+01:00;106558
2023-11-21 07:00:00+01:00;126256
2023-11-21 08:00:00+01:00;121940
2023-11-21 09:00:00+01:00;117381
2023-11-21 10:00:00+01:00;109501
2023-11-21 11:00:00+01:00;101530
2023-11-21 12:00:00+01:00;98570
2023-11-21 13:00:00+01:00;95272
2023-11-21 14:00:00+01:00;91042
2023-11-21 15:00:00+01:00;90028
2023-11-21 16:00:00+01:00;93436
2023-11-21 17:00:00+01:00;98656
2023-11-21 18:00:00+01:00;104489
2023-11-21 19:00:00+01:00;107517
2023-11-21 20:00:00+01:00;106878
2023-11-21 21:00:00+01:00;104687
2023-11-21 22:00:00+01:00;94737
2023-11-21 23:00:00+01:00;75045
2023-11-22 00:00:00+01:00;58761
2023-11-22 01:00:00+01:00;74392
2023-11-22 02:00:00+01:00;76502
2023-11-22 03:00:00+01:00;76424
2023-11-22 04:00:00+01:00;83125
2023-11-22 05:00:00+01:00;100134
2023-11-22 06:00:00+01:00;135517
2023-11-22 07:00:00+01:00;148000
2023-11-22 08:00:00+01:00;139925
2023-11-22 09:00:00+01:00;137846
2023-11-22 10:00:00+01:00;132582
2023-11-22 11:00:00+01:00;126459
2023-11-22 12:00:00+01:00;123449
2023-11-22 13:00:00+01:00;119504
2023-11-22 14:00:00+01:00;118680
2023-11-22 15:00:00+01:00;121228
2023-11-22 16:00:00+01:00;124012
2023-11-22 17:00:00+01:00;127702
2023-11-22 18:00:00+01:00;133848
2023-11-22 19:00:00+01:00;135117
2023-11-22 20:00:00+01:00;133465
2023-11-22 21:00:00+01:00;130218
2023-11-22 22:00:00+01:00;119053
2023-11-22 23:00:00+01:00;95297
2023-11-23 00:00:00+01:00;80704
2023-11-23 01:00:00+01:00;82789
2023-11-23 02:00:00+01:00;85381
2023-11-23 03:00:00+01:00;87600
2023-11-23 04:00:00+01:00;94798
2023-11-23 05:00:00+01:00;108241
2023-11-23 06:00:00+01:00;144243
2023-11-23 07:00:00+01:00;170265
2023-11-23 08:00:00+01:00;165566
2023-11-23 09:00:00+01:00;162957
2023-11-23 10:00:00+01:00;156946
2023-11-23 11:00:00+01:00;150168
2023-11-23 12:00:00+01:00;143579
2023-11-23 13:00:00+01:00;139091
2023-11-23 14:00:00+01:00;138927
2023-11-23 15:00:00+01:00;139678
2023-11-23 16:00:00+01:00;141873
2023-11-23 17:00:00+01:00;146798
2023-11-23 18:00:00+01:00;151326
2023-11-23 19:00:00+01:00;151934
2023-11-23 20:00:00+01:00;149870
2023-11-23 21:00:00+01:00;143406
2023-11-23 22:00:00+01:00;131090
2023-11-23 23:00:00+01:00;104990
2023-11-24 00:00:00+01:00;87364
2023-11-24 01:00:00+01:00;88093
2023-11-24 02:00:00+01:00;91290
2023-11-24 03:00:00+01:00;93488
2023-11-24 04:00:00+01:00;100278
2023-11-24 05:00:00+01:00;113588
2023-11-24 06:00:00+01:00;150282
2023-11-24 07:00:00+01:00;177564
2023-11-24 08:00:00+01:00;173619
2023-11-24 09:00:00+01:00;171451
2023-11-24 10:00:00+01:00;164693
2023-11-24 11:00:00+01:00;157151
2023-11-24 12:00:00+01:00;150464
2023-11-24 13:00:00+01:00;146272
2023-11-24 14:00:00+01:00;145223
2023-11-24 15:00:00+01:00;146409
2023-11-24 16:00:00+01:00;148854
2023-11-24 17:00:00+01:00;154209
2023-11-24 18:00:00+01:00;157131
2023-11-24 19:00:00+01:00;156645
2023-11-24 20:00:00+01:00;154556
2023-11-24 21:00:00+01:00;149567
2023-11-24 22:00:00+01:00;135752
2023-11-24 23:00:00+01:00;109685
2023-11-25 00:00:00+01:00;92081
2023-11-25 01:00:00+01:00;82476
2023-11-25 02:00:00+01:00;85560
2023-11-25 03:00:00+01:00;87749
2023-11-25 04:00:00+01:00;94334
2023-11-25 05:00:00+01:00;107367
2023-11-25 06:00:00+01:00;142588
2023-11-25 07:00:00+01:00;168494
2023-11-25 08:00:00+01:00;164819
2023-11-25 09:00:00+01:00;162261
2023-11-25 10:00:00+01:00;155808
2023-11-25 11:00:00+01:00;148670
2023-11-25 12:00:00+01:00;142193
2023-11-25 13:00:00+01:00;138294
2023-11-25 14:00:00+01:00;137535
2023-11-25 15:00:00+01:00;138509
2023-11-25 16:00:00+01:00;140946
2023-11-25 17:00:00+01:00;146271
2023-11-25 18:00:00+01:00;149042
2023-11-25 19:00:00+01:00;148778
2023-11-25 20:00:00+01:00;146815
2023-11-25 21:00:00+01:00;142238
2023-11-25 22:00:00+01:00;129064
2023-11-25 23:00:00+01:00;103617
2023-11-26 00:00:00+01:00;86506
2023-11-26 01:00:00+01:00;78652
2023-11-26 02:00:00+01:00;81821
2023-11-26 03:00:00+01:00;83811
2023-11-26 04:00:00+01:00;90185
2023-11-26 05:00:00+01:00;102946
2023-11-26 06:00:00+01:00;137225
2023-11-26 07:00:00+01:00;162035
2023-11-26 08:00:00+01:00;158721
2023-11-26 09:00:00+01:00;155802
2023-11-26 10:00:00+01:00;149796
2023-11-26 11:00:00+01:00;142775
2023-11-26 12:00:00+01:00;136487
2023-11-26 13:00:00+01:00;132610
2023-11-26 14:00:00+01:00;132082
2023-11-26 15:00:00+01:00;133103
2023-11-26 16:00:00+01:00;135499
2023-11-26 17:00:00+01:00;140662
2023-11-26 18:00:00+01:00;143440
2023-11-26 19:00:00+01:00;143152
2023-11-26 20:00:00+01:00;141267
2023-11-26 21:00:00+01:00;137020
2023-11-26 22:00:00+01:00;124374
2023-11-26 23:00:00+01:00;99319
2023-11-27 00:00:00+01:00;82665
2023-11-27 01:00:00+01:00;80611
2023-11-27 02:00:00+01:00;83779
2023-11-27 03:00:00+01:00;86151
2023-11-27 04:00:00+01:00;91772
2023-11-27 05:00:00+01:00;104958
2023-11-27 06:00:00+01:00;140156
2023-11-27 07:00:00+01:00;168653
2023-11-27 08:00:00+01:00;164731
2023-11-27 09:00:00+01:00;161214
2023-11-27 10:00:00+01:00;154765
2023-11-27 11:00:00+01:00;148178
2023-11-27 12:00:00+01:00;141846
2023-11-27 13:00:00+01:00;137347
2023-11-27 14:00:00+01:00;136058
2023-11-27 15:00:00+01:00;137344
2023-11-27 16:00:00+01:00;139633
2023-11-27 17:00:00+01:00;144943
2023-11-27 18:00:00+01:00;147599
2023-11-27 19:00:00+01:00;147889
2023-11-27 20:00:00+01:00;145975
2023-11-27 21:00:00+01:00;141109
2023-11-27 22:00:00+01:00;128279
2023-11-27 23:00:00+01:00;103041
2023-11-28 00:00:00+01:00;85356
2023-11-28 01:00:00+01:00;77725
2023-11-28 02:00:00+01:00;78724
2023-11-28 03:00:00+01:00;82135
2023-11-28 04:00:00+01:00;87600
2023-11-28 05:00:00+01:00;100689
2023-11-28 06:00:00+01:00;137079
2023-11-28 07:00:00+01:00;162445
2023-11-28 08:00:00+01:00;155097
2023-11-28 09:00:00+01:00;151510
2023-11-28 10:00:00+01:00;145126
2023-11-28 11:00:00+01:00;138006
2023-11-28 12:00:00+01:00;134716
2023-11-28 13:00:00+01:00;129357
2023-11-28 14:00:00+01:00;127075
2023-11-28 15:00:00+01:00;126140
2023-11-28 16:00:00+01:00;128726
2023-11-28 17:00:00+01:00;135027
2023-11-28 18:00:00+01:00;140410
2023-11-28 19:00:00+01:00;141258
2023-11-28 20:00:00+01:00;139350
2023-11-28 21:00:00+01:00;134746
2023-11-28 22:00:00+01:00;124087
2023-11-28 23:00:00+01:00;99885
2023-11-29 00:00:00+01:00;82844
2023-11-29 01:00:00+01:00;65506
2023-11-29 02:00:00+01:00;69032
2023-11-29 03:00:00+01:00;67903
2023-11-29 04:00:00+01:00;74613
2023-11-29 05:00:00+01:00;91363
2023-11-29 06:00:00+01:00;124851
2023-11-29 07:00:00+01:00;135985
2023-11-29 08:00:00+01:00;128478
2023-11-29 09:00:00+01:00;124998
2023-11-29 10:00:00+01:00;119560
2023-11-29 11:00:00+01:00;113256
2023-11-29 12:00:00+01:00;110234
2023-11-29 13:00:00+01:00;106773
2023-11-29 14:00:00+01:00;105686
2023-11-29 15:00:00+01:00;108153
2023-11-29 16:00:00+01:00;110352
2023-11-29 17:00:00+01:00;114897
2023-11-29 18:00:00+01:00;120810
2023-11-29 19:00:00+01:00;122365
2023-11-29 20:00:00+01:00;121593
2023-11-29 21:00:00+01:00;119245
2023-11-29 22:00:00+01:00;108458
2023-11-29 23:00:00+01:00;86934
2023-11-30 00:00:00+01:00;71617
2023-11-30 01:00:00+01:00;53467
2023-11-30 02:00:00+01:00;56711
2023-11-30 03:00:00+01:00;58077
2023-11-30 04:00:00+01:00;64713
2023-11-30 05:00:00+01:00;78458
2023-11-30 06:00:00+01:00;103830
2023-11-30 07:00:00+01:00;123437
2023-11-30 08:00:00+01:00;121079
2023-11-30 09:00:00+01:00;117503
2023-11-30 10:00:00+01:00;110166
2023-11-30 11:00:00+01:00;103673
2023-11-30 12:00:00+01:00;97773
2023-11-30 13:00:00+01:00;95593
2023-11-30 14:00:00+01:00;94428
2023-11-30 15:00:00+01:00;95150
2023-11-30 16:00:00+01:00;97256
2023-11-30 17:00:00+01:00;102029
2023-11-30 18:00:00+01:00;105979
2023-11-30 19:00:00+01:00;108577
2023-11-30 20:00:00+01:00;108381
2023-11-30 21:00:00+01:00;104838
2023-11-30 22:00:00+01:00;94766
2023-11-30 23:00:00+01:00;73553
2023-12-01 00:00:00+01:00;58636
2023-12-01 01:00:00+01:00;47438
2023-12-01 02:00:00+01:00;50147
2023-12-01 03:00:00+01:00;51317
2023-12-01 04:00:00+01:00;57405
2023-12-01 05:00:00+01:00;70288
2023-12-01 06:00:00+01:00;93270
2023-12-01 07:00:00+01:00;111436
2023-12-01 08:00:00+01:00;109559
2023-12-01 09:00:00+01:00;107321
2023-12-01 10:00:00+01:00;99261
2023-12-01 11:00:00+01:00;92700
2023-12-01 12:00:00+01:00;87872
2023-12-01 13:00:00+01:00;85470
2023-12-01 14:00:00+01:00;84980
2023-12-01 15:00:00+01:00;85897
2023-12-01 16:00:00+01:00;87737
2023-12-01 17:00:00+01:00;91450
2023-12-01 18:00:00+01:00;95319
2023-12-01 19:00:00+01:00;96400
2023-12-01 20:00:00+01:00;96650
2023-12-01 21:00:00+01:00;93928
2023-12-01 22:00:00+01:00;84745
2023-12-01 23:00:00+01:00;64977
2023-12-02 00:00:00+01:00;51726
2023-12-02 01:00:00+01:00;42524
2023-12-02 02:00:00+01:00;44975
2023-12-02 03:00:00+01:00;46032
2023-12-02 04:00:00+01:00;51655
2023-12-02 05:00:00+01:00;63473
2023-12-02 06:00:00+01:00;84264
2023-12-02 07:00:00+01:00;100872
2023-12-02 08:00:00+01:00;99170
2023-12-02 09:00:00+01:00;97189
2023-12-02 10:00:00+01:00;89668
2023-12-02 11:00:00+01:00;83590
2023-12-02 12:00:00+01:00;79168
2023-12-02 13:00:00+01:00;77056
2023-12-02 14:00:00+01:00;76583
2023-12-02 15:00:00+01:00;77484
2023-12-02 16:00:00+01:00;79189
2023-12-02 17:00:00+01:00;82591
2023-12-02 18:00:00+01:00;86198
2023-12-02 19:00:00+01:00;87277
2023-12-02 20:00:00+01:00;87610
2023-12-02 21:00:00+01:00;85120
2023-12-02 22:00:00+01:00;76849
2023-12-02 23:00:00+01:00;58640
2023-12-03 00:00:00+01:00;46521
2023-12-03 01:00:00+01:00;47641
2023-12-03 02:00:00+01:00;50314
2023-12-03 03:00:00+01:00;51488
2023-12-03 04:00:00+01:00;57488
2023-12-03 05:00:00+01:00;70145
2023-12-03 06:00:00+01:00;93086
2023-12-03 07:00:00+01:00;111157
2023-12-03 08:00:00+01:00;109261
2023-12-03 09:00:00+01:00;107070
2023-12-03 10:00:00+01:00;99213
2023-12-03 11:00:00+01:00;92744
2023-12-03 12:00:00+01:00;87952
2023-12-03 13:00:00+01:00;85545
2023-12-03 14:00:00+01:00;85082
2023-12-03 15:00:00+01:00;85995
2023-12-03 16:00:00+01:00;87828
2023-12-03 17:00:00+01:00;91540
2023-12-03 18:00:00+01:00;95309
2023-12-03 19:00:00+01:00;96328
2023-12-03 20:00:00+01:00;96497
2023-12-03 21:00:00+01:00;93767
2023-12-03 22:00:00+01:00;84623
2023-12-03 23:00:00+01:00;64995
2023-12-04 00:00:00+01:00;51854
2023-12-04 01:00:00+01:00;50766
2023-12-04 02:00:00+01:00;53626
2023-12-04 03:00:00+01:00;54879
2023-12-04 04:00:00+01:00;60402
2023-12-04 05:00:00+01:00;73087
2023-12-04 06:00:00+01:00;97440
2023-12-04 07:00:00+01:00;118840
2023-12-04 08:00:00+01:00;116581
2023-12-04 09:00:00+01:00;113838
2023-12-04 10:00:00+01:00;106140
2023-12-04 11:00:00+01:00;99968
2023-12-04 12:00:00+01:00;94996
2023-12-04 13:00:00+01:00;92046
2023-12-04 14:00:00+01:00;91039
2023-12-04 15:00:00+01:00;92306
2023-12-04 16:00:00+01:00;94132
2023-12-04 17:00:00+01:00;97829
2023-12-04 18:00:00+01:00;101190
2023-12-04 19:00:00+01:00;102812
2023-12-04 20:00:00+01:00;102460
2023-12-04 21:00:00+01:00;99422
2023-12-04 22:00:00+01:00;89915
2023-12-04 23:00:00+01:00;69787
2023-12-05 00:00:00+01:00;55940
2023-12-05 01:00:00+01:00;52116
2023-12-05 02:00:00+01:00;54125
2023-12-05 03:00:00+01:00;55883
2023-12-05 04:00:00+01:00;61753
2023-12-05 05:00:00+01:00;75129
2023-12-05 06:00:00+01:00;102833
2023-12-05 07:00:00+01:00;121703
2023-12-05 08:00:00+01:00;117179
2023-12-05 09:00:00+01:00;113291
2023-12-05 10:00:00+01:00;106292
2023-12-05 11:00:00+01:00;99006
2023-12-05 12:00:00+01:00;96357
2023-12-05 13:00:00+01:00;92957
2023-12-05 14:00:00+01:00;89443
2023-12-05 15:00:00+01:00;88395
2023-12-05 16:00:00+01:00;91483
2023-12-05 17:00:00+01:00;96532
2023-12-05 18:00:00+01:00;101940
2023-12-05 19:00:00+01:00;104381
2023-12-05 20:00:00+01:00;103574
2023-12-05 21:00:00+01:00;101161
2023-12-05 22:00:00+01:00;91858
2023-12-05 23:00:00+01:00;72920
2023-12-06 00:00:00+01:00;57803
2023-12-06 01:00:00+01:00;50769
2023-12-06 02:00:00+01:00;55413
2023-12-06 03:00:00+01:00;53240
2023-12-06 04:00:00+01:00;59314
2023-12-06 05:00:00+01:00;74429
2023-12-06 06:00:00+01:00;103290
2023-12-06 07:00:00+01:00;112258
2023-12-06 08:00:00+01:00;105836
2023-12-06 09:00:00+01:00;101371
2023-12-06 10:00:00+01:00;96230
2023-12-06 11:00:00+01:00;90217
2023-12-06 12:00:00+01:00;87468
2023-12-06 13:00:00+01:00;84776
2023-12-06 14:00:00+01:00;83551
2023-12-06 15:00:00+01:00;85776
2023-12-06 16:00:00+01:00;87207
2023-12-06 17:00:00+01:00;92268
2023-12-06 18:00:00+01:00;97492
2023-12-06 19:00:00+01:00;99210
2023-12-06 20:00:00+01:00;99376
2023-12-06 21:00:00+01:00;98145
2023-12-06 22:00:00+01:00;88548
2023-12-06 23:00:00+01:00;71033
2023-12-07 00:00:00+01:00;56233
2023-12-07 01:00:00+01:00;45671
2023-12-07 02:00:00+01:00;48523
2023-12-07 03:00:00+01:00;49668
2023-12-07 04:00:00+01:00;55538
2023-12-07 05:00:00+01:00;67660
2023-12-07 06:00:00+01:00;89306
2023-12-07 07:00:00+01:00;106295
2023-12-07 08:00:00+01:00;104313
2023-12-07 09:00:00+01:00;101389
2023-12-07 10:00:00+01:00;94826
2023-12-07 11:00:00+01:00;89075
2023-12-07 12:00:00+01:00;83901
2023-12-07 13:00:00+01:00;82126
2023-12-07 14:00:00+01:00;81136
2023-12-07 15:00:00+01:00;81802
2023-12-07 16:00:00+01:00;83685
2023-12-07 17:00:00+01:00;87975
2023-12-07 18:00:00+01:00;91442
2023-12-07 19:00:00+01:00;93861
2023-12-07 20:00:00+01:00;93725
2023-12-07 21:00:00+01:00;90696
2023-12-07 22:00:00+01:00;81894
2023-12-07 23:00:00+01:00;63319
2023-12-08 00:00:00+01:00;50292
2023-12-08 01:00:00+01:00;49641
2023-12-08 02:00:00+01:00;52222
2023-12-08 03:00:00+01:00;53515
2023-12-08 04:00:00+01:00;59278
2023-12-08 05:00:00+01:00;71492
2023-12-08 06:00:00+01:00;95462
2023-12-08 07:00:00+01:00;113977
2023-12-08 08:00:00+01:00;111981
2023-12-08 09:00:00+01:00;109411
2023-12-08 10:00:00+01:00;102195
2023-12-08 11:00:00+01:00;95818
2023-12-08 12:00:00+01:00;90912
2023-12-08 13:00:00+01:00;88291
2023-12-08 14:00:00+01:00;87818
2023-12-08 15:00:00+01:00;88564
2023-12-08 16:00:00+01:00;90373
2023-12-08 17:00:00+01:00;94114
2023-12-08 18:00:00+01:00;97535
2023-12-08 19:00:00+01:00;98488
2023-12-08 20:00:00+01:00;98586
2023-12-08 21:00:00+01:00;95805
2023-12-08 22:00:00+01:00;86710
2023-12-08 23:00:00+01:00;67088
2023-12-09 00:00:00+01:00;53680
2023-12-09 01:00:00+01:00;53785
2023-12-09 02:00:00+01:00;56584
2023-12-09 03:00:00+01:00;57959
2023-12-09 04:00:00+01:00;64109
2023-12-09 05:00:00+01:00;76935
2023-12-09 06:00:00+01:00;102279
2023-12-09 07:00:00+01:00;121848
2023-12-09 08:00:00+01:00;119646
2023-12-09 09:00:00+01:00;117237
2023-12-09 10:00:00+01:00;109593
2023-12-09 11:00:00+01:00;102964
2023-12-09 12:00:00+01:00;97819
2023-12-09 13:00:00+01:00;95188
2023-12-09 14:00:00+01:00;94636
2023-12-09 15:00:00+01:00;95588
2023-12-09 16:00:00+01:00;97564
2023-12-09 17:00:00+01:00;101601
2023-12-09 18:00:00+01:00;105218
2023-12-09 19:00:00+01:00;106041
2023-12-09 20:00:00+01:00;105845
2023-12-09 21:00:00+01:00;102800
2023-12-09 22:00:00+01:00;92939
2023-12-09 23:00:00+01:00;71976
2023-12-10 00:00:00+01:00;58037
2023-12-10 01:00:00+01:00;66030
2023-12-10 02:00:00+01:00;69099
2023-12-10 03:00:00+01:00;70764
2023-12-10 04:00:00+01:00;77163
2023-12-10 05:00:00+01:00;90352
2023-12-10 06:00:00+01:00;120381
2023-12-10 07:00:00+01:00;142727
2023-12-10 08:00:00+01:00;140024
2023-12-10 09:00:00+01:00;137192
2023-12-10 10:00:00+01:00;130120
2023-12-10 11:00:00+01:00;123138
2023-12-10 12:00:00+01:00;117350
2023-12-10 13:00:00+01:00;114049
2023-12-10 14:00:00+01:00;113533
2023-12-10 15:00:00+01:00;114509
2023-12-10 16:00:00+01:00;116713
2023-12-10 17:00:00+01:00;121335
2023-12-10 18:00:00+01:00;124688
2023-12-10 19:00:00+01:00;125037
2023-12-10 20:00:00+01:00;124104
2023-12-10 21:00:00+01:00;120495
2023-12-10 22:00:00+01:00;109143
2023-12-10 23:00:00+01:00;85838
2023-12-11 00:00:00+01:00;70292
2023-12-11 01:00:00+01:00;66993
2023-12-11 02:00:00+01:00;70149
2023-12-11 03:00:00+01:00;72013
2023-12-11 04:00:00+01:00;77650
2023-12-11 05:00:00+01:00;90875
2023-12-11 06:00:00+01:00;121556
2023-12-11 07:00:00+01:00;147003
2023-12-11 08:00:00+01:00;143924
2023-12-11 09:00:00+01:00;140435
2023-12-11 10:00:00+01:00;133345
2023-12-11 11:00:00+01:00;126867
2023-12-11 12:00:00+01:00;121071
2023-12-11 13:00:00+01:00;117209
2023-12-11 14:00:00+01:00;116116
2023-12-11 15:00:00+01:00;117354
2023-12-11 16:00:00+01:00;119486
2023-12-11 17:00:00+01:00;124126
2023-12-11 18:00:00+01:00;127207
2023-12-11 19:00:00+01:00;128128
2023-12-11 20:00:00+01:00;126998
2023-12-11 21:00:00+01:00;123005
2023-12-11 22:00:00+01:00;111625
2023-12-11 23:00:00+01:00;88280
2023-12-12 00:00:00+01:00;72056
2023-12-12 01:00:00+01:00;60137
2023-12-12 02:00:00+01:00;61880
2023-12-12 03:00:00+01:00;64159
2023-12-12 04:00:00+01:00;70057
2023-12-12 05:00:00+01:00;83649
2023-12-12 06:00:00+01:00;114413
2023-12-12 07:00:00+01:00;135527
2023-12-12 08:00:00+01:00;130127
2023-12-12 09:00:00+01:00;126190
2023-12-12 10:00:00+01:00;119168
2023-12-12 11:00:00+01:00;111794
2023-12-12 12:00:00+01:00;108891
2023-12-12 13:00:00+01:00;104826
2023-12-12 14:00:00+01:00;101584
2023-12-12 15:00:00+01:00;100565
2023-12-12 16:00:00+01:00;103613
2023-12-12 17:00:00+01:00;109104
2023-12-12 18:00:00+01:00;114642
2023-12-12 19:00:00+01:00;116706
2023-12-12 20:00:00+01:00;115572
2023-12-12 21:00:00+01:00;112487
2023-12-12 22:00:00+01:00;102679
2023-12-12 23:00:00+01:00;81782
2023-12-13 00:00:00+01:00;65778
2023-12-13 01:00:00+01:00;60556
2023-12-13 02:00:00+01:00;64763
2023-12-13 03:00:00+01:00;63112
2023-12-13 04:00:00+01:00;69787
2023-12-13 05:00:00+01:00;86336
2023-12-13 06:00:00+01:00;118670
2023-12-13 07:00:00+01:00;129028
2023-12-13 08:00:00+01:00;121854
2023-12-13 09:00:00+01:00;117708
2023-12-13 10:00:00+01:00;112221
2023-12-13 11:00:00+01:00;105860
2023-12-13 12:00:00+01:00;102853
2023-12-13 13:00:00+01:00;99655
2023-12-13 14:00:00+01:00;98452
2023-12-13 15:00:00+01:00;100876
2023-12-13 16:00:00+01:00;102768
2023-12-13 17:00:00+01:00;107698
2023-12-13 18:00:00+01:00;113473
2023-12-13 19:00:00+01:00;115172
2023-12-13 20:00:00+01:00;114840
2023-12-13 21:00:00+01:00;112958
2023-12-13 22:00:00+01:00;102420
2023-12-13 23:00:00+01:00;82123
2023-12-14 00:00:00+01:00;66552
2023-12-14 01:00:00+01:00;64928
2023-12-14 02:00:00+01:00;67816
2023-12-14 03:00:00+01:00;69531
2023-12-14 04:00:00+01:00;76321
2023-12-14 05:00:00+01:00;89695
2023-12-14 06:00:00+01:00;119322
2023-12-14 07:00:00+01:00;141310
2023-12-14 08:00:00+01:00;137966
2023-12-14 09:00:00+01:00;134848
2023-12-14 10:00:00+01:00;128214
2023-12-14 11:00:00+01:00;121745
2023-12-14 12:00:00+01:00;115676
2023-12-14 13:00:00+01:00;112479
2023-12-14 14:00:00+01:00;111860
2023-12-14 15:00:00+01:00;112601
2023-12-14 16:00:00+01:00;114755
2023-12-14 17:00:00+01:00;119498
2023-12-14 18:00:00+01:00;123652
2023-12-14 19:00:00+01:00;125331
2023-12-14 20:00:00+01:00;124324
2023-12-14 21:00:00+01:00;119580
2023-12-14 22:00:00+01:00;108728
2023-12-14 23:00:00+01:00;85622
2023-12-15 00:00:00+01:00;69777
2023-12-15 01:00:00+01:00;63037
2023-12-15 02:00:00+01:00;66070
2023-12-15 03:00:00+01:00;67657
2023-12-15 04:00:00+01:00;74049
2023-12-15 05:00:00+01:00;87299
2023-12-15 06:00:00+01:00;116254
2023-12-15 07:00:00+01:00;137982
2023-12-15 08:00:00+01:00;135422
2023-12-15 09:00:00+01:00;132659
2023-12-15 10:00:00+01:00;125342
2023-12-15 11:00:00+01:00;118383
2023-12-15 12:00:00+01:00;112726
2023-12-15 13:00:00+01:00;109568
2023-12-15 14:00:00+01:00;109045
2023-12-15 15:00:00+01:00;110013
2023-12-15 16:00:00+01:00;112162
2023-12-15 17:00:00+01:00;116643
2023-12-15 18:00:00+01:00;120121
2023-12-15 19:00:00+01:00;120613
2023-12-15 20:00:00+01:00;119899
2023-12-15 21:00:00+01:00;116433
2023-12-15 22:00:00+01:00;105401
2023-12-15 23:00:00+01:00;82579
2023-12-16 00:00:00+01:00;67338
2023-12-16 01:00:00+01:00;54628
2023-12-16 02:00:00+01:00;57469
2023-12-16 03:00:00+01:00;58870
2023-12-16 04:00:00+01:00;65092
2023-12-16 05:00:00+01:00;78076
2023-12-16 06:00:00+01:00;103816
2023-12-16 07:00:00+01:00;123661
2023-12-16 08:00:00+01:00;121429
2023-12-16 09:00:00+01:00;118958
2023-12-16 10:00:00+01:00;111239
2023-12-16 11:00:00+01:00;104531
2023-12-16 12:00:00+01:00;99312
2023-12-16 13:00:00+01:00;96638
2023-12-16 14:00:00+01:00;96069
2023-12-16 15:00:00+01:00;97025
2023-12-16 16:00:00+01:00;99023
2023-12-16 17:00:00+01:00;103111
2023-12-16 18:00:00+01:00;106761
2023-12-16 19:00:00+01:00;107586
2023-12-16 20:00:00+01:00;107377
2023-12-16 21:00:00+01:00;104292
2023-12-16 22:00:00+01:00;94293
2023-12-16 23:00:00+01:00;73056
2023-12-17 00:00:00+01:00;58926
2023-12-17 01:00:00+01:00;39592
2023-12-17 02:00:00+01:00;41823
2023-12-17 03:00:00+01:00;42983
2023-12-17 04:00:00+01:00;48280
2023-12-17 05:00:00+01:00;60010
2023-12-17 06:00:00+01:00;81062
2023-12-17 07:00:00+01:00;97735
2023-12-17 08:00:00+01:00;96170
2023-12-17 09:00:00+01:00;93126
2023-12-17 10:00:00+01:00;85915
2023-12-17 11:00:00+01:00;79769
2023-12-17 12:00:00+01:00;75226
2023-12-17 13:00:00+01:00;72836
2023-12-17 14:00:00+01:00;72276
2023-12-17 15:00:00+01:00;72645
2023-12-17 16:00:00+01:00;74156
2023-12-17 17:00:00+01:00;77294
2023-12-17 18:00:00+01:00;80663
2023-12-17 19:00:00+01:00;82201
2023-12-17 20:00:00+01:00;83263
2023-12-17 21:00:00+01:00;81046
2023-12-17 22:00:00+01:00;73529
2023-12-17 23:00:00+01:00;56111
2023-12-18 00:00:00+01:00;43512
2023-12-18 01:00:00+01:00;33946
2023-12-18 02:00:00+01:00;36084
2023-12-18 03:00:00+01:00;36878
2023-12-18 04:00:00+01:00;41328
2023-12-18 05:00:00+01:00;52231
2023-12-18 06:00:00+01:00;72238
2023-12-18 07:00:00+01:00;89999
2023-12-18 08:00:00+01:00;88552
2023-12-18 09:00:00+01:00;84453
2023-12-18 10:00:00+01:00;77835
2023-12-18 11:00:00+01:00;72204
2023-12-18 12:00:00+01:00;67605
2023-12-18 13:00:00+01:00;65466
2023-12-18 14:00:00+01:00;64062
2023-12-18 15:00:00+01:00;64192
2023-12-18 16:00:00+01:00;65318
2023-12-18 17:00:00+01:00;67942
2023-12-18 18:00:00+01:00;70716
2023-12-18 19:00:00+01:00;73063
2023-12-18 20:00:00+01:00;74726
2023-12-18 21:00:00+01:00;72781
2023-12-18 22:00:00+01:00;66517
2023-12-18 23:00:00+01:00;50844
2023-12-19 00:00:00+01:00;38273
2023-12-19 01:00:00+01:00;33740
2023-12-19 02:00:00+01:00;34831
2023-12-19 03:00:00+01:00;36292
2023-12-19 04:00:00+01:00;40509
2023-12-19 05:00:00+01:00;52009
2023-12-19 06:00:00+01:00;73687
2023-12-19 07:00:00+01:00;87948
2023-12-19 08:00:00+01:00;85864
2023-12-19 09:00:00+01:00;81434
2023-12-19 10:00:00+01:00;75313
2023-12-19 11:00:00+01:00;69211
2023-12-19 12:00:00+01:00;66432
2023-12-19 13:00:00+01:00;63925
2023-12-19 14:00:00+01:00;60588
2023-12-19 15:00:00+01:00;59213
2023-12-19 16:00:00+01:00;61194
2023-12-19 17:00:00+01:00;64336
2023-12-19 18:00:00+01:00;68592
2023-12-19 19:00:00+01:00;71816
2023-12-19 20:00:00+01:00;73042
2023-12-19 21:00:00+01:00;71623
2023-12-19 22:00:00+01:00;65501
2023-12-19 23:00:00+01:00;51084
2023-12-20 00:00:00+01:00;38392
2023-12-20 01:00:00+01:00;37591
2023-12-20 02:00:00+01:00;40972
2023-12-20 03:00:00+01:00;39897
2023-12-20 04:00:00+01:00;45148
2023-12-20 05:00:00+01:00;58801
2023-12-20 06:00:00+01:00;83674
2023-12-20 07:00:00+01:00;90579
2023-12-20 08:00:00+01:00;86691
2023-12-20 09:00:00+01:00;81328
2023-12-20 10:00:00+01:00;76198
2023-12-20 11:00:00+01:00;71104
2023-12-20 12:00:00+01:00;68301
2023-12-20 13:00:00+01:00;65898
2023-12-20 14:00:00+01:00;64511
2023-12-20 15:00:00+01:00;65786
2023-12-20 16:00:00+01:00;66810
2023-12-20 17:00:00+01:00;70653
2023-12-20 18:00:00+01:00;74607
2023-12-20 19:00:00+01:00;76910
2023-12-20 20:00:00+01:00;78404
2023-12-20 21:00:00+01:00;77557
2023-12-20 22:00:00+01:00;70332
2023-12-20 23:00:00+01:00;55759
2023-12-21 00:00:00+01:00;42424
2023-12-21 01:00:00+01:00;38687
2023-12-21 02:00:00+01:00;41079
2023-12-21 03:00:00+01:00;42356
2023-12-21 04:00:00+01:00;47673
2023-12-21 05:00:00+01:00;59232
2023-12-21 06:00:00+01:00;80584
2023-12-21 07:00:00+01:00;97232
2023-12-21 08:00:00+01:00;95574
2023-12-21 09:00:00+01:00;91006
2023-12-21 10:00:00+01:00;84828
2023-12-21 11:00:00+01:00;79009
2023-12-21 12:00:00+01:00;73929
2023-12-21 13:00:00+01:00;71736
2023-12-21 14:00:00+01:00;70650
2023-12-21 15:00:00+01:00;70614
2023-12-21 16:00:00+01:00;72271
2023-12-21 17:00:00+01:00;75505
2023-12-21 18:00:00+01:00;78825
2023-12-21 19:00:00+01:00;81604
2023-12-21 20:00:00+01:00;82921
2023-12-21 21:00:00+01:00;80612
2023-12-21 22:00:00+01:00;73420
2023-12-21 23:00:00+01:00;56445
2023-12-22 00:00:00+01:00;43147
2023-12-22 01:00:00+01:00;34699
2023-12-22 02:00:00+01:00;36599
2023-12-22 03:00:00+01:00;37855
2023-12-22 04:00:00+01:00;42621
2023-12-22 05:00:00+01:00;53858
2023-12-22 06:00:00+01:00;74616
2023-12-22 07:00:00+01:00;90945
2023-12-22 08:00:00+01:00;89580
2023-12-22 09:00:00+01:00;85335
2023-12-22 10:00:00+01:00;78672
2023-12-22 11:00:00+01:00;72593
2023-12-22 12:00:00+01:00;68017
2023-12-22 13:00:00+01:00;65437
2023-12-22 14:00:00+01:00;64704
2023-12-22 15:00:00+01:00;64485
2023-12-22 16:00:00+01:00;65737
2023-12-22 17:00:00+01:00;68457
2023-12-22 18:00:00+01:00;71457
2023-12-22 19:00:00+01:00;73531
2023-12-22 20:00:00+01:00;75480
2023-12-22 21:00:00+01:00;73634
2023-12-22 22:00:00+01:00;67329
2023-12-22 23:00:00+01:00;51232
2023-12-23 00:00:00+01:00;38442
2023-12-23 01:00:00+01:00;35816
2023-12-23 02:00:00+01:00;37814
2023-12-23 03:00:00+01:00;39065
2023-12-23 04:00:00+01:00;44009
2023-12-23 05:00:00+01:00;55493
2023-12-23 06:00:00+01:00;76706
2023-12-23 07:00:00+01:00;93382
2023-12-23 08:00:00+01:00;91946
2023-12-23 09:00:00+01:00;87731
2023-12-23 10:00:00+01:00;80854
2023-12-23 11:00:00+01:00;74673
2023-12-23 12:00:00+01:00;70006
2023-12-23 13:00:00+01:00;67459
2023-12-23 14:00:00+01:00;66661
2023-12-23 15:00:00+01:00;66548
2023-12-23 16:00:00+01:00;67840
2023-12-23 17:00:00+01:00;70631
2023-12-23 18:00:00+01:00;73747
2023-12-23 19:00:00+01:00;75802
2023-12-23 20:00:00+01:00;77704
2023-12-23 21:00:00+01:00;75770
2023-12-23 22:00:00+01:00;69232
2023-12-23 23:00:00+01:00;52654
2023-12-24 00:00:00+01:00;39665
2023-12-24 01:00:00+01:00;39377
2023-12-24 02:00:00+01:00;41587
2023-12-24 03:00:00+01:00;42753
2023-12-24 04:00:00+01:00;48012
2023-12-24 05:00:00+01:00;59692
2023-12-24 06:00:00+01:00;80744
2023-12-24 07:00:00+01:00;97394
2023-12-24 08:00:00+01:00;95838
2023-12-24 09:00:00+01:00;92729
2023-12-24 10:00:00+01:00;85571
2023-12-24 11:00:00+01:00;79437
2023-12-24 12:00:00+01:00;74893
2023-12-24 13:00:00+01:00;72490
2023-12-24 14:00:00+01:00;71922
2023-12-24 15:00:00+01:00;72258
2023-12-24 16:00:00+01:00;73754
2023-12-24 17:00:00+01:00;76871
2023-12-24 18:00:00+01:00;80209
2023-12-24 19:00:00+01:00;81770
2023-12-24 20:00:00+01:00;82874
2023-12-24 21:00:00+01:00;80673
2023-12-24 22:00:00+01:00;73222
2023-12-24 23:00:00+01:00;55886
2023-12-25 00:00:00+01:00;43279
2023-12-25 01:00:00+01:00;38656
2023-12-25 02:00:00+01:00;41025
2023-12-25 03:00:00+01:00;41912
2023-12-25 04:00:00+01:00;46745
2023-12-25 05:00:00+01:00;57926
2023-12-25 06:00:00+01:00;77879
2023-12-25 07:00:00+01:00;95901
2023-12-25 08:00:00+01:00;94173
2023-12-25 09:00:00+01:00;91456
2023-12-25 10:00:00+01:00;84449
2023-12-25 11:00:00+01:00;78912
2023-12-25 12:00:00+01:00;74567
2023-12-25 13:00:00+01:00;72266
2023-12-25 14:00:00+01:00;71255
2023-12-25 15:00:00+01:00;72139
2023-12-25 16:00:00+01:00;73579
2023-12-25 17:00:00+01:00;76541
2023-12-25 18:00:00+01:00;79549
2023-12-25 19:00:00+01:00;81450
2023-12-25 20:00:00+01:00;81883
2023-12-25 21:00:00+01:00;79582
2023-12-25 22:00:00+01:00;72094
2023-12-25 23:00:00+01:00;55325
2023-12-26 00:00:00+01:00;43289
2023-12-26 01:00:00+01:00;34158
2023-12-26 02:00:00+01:00;34961
2023-12-26 03:00:00+01:00;36601
2023-12-26 04:00:00+01:00;40602
2023-12-26 05:00:00+01:00;52132
2023-12-26 06:00:00+01:00;74439
2023-12-26 07:00:00+01:00;89120
2023-12-26 08:00:00+01:00;87164
2023-12-26 09:00:00+01:00;82399
2023-12-26 10:00:00+01:00;76265
2023-12-26 11:00:00+01:00;70238
2023-12-26 12:00:00+01:00;67193
2023-12-26 13:00:00+01:00;64522
2023-12-26 14:00:00+01:00;61223
2023-12-26 15:00:00+01:00;59793
2023-12-26 16:00:00+01:00;61553
2023-12-26 17:00:00+01:00;64533
2023-12-26 18:00:00+01:00;68689
2023-12-26 19:00:00+01:00;72024
2023-12-26 20:00:00+01:00;73601
2023-12-26 21:00:00+01:00;72070
2023-12-26 22:00:00+01:00;66274
2023-12-26 23:00:00+01:00;51586
2023-12-27 00:00:00+01:00;38661
2023-12-27 01:00:00+01:00;38767
2023-12-27 02:00:00+01:00;42022
2023-12-27 03:00:00+01:00;41289
2023-12-27 04:00:00+01:00;46896
2023-12-27 05:00:00+01:00;61426
2023-12-27 06:00:00+01:00;87599
2023-12-27 07:00:00+01:00;94558
2023-12-27 08:00:00+01:00;91008
2023-12-27 09:00:00+01:00;84976
2023-12-27 10:00:00+01:00;79413
2023-12-27 11:00:00+01:00;74163
2023-12-27 12:00:00+01:00;71075
2023-12-27 13:00:00+01:00;68497
2023-12-27 14:00:00+01:00;66953
2023-12-27 15:00:00+01:00;68095
2023-12-27 16:00:00+01:00;69165
2023-12-27 17:00:00+01:00;72912
2023-12-27 18:00:00+01:00;76915
2023-12-27 19:00:00+01:00;79538
2023-12-27 20:00:00+01:00;81393
2023-12-27 21:00:00+01:00;80461
2023-12-27 22:00:00+01:00;73218
2023-12-27 23:00:00+01:00;57869
2023-12-28 00:00:00+01:00;43857
2023-12-28 01:00:00+01:00;48946
2023-12-28 02:00:00+01:00;51613
2023-12-28 03:00:00+01:00;53005
2023-12-28 04:00:00+01:00;58942
2023-12-28 05:00:00+01:00;71245
2023-12-28 06:00:00+01:00;95414
2023-12-28 07:00:00+01:00;113909
2023-12-28 08:00:00+01:00;111624
2023-12-28 09:00:00+01:00;107901
2023-12-28 10:00:00+01:00;101473
2023-12-28 11:00:00+01:00;95450
2023-12-28 12:00:00+01:00;90017
2023-12-28 13:00:00+01:00;87588
2023-12-28 14:00:00+01:00;86677
2023-12-28 15:00:00+01:00;87060
2023-12-28 16:00:00+01:00;88936
2023-12-28 17:00:00+01:00;92915
2023-12-28 18:00:00+01:00;96548
2023-12-28 19:00:00+01:00;98888
2023-12-28 20:00:00+01:00;99108
2023-12-28 21:00:00+01:00;95832
2023-12-28 22:00:00+01:00;87055
2023-12-28 23:00:00+01:00;67669
2023-12-29 00:00:00+01:00;53580
2023-12-29 01:00:00+01:00;58205
2023-12-29 02:00:00+01:00;61095
2023-12-29 03:00:00+01:00;62551
2023-12-29 04:00:00+01:00;68752
2023-12-29 05:00:00+01:00;81646
2023-12-29 06:00:00+01:00;108632
2023-12-29 07:00:00+01:00;129117
2023-12-29 08:00:00+01:00;126758
2023-12-29 09:00:00+01:00;124207
2023-12-29 10:00:00+01:00;116865
2023-12-29 11:00:00+01:00;110132
2023-12-29 12:00:00+01:00;104780
2023-12-29 13:00:00+01:00;101859
2023-12-29 14:00:00+01:00;101377
2023-12-29 15:00:00+01:00;102324
2023-12-29 16:00:00+01:00;104368
2023-12-29 17:00:00+01:00;108601
2023-12-29 18:00:00+01:00;112100
2023-12-29 19:00:00+01:00;112718
2023-12-29 20:00:00+01:00;112230
2023-12-29 21:00:00+01:00;108998
2023-12-29 22:00:00+01:00;98604
2023-12-29 23:00:00+01:00;76907
2023-12-30 00:00:00+01:00;62424
2023-12-30 01:00:00+01:00;66127
2023-12-30 02:00:00+01:00;69127
2023-12-30 03:00:00+01:00;70873
2023-12-30 04:00:00+01:00;77233
2023-12-30 05:00:00+01:00;90296
2023-12-30 06:00:00+01:00;120289
2023-12-30 07:00:00+01:00;142649
2023-12-30 08:00:00+01:00;139860
2023-12-30 09:00:00+01:00;137086
2023-12-30 10:00:00+01:00;130059
2023-12-30 11:00:00+01:00;123191
2023-12-30 12:00:00+01:00;117403
2023-12-30 13:00:00+01:00;114187
2023-12-30 14:00:00+01:00;113647
2023-12-30 15:00:00+01:00;114569
2023-12-30 16:00:00+01:00;116788
2023-12-30 17:00:00+01:00;121475
2023-12-30 18:00:00+01:00;124707
2023-12-30 19:00:00+01:00;125085
2023-12-30 20:00:00+01:00;124100
2023-12-30 21:00:00+01:00;120467
2023-12-30 22:00:00+01:00;109131
2023-12-30 23:00:00+01:00;85862
2023-12-31 00:00:00+01:00;70364
2023-12-31 01:00:00+01:00;72140
2023-12-31 02:00:00+01:00;75302
2023-12-31 03:00:00+01:00;77122
2023-12-31 04:00:00+01:00;83641
2023-12-31 05:00:00+01:00;96943
2023-12-31 06:00:00+01:00;129104
2023-12-31 07:00:00+01:00;152829
2023-12-31 08:00:00+01:00;149833
2023-12-31 09:00:00+01:00;146973
2023-12-31 10:00:00+01:00;140094
2023-12-31 11:00:00+01:00;132951
2023-12-31 12:00:00+01:00;126869
2023-12-31 13:00:00+01:00;123294
2023-12-31 14:00:00+01:00;122702
2023-12-31 15:00:00+01:00;123718
2023-12-31 16:00:00+01:00;126016
2023-12-31 17:00:00+01:00;130895
2023-12-31 18:00:00+01:00;134113
2023-12-31 19:00:00+01:00;134238
2023-12-31 20:00:00+01:00;132953
2023-12-31 21:00:00+01:00;129009
2023-12-31 22:00:00+01:00;116941
2023-12-31 23:00:00+01:00;92607
