;Actual Load
2023-01-01 00:00:00+01:00;65558
2023-01-01 01:00:00+01:00;67098
2023-01-01 02:00:00+01:00;71892
2023-01-01 03:00:00+01:00;80991
2023-01-01 04:00:00+01:00;106216
2023-01-01 05:00:00+01:00;125926
2023-01-01 06:00:00+01:00;123165
2023-01-01 07:00:00+01:00;122453
2023-01-01 08:00:00+01:00;117087
2023-01-01 09:00:00+01:00;111589
2023-01-01 10:00:00+01:00;107017
2023-01-01 11:00:00+01:00;104032
2023-01-01 12:00:00+01:00;102631
2023-01-01 13:00:00+01:00;103456
2023-01-01 14:00:00+01:00;104861
2023-01-01 15:00:00+01:00;108308
2023-01-01 16:00:00+01:00;110448
2023-01-01 17:00:00+01:00;109969
2023-01-01 18:00:00+01:00;108650
2023-01-01 19:00:00+01:00;104916
2023-01-01 20:00:00+01:00;95251
2023-01-01 21:00:00+01:00;78032
2023-01-01 22:00:00+01:00;66087
2023-01-01 23:00:00+01:00;54587
2023-01-02 00:00:00+01:00;56612
2023-01-02 01:00:00+01:00;58163
2023-01-02 02:00:00+01:00;62195
2023-01-02 03:00:00+01:00;71439
2023-01-02 04:00:00+01:00;95009
2023-01-02 05:00:00+01:00;115011
2023-01-02 06:00:00+01:00;112478
2023-01-02 07:00:00+01:00;110312
2023-01-02 08:00:00+01:00;105309
2023-01-02 09:00:00+01:00;100474
2023-01-02 10:00:00+01:00;96127
2023-01-02 11:00:00+01:00;93124
2023-01-02 12:00:00+01:00;91716
2023-01-02 13:00:00+01:00;92586
2023-01-02 14:00:00+01:00;93878
2023-01-02 15:00:00+01:00;97279
2023-01-02 16:00:00+01:00;99185
2023-01-02 17:00:00+01:00;99588
2023-01-02 18:00:00+01:00;98452
2023-01-02 19:00:00+01:00;95206
2023-01-02 20:00:00+01:00;86563
2023-01-02 21:00:00+01:00;69835
2023-01-02 22:00:00+01:00;57929
2023-01-02 23:00:00+01:00;43188
2023-01-03 00:00:00+01:00;44259
2023-01-03 01:00:00+01:00;45931
2023-01-03 02:00:00+01:00;50088
2023-01-03 03:00:00+01:00;59903
2023-01-03 04:00:00+01:00;82271
2023-01-03 05:00:00+01:00;97873
2023-01-03 06:00:00+01:00;94198
2023-01-03 07:00:00+01:00;90945
2023-01-03 08:00:00+01:00;85872
2023-01-03 09:00:00+01:00;80543
2023-01-03 10:00:00+01:00;78379
2023-01-03 11:00:00+01:00;75315
2023-01-03 12:00:00+01:00;72647
2023-01-03 13:00:00+01:00;71820
2023-01-03 14:00:00+01:00;73736
2023-01-03 15:00:00+01:00;77579
2023-01-03 16:00:00+01:00;81539
2023-01-03 17:00:00+01:00;83033
2023-01-03 18:00:00+01:00;82372
2023-01-03 19:00:00+01:00;80280
2023-01-03 20:00:00+01:00;73562
2023-01-03 21:00:00+01:00;58674
2023-01-03 22:00:00+01:00;47131
2023-01-03 23:00:00+01:00;41311
2023-01-04 00:00:00+01:00;43891
2023-01-04 01:00:00+01:00;43017
2023-01-04 02:00:00+01:00;47678
2023-01-04 03:00:00+01:00;59365
2023-01-04 04:00:00+01:00;81921
2023-01-04 05:00:00+01:00;88695
2023-01-04 06:00:00+01:00;84177
2023-01-04 07:00:00+01:00;80906
2023-01-04 08:00:00+01:00;77053
2023-01-04 09:00:00+01:00;72702
2023-01-04 10:00:00+01:00;70627
2023-01-04 11:00:00+01:00;68292
2023-01-04 12:00:00+01:00;67195
2023-01-04 13:00:00+01:00;68690
2023-01-04 14:00:00+01:00;69838
2023-01-04 15:00:00+01:00;72944
2023-01-04 16:00:00+01:00;76880
2023-01-04 17:00:00+01:00;78136
2023-01-04 18:00:00+01:00;78122
2023-01-04 19:00:00+01:00;76937
2023-01-04 20:00:00+01:00;70060
2023-01-04 21:00:00+01:00;56134
2023-01-04 22:00:00+01:00;45506
2023-01-04 23:00:00+01:00;47620
2023-01-05 00:00:00+01:00;49602
2023-01-05 01:00:00+01:00;50894
2023-01-05 02:00:00+01:00;55735
2023-01-05 03:00:00+01:00;65252
2023-01-05 04:00:00+01:00;87178
2023-01-05 05:00:00+01:00;103577
2023-01-05 06:00:00+01:00;101242
2023-01-05 07:00:00+01:00;98588
2023-01-05 08:00:00+01:00;93967
2023-01-05 09:00:00+01:00;89215
2023-01-05 10:00:00+01:00;84813
2023-01-05 11:00:00+01:00;82263
2023-01-05 12:00:00+01:00;81605
2023-01-05 13:00:00+01:00;81944
2023-01-05 14:00:00+01:00;83277
2023-01-05 15:00:00+01:00;86512
2023-01-05 16:00:00+01:00;89532
2023-01-05 17:00:00+01:00;90584
2023-01-05 18:00:00+01:00;89960
2023-01-05 19:00:00+01:00;86582
2023-01-05 20:00:00+01:00;78992
2023-01-05 21:00:00+01:00;62533
2023-01-05 22:00:00+01:00;51021
2023-01-05 23:00:00+01:00;52002
2023-01-06 00:00:00+01:00;54218
2023-01-06 01:00:00+01:00;55535
2023-01-06 02:00:00+01:00;60206
2023-01-06 03:00:00+01:00;69760
2023-01-06 04:00:00+01:00;92901
2023-01-06 05:00:00+01:00;110407
2023-01-06 06:00:00+01:00;108395
2023-01-06 07:00:00+01:00;106159
2023-01-06 08:00:00+01:00;101039
2023-01-06 09:00:00+01:00;95752
2023-01-06 10:00:00+01:00;91368
2023-01-06 11:00:00+01:00;88691
2023-01-06 12:00:00+01:00;87880
2023-01-06 13:00:00+01:00;88464
2023-01-06 14:00:00+01:00;89892
2023-01-06 15:00:00+01:00;93254
2023-01-06 16:00:00+01:00;95577
2023-01-06 17:00:00+01:00;95609
2023-01-06 18:00:00+01:00;94865
2023-01-06 19:00:00+01:00;92128
2023-01-06 20:00:00+01:00;83639
2023-01-06 21:00:00+01:00;66593
2023-01-06 22:00:00+01:00;54970
2023-01-06 23:00:00+01:00;50877
2023-01-07 00:00:00+01:00;53069
2023-01-07 01:00:00+01:00;54422
2023-01-07 02:00:00+01:00;59081
2023-01-07 03:00:00+01:00;68639
2023-01-07 04:00:00+01:00;91569
2023-01-07 05:00:00+01:00;108921
2023-01-07 06:00:00+01:00;106903
2023-01-07 07:00:00+01:00;104482
2023-01-07 08:00:00+01:00;99395
2023-01-07 09:00:00+01:00;94213
2023-01-07 10:00:00+01:00;89834
2023-01-07 11:00:00+01:00;87254
2023-01-07 12:00:00+01:00;86521
2023-01-07 13:00:00+01:00;87030
2023-01-07 14:00:00+01:00;88505
2023-01-07 15:00:00+01:00;91941
2023-01-07 16:00:00+01:00;94215
2023-01-07 17:00:00+01:00;94317
2023-01-07 18:00:00+01:00;93587
2023-01-07 19:00:00+01:00;90962
2023-01-07 20:00:00+01:00;82586
2023-01-07 21:00:00+01:00;65511
2023-01-07 22:00:00+01:00;53902
2023-01-07 23:00:00+01:00;43178
2023-01-08 00:00:00+01:00;45368
2023-01-08 01:00:00+01:00;46480
2023-01-08 02:00:00+01:00;51194
2023-01-08 03:00:00+01:00;61180
2023-01-08 04:00:00+01:00;81653
2023-01-08 05:00:00+01:00;97555
2023-01-08 06:00:00+01:00;95972
2023-01-08 07:00:00+01:00;93578
2023-01-08 08:00:00+01:00;87771
2023-01-08 09:00:00+01:00;82485
2023-01-08 10:00:00+01:00;78389
2023-01-08 11:00:00+01:00;76083
2023-01-08 12:00:00+01:00;75351
2023-01-08 13:00:00+01:00;75880
2023-01-08 14:00:00+01:00;77191
2023-01-08 15:00:00+01:00;80240
2023-01-08 16:00:00+01:00;82982
2023-01-08 17:00:00+01:00;83471
2023-01-08 18:00:00+01:00;83396
2023-01-08 19:00:00+01:00;81164
2023-01-08 20:00:00+01:00;73554
2023-01-08 21:00:00+01:00;57427
2023-01-08 22:00:00+01:00;46386
2023-01-08 23:00:00+01:00;32673
2023-01-09 00:00:00+01:00;34622
2023-01-09 01:00:00+01:00;35393
2023-01-09 02:00:00+01:00;39251
2023-01-09 03:00:00+01:00;48403
2023-01-09 04:00:00+01:00;65384
2023-01-09 05:00:00+01:00;80712
2023-01-09 06:00:00+01:00;79471
2023-01-09 07:00:00+01:00;76812
2023-01-09 08:00:00+01:00;71167
2023-01-09 09:00:00+01:00;66534
2023-01-09 10:00:00+01:00;62905
2023-01-09 11:00:00+01:00;60900
2023-01-09 12:00:00+01:00;59732
2023-01-09 13:00:00+01:00;60260
2023-01-09 14:00:00+01:00;61202
2023-01-09 15:00:00+01:00;63545
2023-01-09 16:00:00+01:00;65993
2023-01-09 17:00:00+01:00;67424
2023-01-09 18:00:00+01:00;67863
2023-01-09 19:00:00+01:00;66059
2023-01-09 20:00:00+01:00;60005
2023-01-09 21:00:00+01:00;46341
2023-01-09 22:00:00+01:00;36356
2023-01-09 23:00:00+01:00;24982
2023-01-10 00:00:00+01:00;25439
2023-01-10 01:00:00+01:00;26613
2023-01-10 02:00:00+01:00;29598
2023-01-10 03:00:00+01:00;38614
2023-01-10 04:00:00+01:00;55693
2023-01-10 05:00:00+01:00;67215
2023-01-10 06:00:00+01:00;66172
2023-01-10 07:00:00+01:00;61903
2023-01-10 08:00:00+01:00;57099
2023-01-10 09:00:00+01:00;52509
2023-01-10 10:00:00+01:00;49947
2023-01-10 11:00:00+01:00;47902
2023-01-10 12:00:00+01:00;44927
2023-01-10 13:00:00+01:00;43857
2023-01-10 14:00:00+01:00;44864
2023-01-10 15:00:00+01:00;46885
2023-01-10 16:00:00+01:00;49980
2023-01-10 17:00:00+01:00;52699
2023-01-10 18:00:00+01:00;54236
2023-01-10 19:00:00+01:00;53250
2023-01-10 20:00:00+01:00;49236
2023-01-10 21:00:00+01:00;38260
2023-01-10 22:00:00+01:00;28259
2023-01-10 23:00:00+01:00;31805
2023-01-11 00:00:00+01:00;35202
2023-01-11 01:00:00+01:00;33652
2023-01-11 02:00:00+01:00;37953
2023-01-11 03:00:00+01:00;48682
2023-01-11 04:00:00+01:00;68522
2023-01-11 05:00:00+01:00;73946
2023-01-11 06:00:00+01:00;70181
2023-01-11 07:00:00+01:00;66076
2023-01-11 08:00:00+01:00;62361
2023-01-11 09:00:00+01:00;58161
2023-01-11 10:00:00+01:00;56193
2023-01-11 11:00:00+01:00;54348
2023-01-11 12:00:00+01:00;53116
2023-01-11 13:00:00+01:00;54426
2023-01-11 14:00:00+01:00;55024
2023-01-11 15:00:00+01:00;58559
2023-01-11 16:00:00+01:00;62020
2023-01-11 17:00:00+01:00;63425
2023-01-11 18:00:00+01:00;64122
2023-01-11 19:00:00+01:00;63683
2023-01-11 20:00:00+01:00;57541
2023-01-11 21:00:00+01:00;46156
2023-01-11 22:00:00+01:00;35591
2023-01-11 23:00:00+01:00;35568
2023-01-12 00:00:00+01:00;37770
2023-01-12 01:00:00+01:00;38754
2023-01-12 02:00:00+01:00;43283
2023-01-12 03:00:00+01:00;52856
2023-01-12 04:00:00+01:00;70539
2023-01-12 05:00:00+01:00;84408
2023-01-12 06:00:00+01:00;83021
2023-01-12 07:00:00+01:00;79884
2023-01-12 08:00:00+01:00;74816
2023-01-12 09:00:00+01:00;70153
2023-01-12 10:00:00+01:00;66011
2023-01-12 11:00:00+01:00;64383
2023-01-12 12:00:00+01:00;63265
2023-01-12 13:00:00+01:00;63522
2023-01-12 14:00:00+01:00;64749
2023-01-12 15:00:00+01:00;67850
2023-01-12 16:00:00+01:00;70594
2023-01-12 17:00:00+01:00;72482
2023-01-12 18:00:00+01:00;72737
2023-01-12 19:00:00+01:00;70593
2023-01-12 20:00:00+01:00;64012
2023-01-12 21:00:00+01:00;49680
2023-01-12 22:00:00+01:00;39175
2023-01-12 23:00:00+01:00;34144
2023-01-13 00:00:00+01:00;36060
2023-01-13 01:00:00+01:00;36972
2023-01-13 02:00:00+01:00;41308
2023-01-13 03:00:00+01:00;50722
2023-01-13 04:00:00+01:00;67907
2023-01-13 05:00:00+01:00;81637
2023-01-13 06:00:00+01:00;80420
2023-01-13 07:00:00+01:00;78197
2023-01-13 08:00:00+01:00;72392
2023-01-13 09:00:00+01:00;67474
2023-01-13 10:00:00+01:00;63882
2023-01-13 11:00:00+01:00;61961
2023-01-13 12:00:00+01:00;61281
2023-01-13 13:00:00+01:00;61697
2023-01-13 14:00:00+01:00;62779
2023-01-13 15:00:00+01:00;65357
2023-01-13 16:00:00+01:00;68121
2023-01-13 17:00:00+01:00;68935
2023-01-13 18:00:00+01:00;69395
2023-01-13 19:00:00+01:00;67610
2023-01-13 20:00:00+01:00;61228
2023-01-13 21:00:00+01:00;47090
2023-01-13 22:00:00+01:00;37226
2023-01-13 23:00:00+01:00;35269
2023-01-14 00:00:00+01:00;37281
2023-01-14 01:00:00+01:00;38214
2023-01-14 02:00:00+01:00;42720
2023-01-14 03:00:00+01:00;52412
2023-01-14 04:00:00+01:00;70055
2023-01-14 05:00:00+01:00;84169
2023-01-14 06:00:00+01:00;82915
2023-01-14 07:00:00+01:00;80703
2023-01-14 08:00:00+01:00;74661
2023-01-14 09:00:00+01:00;69608
2023-01-14 10:00:00+01:00;65913
2023-01-14 11:00:00+01:00;64019
2023-01-14 12:00:00+01:00;63253
2023-01-14 13:00:00+01:00;63768
2023-01-14 14:00:00+01:00;64900
2023-01-14 15:00:00+01:00;67552
2023-01-14 16:00:00+01:00;70434
2023-01-14 17:00:00+01:00;71238
2023-01-14 18:00:00+01:00;71658
2023-01-14 19:00:00+01:00;69792
2023-01-14 20:00:00+01:00;63191
2023-01-14 21:00:00+01:00;48516
2023-01-14 22:00:00+01:00;38456
2023-01-14 23:00:00+01:00;33319
2023-01-15 00:00:00+01:00;35201
2023-01-15 01:00:00+01:00;36079
2023-01-15 02:00:00+01:00;40359
2023-01-15 03:00:00+01:00;49619
2023-01-15 04:00:00+01:00;66337
2023-01-15 05:00:00+01:00;79736
2023-01-15 06:00:00+01:00;78551
2023-01-15 07:00:00+01:00;76464
2023-01-15 08:00:00+01:00;70715
2023-01-15 09:00:00+01:00;65889
2023-01-15 10:00:00+01:00;62387
2023-01-15 11:00:00+01:00;60533
2023-01-15 12:00:00+01:00;59884
2023-01-15 13:00:00+01:00;60325
2023-01-15 14:00:00+01:00;61390
2023-01-15 15:00:00+01:00;63931
2023-01-15 16:00:00+01:00;66677
2023-01-15 17:00:00+01:00;67468
2023-01-15 18:00:00+01:00;67899
2023-01-15 19:00:00+01:00;66147
2023-01-15 20:00:00+01:00;59870
2023-01-15 21:00:00+01:00;45986
2023-01-15 22:00:00+01:00;36359
2023-01-15 23:00:00+01:00;35304
2023-01-16 00:00:00+01:00;37438
2023-01-16 01:00:00+01:00;38269
2023-01-16 02:00:00+01:00;42455
2023-01-16 03:00:00+01:00;52268
2023-01-16 04:00:00+01:00;70123
2023-01-16 05:00:00+01:00;86316
2023-01-16 06:00:00+01:00;85019
2023-01-16 07:00:00+01:00;82497
2023-01-16 08:00:00+01:00;76357
2023-01-16 09:00:00+01:00;71455
2023-01-16 10:00:00+01:00;67670
2023-01-16 11:00:00+01:00;65519
2023-01-16 12:00:00+01:00;64363
2023-01-16 13:00:00+01:00;65080
2023-01-16 14:00:00+01:00;66140
2023-01-16 15:00:00+01:00;68642
2023-01-16 16:00:00+01:00;71326
2023-01-16 17:00:00+01:00;72775
2023-01-16 18:00:00+01:00;72997
2023-01-16 19:00:00+01:00;71036
2023-01-16 20:00:00+01:00;64374
2023-01-16 21:00:00+01:00;49684
2023-01-16 22:00:00+01:00;39287
2023-01-16 23:00:00+01:00;44279
2023-01-17 00:00:00+01:00;45193
2023-01-17 01:00:00+01:00;47024
2023-01-17 02:00:00+01:00;50948
2023-01-17 03:00:00+01:00;60252
2023-01-17 04:00:00+01:00;82666
2023-01-17 05:00:00+01:00;98283
2023-01-17 06:00:00+01:00;94355
2023-01-17 07:00:00+01:00;91375
2023-01-17 08:00:00+01:00;86614
2023-01-17 09:00:00+01:00;81509
2023-01-17 10:00:00+01:00;79458
2023-01-17 11:00:00+01:00;76272
2023-01-17 12:00:00+01:00;73913
2023-01-17 13:00:00+01:00;73082
2023-01-17 14:00:00+01:00;74911
2023-01-17 15:00:00+01:00;78789
2023-01-17 16:00:00+01:00;82631
2023-01-17 17:00:00+01:00;83830
2023-01-17 18:00:00+01:00;83012
2023-01-17 19:00:00+01:00;80747
2023-01-17 20:00:00+01:00;74141
2023-01-17 21:00:00+01:00;59265
2023-01-17 22:00:00+01:00;48041
2023-01-17 23:00:00+01:00;51266
2023-01-18 00:00:00+01:00;53376
2023-01-18 01:00:00+01:00;52878
2023-01-18 02:00:00+01:00;57876
2023-01-18 03:00:00+01:00;70338
2023-01-18 04:00:00+01:00;95636
2023-01-18 05:00:00+01:00;104002
2023-01-18 06:00:00+01:00;98446
2023-01-18 07:00:00+01:00;95968
2023-01-18 08:00:00+01:00;92006
2023-01-18 09:00:00+01:00;87417
2023-01-18 10:00:00+01:00;85277
2023-01-18 11:00:00+01:00;82494
2023-01-18 12:00:00+01:00;81508
2023-01-18 13:00:00+01:00;83233
2023-01-18 14:00:00+01:00;84883
2023-01-18 15:00:00+01:00;87897
2023-01-18 16:00:00+01:00;92335
2023-01-18 17:00:00+01:00;93320
2023-01-18 18:00:00+01:00;92558
2023-01-18 19:00:00+01:00;90727
2023-01-18 20:00:00+01:00;82958
2023-01-18 21:00:00+01:00;66716
2023-01-18 22:00:00+01:00;55776
2023-01-18 23:00:00+01:00;54479
2023-01-19 00:00:00+01:00;56398
2023-01-19 01:00:00+01:00;57843
2023-01-19 02:00:00+01:00;62884
2023-01-19 03:00:00+01:00;72463
2023-01-19 04:00:00+01:00;96550
2023-01-19 05:00:00+01:00;114417
2023-01-19 06:00:00+01:00;111589
2023-01-19 07:00:00+01:00;109249
2023-01-19 08:00:00+01:00;104774
2023-01-19 09:00:00+01:00;99908
2023-01-19 10:00:00+01:00;95315
2023-01-19 11:00:00+01:00;92357
2023-01-19 12:00:00+01:00;91851
2023-01-19 13:00:00+01:00;92243
2023-01-19 14:00:00+01:00;93622
2023-01-19 15:00:00+01:00;97017
2023-01-19 16:00:00+01:00;100187
2023-01-19 17:00:00+01:00;100831
2023-01-19 18:00:00+01:00;99713
2023-01-19 19:00:00+01:00;95675
2023-01-19 20:00:00+01:00;87454
2023-01-19 21:00:00+01:00;69887
2023-01-19 22:00:00+01:00;57799
2023-01-19 23:00:00+01:00;58001
2023-01-20 00:00:00+01:00;60363
2023-01-20 01:00:00+01:00;61814
2023-01-20 02:00:00+01:00;66631
2023-01-20 03:00:00+01:00;76326
2023-01-20 04:00:00+01:00;101608
2023-01-20 05:00:00+01:00;120419
2023-01-20 06:00:00+01:00;118164
2023-01-20 07:00:00+01:00;115798
2023-01-20 08:00:00+01:00;110923
2023-01-20 09:00:00+01:00;105495
2023-01-20 10:00:00+01:00;100814
2023-01-20 11:00:00+01:00;97873
2023-01-20 12:00:00+01:00;97067
2023-01-20 13:00:00+01:00;97708
2023-01-20 14:00:00+01:00;99284
2023-01-20 15:00:00+01:00;102957
2023-01-20 16:00:00+01:00;105148
2023-01-20 17:00:00+01:00;104917
2023-01-20 18:00:00+01:00;103746
2023-01-20 19:00:00+01:00;100726
2023-01-20 20:00:00+01:00;91491
2023-01-20 21:00:00+01:00;73268
2023-01-20 22:00:00+01:00;60978
2023-01-20 23:00:00+01:00;58011
2023-01-21 00:00:00+01:00;60313
2023-01-21 01:00:00+01:00;61846
2023-01-21 02:00:00+01:00;66695
2023-01-21 03:00:00+01:00;76431
2023-01-21 04:00:00+01:00;101702
2023-01-21 05:00:00+01:00;120577
2023-01-21 06:00:00+01:00;118254
2023-01-21 07:00:00+01:00;115923
2023-01-21 08:00:00+01:00;110953
2023-01-21 09:00:00+01:00;105588
2023-01-21 10:00:00+01:00;100883
2023-01-21 11:00:00+01:00;98021
2023-01-21 12:00:00+01:00;97199
2023-01-21 13:00:00+01:00;97767
2023-01-21 14:00:00+01:00;99358
2023-01-21 15:00:00+01:00;103096
2023-01-21 16:00:00+01:00;105238
2023-01-21 17:00:00+01:00;105081
2023-01-21 18:00:00+01:00;103907
2023-01-21 19:00:00+01:00;100867
2023-01-21 20:00:00+01:00;91591
2023-01-21 21:00:00+01:00;73349
2023-01-21 22:00:00+01:00;61010
2023-01-21 23:00:00+01:00;59365
2023-01-22 00:00:00+01:00;61669
2023-01-22 01:00:00+01:00;63140
2023-01-22 02:00:00+01:00;67971
2023-01-22 03:00:00+01:00;77567
2023-01-22 04:00:00+01:00;102866
2023-01-22 05:00:00+01:00;121889
2023-01-22 06:00:00+01:00;119524
2023-01-22 07:00:00+01:00;117556
2023-01-22 08:00:00+01:00;112548
2023-01-22 09:00:00+01:00;107094
2023-01-22 10:00:00+01:00;102432
2023-01-22 11:00:00+01:00;99484
2023-01-22 12:00:00+01:00;98544
2023-01-22 13:00:00+01:00;99240
2023-01-22 14:00:00+01:00;100780
2023-01-22 15:00:00+01:00;104411
2023-01-22 16:00:00+01:00;106604
2023-01-22 17:00:00+01:00;106311
2023-01-22 18:00:00+01:00;105090
2023-01-22 19:00:00+01:00;101898
2023-01-22 20:00:00+01:00;92528
2023-01-22 21:00:00+01:00;74479
2023-01-22 22:00:00+01:00;62259
2023-01-22 23:00:00+01:00;60301
2023-01-23 00:00:00+01:00;62239
2023-01-23 01:00:00+01:00;63969
2023-01-23 02:00:00+01:00;68142
2023-01-23 03:00:00+01:00;77457
2023-01-23 04:00:00+01:00;102430
2023-01-23 05:00:00+01:00;123764
2023-01-23 06:00:00+01:00;120824
2023-01-23 07:00:00+01:00;119125
2023-01-23 08:00:00+01:00;114018
2023-01-23 09:00:00+01:00;109018
2023-01-23 10:00:00+01:00;104489
2023-01-23 11:00:00+01:00;101315
2023-01-23 12:00:00+01:00;99676
2023-01-23 13:00:00+01:00;100687
2023-01-23 14:00:00+01:00;102004
2023-01-23 15:00:00+01:00;105572
2023-01-23 16:00:00+01:00;107362
2023-01-23 17:00:00+01:00;107629
2023-01-23 18:00:00+01:00;106128
2023-01-23 19:00:00+01:00;102456
2023-01-23 20:00:00+01:00;93131
2023-01-23 21:00:00+01:00;75866
2023-01-23 22:00:00+01:00;63575
2023-01-23 23:00:00+01:00;56511
2023-01-24 00:00:00+01:00;57263
2023-01-24 01:00:00+01:00;59609
2023-01-24 02:00:00+01:00;63755
2023-01-24 03:00:00+01:00;73629
2023-01-24 04:00:00+01:00;100257
2023-01-24 05:00:00+01:00;119243
2023-01-24 06:00:00+01:00;114105
2023-01-24 07:00:00+01:00;110967
2023-01-24 08:00:00+01:00;106061
2023-01-24 09:00:00+01:00;100664
2023-01-24 10:00:00+01:00;98214
2023-01-24 11:00:00+01:00;94260
2023-01-24 12:00:00+01:00;92075
2023-01-24 13:00:00+01:00;91324
2023-01-24 14:00:00+01:00;93075
2023-01-24 15:00:00+01:00;97636
2023-01-24 16:00:00+01:00;101650
2023-01-24 17:00:00+01:00;102362
2023-01-24 18:00:00+01:00;101070
2023-01-24 19:00:00+01:00;97960
2023-01-24 20:00:00+01:00;90300
2023-01-24 21:00:00+01:00;72863
2023-01-24 22:00:00+01:00;60287
2023-01-24 23:00:00+01:00;56459
2023-01-25 00:00:00+01:00;58437
2023-01-25 01:00:00+01:00;58146
2023-01-25 02:00:00+01:00;63408
2023-01-25 03:00:00+01:00;76430
2023-01-25 04:00:00+01:00;103426
2023-01-25 05:00:00+01:00;112563
2023-01-25 06:00:00+01:00;106596
2023-01-25 07:00:00+01:00;104295
2023-01-25 08:00:00+01:00;100154
2023-01-25 09:00:00+01:00;95395
2023-01-25 10:00:00+01:00;93139
2023-01-25 11:00:00+01:00;90114
2023-01-25 12:00:00+01:00;89106
2023-01-25 13:00:00+01:00;90894
2023-01-25 14:00:00+01:00;92758
2023-01-25 15:00:00+01:00;95819
2023-01-25 16:00:00+01:00;100469
2023-01-25 17:00:00+01:00;101383
2023-01-25 18:00:00+01:00;100371
2023-01-25 19:00:00+01:00;98219
2023-01-25 20:00:00+01:00;89968
2023-01-25 21:00:00+01:00;72507
2023-01-25 22:00:00+01:00;61106
2023-01-25 23:00:00+01:00;51706
2023-01-26 00:00:00+01:00;53616
2023-01-26 01:00:00+01:00;54973
2023-01-26 02:00:00+01:00;59874
2023-01-26 03:00:00+01:00;69241
2023-01-26 04:00:00+01:00;92104
2023-01-26 05:00:00+01:00;109253
2023-01-26 06:00:00+01:00;106604
2023-01-26 07:00:00+01:00;104323
2023-01-26 08:00:00+01:00;99851
2023-01-26 09:00:00+01:00;95102
2023-01-26 10:00:00+01:00;90652
2023-01-26 11:00:00+01:00;87917
2023-01-26 12:00:00+01:00;87359
2023-01-26 13:00:00+01:00;87750
2023-01-26 14:00:00+01:00;89101
2023-01-26 15:00:00+01:00;92451
2023-01-26 16:00:00+01:00;95513
2023-01-26 17:00:00+01:00;96249
2023-01-26 18:00:00+01:00;95240
2023-01-26 19:00:00+01:00;91464
2023-01-26 20:00:00+01:00;83540
2023-01-26 21:00:00+01:00;66659
2023-01-26 22:00:00+01:00;54995
2023-01-26 23:00:00+01:00;49082
2023-01-27 00:00:00+01:00;51279
2023-01-27 01:00:00+01:00;52506
2023-01-27 02:00:00+01:00;57093
2023-01-27 03:00:00+01:00;66491
2023-01-27 04:00:00+01:00;88565
2023-01-27 05:00:00+01:00;105256
2023-01-27 06:00:00+01:00;103398
2023-01-27 07:00:00+01:00;101159
2023-01-27 08:00:00+01:00;96126
2023-01-27 09:00:00+01:00;91006
2023-01-27 10:00:00+01:00;86790
2023-01-27 11:00:00+01:00;84267
2023-01-27 12:00:00+01:00;83604
2023-01-27 13:00:00+01:00;84202
2023-01-27 14:00:00+01:00;85625
2023-01-27 15:00:00+01:00;88929
2023-01-27 16:00:00+01:00;91272
2023-01-27 17:00:00+01:00;91325
2023-01-27 18:00:00+01:00;90606
2023-01-27 19:00:00+01:00;88075
2023-01-27 20:00:00+01:00;79911
2023-01-27 21:00:00+01:00;63263
2023-01-27 22:00:00+01:00;52056
2023-01-27 23:00:00+01:00;45166
2023-01-28 00:00:00+01:00;47412
2023-01-28 01:00:00+01:00;48582
2023-01-28 02:00:00+01:00;53447
2023-01-28 03:00:00+01:00;63612
2023-01-28 04:00:00+01:00;84653
2023-01-28 05:00:00+01:00;101075
2023-01-28 06:00:00+01:00;99372
2023-01-28 07:00:00+01:00;97091
2023-01-28 08:00:00+01:00;91096
2023-01-28 09:00:00+01:00;85727
2023-01-28 10:00:00+01:00;81525
2023-01-28 11:00:00+01:00;79235
2023-01-28 12:00:00+01:00;78427
2023-01-28 13:00:00+01:00;79033
2023-01-28 14:00:00+01:00;80416
2023-01-28 15:00:00+01:00;83591
2023-01-28 16:00:00+01:00;86380
2023-01-28 17:00:00+01:00;86810
2023-01-28 18:00:00+01:00;86604
2023-01-28 19:00:00+01:00;84237
2023-01-28 20:00:00+01:00;76320
2023-01-28 21:00:00+01:00;59676
2023-01-28 22:00:00+01:00;48438
2023-01-28 23:00:00+01:00;45138
2023-01-29 00:00:00+01:00;47251
2023-01-29 01:00:00+01:00;48391
2023-01-29 02:00:00+01:00;52863
2023-01-29 03:00:00+01:00;62136
2023-01-29 04:00:00+01:00;82866
2023-01-29 05:00:00+01:00;98645
2023-01-29 06:00:00+01:00;96966
2023-01-29 07:00:00+01:00;94758
2023-01-29 08:00:00+01:00;89663
2023-01-29 09:00:00+01:00;84664
2023-01-29 10:00:00+01:00;80642
2023-01-29 11:00:00+01:00;78288
2023-01-29 12:00:00+01:00;77657
2023-01-29 13:00:00+01:00;78216
2023-01-29 14:00:00+01:00;79550
2023-01-29 15:00:00+01:00;82670
2023-01-29 16:00:00+01:00;85065
2023-01-29 17:00:00+01:00;85275
2023-01-29 18:00:00+01:00;84795
2023-01-29 19:00:00+01:00;82467
2023-01-29 20:00:00+01:00;74788
2023-01-29 21:00:00+01:00;58863
2023-01-29 22:00:00+01:00;48100
2023-01-29 23:00:00+01:00;47932
2023-01-30 00:00:00+01:00;50134
2023-01-30 01:00:00+01:00;51457
2023-01-30 02:00:00+01:00;55417
2023-01-30 03:00:00+01:00;64754
2023-01-30 04:00:00+01:00;86635
2023-01-30 05:00:00+01:00;105175
2023-01-30 06:00:00+01:00;103139
2023-01-30 07:00:00+01:00;100451
2023-01-30 08:00:00+01:00;95398
2023-01-30 09:00:00+01:00;90706
2023-01-30 10:00:00+01:00;86574
2023-01-30 11:00:00+01:00;83739
2023-01-30 12:00:00+01:00;82675
2023-01-30 13:00:00+01:00;83452
2023-01-30 14:00:00+01:00;84775
2023-01-30 15:00:00+01:00;88015
2023-01-30 16:00:00+01:00;90170
2023-01-30 17:00:00+01:00;90730
2023-01-30 18:00:00+01:00;89961
2023-01-30 19:00:00+01:00;87236
2023-01-30 20:00:00+01:00;79287
2023-01-30 21:00:00+01:00;62944
2023-01-30 22:00:00+01:00;51473
2023-01-30 23:00:00+01:00;50332
2023-01-31 00:00:00+01:00;51190
2023-01-31 01:00:00+01:00;53272
2023-01-31 02:00:00+01:00;57341
2023-01-31 03:00:00+01:00;66917
2023-01-31 04:00:00+01:00;91402
2023-01-31 05:00:00+01:00;108711
2023-01-31 06:00:00+01:00;104115
2023-01-31 07:00:00+01:00;101098
2023-01-31 08:00:00+01:00;96242
2023-01-31 09:00:00+01:00;90973
2023-01-31 10:00:00+01:00;88767
2023-01-31 11:00:00+01:00;85187
2023-01-31 12:00:00+01:00;82918
2023-01-31 13:00:00+01:00;82123
2023-01-31 14:00:00+01:00;83983
2023-01-31 15:00:00+01:00;88234
2023-01-31 16:00:00+01:00;92203
2023-01-31 17:00:00+01:00;93139
2023-01-31 18:00:00+01:00;92031
2023-01-31 19:00:00+01:00;89357
2023-01-31 20:00:00+01:00;82203
2023-01-31 21:00:00+01:00;66035
2023-01-31 22:00:00+01:00;54138
2023-01-31 23:00:00+01:00;53733
2023-02-01 00:00:00+01:00;55778
2023-02-01 01:00:00+01:00;55348
2023-02-01 02:00:00+01:00;60411
2023-02-01 03:00:00+01:00;72993
2023-02-01 04:00:00+01:00;98951
2023-02-01 05:00:00+01:00;107753
2023-02-01 06:00:00+01:00;101942
2023-02-01 07:00:00+01:00;99611
2023-02-01 08:00:00+01:00;95614
2023-02-01 09:00:00+01:00;90965
2023-02-01 10:00:00+01:00;88809
2023-02-01 11:00:00+01:00;85923
2023-02-01 12:00:00+01:00;84945
2023-02-01 13:00:00+01:00;86700
2023-02-01 14:00:00+01:00;88454
2023-02-01 15:00:00+01:00;91509
2023-02-01 16:00:00+01:00;96035
2023-02-01 17:00:00+01:00;96937
2023-02-01 18:00:00+01:00;96023
2023-02-01 19:00:00+01:00;94051
2023-02-01 20:00:00+01:00;86072
2023-02-01 21:00:00+01:00;69358
2023-02-01 22:00:00+01:00;58272
2023-02-01 23:00:00+01:00;56698
2023-02-02 00:00:00+01:00;58565
2023-02-02 01:00:00+01:00;60051
2023-02-02 02:00:00+01:00;65125
2023-02-02 03:00:00+01:00;74622
2023-02-02 04:00:00+01:00;99292
2023-02-02 05:00:00+01:00;117655
2023-02-02 06:00:00+01:00;114633
2023-02-02 07:00:00+01:00;112424
2023-02-02 08:00:00+01:00;108016
2023-02-02 09:00:00+01:00;103140
2023-02-02 10:00:00+01:00;98518
2023-02-02 11:00:00+01:00;95424
2023-02-02 12:00:00+01:00;94980
2023-02-02 13:00:00+01:00;95382
2023-02-02 14:00:00+01:00;96787
2023-02-02 15:00:00+01:00;100225
2023-02-02 16:00:00+01:00;103426
2023-02-02 17:00:00+01:00;103896
2023-02-02 18:00:00+01:00;102608
2023-02-02 19:00:00+01:00;98370
2023-02-02 20:00:00+01:00;89996
2023-02-02 21:00:00+01:00;72188
2023-02-02 22:00:00+01:00;59969
2023-02-02 23:00:00+01:00;60976
2023-02-03 00:00:00+01:00;63326
2023-02-03 01:00:00+01:00;64822
2023-02-03 02:00:00+01:00;69702
2023-02-03 03:00:00+01:00;79339
2023-02-03 04:00:00+01:00;105264
2023-02-03 05:00:00+01:00;124831
2023-02-03 06:00:00+01:00;122346
2023-02-03 07:00:00+01:00;120149
2023-02-03 08:00:00+01:00;115208
2023-02-03 09:00:00+01:00;109711
2023-02-03 10:00:00+01:00;104946
2023-02-03 11:00:00+01:00;101899
2023-02-03 12:00:00+01:00;101017
2023-02-03 13:00:00+01:00;101696
2023-02-03 14:00:00+01:00;103341
2023-02-03 15:00:00+01:00;107102
2023-02-03 16:00:00+01:00;109279
2023-02-03 17:00:00+01:00;108888
2023-02-03 18:00:00+01:00;107570
2023-02-03 19:00:00+01:00;104374
2023-02-03 20:00:00+01:00;94850
2023-02-03 21:00:00+01:00;76407
2023-02-03 22:00:00+01:00;63920
2023-02-03 23:00:00+01:00;61695
2023-02-04 00:00:00+01:00;63936
2023-02-04 01:00:00+01:00;65522
2023-02-04 02:00:00+01:00;70438
2023-02-04 03:00:00+01:00;80031
2023-02-04 04:00:00+01:00;105947
2023-02-04 05:00:00+01:00;125660
2023-02-04 06:00:00+01:00;123063
2023-02-04 07:00:00+01:00;121126
2023-02-04 08:00:00+01:00;116034
2023-02-04 09:00:00+01:00;110598
2023-02-04 10:00:00+01:00;105825
2023-02-04 11:00:00+01:00;102860
2023-02-04 12:00:00+01:00;101873
2023-02-04 13:00:00+01:00;102510
2023-02-04 14:00:00+01:00;104139
2023-02-04 15:00:00+01:00;107911
2023-02-04 16:00:00+01:00;110045
2023-02-04 17:00:00+01:00;109698
2023-02-04 18:00:00+01:00;108359
2023-02-04 19:00:00+01:00;105034
2023-02-04 20:00:00+01:00;95399
2023-02-04 21:00:00+01:00;77089
2023-02-04 22:00:00+01:00;64601
2023-02-04 23:00:00+01:00;63523
2023-02-05 00:00:00+01:00;65803
2023-02-05 01:00:00+01:00;67347
2023-02-05 02:00:00+01:00;72267
2023-02-05 03:00:00+01:00;81817
2023-02-05 04:00:00+01:00;108096
2023-02-05 05:00:00+01:00;128217
2023-02-05 06:00:00+01:00;125522
2023-02-05 07:00:00+01:00;123778
2023-02-05 08:00:00+01:00;118660
2023-02-05 09:00:00+01:00;113088
2023-02-05 10:00:00+01:00;108295
2023-02-05 11:00:00+01:00;105191
2023-02-05 12:00:00+01:00;104110
2023-02-05 13:00:00+01:00;104848
2023-02-05 14:00:00+01:00;106466
2023-02-05 15:00:00+01:00;110205
2023-02-05 16:00:00+01:00;112379
2023-02-05 17:00:00+01:00;111895
2023-02-05 18:00:00+01:00;110511
2023-02-05 19:00:00+01:00;107048
2023-02-05 20:00:00+01:00;97263
2023-02-05 21:00:00+01:00;78917
2023-02-05 22:00:00+01:00;66370
2023-02-05 23:00:00+01:00;64461
2023-02-06 00:00:00+01:00;66330
2023-02-06 01:00:00+01:00;68168
2023-02-06 02:00:00+01:00;72430
2023-02-06 03:00:00+01:00;81773
2023-02-06 04:00:00+01:00;107798
2023-02-06 05:00:00+01:00;130342
2023-02-06 06:00:00+01:00;127029
2023-02-06 07:00:00+01:00;125489
2023-02-06 08:00:00+01:00;120283
2023-02-06 09:00:00+01:00;115143
2023-02-06 10:00:00+01:00;110464
2023-02-06 11:00:00+01:00;107123
2023-02-06 12:00:00+01:00;105358
2023-02-06 13:00:00+01:00;106440
2023-02-06 14:00:00+01:00;107821
2023-02-06 15:00:00+01:00;111540
2023-02-06 16:00:00+01:00;113284
2023-02-06 17:00:00+01:00;113437
2023-02-06 18:00:00+01:00;111738
2023-02-06 19:00:00+01:00;107801
2023-02-06 20:00:00+01:00;98049
2023-02-06 21:00:00+01:00;80371
2023-02-06 22:00:00+01:00;67699
2023-02-06 23:00:00+01:00;61611
2023-02-07 00:00:00+01:00;62423
2023-02-07 01:00:00+01:00;64711
2023-02-07 02:00:00+01:00;68840
2023-02-07 03:00:00+01:00;78720
2023-02-07 04:00:00+01:00;106270
2023-02-07 05:00:00+01:00;126317
2023-02-07 06:00:00+01:00;120840
2023-02-07 07:00:00+01:00;117710
2023-02-07 08:00:00+01:00;113001
2023-02-07 09:00:00+01:00;107549
2023-02-07 10:00:00+01:00;104927
2023-02-07 11:00:00+01:00;101006
2023-02-07 12:00:00+01:00;98821
2023-02-07 13:00:00+01:00;98143
2023-02-07 14:00:00+01:00;99590
2023-02-07 15:00:00+01:00;104314
2023-02-07 16:00:00+01:00;108117
2023-02-07 17:00:00+01:00;108557
2023-02-07 18:00:00+01:00;107158
2023-02-07 19:00:00+01:00;103853
2023-02-07 20:00:00+01:00;95631
2023-02-07 21:00:00+01:00;78055
2023-02-07 22:00:00+01:00;65245
2023-02-07 23:00:00+01:00;58543
2023-02-08 00:00:00+01:00;60373
2023-02-08 01:00:00+01:00;60227
2023-02-08 02:00:00+01:00;65308
2023-02-08 03:00:00+01:00;77823
2023-02-08 04:00:00+01:00;104981
2023-02-08 05:00:00+01:00;114641
2023-02-08 06:00:00+01:00;108518
2023-02-08 07:00:00+01:00;106502
2023-02-08 08:00:00+01:00;102415
2023-02-08 09:00:00+01:00;97754
2023-02-08 10:00:00+01:00;95532
2023-02-08 11:00:00+01:00;92451
2023-02-08 12:00:00+01:00;91421
2023-02-08 13:00:00+01:00;93082
2023-02-08 14:00:00+01:00;95006
2023-02-08 15:00:00+01:00;98150
2023-02-08 16:00:00+01:00;102612
2023-02-08 17:00:00+01:00;103303
2023-02-08 18:00:00+01:00;102162
2023-02-08 19:00:00+01:00;99856
2023-02-08 20:00:00+01:00;91611
2023-02-08 21:00:00+01:00;74292
2023-02-08 22:00:00+01:00;62863
2023-02-08 23:00:00+01:00;57317
2023-02-09 00:00:00+01:00;59197
2023-02-09 01:00:00+01:00;60694
2023-02-09 02:00:00+01:00;65758
2023-02-09 03:00:00+01:00;75275
2023-02-09 04:00:00+01:00;99989
2023-02-09 05:00:00+01:00;118445
2023-02-09 06:00:00+01:00;115436
2023-02-09 07:00:00+01:00;113297
2023-02-09 08:00:00+01:00;108908
2023-02-09 09:00:00+01:00;103980
2023-02-09 10:00:00+01:00;99313
2023-02-09 11:00:00+01:00;96258
2023-02-09 12:00:00+01:00;95741
2023-02-09 13:00:00+01:00;96126
2023-02-09 14:00:00+01:00;97474
2023-02-09 15:00:00+01:00;100934
2023-02-09 16:00:00+01:00;104125
2023-02-09 17:00:00+01:00;104604
2023-02-09 18:00:00+01:00;103294
2023-02-09 19:00:00+01:00;99001
2023-02-09 20:00:00+01:00;90570
2023-02-09 21:00:00+01:00;72813
2023-02-09 22:00:00+01:00;60561
2023-02-09 23:00:00+01:00;55209
2023-02-10 00:00:00+01:00;57434
2023-02-10 01:00:00+01:00;58804
2023-02-10 02:00:00+01:00;63395
2023-02-10 03:00:00+01:00;72573
2023-02-10 04:00:00+01:00;96560
2023-02-10 05:00:00+01:00;114499
2023-02-10 06:00:00+01:00;112318
2023-02-10 07:00:00+01:00;110111
2023-02-10 08:00:00+01:00;105480
2023-02-10 09:00:00+01:00;100319
2023-02-10 10:00:00+01:00;95878
2023-02-10 11:00:00+01:00;93084
2023-02-10 12:00:00+01:00;92362
2023-02-10 13:00:00+01:00;92985
2023-02-10 14:00:00+01:00;94508
2023-02-10 15:00:00+01:00;98041
2023-02-10 16:00:00+01:00;100133
2023-02-10 17:00:00+01:00;99881
2023-02-10 18:00:00+01:00;98741
2023-02-10 19:00:00+01:00;95875
2023-02-10 20:00:00+01:00;87096
2023-02-10 21:00:00+01:00;69751
2023-02-10 22:00:00+01:00;58055
2023-02-10 23:00:00+01:00;53679
2023-02-11 00:00:00+01:00;55837
2023-02-11 01:00:00+01:00;57259
2023-02-11 02:00:00+01:00;61807
2023-02-11 03:00:00+01:00;70957
2023-02-11 04:00:00+01:00;94541
2023-02-11 05:00:00+01:00;112131
2023-02-11 06:00:00+01:00;109985
2023-02-11 07:00:00+01:00;107722
2023-02-11 08:00:00+01:00;103101
2023-02-11 09:00:00+01:00;98072
2023-02-11 10:00:00+01:00;93668
2023-02-11 11:00:00+01:00;90999
2023-02-11 12:00:00+01:00;90316
2023-02-11 13:00:00+01:00;90838
2023-02-11 14:00:00+01:00;92348
2023-02-11 15:00:00+01:00;95901
2023-02-11 16:00:00+01:00;97913
2023-02-11 17:00:00+01:00;97791
2023-02-11 18:00:00+01:00;96705
2023-02-11 19:00:00+01:00;93926
2023-02-11 20:00:00+01:00;85303
2023-02-11 21:00:00+01:00;68132
2023-02-11 22:00:00+01:00;56538
2023-02-11 23:00:00+01:00;52789
2023-02-12 00:00:00+01:00;55065
2023-02-12 01:00:00+01:00;56399
2023-02-12 02:00:00+01:00;61039
2023-02-12 03:00:00+01:00;70516
2023-02-12 04:00:00+01:00;94105
2023-02-12 05:00:00+01:00;111651
2023-02-12 06:00:00+01:00;109655
2023-02-12 07:00:00+01:00;107206
2023-02-12 08:00:00+01:00;102403
2023-02-12 09:00:00+01:00;97185
2023-02-12 10:00:00+01:00;92752
2023-02-12 11:00:00+01:00;90026
2023-02-12 12:00:00+01:00;89343
2023-02-12 13:00:00+01:00;89925
2023-02-12 14:00:00+01:00;91415
2023-02-12 15:00:00+01:00;94893
2023-02-12 16:00:00+01:00;97105
2023-02-12 17:00:00+01:00;97042
2023-02-12 18:00:00+01:00;96115
2023-02-12 19:00:00+01:00;93412
2023-02-12 20:00:00+01:00;84828
2023-02-12 21:00:00+01:00;67460
2023-02-12 22:00:00+01:00;55754
2023-02-12 23:00:00+01:00;45442
2023-02-13 00:00:00+01:00;47583
2023-02-13 01:00:00+01:00;48826
2023-02-13 02:00:00+01:00;52719
2023-02-13 03:00:00+01:00;61902
2023-02-13 04:00:00+01:00;82911
2023-02-13 05:00:00+01:00;100789
2023-02-13 06:00:00+01:00;98881
2023-02-13 07:00:00+01:00;96244
2023-02-13 08:00:00+01:00;91207
2023-02-13 09:00:00+01:00;86591
2023-02-13 10:00:00+01:00;82576
2023-02-13 11:00:00+01:00;79881
2023-02-13 12:00:00+01:00;78820
2023-02-13 13:00:00+01:00;79558
2023-02-13 14:00:00+01:00;80812
2023-02-13 15:00:00+01:00;83906
2023-02-13 16:00:00+01:00;86055
2023-02-13 17:00:00+01:00;86710
2023-02-13 18:00:00+01:00;86089
2023-02-13 19:00:00+01:00;83509
2023-02-13 20:00:00+01:00;75893
2023-02-13 21:00:00+01:00;60091
2023-02-13 22:00:00+01:00;48951
2023-02-13 23:00:00+01:00;39841
2023-02-14 00:00:00+01:00;41424
2023-02-14 01:00:00+01:00;42584
2023-02-14 02:00:00+01:00;47324
2023-02-14 03:00:00+01:00;58101
2023-02-14 04:00:00+01:00;79613
2023-02-14 05:00:00+01:00;94719
2023-02-14 06:00:00+01:00;91587
2023-02-14 07:00:00+01:00;87964
2023-02-14 08:00:00+01:00;82281
2023-02-14 09:00:00+01:00;76458
2023-02-14 10:00:00+01:00;74231
2023-02-14 11:00:00+01:00;71609
2023-02-14 12:00:00+01:00;68238
2023-02-14 13:00:00+01:00;67434
2023-02-14 14:00:00+01:00;69637
2023-02-14 15:00:00+01:00;73433
2023-02-14 16:00:00+01:00;77646
2023-02-14 17:00:00+01:00;79720
2023-02-14 18:00:00+01:00;79243
2023-02-14 19:00:00+01:00;77675
2023-02-14 20:00:00+01:00;70611
2023-02-14 21:00:00+01:00;56193
2023-02-14 22:00:00+01:00;44228
2023-02-14 23:00:00+01:00;42091
2023-02-15 00:00:00+01:00;46038
2023-02-15 01:00:00+01:00;44256
2023-02-15 02:00:00+01:00;49488
2023-02-15 03:00:00+01:00;62141
2023-02-15 04:00:00+01:00;86049
2023-02-15 05:00:00+01:00;92847
2023-02-15 06:00:00+01:00;87868
2023-02-15 07:00:00+01:00;83611
2023-02-15 08:00:00+01:00;79388
2023-02-15 09:00:00+01:00;74441
2023-02-15 10:00:00+01:00;72182
2023-02-15 11:00:00+01:00;69902
2023-02-15 12:00:00+01:00;68582
2023-02-15 13:00:00+01:00;70311
2023-02-15 14:00:00+01:00;71241
2023-02-15 15:00:00+01:00;75366
2023-02-15 16:00:00+01:00;79676
2023-02-15 17:00:00+01:00;81061
2023-02-15 18:00:00+01:00;81312
2023-02-15 19:00:00+01:00;80511
2023-02-15 20:00:00+01:00;72908
2023-02-15 21:00:00+01:00;58737
2023-02-15 22:00:00+01:00;46543
2023-02-15 23:00:00+01:00;45287
2023-02-16 00:00:00+01:00;47387
2023-02-16 01:00:00+01:00;48590
2023-02-16 02:00:00+01:00;53435
2023-02-16 03:00:00+01:00;63072
2023-02-16 04:00:00+01:00;83990
2023-02-16 05:00:00+01:00;99789
2023-02-16 06:00:00+01:00;97674
2023-02-16 07:00:00+01:00;95049
2023-02-16 08:00:00+01:00;90243
2023-02-16 09:00:00+01:00;85512
2023-02-16 10:00:00+01:00;81151
2023-02-16 11:00:00+01:00;78875
2023-02-16 12:00:00+01:00;78112
2023-02-16 13:00:00+01:00;78511
2023-02-16 14:00:00+01:00;79852
2023-02-16 15:00:00+01:00;83179
2023-02-16 16:00:00+01:00;86153
2023-02-16 17:00:00+01:00;87393
2023-02-16 18:00:00+01:00;86839
2023-02-16 19:00:00+01:00;83706
2023-02-16 20:00:00+01:00;76182
2023-02-16 21:00:00+01:00;60032
2023-02-16 22:00:00+01:00;48777
2023-02-16 23:00:00+01:00;45154
2023-02-17 00:00:00+01:00;47372
2023-02-17 01:00:00+01:00;48522
2023-02-17 02:00:00+01:00;53210
2023-02-17 03:00:00+01:00;63043
2023-02-17 04:00:00+01:00;84090
2023-02-17 05:00:00+01:00;100189
2023-02-17 06:00:00+01:00;98552
2023-02-17 07:00:00+01:00;96219
2023-02-17 08:00:00+01:00;90682
2023-02-17 09:00:00+01:00;85449
2023-02-17 10:00:00+01:00;81307
2023-02-17 11:00:00+01:00;78937
2023-02-17 12:00:00+01:00;78244
2023-02-17 13:00:00+01:00;78811
2023-02-17 14:00:00+01:00;80156
2023-02-17 15:00:00+01:00;83303
2023-02-17 16:00:00+01:00;85913
2023-02-17 17:00:00+01:00;86257
2023-02-17 18:00:00+01:00;85937
2023-02-17 19:00:00+01:00;83604
2023-02-17 20:00:00+01:00;75771
2023-02-17 21:00:00+01:00;59385
2023-02-17 22:00:00+01:00;48292
2023-02-17 23:00:00+01:00;49065
2023-02-18 00:00:00+01:00;51184
2023-02-18 01:00:00+01:00;52487
2023-02-18 02:00:00+01:00;56972
2023-02-18 03:00:00+01:00;66141
2023-02-18 04:00:00+01:00;88219
2023-02-18 05:00:00+01:00;104795
2023-02-18 06:00:00+01:00;102889
2023-02-18 07:00:00+01:00;100638
2023-02-18 08:00:00+01:00;95827
2023-02-18 09:00:00+01:00;90866
2023-02-18 10:00:00+01:00;86663
2023-02-18 11:00:00+01:00;84195
2023-02-18 12:00:00+01:00;83547
2023-02-18 13:00:00+01:00;84067
2023-02-18 14:00:00+01:00;85487
2023-02-18 15:00:00+01:00;88840
2023-02-18 16:00:00+01:00;90996
2023-02-18 17:00:00+01:00;91066
2023-02-18 18:00:00+01:00;90272
2023-02-18 19:00:00+01:00;87738
2023-02-18 20:00:00+01:00;79631
2023-02-18 21:00:00+01:00;63104
2023-02-18 22:00:00+01:00;51971
2023-02-18 23:00:00+01:00;49852
2023-02-19 00:00:00+01:00;52057
2023-02-19 01:00:00+01:00;53314
2023-02-19 02:00:00+01:00;57844
2023-02-19 03:00:00+01:00;67130
2023-02-19 04:00:00+01:00;89598
2023-02-19 05:00:00+01:00;106379
2023-02-19 06:00:00+01:00;104509
2023-02-19 07:00:00+01:00;102143
2023-02-19 08:00:00+01:00;97357
2023-02-19 09:00:00+01:00;92280
2023-02-19 10:00:00+01:00;88025
2023-02-19 11:00:00+01:00;85443
2023-02-19 12:00:00+01:00;84816
2023-02-19 13:00:00+01:00;85388
2023-02-19 14:00:00+01:00;86823
2023-02-19 15:00:00+01:00;90174
2023-02-19 16:00:00+01:00;92402
2023-02-19 17:00:00+01:00;92409
2023-02-19 18:00:00+01:00;91598
2023-02-19 19:00:00+01:00;89053
2023-02-19 20:00:00+01:00;80839
2023-02-19 21:00:00+01:00;64069
2023-02-19 22:00:00+01:00;52785
2023-02-19 23:00:00+01:00;43751
2023-02-20 00:00:00+01:00;45953
2023-02-20 01:00:00+01:00;47112
2023-02-20 02:00:00+01:00;51172
2023-02-20 03:00:00+01:00;60716
2023-02-20 04:00:00+01:00;81263
2023-02-20 05:00:00+01:00;99028
2023-02-20 06:00:00+01:00;97252
2023-02-20 07:00:00+01:00;94629
2023-02-20 08:00:00+01:00;89177
2023-02-20 09:00:00+01:00;84403
2023-02-20 10:00:00+01:00;80385
2023-02-20 11:00:00+01:00;77771
2023-02-20 12:00:00+01:00;76694
2023-02-20 13:00:00+01:00;77470
2023-02-20 14:00:00+01:00;78717
2023-02-20 15:00:00+01:00;81720
2023-02-20 16:00:00+01:00;84077
2023-02-20 17:00:00+01:00;84932
2023-02-20 18:00:00+01:00;84472
2023-02-20 19:00:00+01:00;82003
2023-02-20 20:00:00+01:00;74450
2023-02-20 21:00:00+01:00;58590
2023-02-20 22:00:00+01:00;47468
2023-02-20 23:00:00+01:00;45606
2023-02-21 00:00:00+01:00;46535
2023-02-21 01:00:00+01:00;48408
2023-02-21 02:00:00+01:00;52387
2023-02-21 03:00:00+01:00;61742
2023-02-21 04:00:00+01:00;84564
2023-02-21 05:00:00+01:00;100524
2023-02-21 06:00:00+01:00;96424
2023-02-21 07:00:00+01:00;93475
2023-02-21 08:00:00+01:00;88694
2023-02-21 09:00:00+01:00;83545
2023-02-21 10:00:00+01:00;81490
2023-02-21 11:00:00+01:00;78227
2023-02-21 12:00:00+01:00;75887
2023-02-21 13:00:00+01:00;75067
2023-02-21 14:00:00+01:00;76932
2023-02-21 15:00:00+01:00;80912
2023-02-21 16:00:00+01:00;84797
2023-02-21 17:00:00+01:00;85921
2023-02-21 18:00:00+01:00;84996
2023-02-21 19:00:00+01:00;82650
2023-02-21 20:00:00+01:00;75890
2023-02-21 21:00:00+01:00;60748
2023-02-21 22:00:00+01:00;49395
2023-02-21 23:00:00+01:00;49266
2023-02-22 00:00:00+01:00;51508
2023-02-22 01:00:00+01:00;50865
2023-02-22 02:00:00+01:00;55786
2023-02-22 03:00:00+01:00;68067
2023-02-22 04:00:00+01:00;92726
2023-02-22 05:00:00+01:00;100726
2023-02-22 06:00:00+01:00;95299
2023-02-22 07:00:00+01:00;92793
2023-02-22 08:00:00+01:00;88920
2023-02-22 09:00:00+01:00;84376
2023-02-22 10:00:00+01:00;82286
2023-02-22 11:00:00+01:00;79612
2023-02-22 12:00:00+01:00;78636
2023-02-22 13:00:00+01:00;80373
2023-02-22 14:00:00+01:00;81921
2023-02-22 15:00:00+01:00;84961
2023-02-22 16:00:00+01:00;89341
2023-02-22 17:00:00+01:00;90344
2023-02-22 18:00:00+01:00;89642
2023-02-22 19:00:00+01:00;87942
2023-02-22 20:00:00+01:00;80292
2023-02-22 21:00:00+01:00;64510
2023-02-22 22:00:00+01:00;53723
2023-02-22 23:00:00+01:00;43835
2023-02-23 00:00:00+01:00;46147
2023-02-23 01:00:00+01:00;47299
2023-02-23 02:00:00+01:00;52278
2023-02-23 03:00:00+01:00;62418
2023-02-23 04:00:00+01:00;82907
2023-02-23 05:00:00+01:00;98648
2023-02-23 06:00:00+01:00;96745
2023-02-23 07:00:00+01:00;93858
2023-02-23 08:00:00+01:00;88647
2023-02-23 09:00:00+01:00;83721
2023-02-23 10:00:00+01:00;79224
2023-02-23 11:00:00+01:00;77182
2023-02-23 12:00:00+01:00;76185
2023-02-23 13:00:00+01:00;76594
2023-02-23 14:00:00+01:00;77961
2023-02-23 15:00:00+01:00;81436
2023-02-23 16:00:00+01:00;84453
2023-02-23 17:00:00+01:00;86018
2023-02-23 18:00:00+01:00;85682
2023-02-23 19:00:00+01:00;82792
2023-02-23 20:00:00+01:00;75179
2023-02-23 21:00:00+01:00;58983
2023-02-23 22:00:00+01:00;47551
2023-02-23 23:00:00+01:00;44839
2023-02-24 00:00:00+01:00;46981
2023-02-24 01:00:00+01:00;48112
2023-02-24 02:00:00+01:00;52639
2023-02-24 03:00:00+01:00;62052
2023-02-24 04:00:00+01:00;82726
2023-02-24 05:00:00+01:00;98485
2023-02-24 06:00:00+01:00;96836
2023-02-24 07:00:00+01:00;94630
2023-02-24 08:00:00+01:00;89409
2023-02-24 09:00:00+01:00;84365
2023-02-24 10:00:00+01:00;80334
2023-02-24 11:00:00+01:00;78000
2023-02-24 12:00:00+01:00;77365
2023-02-24 13:00:00+01:00;77937
2023-02-24 14:00:00+01:00;79270
2023-02-24 15:00:00+01:00;82390
2023-02-24 16:00:00+01:00;84852
2023-02-24 17:00:00+01:00;85097
2023-02-24 18:00:00+01:00;84655
2023-02-24 19:00:00+01:00;82340
2023-02-24 20:00:00+01:00;74643
2023-02-24 21:00:00+01:00;58640
2023-02-24 22:00:00+01:00;47849
2023-02-24 23:00:00+01:00;42463
2023-02-25 00:00:00+01:00;44590
2023-02-25 01:00:00+01:00;45703
2023-02-25 02:00:00+01:00;50316
2023-02-25 03:00:00+01:00;59989
2023-02-25 04:00:00+01:00;79980
2023-02-25 05:00:00+01:00;95486
2023-02-25 06:00:00+01:00;93907
2023-02-25 07:00:00+01:00;91694
2023-02-25 08:00:00+01:00;86056
2023-02-25 09:00:00+01:00;80950
2023-02-25 10:00:00+01:00;76956
2023-02-25 11:00:00+01:00;74781
2023-02-25 12:00:00+01:00;74059
2023-02-25 13:00:00+01:00;74621
2023-02-25 14:00:00+01:00;75923
2023-02-25 15:00:00+01:00;78961
2023-02-25 16:00:00+01:00;81593
2023-02-25 17:00:00+01:00;82043
2023-02-25 18:00:00+01:00;81865
2023-02-25 19:00:00+01:00;79645
2023-02-25 20:00:00+01:00;72165
2023-02-25 21:00:00+01:00;56302
2023-02-25 22:00:00+01:00;45591
2023-02-25 23:00:00+01:00;37756
2023-02-26 00:00:00+01:00;39778
2023-02-26 01:00:00+01:00;40769
2023-02-26 02:00:00+01:00;45260
2023-02-26 03:00:00+01:00;54906
2023-02-26 04:00:00+01:00;73394
2023-02-26 05:00:00+01:00;88015
2023-02-26 06:00:00+01:00;86645
2023-02-26 07:00:00+01:00;84354
2023-02-26 08:00:00+01:00;78530
2023-02-26 09:00:00+01:00;73460
2023-02-26 10:00:00+01:00;69665
2023-02-26 11:00:00+01:00;67589
2023-02-26 12:00:00+01:00;66882
2023-02-26 13:00:00+01:00;67341
2023-02-26 14:00:00+01:00;68516
2023-02-26 15:00:00+01:00;71280
2023-02-26 16:00:00+01:00;74042
2023-02-26 17:00:00+01:00;74727
2023-02-26 18:00:00+01:00;74983
2023-02-26 19:00:00+01:00;73019
2023-02-26 20:00:00+01:00;66150
2023-02-26 21:00:00+01:00;51230
2023-02-26 22:00:00+01:00;40889
2023-02-26 23:00:00+01:00;39671
2023-02-27 00:00:00+01:00;41896
2023-02-27 01:00:00+01:00;42876
2023-02-27 02:00:00+01:00;47147
2023-02-27 03:00:00+01:00;57136
2023-02-27 04:00:00+01:00;76447
2023-02-27 05:00:00+01:00;93680
2023-02-27 06:00:00+01:00;92162
2023-02-27 07:00:00+01:00;89610
2023-02-27 08:00:00+01:00;83518
2023-02-27 09:00:00+01:00;78531
2023-02-27 10:00:00+01:00;74570
2023-02-27 11:00:00+01:00;72180
2023-02-27 12:00:00+01:00;71031
2023-02-27 13:00:00+01:00;71823
2023-02-27 14:00:00+01:00;72995
2023-02-27 15:00:00+01:00;75748
2023-02-27 16:00:00+01:00;78401
2023-02-27 17:00:00+01:00;79651
2023-02-27 18:00:00+01:00;79569
2023-02-27 19:00:00+01:00;77346
2023-02-27 20:00:00+01:00;70115
2023-02-27 21:00:00+01:00;54568
2023-02-27 22:00:00+01:00;43669
2023-02-27 23:00:00+01:00;41109
2023-02-28 00:00:00+01:00;42487
2023-02-28 01:00:00+01:00;43850
2023-02-28 02:00:00+01:00;48307
2023-02-28 03:00:00+01:00;58517
2023-02-28 04:00:00+01:00;80161
2023-02-28 05:00:00+01:00;95328
2023-02-28 06:00:00+01:00;91915
2023-02-28 07:00:00+01:00;88569
2023-02-28 08:00:00+01:00;83233
2023-02-28 09:00:00+01:00;77671
2023-02-28 10:00:00+01:00;75550
2023-02-28 11:00:00+01:00;72769
2023-02-28 12:00:00+01:00;69757
2023-02-28 13:00:00+01:00;68946
2023-02-28 14:00:00+01:00;71037
2023-02-28 15:00:00+01:00;74862
2023-02-28 16:00:00+01:00;78941
2023-02-28 17:00:00+01:00;80691
2023-02-28 18:00:00+01:00;80066
2023-02-28 19:00:00+01:00;78286
2023-02-28 20:00:00+01:00;71376
2023-02-28 21:00:00+01:00;56913
2023-02-28 22:00:00+01:00;45283
2023-02-28 23:00:00+01:00;34879
2023-03-01 00:00:00+01:00;38338
2023-03-01 01:00:00+01:00;36854
2023-03-01 02:00:00+01:00;41476
2023-03-01 03:00:00+01:00;52907
2023-03-01 04:00:00+01:00;74113
2023-03-01 05:00:00+01:00;79908
2023-03-01 06:00:00+01:00;75926
2023-03-01 07:00:00+01:00;71649
2023-03-01 08:00:00+01:00;67698
2023-03-01 09:00:00+01:00;63283
2023-03-01 10:00:00+01:00;61173
2023-03-01 11:00:00+01:00;59164
2023-03-01 12:00:00+01:00;57876
2023-03-01 13:00:00+01:00;59255
2023-03-01 14:00:00+01:00;59964
2023-03-01 15:00:00+01:00;63595
2023-03-01 16:00:00+01:00;67278
2023-03-01 17:00:00+01:00;68751
2023-03-01 18:00:00+01:00;69407
2023-03-01 19:00:00+01:00;68831
2023-03-01 20:00:00+01:00;62322
2023-03-01 21:00:00+01:00;50005
2023-03-01 22:00:00+01:00;38894
2023-03-01 23:00:00+01:00;32471
2023-03-02 00:00:00+01:00;34620
2023-03-02 01:00:00+01:00;35576
2023-03-02 02:00:00+01:00;39949
2023-03-02 03:00:00+01:00;49391
2023-03-02 04:00:00+01:00;66336
2023-03-02 05:00:00+01:00;79717
2023-03-02 06:00:00+01:00;78517
2023-03-02 07:00:00+01:00;75049
2023-03-02 08:00:00+01:00;70008
2023-03-02 09:00:00+01:00;65370
2023-03-02 10:00:00+01:00;61308
2023-03-02 11:00:00+01:00;59747
2023-03-02 12:00:00+01:00;58562
2023-03-02 13:00:00+01:00;58694
2023-03-02 14:00:00+01:00;59869
2023-03-02 15:00:00+01:00;62757
2023-03-02 16:00:00+01:00;65428
2023-03-02 17:00:00+01:00;67484
2023-03-02 18:00:00+01:00;68106
2023-03-02 19:00:00+01:00;66267
2023-03-02 20:00:00+01:00;60129
2023-03-02 21:00:00+01:00;46422
2023-03-02 22:00:00+01:00;36066
2023-03-02 23:00:00+01:00;34176
2023-03-03 00:00:00+01:00;36145
2023-03-03 01:00:00+01:00;37128
2023-03-03 02:00:00+01:00;41565
2023-03-03 03:00:00+01:00;51444
2023-03-03 04:00:00+01:00;69384
2023-03-03 05:00:00+01:00;83637
2023-03-03 06:00:00+01:00;82458
2023-03-03 07:00:00+01:00;79724
2023-03-03 08:00:00+01:00;73695
2023-03-03 09:00:00+01:00;68527
2023-03-03 10:00:00+01:00;64737
2023-03-03 11:00:00+01:00;62683
2023-03-03 12:00:00+01:00;61896
2023-03-03 13:00:00+01:00;62168
2023-03-03 14:00:00+01:00;63226
2023-03-03 15:00:00+01:00;65788
2023-03-03 16:00:00+01:00;68633
2023-03-03 17:00:00+01:00;69676
2023-03-03 18:00:00+01:00;70445
2023-03-03 19:00:00+01:00;68689
2023-03-03 20:00:00+01:00;62317
2023-03-03 21:00:00+01:00;47805
2023-03-03 22:00:00+01:00;37387
2023-03-03 23:00:00+01:00;38629
2023-03-04 00:00:00+01:00;40791
2023-03-04 01:00:00+01:00;41836
2023-03-04 02:00:00+01:00;46581
2023-03-04 03:00:00+01:00;56822
2023-03-04 04:00:00+01:00;76061
2023-03-04 05:00:00+01:00;91242
2023-03-04 06:00:00+01:00;89882
2023-03-04 07:00:00+01:00;87386
2023-03-04 08:00:00+01:00;81144
2023-03-04 09:00:00+01:00;75806
2023-03-04 10:00:00+01:00;71815
2023-03-04 11:00:00+01:00;69729
2023-03-04 12:00:00+01:00;68896
2023-03-04 13:00:00+01:00;69397
2023-03-04 14:00:00+01:00;70606
2023-03-04 15:00:00+01:00;73446
2023-03-04 16:00:00+01:00;76397
2023-03-04 17:00:00+01:00;77209
2023-03-04 18:00:00+01:00;77579
2023-03-04 19:00:00+01:00;75558
2023-03-04 20:00:00+01:00;68450
2023-03-04 21:00:00+01:00;52756
2023-03-04 22:00:00+01:00;41960
2023-03-04 23:00:00+01:00;42899
2023-03-05 00:00:00+01:00;45057
2023-03-05 01:00:00+01:00;46175
2023-03-05 02:00:00+01:00;50789
2023-03-05 03:00:00+01:00;60579
2023-03-05 04:00:00+01:00;80982
2023-03-05 05:00:00+01:00;96683
2023-03-05 06:00:00+01:00;95137
2023-03-05 07:00:00+01:00;92708
2023-03-05 08:00:00+01:00;87121
2023-03-05 09:00:00+01:00;81922
2023-03-05 10:00:00+01:00;77859
2023-03-05 11:00:00+01:00;75550
2023-03-05 12:00:00+01:00;74846
2023-03-05 13:00:00+01:00;75346
2023-03-05 14:00:00+01:00;76633
2023-03-05 15:00:00+01:00;79660
2023-03-05 16:00:00+01:00;82294
2023-03-05 17:00:00+01:00;82771
2023-03-05 18:00:00+01:00;82662
2023-03-05 19:00:00+01:00;80454
2023-03-05 20:00:00+01:00;72940
2023-03-05 21:00:00+01:00;56976
2023-03-05 22:00:00+01:00;46037
2023-03-05 23:00:00+01:00;42768
2023-03-06 00:00:00+01:00;44927
2023-03-06 01:00:00+01:00;46062
2023-03-06 02:00:00+01:00;50040
2023-03-06 03:00:00+01:00;59421
2023-03-06 04:00:00+01:00;79631
2023-03-06 05:00:00+01:00;97071
2023-03-06 06:00:00+01:00;95338
2023-03-06 07:00:00+01:00;92702
2023-03-06 08:00:00+01:00;87367
2023-03-06 09:00:00+01:00;82672
2023-03-06 10:00:00+01:00;78713
2023-03-06 11:00:00+01:00;76151
2023-03-06 12:00:00+01:00;75083
2023-03-06 13:00:00+01:00;75819
2023-03-06 14:00:00+01:00;77032
2023-03-06 15:00:00+01:00;79981
2023-03-06 16:00:00+01:00;82287
2023-03-06 17:00:00+01:00;83146
2023-03-06 18:00:00+01:00;82742
2023-03-06 19:00:00+01:00;80331
2023-03-06 20:00:00+01:00;72952
2023-03-06 21:00:00+01:00;57384
2023-03-06 22:00:00+01:00;46418
2023-03-06 23:00:00+01:00;38222
2023-03-07 00:00:00+01:00;39715
2023-03-07 01:00:00+01:00;40879
2023-03-07 02:00:00+01:00;45379
2023-03-07 03:00:00+01:00;55667
2023-03-07 04:00:00+01:00;76360
2023-03-07 05:00:00+01:00;90800
2023-03-07 06:00:00+01:00;87757
2023-03-07 07:00:00+01:00;84342
2023-03-07 08:00:00+01:00;78936
2023-03-07 09:00:00+01:00;73348
2023-03-07 10:00:00+01:00;71261
2023-03-07 11:00:00+01:00;68721
2023-03-07 12:00:00+01:00;65539
2023-03-07 13:00:00+01:00;64720
2023-03-07 14:00:00+01:00;66832
2023-03-07 15:00:00+01:00;70495
2023-03-07 16:00:00+01:00;74556
2023-03-07 17:00:00+01:00;76520
2023-03-07 18:00:00+01:00;76059
2023-03-07 19:00:00+01:00;74535
2023-03-07 20:00:00+01:00;67769
2023-03-07 21:00:00+01:00;53906
2023-03-07 22:00:00+01:00;42454
2023-03-07 23:00:00+01:00;35669
2023-03-08 00:00:00+01:00;39520
2023-03-08 01:00:00+01:00;37666
2023-03-08 02:00:00+01:00;42352
2023-03-08 03:00:00+01:00;53824
2023-03-08 04:00:00+01:00;75212
2023-03-08 05:00:00+01:00;81150
2023-03-08 06:00:00+01:00;76774
2023-03-08 07:00:00+01:00;72596
2023-03-08 08:00:00+01:00;68716
2023-03-08 09:00:00+01:00;64160
2023-03-08 10:00:00+01:00;62105
2023-03-08 11:00:00+01:00;60134
2023-03-08 12:00:00+01:00;58866
2023-03-08 13:00:00+01:00;60408
2023-03-08 14:00:00+01:00;61091
2023-03-08 15:00:00+01:00;65029
2023-03-08 16:00:00+01:00;68877
2023-03-08 17:00:00+01:00;70237
2023-03-08 18:00:00+01:00;70726
2023-03-08 19:00:00+01:00;70222
2023-03-08 20:00:00+01:00;63393
2023-03-08 21:00:00+01:00;51023
2023-03-08 22:00:00+01:00;39714
2023-03-08 23:00:00+01:00;33051
2023-03-09 00:00:00+01:00;35268
2023-03-09 01:00:00+01:00;36142
2023-03-09 02:00:00+01:00;40546
2023-03-09 03:00:00+01:00;49890
2023-03-09 04:00:00+01:00;66243
2023-03-09 05:00:00+01:00;79250
2023-03-09 06:00:00+01:00;78042
2023-03-09 07:00:00+01:00;75166
2023-03-09 08:00:00+01:00;70131
2023-03-09 09:00:00+01:00;65637
2023-03-09 10:00:00+01:00;61664
2023-03-09 11:00:00+01:00;60311
2023-03-09 12:00:00+01:00;59170
2023-03-09 13:00:00+01:00;59495
2023-03-09 14:00:00+01:00;60691
2023-03-09 15:00:00+01:00;63816
2023-03-09 16:00:00+01:00;66442
2023-03-09 17:00:00+01:00;68383
2023-03-09 18:00:00+01:00;68601
2023-03-09 19:00:00+01:00;66658
2023-03-09 20:00:00+01:00;60272
2023-03-09 21:00:00+01:00;46560
2023-03-09 22:00:00+01:00;36610
2023-03-09 23:00:00+01:00;31455
2023-03-10 00:00:00+01:00;33255
2023-03-10 01:00:00+01:00;34091
2023-03-10 02:00:00+01:00;38217
2023-03-10 03:00:00+01:00;47172
2023-03-10 04:00:00+01:00;63142
2023-03-10 05:00:00+01:00;75946
2023-03-10 06:00:00+01:00;74844
2023-03-10 07:00:00+01:00;72823
2023-03-10 08:00:00+01:00;67257
2023-03-10 09:00:00+01:00;62590
2023-03-10 10:00:00+01:00;59229
2023-03-10 11:00:00+01:00;57459
2023-03-10 12:00:00+01:00;56849
2023-03-10 13:00:00+01:00;57265
2023-03-10 14:00:00+01:00;58274
2023-03-10 15:00:00+01:00;60713
2023-03-10 16:00:00+01:00;63378
2023-03-10 17:00:00+01:00;64193
2023-03-10 18:00:00+01:00;64665
2023-03-10 19:00:00+01:00;63008
2023-03-10 20:00:00+01:00;57027
2023-03-10 21:00:00+01:00;43677
2023-03-10 22:00:00+01:00;34406
2023-03-10 23:00:00+01:00;29069
2023-03-11 00:00:00+01:00;30753
2023-03-11 01:00:00+01:00;31700
2023-03-11 02:00:00+01:00;35643
2023-03-11 03:00:00+01:00;44698
2023-03-11 04:00:00+01:00;61307
2023-03-11 05:00:00+01:00;74515
2023-03-11 06:00:00+01:00;73481
2023-03-11 07:00:00+01:00;70312
2023-03-11 08:00:00+01:00;64850
2023-03-11 09:00:00+01:00;60000
2023-03-11 10:00:00+01:00;56431
2023-03-11 11:00:00+01:00;54469
2023-03-11 12:00:00+01:00;53619
2023-03-11 13:00:00+01:00;53625
2023-03-11 14:00:00+01:00;54486
2023-03-11 15:00:00+01:00;56689
2023-03-11 16:00:00+01:00;59227
2023-03-11 17:00:00+01:00;60528
2023-03-11 18:00:00+01:00;61761
2023-03-11 19:00:00+01:00;60297
2023-03-11 20:00:00+01:00;54986
2023-03-11 21:00:00+01:00;41957
2023-03-11 22:00:00+01:00;32051
2023-03-11 23:00:00+01:00;30558
2023-03-12 00:00:00+01:00;32313
2023-03-12 01:00:00+01:00;33287
2023-03-12 02:00:00+01:00;37355
2023-03-12 03:00:00+01:00;46692
2023-03-12 04:00:00+01:00;63752
2023-03-12 05:00:00+01:00;77303
2023-03-12 06:00:00+01:00;76241
2023-03-12 07:00:00+01:00;73132
2023-03-12 08:00:00+01:00;67515
2023-03-12 09:00:00+01:00;62549
2023-03-12 10:00:00+01:00;58903
2023-03-12 11:00:00+01:00;56863
2023-03-12 12:00:00+01:00;56053
2023-03-12 13:00:00+01:00;56081
2023-03-12 14:00:00+01:00;56997
2023-03-12 15:00:00+01:00;59304
2023-03-12 16:00:00+01:00;61920
2023-03-12 17:00:00+01:00;63172
2023-03-12 18:00:00+01:00;64304
2023-03-12 19:00:00+01:00;62770
2023-03-12 20:00:00+01:00;57154
2023-03-12 21:00:00+01:00;43723
2023-03-12 22:00:00+01:00;33602
2023-03-12 23:00:00+01:00;33588
2023-03-13 00:00:00+01:00;35603
2023-03-13 01:00:00+01:00;36403
2023-03-13 02:00:00+01:00;40348
2023-03-13 03:00:00+01:00;49729
2023-03-13 04:00:00+01:00;67180
2023-03-13 05:00:00+01:00;82858
2023-03-13 06:00:00+01:00;81614
2023-03-13 07:00:00+01:00;78865
2023-03-13 08:00:00+01:00;73104
2023-03-13 09:00:00+01:00;68368
2023-03-13 10:00:00+01:00;64645
2023-03-13 11:00:00+01:00;62580
2023-03-13 12:00:00+01:00;61391
2023-03-13 13:00:00+01:00;61926
2023-03-13 14:00:00+01:00;62894
2023-03-13 15:00:00+01:00;65294
2023-03-13 16:00:00+01:00;67799
2023-03-13 17:00:00+01:00;69249
2023-03-13 18:00:00+01:00;69684
2023-03-13 19:00:00+01:00;67830
2023-03-13 20:00:00+01:00;61609
2023-03-13 21:00:00+01:00;47577
2023-03-13 22:00:00+01:00;37349
2023-03-13 23:00:00+01:00;36775
2023-03-14 00:00:00+01:00;38269
2023-03-14 01:00:00+01:00;39363
2023-03-14 02:00:00+01:00;43854
2023-03-14 03:00:00+01:00;54231
2023-03-14 04:00:00+01:00;74585
2023-03-14 05:00:00+01:00;88763
2023-03-14 06:00:00+01:00;85953
2023-03-14 07:00:00+01:00;82402
2023-03-14 08:00:00+01:00;76926
2023-03-14 09:00:00+01:00;71324
2023-03-14 10:00:00+01:00;69183
2023-03-14 11:00:00+01:00;66735
2023-03-14 12:00:00+01:00;63450
2023-03-14 13:00:00+01:00;62616
2023-03-14 14:00:00+01:00;64698
2023-03-14 15:00:00+01:00;68239
2023-03-14 16:00:00+01:00;72282
2023-03-14 17:00:00+01:00;74402
2023-03-14 18:00:00+01:00;74119
2023-03-14 19:00:00+01:00;72709
2023-03-14 20:00:00+01:00;66087
2023-03-14 21:00:00+01:00;52458
2023-03-14 22:00:00+01:00;41014
2023-03-14 23:00:00+01:00;40995
2023-03-15 00:00:00+01:00;44920
2023-03-15 01:00:00+01:00;43132
2023-03-15 02:00:00+01:00;48289
2023-03-15 03:00:00+01:00;60790
2023-03-15 04:00:00+01:00;84298
2023-03-15 05:00:00+01:00;90923
2023-03-15 06:00:00+01:00;86055
2023-03-15 07:00:00+01:00;81807
2023-03-15 08:00:00+01:00;77636
2023-03-15 09:00:00+01:00;72749
2023-03-15 10:00:00+01:00;70520
2023-03-15 11:00:00+01:00;68288
2023-03-15 12:00:00+01:00;66979
2023-03-15 13:00:00+01:00;68685
2023-03-15 14:00:00+01:00;69577
2023-03-15 15:00:00+01:00;73653
2023-03-15 16:00:00+01:00;77900
2023-03-15 17:00:00+01:00;79295
2023-03-15 18:00:00+01:00;79585
2023-03-15 19:00:00+01:00;78832
2023-03-15 20:00:00+01:00;71353
2023-03-15 21:00:00+01:00;57443
2023-03-15 22:00:00+01:00;45403
2023-03-15 23:00:00+01:00;38984
2023-03-16 00:00:00+01:00;41474
2023-03-16 01:00:00+01:00;42506
2023-03-16 02:00:00+01:00;47458
2023-03-16 03:00:00+01:00;57895
2023-03-16 04:00:00+01:00;76849
2023-03-16 05:00:00+01:00;91722
2023-03-16 06:00:00+01:00;90245
2023-03-16 07:00:00+01:00;87009
2023-03-16 08:00:00+01:00;81445
2023-03-16 09:00:00+01:00;76447
2023-03-16 10:00:00+01:00;71963
2023-03-16 11:00:00+01:00;70316
2023-03-16 12:00:00+01:00;69065
2023-03-16 13:00:00+01:00;69446
2023-03-16 14:00:00+01:00;70799
2023-03-16 15:00:00+01:00;74283
2023-03-16 16:00:00+01:00;77239
2023-03-16 17:00:00+01:00;79255
2023-03-16 18:00:00+01:00;79350
2023-03-16 19:00:00+01:00;77000
2023-03-16 20:00:00+01:00;69689
2023-03-16 21:00:00+01:00;54115
2023-03-16 22:00:00+01:00;42895
2023-03-16 23:00:00+01:00;34038
2023-03-17 00:00:00+01:00;35998
2023-03-17 01:00:00+01:00;36890
2023-03-17 02:00:00+01:00;41304
2023-03-17 03:00:00+01:00;50859
2023-03-17 04:00:00+01:00;67937
2023-03-17 05:00:00+01:00;81592
2023-03-17 06:00:00+01:00;80412
2023-03-17 07:00:00+01:00;78298
2023-03-17 08:00:00+01:00;72355
2023-03-17 09:00:00+01:00;67405
2023-03-17 10:00:00+01:00;63819
2023-03-17 11:00:00+01:00;61940
2023-03-17 12:00:00+01:00;61271
2023-03-17 13:00:00+01:00;61744
2023-03-17 14:00:00+01:00;62833
2023-03-17 15:00:00+01:00;65429
2023-03-17 16:00:00+01:00;68273
2023-03-17 17:00:00+01:00;69084
2023-03-17 18:00:00+01:00;69513
2023-03-17 19:00:00+01:00;67722
2023-03-17 20:00:00+01:00;61259
2023-03-17 21:00:00+01:00;46997
2023-03-17 22:00:00+01:00;37165
2023-03-17 23:00:00+01:00;29065
2023-03-18 00:00:00+01:00;30732
2023-03-18 01:00:00+01:00;31637
2023-03-18 02:00:00+01:00;35540
2023-03-18 03:00:00+01:00;44360
2023-03-18 04:00:00+01:00;60504
2023-03-18 05:00:00+01:00;73372
2023-03-18 06:00:00+01:00;72335
2023-03-18 07:00:00+01:00;69503
2023-03-18 08:00:00+01:00;64146
2023-03-18 09:00:00+01:00;59435
2023-03-18 10:00:00+01:00;55984
2023-03-18 11:00:00+01:00;54113
2023-03-18 12:00:00+01:00;53332
2023-03-18 13:00:00+01:00;53442
2023-03-18 14:00:00+01:00;54322
2023-03-18 15:00:00+01:00;56543
2023-03-18 16:00:00+01:00;59051
2023-03-18 17:00:00+01:00;60212
2023-03-18 18:00:00+01:00;61240
2023-03-18 19:00:00+01:00;59754
2023-03-18 20:00:00+01:00;54406
2023-03-18 21:00:00+01:00;41542
2023-03-18 22:00:00+01:00;31980
2023-03-18 23:00:00+01:00;30273
2023-03-19 00:00:00+01:00;32015
2023-03-19 01:00:00+01:00;32954
2023-03-19 02:00:00+01:00;36994
2023-03-19 03:00:00+01:00;46184
2023-03-19 04:00:00+01:00;62860
2023-03-19 05:00:00+01:00;76140
2023-03-19 06:00:00+01:00;75087
2023-03-19 07:00:00+01:00;72190
2023-03-19 08:00:00+01:00;66626
2023-03-19 09:00:00+01:00;61753
2023-03-19 10:00:00+01:00;58193
2023-03-19 11:00:00+01:00;56221
2023-03-19 12:00:00+01:00;55457
2023-03-19 13:00:00+01:00;55548
2023-03-19 14:00:00+01:00;56468
2023-03-19 15:00:00+01:00;58775
2023-03-19 16:00:00+01:00;61380
2023-03-19 17:00:00+01:00;62555
2023-03-19 18:00:00+01:00;63579
2023-03-19 19:00:00+01:00;62047
2023-03-19 20:00:00+01:00;56440
2023-03-19 21:00:00+01:00;43159
2023-03-19 22:00:00+01:00;33279
2023-03-19 23:00:00+01:00;30571
2023-03-20 00:00:00+01:00;32497
2023-03-20 01:00:00+01:00;33202
2023-03-20 02:00:00+01:00;37026
2023-03-20 03:00:00+01:00;46229
2023-03-20 04:00:00+01:00;62903
2023-03-20 05:00:00+01:00;77986
2023-03-20 06:00:00+01:00;76885
2023-03-20 07:00:00+01:00;73931
2023-03-20 08:00:00+01:00;68235
2023-03-20 09:00:00+01:00;63544
2023-03-20 10:00:00+01:00;59883
2023-03-20 11:00:00+01:00;57972
2023-03-20 12:00:00+01:00;56722
2023-03-20 13:00:00+01:00;57095
2023-03-20 14:00:00+01:00;57958
2023-03-20 15:00:00+01:00;60176
2023-03-20 16:00:00+01:00;62649
2023-03-20 17:00:00+01:00;64259
2023-03-20 18:00:00+01:00;65043
2023-03-20 19:00:00+01:00;63379
2023-03-20 20:00:00+01:00;57663
2023-03-20 21:00:00+01:00;44291
2023-03-20 22:00:00+01:00;34257
2023-03-20 23:00:00+01:00;32336
2023-03-21 00:00:00+01:00;33723
2023-03-21 01:00:00+01:00;34680
2023-03-21 02:00:00+01:00;38907
2023-03-21 03:00:00+01:00;49020
2023-03-21 04:00:00+01:00;67957
2023-03-21 05:00:00+01:00;81041
2023-03-21 06:00:00+01:00;78812
2023-03-21 07:00:00+01:00;75125
2023-03-21 08:00:00+01:00;69755
2023-03-21 09:00:00+01:00;64344
2023-03-21 10:00:00+01:00;62183
2023-03-21 11:00:00+01:00;59999
2023-03-21 12:00:00+01:00;56671
2023-03-21 13:00:00+01:00;55787
2023-03-21 14:00:00+01:00;57692
2023-03-21 15:00:00+01:00;60831
2023-03-21 16:00:00+01:00;64675
2023-03-21 17:00:00+01:00;67035
2023-03-21 18:00:00+01:00;67187
2023-03-21 19:00:00+01:00;66051
2023-03-21 20:00:00+01:00;60033
2023-03-21 21:00:00+01:00;47406
2023-03-21 22:00:00+01:00;36429
2023-03-21 23:00:00+01:00;36429
2023-03-22 00:00:00+01:00;40332
2023-03-22 01:00:00+01:00;38564
2023-03-22 02:00:00+01:00;43486
2023-03-22 03:00:00+01:00;55492
2023-03-22 04:00:00+01:00;77623
2023-03-22 05:00:00+01:00;83572
2023-03-22 06:00:00+01:00;79299
2023-03-22 07:00:00+01:00;74745
2023-03-22 08:00:00+01:00;70629
2023-03-22 09:00:00+01:00;65944
2023-03-22 10:00:00+01:00;63745
2023-03-22 11:00:00+01:00;61692
2023-03-22 12:00:00+01:00;60339
2023-03-22 13:00:00+01:00;61857
2023-03-22 14:00:00+01:00;62555
2023-03-22 15:00:00+01:00;66521
2023-03-22 16:00:00+01:00;70445
2023-03-22 17:00:00+01:00;71964
2023-03-22 18:00:00+01:00;72620
2023-03-22 19:00:00+01:00;72099
2023-03-22 20:00:00+01:00;65180
2023-03-22 21:00:00+01:00;52372
2023-03-22 22:00:00+01:00;40636
2023-03-22 23:00:00+01:00;35970
2023-03-23 00:00:00+01:00;38309
2023-03-23 01:00:00+01:00;39319
2023-03-23 02:00:00+01:00;44021
2023-03-23 03:00:00+01:00;54062
2023-03-23 04:00:00+01:00;72230
2023-03-23 05:00:00+01:00;86497
2023-03-23 06:00:00+01:00;85153
2023-03-23 07:00:00+01:00;81708
2023-03-23 08:00:00+01:00;76358
2023-03-23 09:00:00+01:00;71491
2023-03-23 10:00:00+01:00;67174
2023-03-23 11:00:00+01:00;65534
2023-03-23 12:00:00+01:00;64304
2023-03-23 13:00:00+01:00;64548
2023-03-23 14:00:00+01:00;65823
2023-03-23 15:00:00+01:00;69012
2023-03-23 16:00:00+01:00;71854
2023-03-23 17:00:00+01:00;73918
2023-03-23 18:00:00+01:00;74313
2023-03-23 19:00:00+01:00;72212
2023-03-23 20:00:00+01:00;65448
2023-03-23 21:00:00+01:00;50672
2023-03-23 22:00:00+01:00;39759
2023-03-23 23:00:00+01:00;36401
2023-03-24 00:00:00+01:00;38465
2023-03-24 01:00:00+01:00;39455
2023-03-24 02:00:00+01:00;44029
2023-03-24 03:00:00+01:00;54025
2023-03-24 04:00:00+01:00;72441
2023-03-24 05:00:00+01:00;87008
2023-03-24 06:00:00+01:00;85751
2023-03-24 07:00:00+01:00;83256
2023-03-24 08:00:00+01:00;77170
2023-03-24 09:00:00+01:00;71966
2023-03-24 10:00:00+01:00;68122
2023-03-24 11:00:00+01:00;66057
2023-03-24 12:00:00+01:00;65309
2023-03-24 13:00:00+01:00;65716
2023-03-24 14:00:00+01:00;66853
2023-03-24 15:00:00+01:00;69563
2023-03-24 16:00:00+01:00;72452
2023-03-24 17:00:00+01:00;73323
2023-03-24 18:00:00+01:00;73814
2023-03-24 19:00:00+01:00;71929
2023-03-24 20:00:00+01:00;65157
2023-03-24 21:00:00+01:00;50142
2023-03-24 22:00:00+01:00;39646
2023-03-24 23:00:00+01:00;38858
2023-03-25 00:00:00+01:00;41071
2023-03-25 01:00:00+01:00;42118
2023-03-25 02:00:00+01:00;46959
2023-03-25 03:00:00+01:00;57421
2023-03-25 04:00:00+01:00;76826
2023-03-25 05:00:00+01:00;92172
2023-03-25 06:00:00+01:00;90819
2023-03-25 07:00:00+01:00;88292
2023-03-25 08:00:00+01:00;81874
2023-03-25 09:00:00+01:00;76440
2023-03-25 10:00:00+01:00;72398
2023-03-25 11:00:00+01:00;70304
2023-03-25 12:00:00+01:00;69449
2023-03-25 13:00:00+01:00;69970
2023-03-25 14:00:00+01:00;71195
2023-03-25 15:00:00+01:00;74059
2023-03-25 16:00:00+01:00;77100
2023-03-25 17:00:00+01:00;77942
2023-03-25 18:00:00+01:00;78348
2023-03-25 19:00:00+01:00;76313
2023-03-25 20:00:00+01:00;69113
2023-03-25 21:00:00+01:00;53191
2023-03-25 22:00:00+01:00;42261
2023-03-25 23:00:00+01:00;39893
2023-03-26 00:00:00+01:00;42027
2023-03-26 01:00:00+01:00;43086
2023-03-26 03:00:00+02:00;47714
2023-03-26 04:00:00+02:00;57685
2023-03-26 05:00:00+02:00;77222
2023-03-26 06:00:00+02:00;92428
2023-03-26 07:00:00+02:00;91028
2023-03-26 08:00:00+02:00;88549
2023-03-26 09:00:00+02:00;82676
2023-03-26 10:00:00+02:00;77443
2023-03-26 11:00:00+02:00;73464
2023-03-26 12:00:00+02:00;71267
2023-03-26 13:00:00+02:00;70540
2023-03-26 14:00:00+02:00;71001
2023-03-26 15:00:00+02:00;72221
2023-03-26 16:00:00+02:00;75108
2023-03-26 17:00:00+02:00;77891
2023-03-26 18:00:00+02:00;78568
2023-03-26 19:00:00+02:00;78751
2023-03-26 20:00:00+02:00;76692
2023-03-26 21:00:00+02:00;69494
2023-03-26 22:00:00+02:00;53887
2023-03-26 23:00:00+02:00;43107
2023-03-27 00:00:00+02:00;34791
2023-03-27 01:00:00+02:00;36926
2023-03-27 02:00:00+02:00;37741
2023-03-27 03:00:00+02:00;41923
2023-03-27 04:00:00+02:00;51774
2023-03-27 05:00:00+02:00;69608
2023-03-27 06:00:00+02:00;85771
2023-03-27 07:00:00+02:00;84515
2023-03-27 08:00:00+02:00;81883
2023-03-27 09:00:00+02:00;75723
2023-03-27 10:00:00+02:00;70794
2023-03-27 11:00:00+02:00;66986
2023-03-27 12:00:00+02:00;64855
2023-03-27 13:00:00+02:00;63673
2023-03-27 14:00:00+02:00;64341
2023-03-27 15:00:00+02:00;65380
2023-03-27 16:00:00+02:00;67853
2023-03-27 17:00:00+02:00;70549
2023-03-27 18:00:00+02:00;72052
2023-03-27 19:00:00+02:00;72378
2023-03-27 20:00:00+02:00;70453
2023-03-27 21:00:00+02:00;63875
2023-03-27 22:00:00+02:00;49227
2023-03-27 23:00:00+02:00;38780
2023-03-28 00:00:00+02:00;29273
2023-03-28 01:00:00+02:00;30449
2023-03-28 02:00:00+02:00;31418
2023-03-28 03:00:00+02:00;35169
2023-03-28 04:00:00+02:00;44430
2023-03-28 05:00:00+02:00;61924
2023-03-28 06:00:00+02:00;73864
2023-03-28 07:00:00+02:00;71866
2023-03-28 08:00:00+02:00;68453
2023-03-28 09:00:00+02:00;63564
2023-03-28 10:00:00+02:00;58582
2023-03-28 11:00:00+02:00;56601
2023-03-28 12:00:00+02:00;54570
2023-03-28 13:00:00+02:00;51558
2023-03-28 14:00:00+02:00;50637
2023-03-28 15:00:00+02:00;52318
2023-03-28 16:00:00+02:00;55156
2023-03-28 17:00:00+02:00;58696
2023-03-28 18:00:00+02:00;60912
2023-03-28 19:00:00+02:00;61207
2023-03-28 20:00:00+02:00;60157
2023-03-28 21:00:00+02:00;54754
2023-03-28 22:00:00+02:00;43153
2023-03-28 23:00:00+02:00;33054
2023-03-29 00:00:00+02:00;24686
2023-03-29 01:00:00+02:00;27000
2023-03-29 02:00:00+02:00;30745
2023-03-29 03:00:00+02:00;41365
2023-03-29 04:00:00+02:00;59855
2023-03-29 05:00:00+02:00;64020
2023-03-29 06:00:00+02:00;62255
2023-03-29 07:00:00+02:00;57016
2023-03-29 08:00:00+02:00;52897
2023-03-29 09:00:00+02:00;49203
2023-03-29 10:00:00+02:00;46942
2023-03-29 11:00:00+02:00;45114
2023-03-29 12:00:00+02:00;43658
2023-03-29 13:00:00+02:00;44226
2023-03-29 14:00:00+02:00;44660
2023-03-29 15:00:00+02:00;47215
2023-03-29 16:00:00+02:00;49879
2023-03-29 17:00:00+02:00;51945
2023-03-29 18:00:00+02:00;53781
2023-03-29 19:00:00+02:00;53414
2023-03-29 20:00:00+02:00;48794
2023-03-29 21:00:00+02:00;38447
2023-03-29 22:00:00+02:00;28318
2023-03-29 23:00:00+02:00;21991
2023-03-30 00:00:00+02:00;23421
2023-03-30 01:00:00+02:00;24418
2023-03-30 02:00:00+02:00;27817
2023-03-30 03:00:00+02:00;35820
2023-03-30 04:00:00+02:00;51149
2023-03-30 05:00:00+02:00;63107
2023-03-30 06:00:00+02:00;62239
2023-03-30 07:00:00+02:00;57221
2023-03-30 08:00:00+02:00;53126
2023-03-30 09:00:00+02:00;48784
2023-03-30 10:00:00+02:00;45234
2023-03-30 11:00:00+02:00;43314
2023-03-30 12:00:00+02:00;42153
2023-03-30 13:00:00+02:00;41515
2023-03-30 14:00:00+02:00;42309
2023-03-30 15:00:00+02:00;43785
2023-03-30 16:00:00+02:00;46095
2023-03-30 17:00:00+02:00;48320
2023-03-30 18:00:00+02:00;50489
2023-03-30 19:00:00+02:00;49590
2023-03-30 20:00:00+02:00;45743
2023-03-30 21:00:00+02:00;34943
2023-03-30 22:00:00+02:00;25126
2023-03-30 23:00:00+02:00;20560
2023-03-31 00:00:00+02:00;21714
2023-03-31 01:00:00+02:00;22694
2023-03-31 02:00:00+02:00;25697
2023-03-31 03:00:00+02:00;33616
2023-03-31 04:00:00+02:00;48862
2023-03-31 05:00:00+02:00;60803
2023-03-31 06:00:00+02:00;60010
2023-03-31 07:00:00+02:00;55334
2023-03-31 08:00:00+02:00;51040
2023-03-31 09:00:00+02:00;46554
2023-03-31 10:00:00+02:00;43213
2023-03-31 11:00:00+02:00;41122
2023-03-31 12:00:00+02:00;40088
2023-03-31 13:00:00+02:00;39291
2023-03-31 14:00:00+02:00;39702
2023-03-31 15:00:00+02:00;41266
2023-03-31 16:00:00+02:00;43162
2023-03-31 17:00:00+02:00;45085
2023-03-31 18:00:00+02:00;47406
2023-03-31 19:00:00+02:00;46578
2023-03-31 20:00:00+02:00;43151
2023-03-31 21:00:00+02:00;32768
2023-03-31 22:00:00+02:00;23188
2023-03-31 23:00:00+02:00;26849
2023-04-01 00:00:00+02:00;28385
2023-04-01 01:00:00+02:00;29245
2023-04-01 02:00:00+02:00;32912
2023-04-01 03:00:00+02:00;41297
2023-04-01 04:00:00+02:00;56694
2023-04-01 05:00:00+02:00;68957
2023-04-01 06:00:00+02:00;67967
2023-04-01 07:00:00+02:00;65054
2023-04-01 08:00:00+02:00;60029
2023-04-01 09:00:00+02:00;55517
2023-04-01 10:00:00+02:00;52224
2023-04-01 11:00:00+02:00;50419
2023-04-01 12:00:00+02:00;49636
2023-04-01 13:00:00+02:00;49652
2023-04-01 14:00:00+02:00;50427
2023-04-01 15:00:00+02:00;52503
2023-04-01 16:00:00+02:00;54856
2023-04-01 17:00:00+02:00;56058
2023-04-01 18:00:00+02:00;57192
2023-04-01 19:00:00+02:00;55850
2023-04-01 20:00:00+02:00;50926
2023-04-01 21:00:00+02:00;38836
2023-04-01 22:00:00+02:00;29644
2023-04-01 23:00:00+02:00;29386
2023-04-02 00:00:00+02:00;31052
2023-04-02 01:00:00+02:00;31964
2023-04-02 02:00:00+02:00;35864
2023-04-02 03:00:00+02:00;44721
2023-04-02 04:00:00+02:00;60894
2023-04-02 05:00:00+02:00;73777
2023-04-02 06:00:00+02:00;72741
2023-04-02 07:00:00+02:00;69954
2023-04-02 08:00:00+02:00;64606
2023-04-02 09:00:00+02:00;59890
2023-04-02 10:00:00+02:00;56445
2023-04-02 11:00:00+02:00;54528
2023-04-02 12:00:00+02:00;53802
2023-04-02 13:00:00+02:00;53889
2023-04-02 14:00:00+02:00;54779
2023-04-02 15:00:00+02:00;57028
2023-04-02 16:00:00+02:00;59531
2023-04-02 17:00:00+02:00;60666
2023-04-02 18:00:00+02:00;61648
2023-04-02 19:00:00+02:00;60157
2023-04-02 20:00:00+02:00;54733
2023-04-02 21:00:00+02:00;41870
2023-04-02 22:00:00+02:00;32291
2023-04-02 23:00:00+02:00;29294
2023-04-03 00:00:00+02:00;31101
2023-04-03 01:00:00+02:00;31782
2023-04-03 02:00:00+02:00;35384
2023-04-03 03:00:00+02:00;44070
2023-04-03 04:00:00+02:00;60092
2023-04-03 05:00:00+02:00;74521
2023-04-03 06:00:00+02:00;73422
2023-04-03 07:00:00+02:00;70549
2023-04-03 08:00:00+02:00;65241
2023-04-03 09:00:00+02:00;60796
2023-04-03 10:00:00+02:00;57297
2023-04-03 11:00:00+02:00;55465
2023-04-03 12:00:00+02:00;54267
2023-04-03 13:00:00+02:00;54595
2023-04-03 14:00:00+02:00;55406
2023-04-03 15:00:00+02:00;57554
2023-04-03 16:00:00+02:00;59851
2023-04-03 17:00:00+02:00;61360
2023-04-03 18:00:00+02:00;62118
2023-04-03 19:00:00+02:00;60525
2023-04-03 20:00:00+02:00;55110
2023-04-03 21:00:00+02:00;42393
2023-04-03 22:00:00+02:00;32769
2023-04-03 23:00:00+02:00;30200
2023-04-04 00:00:00+02:00;31335
2023-04-04 01:00:00+02:00;32367
2023-04-04 02:00:00+02:00;36130
2023-04-04 03:00:00+02:00;45472
2023-04-04 04:00:00+02:00;63387
2023-04-04 05:00:00+02:00;75640
2023-04-04 06:00:00+02:00;73570
2023-04-04 07:00:00+02:00;70093
2023-04-04 08:00:00+02:00;65164
2023-04-04 09:00:00+02:00;60153
2023-04-04 10:00:00+02:00;58109
2023-04-04 11:00:00+02:00;55992
2023-04-04 12:00:00+02:00;52985
2023-04-04 13:00:00+02:00;52063
2023-04-04 14:00:00+02:00;53731
2023-04-04 15:00:00+02:00;56608
2023-04-04 16:00:00+02:00;60169
2023-04-04 17:00:00+02:00;62376
2023-04-04 18:00:00+02:00;62675
2023-04-04 19:00:00+02:00;61548
2023-04-04 20:00:00+02:00;56101
2023-04-04 21:00:00+02:00;44235
2023-04-04 22:00:00+02:00;33980
2023-04-04 23:00:00+02:00;35072
2023-04-05 00:00:00+02:00;38487
2023-04-05 01:00:00+02:00;37070
2023-04-05 02:00:00+02:00;41747
2023-04-05 03:00:00+02:00;53321
2023-04-05 04:00:00+02:00;74708
2023-04-05 05:00:00+02:00;80493
2023-04-05 06:00:00+02:00;76565
2023-04-05 07:00:00+02:00;72215
2023-04-05 08:00:00+02:00;68205
2023-04-05 09:00:00+02:00;63775
2023-04-05 10:00:00+02:00;61626
2023-04-05 11:00:00+02:00;59588
2023-04-05 12:00:00+02:00;58285
2023-04-05 13:00:00+02:00;59650
2023-04-05 14:00:00+02:00;60374
2023-04-05 15:00:00+02:00;63962
2023-04-05 16:00:00+02:00;67659
2023-04-05 17:00:00+02:00;69180
2023-04-05 18:00:00+02:00;69875
2023-04-05 19:00:00+02:00;69276
2023-04-05 20:00:00+02:00;62767
2023-04-05 21:00:00+02:00;50308
2023-04-05 22:00:00+02:00;39135
2023-04-05 23:00:00+02:00;35340
2023-04-06 00:00:00+02:00;37521
2023-04-06 01:00:00+02:00;38532
2023-04-06 02:00:00+02:00;43053
2023-04-06 03:00:00+02:00;52661
2023-04-06 04:00:00+02:00;70540
2023-04-06 05:00:00+02:00;84523
2023-04-06 06:00:00+02:00;83144
2023-04-06 07:00:00+02:00;79805
2023-04-06 08:00:00+02:00;74735
2023-04-06 09:00:00+02:00;70025
2023-04-06 10:00:00+02:00;65854
2023-04-06 11:00:00+02:00;64155
2023-04-06 12:00:00+02:00;63025
2023-04-06 13:00:00+02:00;63218
2023-04-06 14:00:00+02:00;64439
2023-04-06 15:00:00+02:00;67460
2023-04-06 16:00:00+02:00;70218
2023-04-06 17:00:00+02:00;72146
2023-04-06 18:00:00+02:00;72537
2023-04-06 19:00:00+02:00;70431
2023-04-06 20:00:00+02:00;63934
2023-04-06 21:00:00+02:00;49599
2023-04-06 22:00:00+02:00;38961
2023-04-06 23:00:00+02:00;32915
2023-04-07 00:00:00+02:00;34765
2023-04-07 01:00:00+02:00;35727
2023-04-07 02:00:00+02:00;39940
2023-04-07 03:00:00+02:00;49339
2023-04-07 04:00:00+02:00;66702
2023-04-07 05:00:00+02:00;80470
2023-04-07 06:00:00+02:00;79316
2023-04-07 07:00:00+02:00;76617
2023-04-07 08:00:00+02:00;70936
2023-04-07 09:00:00+02:00;65974
2023-04-07 10:00:00+02:00;62319
2023-04-07 11:00:00+02:00;60306
2023-04-07 12:00:00+02:00;59555
2023-04-07 13:00:00+02:00;59774
2023-04-07 14:00:00+02:00;60781
2023-04-07 15:00:00+02:00;63248
2023-04-07 16:00:00+02:00;65920
2023-04-07 17:00:00+02:00;66940
2023-04-07 18:00:00+02:00;67707
2023-04-07 19:00:00+02:00;66020
2023-04-07 20:00:00+02:00;59955
2023-04-07 21:00:00+02:00;46052
2023-04-07 22:00:00+02:00;35978
2023-04-07 23:00:00+02:00;29150
2023-04-08 00:00:00+02:00;30823
2023-04-08 01:00:00+02:00;31751
2023-04-08 02:00:00+02:00;35673
2023-04-08 03:00:00+02:00;44605
2023-04-08 04:00:00+02:00;60998
2023-04-08 05:00:00+02:00;74052
2023-04-08 06:00:00+02:00;73009
2023-04-08 07:00:00+02:00;70016
2023-04-08 08:00:00+02:00;64611
2023-04-08 09:00:00+02:00;59832
2023-04-08 10:00:00+02:00;56321
2023-04-08 11:00:00+02:00;54403
2023-04-08 12:00:00+02:00;53586
2023-04-08 13:00:00+02:00;53645
2023-04-08 14:00:00+02:00;54516
2023-04-08 15:00:00+02:00;56730
2023-04-08 16:00:00+02:00;59249
2023-04-08 17:00:00+02:00;60476
2023-04-08 18:00:00+02:00;61599
2023-04-08 19:00:00+02:00;60118
2023-04-08 20:00:00+02:00;54780
2023-04-08 21:00:00+02:00;41830
2023-04-08 22:00:00+02:00;32095
2023-04-08 23:00:00+02:00;22941
2023-04-09 00:00:00+02:00;24222
2023-04-09 01:00:00+02:00;25284
2023-04-09 02:00:00+02:00;28533
2023-04-09 03:00:00+02:00;36955
2023-04-09 04:00:00+02:00;53054
2023-04-09 05:00:00+02:00;65719
2023-04-09 06:00:00+02:00;64902
2023-04-09 07:00:00+02:00;60292
2023-04-09 08:00:00+02:00;55568
2023-04-09 09:00:00+02:00;50836
2023-04-09 10:00:00+02:00;47289
2023-04-09 11:00:00+02:00;45076
2023-04-09 12:00:00+02:00;44094
2023-04-09 13:00:00+02:00;43362
2023-04-09 14:00:00+02:00;43931
2023-04-09 15:00:00+02:00;45644
2023-04-09 16:00:00+02:00;47715
2023-04-09 17:00:00+02:00;49653
2023-04-09 18:00:00+02:00;51923
2023-04-09 19:00:00+02:00;50909
2023-04-09 20:00:00+02:00;47061
2023-04-09 21:00:00+02:00;35767
2023-04-09 22:00:00+02:00;25681
2023-04-09 23:00:00+02:00;18355
2023-04-10 00:00:00+02:00;19626
2023-04-10 01:00:00+02:00;20045
2023-04-10 02:00:00+02:00;22698
2023-04-10 03:00:00+02:00;30056
2023-04-10 04:00:00+02:00;44364
2023-04-10 05:00:00+02:00;56870
2023-04-10 06:00:00+02:00;56219
2023-04-10 07:00:00+02:00;51485
2023-04-10 08:00:00+02:00;47347
2023-04-10 09:00:00+02:00;43206
2023-04-10 10:00:00+02:00;39704
2023-04-10 11:00:00+02:00;38393
2023-04-10 12:00:00+02:00;36714
2023-04-10 13:00:00+02:00;35850
2023-04-10 14:00:00+02:00;36096
2023-04-10 15:00:00+02:00;37545
2023-04-10 16:00:00+02:00;39249
2023-04-10 17:00:00+02:00;41317
2023-04-10 18:00:00+02:00;43957
2023-04-10 19:00:00+02:00;43082
2023-04-10 20:00:00+02:00;40181
2023-04-10 21:00:00+02:00;30520
2023-04-10 22:00:00+02:00;21019
2023-04-10 23:00:00+02:00;18845
2023-04-11 00:00:00+02:00;18723
2023-04-11 01:00:00+02:00;19981
2023-04-11 02:00:00+02:00;22047
2023-04-11 03:00:00+02:00;29911
2023-04-11 04:00:00+02:00;44859
2023-04-11 05:00:00+02:00;54711
2023-04-11 06:00:00+02:00;54412
2023-04-11 07:00:00+02:00;50094
2023-04-11 08:00:00+02:00;45903
2023-04-11 09:00:00+02:00;42012
2023-04-11 10:00:00+02:00;39422
2023-04-11 11:00:00+02:00;37590
2023-04-11 12:00:00+02:00;34992
2023-04-11 13:00:00+02:00;33805
2023-04-11 14:00:00+02:00;34245
2023-04-11 15:00:00+02:00;35502
2023-04-11 16:00:00+02:00;38023
2023-04-11 17:00:00+02:00;40816
2023-04-11 18:00:00+02:00;43103
2023-04-11 19:00:00+02:00;42292
2023-04-11 20:00:00+02:00;39695
2023-04-11 21:00:00+02:00;30348
2023-04-11 22:00:00+02:00;21515
2023-04-11 23:00:00+02:00;17663
2023-04-12 00:00:00+02:00;18955
2023-04-12 01:00:00+02:00;19500
2023-04-12 02:00:00+02:00;23089
2023-04-12 03:00:00+02:00;32854
2023-04-12 04:00:00+02:00;49128
2023-04-12 05:00:00+02:00;52235
2023-04-12 06:00:00+02:00;51968
2023-04-12 07:00:00+02:00;46337
2023-04-12 08:00:00+02:00;42249
2023-04-12 09:00:00+02:00;39166
2023-04-12 10:00:00+02:00;36875
2023-04-12 11:00:00+02:00;35177
2023-04-12 12:00:00+02:00;33660
2023-04-12 13:00:00+02:00;33641
2023-04-12 14:00:00+02:00;33915
2023-04-12 15:00:00+02:00;35571
2023-04-12 16:00:00+02:00;37468
2023-04-12 17:00:00+02:00;39848
2023-04-12 18:00:00+02:00;42375
2023-04-12 19:00:00+02:00;42101
2023-04-12 20:00:00+02:00;38902
2023-04-12 21:00:00+02:00;30030
2023-04-12 22:00:00+02:00;20942
2023-04-12 23:00:00+02:00;15924
2023-04-13 00:00:00+02:00;16904
2023-04-13 01:00:00+02:00;17753
2023-04-13 02:00:00+02:00;20468
2023-04-13 03:00:00+02:00;27115
2023-04-13 04:00:00+02:00;40254
2023-04-13 05:00:00+02:00;50477
2023-04-13 06:00:00+02:00;49736
2023-04-13 07:00:00+02:00;44767
2023-04-13 08:00:00+02:00;41533
2023-04-13 09:00:00+02:00;37740
2023-04-13 10:00:00+02:00;34791
2023-04-13 11:00:00+02:00;32985
2023-04-13 12:00:00+02:00;31927
2023-04-13 13:00:00+02:00;31117
2023-04-13 14:00:00+02:00;31590
2023-04-13 15:00:00+02:00;32483
2023-04-13 16:00:00+02:00;34412
2023-04-13 17:00:00+02:00;36421
2023-04-13 18:00:00+02:00;38841
2023-04-13 19:00:00+02:00;38392
2023-04-13 20:00:00+02:00;35735
2023-04-13 21:00:00+02:00;27124
2023-04-13 22:00:00+02:00;18594
2023-04-13 23:00:00+02:00;12185
2023-04-14 00:00:00+02:00;12858
2023-04-14 01:00:00+02:00;13428
2023-04-14 02:00:00+02:00;15479
2023-04-14 03:00:00+02:00;21005
2023-04-14 04:00:00+02:00;31884
2023-04-14 05:00:00+02:00;40340
2023-04-14 06:00:00+02:00;39632
2023-04-14 07:00:00+02:00;35718
2023-04-14 08:00:00+02:00;33147
2023-04-14 09:00:00+02:00;29912
2023-04-14 10:00:00+02:00;27622
2023-04-14 11:00:00+02:00;26216
2023-04-14 12:00:00+02:00;25218
2023-04-14 13:00:00+02:00;24496
2023-04-14 14:00:00+02:00;24417
2023-04-14 15:00:00+02:00;25505
2023-04-14 16:00:00+02:00;26728
2023-04-14 17:00:00+02:00;28210
2023-04-14 18:00:00+02:00;30135
2023-04-14 19:00:00+02:00;29882
2023-04-14 20:00:00+02:00;27818
2023-04-14 21:00:00+02:00;21058
2023-04-14 22:00:00+02:00;14224
2023-04-14 23:00:00+02:00;8932
2023-04-15 00:00:00+02:00;9574
2023-04-15 01:00:00+02:00;9776
2023-04-15 02:00:00+02:00;11622
2023-04-15 03:00:00+02:00;16478
2023-04-15 04:00:00+02:00;26214
2023-04-15 05:00:00+02:00;33293
2023-04-15 06:00:00+02:00;32405
2023-04-15 07:00:00+02:00;28375
2023-04-15 08:00:00+02:00;26754
2023-04-15 09:00:00+02:00;23993
2023-04-15 10:00:00+02:00;22198
2023-04-15 11:00:00+02:00;21260
2023-04-15 12:00:00+02:00;19818
2023-04-15 13:00:00+02:00;19196
2023-04-15 14:00:00+02:00;18577
2023-04-15 15:00:00+02:00;19488
2023-04-15 16:00:00+02:00;20512
2023-04-15 17:00:00+02:00;21648
2023-04-15 18:00:00+02:00;23328
2023-04-15 19:00:00+02:00;23540
2023-04-15 20:00:00+02:00;21749
2023-04-15 21:00:00+02:00;16665
2023-04-15 22:00:00+02:00;11017
2023-04-15 23:00:00+02:00;9189
2023-04-16 00:00:00+02:00;9860
2023-04-16 01:00:00+02:00;10066
2023-04-16 02:00:00+02:00;11955
2023-04-16 03:00:00+02:00;16962
2023-04-16 04:00:00+02:00;26935
2023-04-16 05:00:00+02:00;34219
2023-04-16 06:00:00+02:00;33323
2023-04-16 07:00:00+02:00;29145
2023-04-16 08:00:00+02:00;27517
2023-04-16 09:00:00+02:00;24676
2023-04-16 10:00:00+02:00;22823
2023-04-16 11:00:00+02:00;21861
2023-04-16 12:00:00+02:00;20359
2023-04-16 13:00:00+02:00;19721
2023-04-16 14:00:00+02:00;19058
2023-04-16 15:00:00+02:00;20017
2023-04-16 16:00:00+02:00;21036
2023-04-16 17:00:00+02:00;22199
2023-04-16 18:00:00+02:00;23911
2023-04-16 19:00:00+02:00;24163
2023-04-16 20:00:00+02:00;22306
2023-04-16 21:00:00+02:00;17121
2023-04-16 22:00:00+02:00;11343
2023-04-16 23:00:00+02:00;12194
2023-04-17 00:00:00+02:00;13082
2023-04-17 01:00:00+02:00;13258
2023-04-17 02:00:00+02:00;15336
2023-04-17 03:00:00+02:00;21037
2023-04-17 04:00:00+02:00;32177
2023-04-17 05:00:00+02:00;41207
2023-04-17 06:00:00+02:00;40609
2023-04-17 07:00:00+02:00;36505
2023-04-17 08:00:00+02:00;33900
2023-04-17 09:00:00+02:00;30709
2023-04-17 10:00:00+02:00;28204
2023-04-17 11:00:00+02:00;27229
2023-04-17 12:00:00+02:00;25704
2023-04-17 13:00:00+02:00;24977
2023-04-17 14:00:00+02:00;24788
2023-04-17 15:00:00+02:00;25869
2023-04-17 16:00:00+02:00;27096
2023-04-17 17:00:00+02:00;28668
2023-04-17 18:00:00+02:00;30672
2023-04-17 19:00:00+02:00;30379
2023-04-17 20:00:00+02:00;28250
2023-04-17 21:00:00+02:00;21520
2023-04-17 22:00:00+02:00;14481
2023-04-17 23:00:00+02:00;16059
2023-04-18 00:00:00+02:00;15986
2023-04-18 01:00:00+02:00;17097
2023-04-18 02:00:00+02:00;18916
2023-04-18 03:00:00+02:00;25911
2023-04-18 04:00:00+02:00;39316
2023-04-18 05:00:00+02:00;47935
2023-04-18 06:00:00+02:00;47505
2023-04-18 07:00:00+02:00;43640
2023-04-18 08:00:00+02:00;40133
2023-04-18 09:00:00+02:00;36581
2023-04-18 10:00:00+02:00;34405
2023-04-18 11:00:00+02:00;32791
2023-04-18 12:00:00+02:00;30462
2023-04-18 13:00:00+02:00;29290
2023-04-18 14:00:00+02:00;29582
2023-04-18 15:00:00+02:00;30765
2023-04-18 16:00:00+02:00;33011
2023-04-18 17:00:00+02:00;35372
2023-04-18 18:00:00+02:00;37449
2023-04-18 19:00:00+02:00;36828
2023-04-18 20:00:00+02:00;34504
2023-04-18 21:00:00+02:00;26385
2023-04-18 22:00:00+02:00;18594
2023-04-18 23:00:00+02:00;19292
2023-04-19 00:00:00+02:00;20843
2023-04-19 01:00:00+02:00;21106
2023-04-19 02:00:00+02:00;24754
2023-04-19 03:00:00+02:00;34566
2023-04-19 04:00:00+02:00;51156
2023-04-19 05:00:00+02:00;54545
2023-04-19 06:00:00+02:00;53845
2023-04-19 07:00:00+02:00;48471
2023-04-19 08:00:00+02:00;44439
2023-04-19 09:00:00+02:00;41240
2023-04-19 10:00:00+02:00;39008
2023-04-19 11:00:00+02:00;37304
2023-04-19 12:00:00+02:00;35841
2023-04-19 13:00:00+02:00;35997
2023-04-19 14:00:00+02:00;36320
2023-04-19 15:00:00+02:00;38208
2023-04-19 16:00:00+02:00;40287
2023-04-19 17:00:00+02:00;42535
2023-04-19 18:00:00+02:00;44820
2023-04-19 19:00:00+02:00;44514
2023-04-19 20:00:00+02:00;40956
2023-04-19 21:00:00+02:00;31829
2023-04-19 22:00:00+02:00;22609
2023-04-19 23:00:00+02:00;17894
2023-04-20 00:00:00+02:00;19008
2023-04-20 01:00:00+02:00;19994
2023-04-20 02:00:00+02:00;22943
2023-04-20 03:00:00+02:00;30085
2023-04-20 04:00:00+02:00;44128
2023-04-20 05:00:00+02:00;55141
2023-04-20 06:00:00+02:00;54402
2023-04-20 07:00:00+02:00;49291
2023-04-20 08:00:00+02:00;45651
2023-04-20 09:00:00+02:00;41604
2023-04-20 10:00:00+02:00;38370
2023-04-20 11:00:00+02:00;36415
2023-04-20 12:00:00+02:00;35390
2023-04-20 13:00:00+02:00;34547
2023-04-20 14:00:00+02:00;35242
2023-04-20 15:00:00+02:00;36225
2023-04-20 16:00:00+02:00;38331
2023-04-20 17:00:00+02:00;40500
2023-04-20 18:00:00+02:00;43012
2023-04-20 19:00:00+02:00;42389
2023-04-20 20:00:00+02:00;39426
2023-04-20 21:00:00+02:00;29930
2023-04-20 22:00:00+02:00;20728
2023-04-20 23:00:00+02:00;15031
2023-04-21 00:00:00+02:00;15829
2023-04-21 01:00:00+02:00;16619
2023-04-21 02:00:00+02:00;18972
2023-04-21 03:00:00+02:00;25389
2023-04-21 04:00:00+02:00;37954
2023-04-21 05:00:00+02:00;47815
2023-04-21 06:00:00+02:00;47115
2023-04-21 07:00:00+02:00;42821
2023-04-21 08:00:00+02:00;39549
2023-04-21 09:00:00+02:00;35801
2023-04-21 10:00:00+02:00;33062
2023-04-21 11:00:00+02:00;31309
2023-04-21 12:00:00+02:00;30367
2023-04-21 13:00:00+02:00;29530
2023-04-21 14:00:00+02:00;29696
2023-04-21 15:00:00+02:00;30929
2023-04-21 16:00:00+02:00;32382
2023-04-21 17:00:00+02:00;34150
2023-04-21 18:00:00+02:00;36372
2023-04-21 19:00:00+02:00;35873
2023-04-21 20:00:00+02:00;33439
2023-04-21 21:00:00+02:00;25277
2023-04-21 22:00:00+02:00;17246
2023-04-21 23:00:00+02:00;13690
2023-04-22 00:00:00+02:00;14476
2023-04-22 01:00:00+02:00;15085
2023-04-22 02:00:00+02:00;17373
2023-04-22 03:00:00+02:00;23447
2023-04-22 04:00:00+02:00;35390
2023-04-22 05:00:00+02:00;44585
2023-04-22 06:00:00+02:00;43791
2023-04-22 07:00:00+02:00;39587
2023-04-22 08:00:00+02:00;36707
2023-04-22 09:00:00+02:00;33204
2023-04-22 10:00:00+02:00;30697
2023-04-22 11:00:00+02:00;29180
2023-04-22 12:00:00+02:00;28084
2023-04-22 13:00:00+02:00;27340
2023-04-22 14:00:00+02:00;27286
2023-04-22 15:00:00+02:00;28448
2023-04-22 16:00:00+02:00;29823
2023-04-22 17:00:00+02:00;31412
2023-04-22 18:00:00+02:00;33476
2023-04-22 19:00:00+02:00;33147
2023-04-22 20:00:00+02:00;30806
2023-04-22 21:00:00+02:00;23366
2023-04-22 22:00:00+02:00;15912
2023-04-22 23:00:00+02:00;13866
2023-04-23 00:00:00+02:00;14684
2023-04-23 01:00:00+02:00;15305
2023-04-23 02:00:00+02:00;17617
2023-04-23 03:00:00+02:00;23867
2023-04-23 04:00:00+02:00;36139
2023-04-23 05:00:00+02:00;45535
2023-04-23 06:00:00+02:00;44736
2023-04-23 07:00:00+02:00;40296
2023-04-23 08:00:00+02:00;37425
2023-04-23 09:00:00+02:00;33828
2023-04-23 10:00:00+02:00;31272
2023-04-23 11:00:00+02:00;29719
2023-04-23 12:00:00+02:00;28525
2023-04-23 13:00:00+02:00;27733
2023-04-23 14:00:00+02:00;27626
2023-04-23 15:00:00+02:00;28816
2023-04-23 16:00:00+02:00;30198
2023-04-23 17:00:00+02:00;31815
2023-04-23 18:00:00+02:00;33936
2023-04-23 19:00:00+02:00;33666
2023-04-23 20:00:00+02:00;31274
2023-04-23 21:00:00+02:00;23758
2023-04-23 22:00:00+02:00;16161
2023-04-23 23:00:00+02:00;13240
2023-04-24 00:00:00+02:00;14199
2023-04-24 01:00:00+02:00;14419
2023-04-24 02:00:00+02:00;16596
2023-04-24 03:00:00+02:00;22611
2023-04-24 04:00:00+02:00;34350
2023-04-24 05:00:00+02:00;44063
2023-04-24 06:00:00+02:00;43472
2023-04-24 07:00:00+02:00;39206
2023-04-24 08:00:00+02:00;36297
2023-04-24 09:00:00+02:00;32917
2023-04-24 10:00:00+02:00;30201
2023-04-24 11:00:00+02:00;29171
2023-04-24 12:00:00+02:00;27606
2023-04-24 13:00:00+02:00;26826
2023-04-24 14:00:00+02:00;26719
2023-04-24 15:00:00+02:00;27858
2023-04-24 16:00:00+02:00;29172
2023-04-24 17:00:00+02:00;30862
2023-04-24 18:00:00+02:00;33038
2023-04-24 19:00:00+02:00;32637
2023-04-24 20:00:00+02:00;30404
2023-04-24 21:00:00+02:00;23130
2023-04-24 22:00:00+02:00;15585
2023-04-24 23:00:00+02:00;13055
2023-04-25 00:00:00+02:00;13020
2023-04-25 01:00:00+02:00;13967
2023-04-25 02:00:00+02:00;15528
2023-04-25 03:00:00+02:00;21655
2023-04-25 04:00:00+02:00;33545
2023-04-25 05:00:00+02:00;40944
2023-04-25 06:00:00+02:00;40376
2023-04-25 07:00:00+02:00;36880
2023-04-25 08:00:00+02:00;34118
2023-04-25 09:00:00+02:00;30916
2023-04-25 10:00:00+02:00;29127
2023-04-25 11:00:00+02:00;27732
2023-04-25 12:00:00+02:00;25652
2023-04-25 13:00:00+02:00;24496
2023-04-25 14:00:00+02:00;24570
2023-04-25 15:00:00+02:00;25658
2023-04-25 16:00:00+02:00;27583
2023-04-25 17:00:00+02:00;29479
2023-04-25 18:00:00+02:00;31392
2023-04-25 19:00:00+02:00;30989
2023-04-25 20:00:00+02:00;28992
2023-04-25 21:00:00+02:00;22185
2023-04-25 22:00:00+02:00;15452
2023-04-25 23:00:00+02:00;13450
2023-04-26 00:00:00+02:00;14363
2023-04-26 01:00:00+02:00;14871
2023-04-26 02:00:00+02:00;17541
2023-04-26 03:00:00+02:00;25451
2023-04-26 04:00:00+02:00;39111
2023-04-26 05:00:00+02:00;41952
2023-04-26 06:00:00+02:00;41408
2023-04-26 07:00:00+02:00;36601
2023-04-26 08:00:00+02:00;33673
2023-04-26 09:00:00+02:00;31029
2023-04-26 10:00:00+02:00;29218
2023-04-26 11:00:00+02:00;27825
2023-04-26 12:00:00+02:00;26481
2023-04-26 13:00:00+02:00;26359
2023-04-26 14:00:00+02:00;26365
2023-04-26 15:00:00+02:00;27716
2023-04-26 16:00:00+02:00;29285
2023-04-26 17:00:00+02:00;31080
2023-04-26 18:00:00+02:00;33102
2023-04-26 19:00:00+02:00;33174
2023-04-26 20:00:00+02:00;30647
2023-04-26 21:00:00+02:00;23588
2023-04-26 22:00:00+02:00;16231
2023-04-26 23:00:00+02:00;17285
2023-04-27 00:00:00+02:00;18377
2023-04-27 01:00:00+02:00;19287
2023-04-27 02:00:00+02:00;22193
2023-04-27 03:00:00+02:00;29308
2023-04-27 04:00:00+02:00;43336
2023-04-27 05:00:00+02:00;54197
2023-04-27 06:00:00+02:00;53423
2023-04-27 07:00:00+02:00;48144
2023-04-27 08:00:00+02:00;44663
2023-04-27 09:00:00+02:00;40638
2023-04-27 10:00:00+02:00;37482
2023-04-27 11:00:00+02:00;35572
2023-04-27 12:00:00+02:00;34432
2023-04-27 13:00:00+02:00;33592
2023-04-27 14:00:00+02:00;34123
2023-04-27 15:00:00+02:00;35096
2023-04-27 16:00:00+02:00;37151
2023-04-27 17:00:00+02:00;39282
2023-04-27 18:00:00+02:00;41815
2023-04-27 19:00:00+02:00;41312
2023-04-27 20:00:00+02:00;38411
2023-04-27 21:00:00+02:00;29199
2023-04-27 22:00:00+02:00;20125
2023-04-27 23:00:00+02:00;23590
2023-04-28 00:00:00+02:00;24916
2023-04-28 01:00:00+02:00;25818
2023-04-28 02:00:00+02:00;29120
2023-04-28 03:00:00+02:00;37157
2023-04-28 04:00:00+02:00;52163
2023-04-28 05:00:00+02:00;64045
2023-04-28 06:00:00+02:00;63170
2023-04-28 07:00:00+02:00;59575
2023-04-28 08:00:00+02:00;54959
2023-04-28 09:00:00+02:00;50534
2023-04-28 10:00:00+02:00;47288
2023-04-28 11:00:00+02:00;45367
2023-04-28 12:00:00+02:00;44536
2023-04-28 13:00:00+02:00;44182
2023-04-28 14:00:00+02:00;44796
2023-04-28 15:00:00+02:00;46627
2023-04-28 16:00:00+02:00;48737
2023-04-28 17:00:00+02:00;50234
2023-04-28 18:00:00+02:00;51859
2023-04-28 19:00:00+02:00;50767
2023-04-28 20:00:00+02:00;46577
2023-04-28 21:00:00+02:00;35458
2023-04-28 22:00:00+02:00;26255
2023-04-28 23:00:00+02:00;25386
2023-04-29 00:00:00+02:00;26827
2023-04-29 01:00:00+02:00;27659
2023-04-29 02:00:00+02:00;31159
2023-04-29 03:00:00+02:00;39192
2023-04-29 04:00:00+02:00;53935
2023-04-29 05:00:00+02:00;65711
2023-04-29 06:00:00+02:00;64770
2023-04-29 07:00:00+02:00;61928
2023-04-29 08:00:00+02:00;57111
2023-04-29 09:00:00+02:00;52764
2023-04-29 10:00:00+02:00;49597
2023-04-29 11:00:00+02:00;47847
2023-04-29 12:00:00+02:00;47118
2023-04-29 13:00:00+02:00;47101
2023-04-29 14:00:00+02:00;47843
2023-04-29 15:00:00+02:00;49829
2023-04-29 16:00:00+02:00;52078
2023-04-29 17:00:00+02:00;53284
2023-04-29 18:00:00+02:00;54440
2023-04-29 19:00:00+02:00;53167
2023-04-29 20:00:00+02:00;48522
2023-04-29 21:00:00+02:00;36944
2023-04-29 22:00:00+02:00;28071
2023-04-29 23:00:00+02:00;24419
2023-04-30 00:00:00+02:00;25788
2023-04-30 01:00:00+02:00;26650
2023-04-30 02:00:00+02:00;30026
2023-04-30 03:00:00+02:00;38009
2023-04-30 04:00:00+02:00;52722
2023-04-30 05:00:00+02:00;64443
2023-04-30 06:00:00+02:00;63546
2023-04-30 07:00:00+02:00;60417
2023-04-30 08:00:00+02:00;55729
2023-04-30 09:00:00+02:00;51378
2023-04-30 10:00:00+02:00;48208
2023-04-30 11:00:00+02:00;46375
2023-04-30 12:00:00+02:00;45640
2023-04-30 13:00:00+02:00;45459
2023-04-30 14:00:00+02:00;46144
2023-04-30 15:00:00+02:00;48058
2023-04-30 16:00:00+02:00;50225
2023-04-30 17:00:00+02:00;51546
2023-04-30 18:00:00+02:00;52890
2023-04-30 19:00:00+02:00;51710
2023-04-30 20:00:00+02:00;47289
2023-04-30 21:00:00+02:00;36018
2023-04-30 22:00:00+02:00;27068
2023-04-30 23:00:00+02:00;21765
2023-05-01 00:00:00+02:00;23182
2023-05-01 01:00:00+02:00;23652
2023-05-01 02:00:00+02:00;26602
2023-05-01 03:00:00+02:00;34029
2023-05-01 04:00:00+02:00;47833
2023-05-01 05:00:00+02:00;60049
2023-05-01 06:00:00+02:00;59189
2023-05-01 07:00:00+02:00;55843
2023-05-01 08:00:00+02:00;51543
2023-05-01 09:00:00+02:00;47611
2023-05-01 10:00:00+02:00;44494
2023-05-01 11:00:00+02:00;43051
2023-05-01 12:00:00+02:00;41748
2023-05-01 13:00:00+02:00;41618
2023-05-01 14:00:00+02:00;42062
2023-05-01 15:00:00+02:00;43752
2023-05-01 16:00:00+02:00;45619
2023-05-01 17:00:00+02:00;47213
2023-05-01 18:00:00+02:00;48594
2023-05-01 19:00:00+02:00;47518
2023-05-01 20:00:00+02:00;43571
2023-05-01 21:00:00+02:00;33319
2023-05-01 22:00:00+02:00;24711
2023-05-01 23:00:00+02:00;17614
2023-05-02 00:00:00+02:00;17713
2023-05-02 01:00:00+02:00;18758
2023-05-02 02:00:00+02:00;20880
2023-05-02 03:00:00+02:00;28348
2023-05-02 04:00:00+02:00;42625
2023-05-02 05:00:00+02:00;51880
2023-05-02 06:00:00+02:00;51216
2023-05-02 07:00:00+02:00;47122
2023-05-02 08:00:00+02:00;43491
2023-05-02 09:00:00+02:00;39694
2023-05-02 10:00:00+02:00;37438
2023-05-02 11:00:00+02:00;35747
2023-05-02 12:00:00+02:00;33210
2023-05-02 13:00:00+02:00;32074
2023-05-02 14:00:00+02:00;32409
2023-05-02 15:00:00+02:00;33797
2023-05-02 16:00:00+02:00;36157
2023-05-02 17:00:00+02:00;38475
2023-05-02 18:00:00+02:00;40448
2023-05-02 19:00:00+02:00;39836
2023-05-02 20:00:00+02:00;37146
2023-05-02 21:00:00+02:00;28602
2023-05-02 22:00:00+02:00;20369
2023-05-02 23:00:00+02:00;12210
2023-05-03 00:00:00+02:00;13027
2023-05-03 01:00:00+02:00;13545
2023-05-03 02:00:00+02:00;15955
2023-05-03 03:00:00+02:00;23318
2023-05-03 04:00:00+02:00;36195
2023-05-03 05:00:00+02:00;38889
2023-05-03 06:00:00+02:00;38278
2023-05-03 07:00:00+02:00;33667
2023-05-03 08:00:00+02:00;31104
2023-05-03 09:00:00+02:00;28593
2023-05-03 10:00:00+02:00;26917
2023-05-03 11:00:00+02:00;25620
2023-05-03 12:00:00+02:00;24323
2023-05-03 13:00:00+02:00;24163
2023-05-03 14:00:00+02:00;24075
2023-05-03 15:00:00+02:00;25330
2023-05-03 16:00:00+02:00;26808
2023-05-03 17:00:00+02:00;28416
2023-05-03 18:00:00+02:00;30275
2023-05-03 19:00:00+02:00;30478
2023-05-03 20:00:00+02:00;28176
2023-05-03 21:00:00+02:00;21666
2023-05-03 22:00:00+02:00;14842
2023-05-03 23:00:00+02:00;9731
2023-05-04 00:00:00+02:00;10301
2023-05-04 01:00:00+02:00;10607
2023-05-04 02:00:00+02:00;12502
2023-05-04 03:00:00+02:00;17213
2023-05-04 04:00:00+02:00;26576
2023-05-04 05:00:00+02:00;33607
2023-05-04 06:00:00+02:00;32876
2023-05-04 07:00:00+02:00;29020
2023-05-04 08:00:00+02:00;27228
2023-05-04 09:00:00+02:00;24523
2023-05-04 10:00:00+02:00;22666
2023-05-04 11:00:00+02:00;21574
2023-05-04 12:00:00+02:00;20475
2023-05-04 13:00:00+02:00;19971
2023-05-04 14:00:00+02:00;19702
2023-05-04 15:00:00+02:00;20470
2023-05-04 16:00:00+02:00;21731
2023-05-04 17:00:00+02:00;23021
2023-05-04 18:00:00+02:00;24691
2023-05-04 19:00:00+02:00;24718
2023-05-04 20:00:00+02:00;22917
2023-05-04 21:00:00+02:00;17442
2023-05-04 22:00:00+02:00;11733
2023-05-04 23:00:00+02:00;8530
2023-05-05 00:00:00+02:00;9165
2023-05-05 01:00:00+02:00;9349
2023-05-05 02:00:00+02:00;11145
2023-05-05 03:00:00+02:00;15869
2023-05-05 04:00:00+02:00;25328
2023-05-05 05:00:00+02:00;32208
2023-05-05 06:00:00+02:00;31368
2023-05-05 07:00:00+02:00;27370
2023-05-05 08:00:00+02:00;25846
2023-05-05 09:00:00+02:00;23147
2023-05-05 10:00:00+02:00;21389
2023-05-05 11:00:00+02:00;20494
2023-05-05 12:00:00+02:00;19048
2023-05-05 13:00:00+02:00;18434
2023-05-05 14:00:00+02:00;17768
2023-05-05 15:00:00+02:00;18675
2023-05-05 16:00:00+02:00;19634
2023-05-05 17:00:00+02:00;20737
2023-05-05 18:00:00+02:00;22373
2023-05-05 19:00:00+02:00;22639
2023-05-05 20:00:00+02:00;20908
2023-05-05 21:00:00+02:00;16042
2023-05-05 22:00:00+02:00;10580
2023-05-05 23:00:00+02:00;11944
2023-05-06 00:00:00+02:00;12619
2023-05-06 01:00:00+02:00;13162
2023-05-06 02:00:00+02:00;15219
2023-05-06 03:00:00+02:00;20704
2023-05-06 04:00:00+02:00;31578
2023-05-06 05:00:00+02:00;39939
2023-05-06 06:00:00+02:00;39212
2023-05-06 07:00:00+02:00;35281
2023-05-06 08:00:00+02:00;32726
2023-05-06 09:00:00+02:00;29526
2023-05-06 10:00:00+02:00;27250
2023-05-06 11:00:00+02:00;25873
2023-05-06 12:00:00+02:00;24851
2023-05-06 13:00:00+02:00;24131
2023-05-06 14:00:00+02:00;24024
2023-05-06 15:00:00+02:00;25073
2023-05-06 16:00:00+02:00;26300
2023-05-06 17:00:00+02:00;27784
2023-05-06 18:00:00+02:00;29733
2023-05-06 19:00:00+02:00;29487
2023-05-06 20:00:00+02:00;27461
2023-05-06 21:00:00+02:00;20792
2023-05-06 22:00:00+02:00;13982
2023-05-06 23:00:00+02:00;14131
2023-05-07 00:00:00+02:00;14916
2023-05-07 01:00:00+02:00;15644
2023-05-07 02:00:00+02:00;17927
2023-05-07 03:00:00+02:00;24190
2023-05-07 04:00:00+02:00;36516
2023-05-07 05:00:00+02:00;46089
2023-05-07 06:00:00+02:00;45389
2023-05-07 07:00:00+02:00;40982
2023-05-07 08:00:00+02:00;37913
2023-05-07 09:00:00+02:00;34259
2023-05-07 10:00:00+02:00;31601
2023-05-07 11:00:00+02:00;29929
2023-05-07 12:00:00+02:00;28885
2023-05-07 13:00:00+02:00;28029
2023-05-07 14:00:00+02:00;28071
2023-05-07 15:00:00+02:00;29242
2023-05-07 16:00:00+02:00;30630
2023-05-07 17:00:00+02:00;32366
2023-05-07 18:00:00+02:00;34595
2023-05-07 19:00:00+02:00;34212
2023-05-07 20:00:00+02:00;31907
2023-05-07 21:00:00+02:00;24152
2023-05-07 22:00:00+02:00;16341
2023-05-07 23:00:00+02:00;13189
2023-05-08 00:00:00+02:00;14120
2023-05-08 01:00:00+02:00;14365
2023-05-08 02:00:00+02:00;16472
2023-05-08 03:00:00+02:00;22272
2023-05-08 04:00:00+02:00;33544
2023-05-08 05:00:00+02:00;43184
2023-05-08 06:00:00+02:00;42606
2023-05-08 07:00:00+02:00;38627
2023-05-08 08:00:00+02:00;35651
2023-05-08 09:00:00+02:00;32375
2023-05-08 10:00:00+02:00;29685
2023-05-08 11:00:00+02:00;28694
2023-05-08 12:00:00+02:00;27252
2023-05-08 13:00:00+02:00;26525
2023-05-08 14:00:00+02:00;26521
2023-05-08 15:00:00+02:00;27664
2023-05-08 16:00:00+02:00;28944
2023-05-08 17:00:00+02:00;30597
2023-05-08 18:00:00+02:00;32723
2023-05-08 19:00:00+02:00;32237
2023-05-08 20:00:00+02:00;30083
2023-05-08 21:00:00+02:00;22827
2023-05-08 22:00:00+02:00;15412
2023-05-08 23:00:00+02:00;11622
2023-05-09 00:00:00+02:00;11585
2023-05-09 01:00:00+02:00;12495
2023-05-09 02:00:00+02:00;13859
2023-05-09 03:00:00+02:00;19359
2023-05-09 04:00:00+02:00;30074
2023-05-09 05:00:00+02:00;36668
2023-05-09 06:00:00+02:00;36129
2023-05-09 07:00:00+02:00;33083
2023-05-09 08:00:00+02:00;30607
2023-05-09 09:00:00+02:00;27666
2023-05-09 10:00:00+02:00;26143
2023-05-09 11:00:00+02:00;24889
2023-05-09 12:00:00+02:00;23042
2023-05-09 13:00:00+02:00;21901
2023-05-09 14:00:00+02:00;21991
2023-05-09 15:00:00+02:00;23011
2023-05-09 16:00:00+02:00;24817
2023-05-09 17:00:00+02:00;26517
2023-05-09 18:00:00+02:00;28244
2023-05-09 19:00:00+02:00;27884
2023-05-09 20:00:00+02:00;26061
2023-05-09 21:00:00+02:00;19903
2023-05-09 22:00:00+02:00;13856
2023-05-09 23:00:00+02:00;9247
2023-05-10 00:00:00+02:00;9861
2023-05-10 01:00:00+02:00;10421
2023-05-10 02:00:00+02:00;12220
2023-05-10 03:00:00+02:00;18420
2023-05-10 04:00:00+02:00;29999
2023-05-10 05:00:00+02:00;32545
2023-05-10 06:00:00+02:00;31530
2023-05-10 07:00:00+02:00;27023
2023-05-10 08:00:00+02:00;25589
2023-05-10 09:00:00+02:00;23249
2023-05-10 10:00:00+02:00;21889
2023-05-10 11:00:00+02:00;20800
2023-05-10 12:00:00+02:00;19479
2023-05-10 13:00:00+02:00;19159
2023-05-10 14:00:00+02:00;18689
2023-05-10 15:00:00+02:00;19761
2023-05-10 16:00:00+02:00;21101
2023-05-10 17:00:00+02:00;22182
2023-05-10 18:00:00+02:00;23640
2023-05-10 19:00:00+02:00;24348
2023-05-10 20:00:00+02:00;22560
2023-05-10 21:00:00+02:00;17321
2023-05-10 22:00:00+02:00;11647
2023-05-10 23:00:00+02:00;6693
2023-05-11 00:00:00+02:00;7124
2023-05-11 01:00:00+02:00;7037
2023-05-11 02:00:00+02:00;8572
2023-05-11 03:00:00+02:00;12593
2023-05-11 04:00:00+02:00;20661
2023-05-11 05:00:00+02:00;26252
2023-05-11 06:00:00+02:00;25449
2023-05-11 07:00:00+02:00;21616
2023-05-11 08:00:00+02:00;20673
2023-05-11 09:00:00+02:00;18433
2023-05-11 10:00:00+02:00;17133
2023-05-11 11:00:00+02:00;16444
2023-05-11 12:00:00+02:00;15017
2023-05-11 13:00:00+02:00;14686
2023-05-11 14:00:00+02:00;13754
2023-05-11 15:00:00+02:00;14526
2023-05-11 16:00:00+02:00;15449
2023-05-11 17:00:00+02:00;16354
2023-05-11 18:00:00+02:00;17697
2023-05-11 19:00:00+02:00;18145
2023-05-11 20:00:00+02:00;16663
2023-05-11 21:00:00+02:00;12866
2023-05-11 22:00:00+02:00;8486
2023-05-11 23:00:00+02:00;6814
2023-05-12 00:00:00+02:00;7373
2023-05-12 01:00:00+02:00;7442
2023-05-12 02:00:00+02:00;8982
2023-05-12 03:00:00+02:00;13007
2023-05-12 04:00:00+02:00;21245
2023-05-12 05:00:00+02:00;27077
2023-05-12 06:00:00+02:00;26297
2023-05-12 07:00:00+02:00;22682
2023-05-12 08:00:00+02:00;21541
2023-05-12 09:00:00+02:00;19267
2023-05-12 10:00:00+02:00;17837
2023-05-12 11:00:00+02:00;17162
2023-05-12 12:00:00+02:00;15745
2023-05-12 13:00:00+02:00;15234
2023-05-12 14:00:00+02:00;14490
2023-05-12 15:00:00+02:00;15285
2023-05-12 16:00:00+02:00;16117
2023-05-12 17:00:00+02:00;16982
2023-05-12 18:00:00+02:00;18356
2023-05-12 19:00:00+02:00;18719
2023-05-12 20:00:00+02:00;17230
2023-05-12 21:00:00+02:00;13244
2023-05-12 22:00:00+02:00;8662
2023-05-12 23:00:00+02:00;7673
2023-05-13 00:00:00+02:00;8257
2023-05-13 01:00:00+02:00;8412
2023-05-13 02:00:00+02:00;9975
2023-05-13 03:00:00+02:00;14226
2023-05-13 04:00:00+02:00;23019
2023-05-13 05:00:00+02:00;29305
2023-05-13 06:00:00+02:00;28508
2023-05-13 07:00:00+02:00;24788
2023-05-13 08:00:00+02:00;23374
2023-05-13 09:00:00+02:00;21022
2023-05-13 10:00:00+02:00;19516
2023-05-13 11:00:00+02:00;18700
2023-05-13 12:00:00+02:00;17315
2023-05-13 13:00:00+02:00;16766
2023-05-13 14:00:00+02:00;16166
2023-05-13 15:00:00+02:00;16971
2023-05-13 16:00:00+02:00;17942
2023-05-13 17:00:00+02:00;18862
2023-05-13 18:00:00+02:00;20330
2023-05-13 19:00:00+02:00;20566
2023-05-13 20:00:00+02:00;18974
2023-05-13 21:00:00+02:00;14495
2023-05-13 22:00:00+02:00;9530
2023-05-13 23:00:00+02:00;10340
2023-05-14 00:00:00+02:00;10982
2023-05-14 01:00:00+02:00;11392
2023-05-14 02:00:00+02:00;13270
2023-05-14 03:00:00+02:00;18303
2023-05-14 04:00:00+02:00;28356
2023-05-14 05:00:00+02:00;35928
2023-05-14 06:00:00+02:00;35215
2023-05-14 07:00:00+02:00;31350
2023-05-14 08:00:00+02:00;29243
2023-05-14 09:00:00+02:00;26321
2023-05-14 10:00:00+02:00;24301
2023-05-14 11:00:00+02:00;23131
2023-05-14 12:00:00+02:00;21981
2023-05-14 13:00:00+02:00;21312
2023-05-14 14:00:00+02:00;21007
2023-05-14 15:00:00+02:00;21983
2023-05-14 16:00:00+02:00;23073
2023-05-14 17:00:00+02:00;24367
2023-05-14 18:00:00+02:00;26136
2023-05-14 19:00:00+02:00;26094
2023-05-14 20:00:00+02:00;24242
2023-05-14 21:00:00+02:00;18417
2023-05-14 22:00:00+02:00;12311
2023-05-14 23:00:00+02:00;15170
2023-05-15 00:00:00+02:00;16247
2023-05-15 01:00:00+02:00;16552
2023-05-15 02:00:00+02:00;18896
2023-05-15 03:00:00+02:00;25404
2023-05-15 04:00:00+02:00;38075
2023-05-15 05:00:00+02:00;48922
2023-05-15 06:00:00+02:00;48332
2023-05-15 07:00:00+02:00;43894
2023-05-15 08:00:00+02:00;40459
2023-05-15 09:00:00+02:00;36785
2023-05-15 10:00:00+02:00;33734
2023-05-15 11:00:00+02:00;32607
2023-05-15 12:00:00+02:00;31011
2023-05-15 13:00:00+02:00;30180
2023-05-15 14:00:00+02:00;30236
2023-05-15 15:00:00+02:00;31488
2023-05-15 16:00:00+02:00;32949
2023-05-15 17:00:00+02:00;34806
2023-05-15 18:00:00+02:00;37213
2023-05-15 19:00:00+02:00;36604
2023-05-15 20:00:00+02:00;34164
2023-05-15 21:00:00+02:00;25944
2023-05-15 22:00:00+02:00;17600
2023-05-15 23:00:00+02:00;16140
2023-05-16 00:00:00+02:00;16051
2023-05-16 01:00:00+02:00;17166
2023-05-16 02:00:00+02:00;18992
2023-05-16 03:00:00+02:00;26052
2023-05-16 04:00:00+02:00;39562
2023-05-16 05:00:00+02:00;48290
2023-05-16 06:00:00+02:00;47893
2023-05-16 07:00:00+02:00;43943
2023-05-16 08:00:00+02:00;40401
2023-05-16 09:00:00+02:00;36837
2023-05-16 10:00:00+02:00;34600
2023-05-16 11:00:00+02:00;32971
2023-05-16 12:00:00+02:00;30606
2023-05-16 13:00:00+02:00;29437
2023-05-16 14:00:00+02:00;29700
2023-05-16 15:00:00+02:00;30864
2023-05-16 16:00:00+02:00;33102
2023-05-16 17:00:00+02:00;35488
2023-05-16 18:00:00+02:00;37616
2023-05-16 19:00:00+02:00;36992
2023-05-16 20:00:00+02:00;34694
2023-05-16 21:00:00+02:00;26529
2023-05-16 22:00:00+02:00;18669
2023-05-16 23:00:00+02:00;14517
2023-05-17 00:00:00+02:00;15546
2023-05-17 01:00:00+02:00;16107
2023-05-17 02:00:00+02:00;19071
2023-05-17 03:00:00+02:00;27523
2023-05-17 04:00:00+02:00;41964
2023-05-17 05:00:00+02:00;44815
2023-05-17 06:00:00+02:00;44386
2023-05-17 07:00:00+02:00;39211
2023-05-17 08:00:00+02:00;35987
2023-05-17 09:00:00+02:00;33215
2023-05-17 10:00:00+02:00;31253
2023-05-17 11:00:00+02:00;29778
2023-05-17 12:00:00+02:00;28353
2023-05-17 13:00:00+02:00;28230
2023-05-17 14:00:00+02:00;28275
2023-05-17 15:00:00+02:00;29697
2023-05-17 16:00:00+02:00;31364
2023-05-17 17:00:00+02:00;33317
2023-05-17 18:00:00+02:00;35495
2023-05-17 19:00:00+02:00;35520
2023-05-17 20:00:00+02:00;32851
2023-05-17 21:00:00+02:00;25299
2023-05-17 22:00:00+02:00;17451
2023-05-17 23:00:00+02:00;14027
2023-05-18 00:00:00+02:00;14904
2023-05-18 01:00:00+02:00;15575
2023-05-18 02:00:00+02:00;18066
2023-05-18 03:00:00+02:00;24257
2023-05-18 04:00:00+02:00;36574
2023-05-18 05:00:00+02:00;45939
2023-05-18 06:00:00+02:00;45185
2023-05-18 07:00:00+02:00;40301
2023-05-18 08:00:00+02:00;37506
2023-05-18 09:00:00+02:00;33981
2023-05-18 10:00:00+02:00;31335
2023-05-18 11:00:00+02:00;29724
2023-05-18 12:00:00+02:00;28557
2023-05-18 13:00:00+02:00;27814
2023-05-18 14:00:00+02:00;27993
2023-05-18 15:00:00+02:00;28840
2023-05-18 16:00:00+02:00;30584
2023-05-18 17:00:00+02:00;32402
2023-05-18 18:00:00+02:00;34680
2023-05-18 19:00:00+02:00;34439
2023-05-18 20:00:00+02:00;32028
2023-05-18 21:00:00+02:00;24350
2023-05-18 22:00:00+02:00;16549
2023-05-18 23:00:00+02:00;16898
2023-05-19 00:00:00+02:00;17853
2023-05-19 01:00:00+02:00;18735
2023-05-19 02:00:00+02:00;21347
2023-05-19 03:00:00+02:00;28501
2023-05-19 04:00:00+02:00;42490
2023-05-19 05:00:00+02:00;53357
2023-05-19 06:00:00+02:00;52635
2023-05-19 07:00:00+02:00;47811
2023-05-19 08:00:00+02:00;44135
2023-05-19 09:00:00+02:00;40008
2023-05-19 10:00:00+02:00;36951
2023-05-19 11:00:00+02:00;35014
2023-05-19 12:00:00+02:00;33916
2023-05-19 13:00:00+02:00;32986
2023-05-19 14:00:00+02:00;33175
2023-05-19 15:00:00+02:00;34493
2023-05-19 16:00:00+02:00;36114
2023-05-19 17:00:00+02:00;38054
2023-05-19 18:00:00+02:00;40503
2023-05-19 19:00:00+02:00;39945
2023-05-19 20:00:00+02:00;37206
2023-05-19 21:00:00+02:00;28195
2023-05-19 22:00:00+02:00;19331
2023-05-19 23:00:00+02:00;20294
2023-05-20 00:00:00+02:00;21466
2023-05-20 01:00:00+02:00;22427
2023-05-20 02:00:00+02:00;25468
2023-05-20 03:00:00+02:00;33456
2023-05-20 04:00:00+02:00;48912
2023-05-20 05:00:00+02:00;60950
2023-05-20 06:00:00+02:00;60132
2023-05-20 07:00:00+02:00;55255
2023-05-20 08:00:00+02:00;50942
2023-05-20 09:00:00+02:00;46427
2023-05-20 10:00:00+02:00;43036
2023-05-20 11:00:00+02:00;40952
2023-05-20 12:00:00+02:00;39832
2023-05-20 13:00:00+02:00;39002
2023-05-20 14:00:00+02:00;39350
2023-05-20 15:00:00+02:00;40872
2023-05-20 16:00:00+02:00;42778
2023-05-20 17:00:00+02:00;44771
2023-05-20 18:00:00+02:00;47215
2023-05-20 19:00:00+02:00;46416
2023-05-20 20:00:00+02:00;43045
2023-05-20 22:00:00+02:00;32683
2023-05-20 23:00:00+02:00;22966
2023-05-21 00:00:00+02:00;20344
2023-05-21 01:00:00+02:00;21498
2023-05-21 02:00:00+02:00;22538
2023-05-21 03:00:00+02:00;25543
2023-05-21 04:00:00+02:00;33705
2023-05-21 05:00:00+02:00;49579
2023-05-21 06:00:00+02:00;61935
2023-05-21 07:00:00+02:00;61149
2023-05-21 08:00:00+02:00;55934
2023-05-21 09:00:00+02:00;51598
2023-05-21 10:00:00+02:00;46946
2023-05-21 11:00:00+02:00;43456
2023-05-21 12:00:00+02:00;41238
2023-05-21 13:00:00+02:00;40083
2023-05-21 14:00:00+02:00;39111
2023-05-21 15:00:00+02:00;39468
2023-05-21 16:00:00+02:00;40984
2023-05-21 17:00:00+02:00;42874
2023-05-21 18:00:00+02:00;44996
2023-05-21 19:00:00+02:00;47622
2023-05-21 20:00:00+02:00;46851
2023-05-21 21:00:00+02:00;43546
2023-05-21 22:00:00+02:00;33066
2023-05-21 23:00:00+02:00;23044
2023-05-22 00:00:00+02:00;17569
2023-05-22 01:00:00+02:00;18797
2023-05-22 02:00:00+02:00;19177
2023-05-22 03:00:00+02:00;21766
2023-05-22 04:00:00+02:00;28935
2023-05-22 05:00:00+02:00;42880
2023-05-22 06:00:00+02:00;54910
2023-05-22 07:00:00+02:00;54277
2023-05-22 08:00:00+02:00;49583
2023-05-22 09:00:00+02:00;45671
2023-05-22 10:00:00+02:00;41646
2023-05-22 11:00:00+02:00;38278
2023-05-22 12:00:00+02:00;37006
2023-05-22 13:00:00+02:00;35324
2023-05-22 14:00:00+02:00;34474
2023-05-22 15:00:00+02:00;34637
2023-05-22 16:00:00+02:00;36030
2023-05-22 17:00:00+02:00;37675
2023-05-22 18:00:00+02:00;39675
2023-05-22 19:00:00+02:00;42220
2023-05-22 20:00:00+02:00;41442
2023-05-22 21:00:00+02:00;38624
2023-05-22 22:00:00+02:00;29370
2023-05-22 23:00:00+02:00;20204
2023-05-23 00:00:00+02:00;14202
2023-05-23 01:00:00+02:00;14143
2023-05-23 02:00:00+02:00;15185
2023-05-23 03:00:00+02:00;16785
2023-05-23 04:00:00+02:00;23045
2023-05-23 05:00:00+02:00;35109
2023-05-23 06:00:00+02:00;42746
2023-05-23 07:00:00+02:00;42280
2023-05-23 08:00:00+02:00;38907
2023-05-23 09:00:00+02:00;35832
2023-05-23 10:00:00+02:00;32575
2023-05-23 11:00:00+02:00;30732
2023-05-23 12:00:00+02:00;29285
2023-05-23 13:00:00+02:00;27219
2023-05-23 14:00:00+02:00;26061
2023-05-23 15:00:00+02:00;26324
2023-05-23 16:00:00+02:00;27441
2023-05-23 17:00:00+02:00;29513
2023-05-23 18:00:00+02:00;31589
2023-05-23 19:00:00+02:00;33449
2023-05-23 20:00:00+02:00;32915
2023-05-23 21:00:00+02:00;30797
2023-05-23 22:00:00+02:00;23535
2023-05-23 23:00:00+02:00;16579
2023-05-24 00:00:00+02:00;10860
2023-05-24 01:00:00+02:00;11591
2023-05-24 02:00:00+02:00;12101
2023-05-24 03:00:00+02:00;14193
2023-05-24 04:00:00+02:00;20985
2023-05-24 05:00:00+02:00;33295
2023-05-24 06:00:00+02:00;35978
2023-05-24 07:00:00+02:00;35083
2023-05-24 08:00:00+02:00;30537
2023-05-24 09:00:00+02:00;28580
2023-05-24 10:00:00+02:00;26127
2023-05-24 11:00:00+02:00;24619
2023-05-24 12:00:00+02:00;23422
2023-05-24 13:00:00+02:00;22109
2023-05-24 14:00:00+02:00;21879
2023-05-24 15:00:00+02:00;21589
2023-05-24 16:00:00+02:00;22778
2023-05-24 17:00:00+02:00;24206
2023-05-24 18:00:00+02:00;25529
2023-05-24 19:00:00+02:00;27162
2023-05-24 20:00:00+02:00;27632
2023-05-24 21:00:00+02:00;25550
2023-05-24 22:00:00+02:00;19657
2023-05-24 23:00:00+02:00;13392
2023-05-25 00:00:00+02:00;10816
2023-05-25 01:00:00+02:00;11471
2023-05-25 02:00:00+02:00;11831
2023-05-25 03:00:00+02:00;13890
2023-05-25 04:00:00+02:00;19056
2023-05-25 05:00:00+02:00;29333
2023-05-25 06:00:00+02:00;36989
2023-05-25 07:00:00+02:00;36197
2023-05-25 08:00:00+02:00;31974
2023-05-25 09:00:00+02:00;29982
2023-05-25 10:00:00+02:00;27048
2023-05-25 11:00:00+02:00;25010
2023-05-25 12:00:00+02:00;23802
2023-05-25 13:00:00+02:00;22605
2023-05-25 14:00:00+02:00;22051
2023-05-25 15:00:00+02:00;21817
2023-05-25 16:00:00+02:00;22642
2023-05-25 17:00:00+02:00;24025
2023-05-25 18:00:00+02:00;25435
2023-05-25 19:00:00+02:00;27258
2023-05-25 20:00:00+02:00;27263
2023-05-25 21:00:00+02:00;25263
2023-05-25 22:00:00+02:00;19253
2023-05-25 23:00:00+02:00;12995
2023-05-26 00:00:00+02:00;12107
2023-05-26 01:00:00+02:00;12795
2023-05-26 02:00:00+02:00;13346
2023-05-26 03:00:00+02:00;15398
2023-05-26 04:00:00+02:00;20931
2023-05-26 05:00:00+02:00;31859
2023-05-26 06:00:00+02:00;40269
2023-05-26 07:00:00+02:00;39550
2023-05-26 08:00:00+02:00;35589
2023-05-26 09:00:00+02:00;33047
2023-05-26 10:00:00+02:00;29824
2023-05-26 11:00:00+02:00;27550
2023-05-26 12:00:00+02:00;26163
2023-05-26 13:00:00+02:00;25118
2023-05-26 14:00:00+02:00;24400
2023-05-26 15:00:00+02:00;24287
2023-05-26 16:00:00+02:00;25369
2023-05-26 17:00:00+02:00;26595
2023-05-26 18:00:00+02:00;28058
2023-05-26 19:00:00+02:00;29977
2023-05-26 20:00:00+02:00;29752
2023-05-26 21:00:00+02:00;27678
2023-05-26 22:00:00+02:00;20969
2023-05-26 23:00:00+02:00;14164
2023-05-27 00:00:00+02:00;12022
2023-05-27 01:00:00+02:00;12694
2023-05-27 02:00:00+02:00;13238
2023-05-27 03:00:00+02:00;15292
2023-05-27 04:00:00+02:00;20739
2023-05-27 05:00:00+02:00;31512
2023-05-27 06:00:00+02:00;39827
2023-05-27 07:00:00+02:00;39107
2023-05-27 08:00:00+02:00;35273
2023-05-27 09:00:00+02:00;32706
2023-05-27 10:00:00+02:00;29526
2023-05-27 11:00:00+02:00;27265
2023-05-27 12:00:00+02:00;25897
2023-05-27 13:00:00+02:00;24910
2023-05-27 14:00:00+02:00;24215
2023-05-27 15:00:00+02:00;24133
2023-05-27 16:00:00+02:00;25189
2023-05-27 17:00:00+02:00;26418
2023-05-27 18:00:00+02:00;27880
2023-05-27 21:00:00+02:00;29787
2023-05-27 22:00:00+02:00;29518
2023-05-27 23:00:00+02:00;27478
2023-05-28 00:00:00+02:00;20797
2023-05-28 01:00:00+02:00;14040
2023-05-28 02:00:00+02:00;11474
2023-05-28 03:00:00+02:00;12128
2023-05-28 04:00:00+02:00;12641
2023-05-28 05:00:00+02:00;14619
2023-05-28 06:00:00+02:00;19948
2023-05-28 07:00:00+02:00;30489
2023-05-28 08:00:00+02:00;38600
2023-05-28 09:00:00+02:00;37888
2023-05-28 10:00:00+02:00;34018
2023-05-28 11:00:00+02:00;31617
2023-05-28 12:00:00+02:00;28506
2023-05-28 13:00:00+02:00;26325
2023-05-28 14:00:00+02:00;25005
2023-05-28 15:00:00+02:00;23964
2023-05-28 16:00:00+02:00;23265
2023-05-28 17:00:00+02:00;23112
2023-05-28 18:00:00+02:00;24159
2023-05-28 19:00:00+02:00;25334
2023-05-28 20:00:00+02:00;26743
2023-05-28 21:00:00+02:00;28607
2023-05-28 22:00:00+02:00;28426
2023-05-28 23:00:00+02:00;26446
2023-05-29 00:00:00+02:00;20033
2023-05-29 01:00:00+02:00;13480
2023-05-29 02:00:00+02:00;11258
2023-05-29 03:00:00+02:00;12085
2023-05-29 04:00:00+02:00;12242
2023-05-29 05:00:00+02:00;14182
2023-05-29 06:00:00+02:00;19505
2023-05-29 07:00:00+02:00;29898
2023-05-29 08:00:00+02:00;38400
2023-05-29 09:00:00+02:00;37859
2023-05-29 10:00:00+02:00;33992
2023-05-29 11:00:00+02:00;31536
2023-05-29 12:00:00+02:00;28549
2023-05-29 13:00:00+02:00;26187
2023-05-29 14:00:00+02:00;25292
2023-05-29 15:00:00+02:00;23854
2023-05-29 16:00:00+02:00;23161
2023-05-29 17:00:00+02:00;22977
2023-05-29 18:00:00+02:00;23990
2023-05-29 19:00:00+02:00;25137
2023-05-29 20:00:00+02:00;26622
2023-05-29 21:00:00+02:00;28529
2023-05-29 22:00:00+02:00;28262
2023-05-29 23:00:00+02:00;26315
2023-05-30 00:00:00+02:00;20016
2023-05-30 01:00:00+02:00;13397
2023-05-30 02:00:00+02:00;11407
2023-05-30 03:00:00+02:00;11415
2023-05-30 04:00:00+02:00;12247
2023-05-30 05:00:00+02:00;13667
2023-05-30 06:00:00+02:00;19282
2023-05-30 07:00:00+02:00;30265
2023-05-30 08:00:00+02:00;37029
2023-05-30 09:00:00+02:00;36404
2023-05-30 10:00:00+02:00;33106
2023-05-30 11:00:00+02:00;30741
2023-05-30 12:00:00+02:00;27767
2023-05-30 13:00:00+02:00;26183
2023-05-30 14:00:00+02:00;24931
2023-05-30 15:00:00+02:00;22978
2023-05-30 16:00:00+02:00;21855
2023-05-30 17:00:00+02:00;21803
2023-05-30 18:00:00+02:00;22843
2023-05-30 19:00:00+02:00;24587
2023-05-30 20:00:00+02:00;26187
2023-05-30 21:00:00+02:00;27981
2023-05-30 22:00:00+02:00;27703
2023-05-30 23:00:00+02:00;25881
2023-05-31 00:00:00+02:00;19819
2023-05-31 01:00:00+02:00;13703
2023-05-31 02:00:00+02:00;10344
2023-05-31 03:00:00+02:00;11021
2023-05-31 04:00:00+02:00;11512
2023-05-31 05:00:00+02:00;13538
2023-05-31 06:00:00+02:00;20020
2023-05-31 07:00:00+02:00;31672
2023-05-31 08:00:00+02:00;34247
2023-05-31 09:00:00+02:00;33520
2023-05-31 10:00:00+02:00;29237
2023-05-31 11:00:00+02:00;27218
2023-05-31 12:00:00+02:00;24923
2023-05-31 13:00:00+02:00;23482
2023-05-31 14:00:00+02:00;22340
2023-05-31 15:00:00+02:00;21100
2023-05-31 16:00:00+02:00;20897
2023-05-31 17:00:00+02:00;20676
2023-05-31 18:00:00+02:00;21796
2023-05-31 19:00:00+02:00;23151
2023-05-31 20:00:00+02:00;24460
2023-05-31 21:00:00+02:00;26061
2023-05-31 22:00:00+02:00;26432
2023-05-31 23:00:00+02:00;24437
2023-06-01 00:00:00+02:00;18755
2023-06-01 01:00:00+02:00;12741
2023-06-01 02:00:00+02:00;11303
2023-06-01 03:00:00+02:00;11994
2023-06-01 04:00:00+02:00;12448
2023-06-01 05:00:00+02:00;14543
2023-06-01 06:00:00+02:00;19779
2023-06-01 07:00:00+02:00;30263
2023-06-01 08:00:00+02:00;38140
2023-06-01 09:00:00+02:00;37416
2023-06-01 10:00:00+02:00;33161
2023-06-01 11:00:00+02:00;30978
2023-06-01 12:00:00+02:00;27995
2023-06-01 13:00:00+02:00;25853
2023-06-01 14:00:00+02:00;24562
2023-06-01 15:00:00+02:00;23438
2023-06-01 16:00:00+02:00;22839
2023-06-01 17:00:00+02:00;22762
2023-06-01 18:00:00+02:00;23542
2023-06-01 19:00:00+02:00;24998
2023-06-01 20:00:00+02:00;26472
2023-06-01 21:00:00+02:00;28372
2023-06-01 22:00:00+02:00;28295
2023-06-01 23:00:00+02:00;26274
2023-06-02 00:00:00+02:00;19973
2023-06-02 01:00:00+02:00;13487
2023-06-02 02:00:00+02:00;8126
2023-06-02 03:00:00+02:00;8721
2023-06-02 04:00:00+02:00;8920
2023-06-02 05:00:00+02:00;10533
2023-06-02 06:00:00+02:00;14946
2023-06-02 07:00:00+02:00;23986
2023-06-02 08:00:00+02:00;30533
2023-06-02 09:00:00+02:00;29747
2023-06-02 10:00:00+02:00;25958
2023-06-02 11:00:00+02:00;24450
2023-06-02 12:00:00+02:00;21987
2023-06-02 13:00:00+02:00;20389
2023-06-02 14:00:00+02:00;19507
2023-06-02 15:00:00+02:00;18143
2023-06-02 16:00:00+02:00;17574
2023-06-02 17:00:00+02:00;17002
2023-06-02 18:00:00+02:00;17866
2023-06-02 19:00:00+02:00;18843
2023-06-02 20:00:00+02:00;19829
2023-06-02 21:00:00+02:00;21349
2023-06-02 22:00:00+02:00;21564
2023-06-02 23:00:00+02:00;19912
2023-06-03 00:00:00+02:00;15197
2023-06-03 01:00:00+02:00;10024
2023-06-03 02:00:00+02:00;7001
2023-06-03 03:00:00+02:00;7568
2023-06-03 04:00:00+02:00;7666
2023-06-03 05:00:00+02:00;9129
2023-06-03 06:00:00+02:00;13182
2023-06-03 07:00:00+02:00;21660
2023-06-03 08:00:00+02:00;27632
2023-06-03 09:00:00+02:00;26816
2023-06-03 10:00:00+02:00;23123
2023-06-03 11:00:00+02:00;21883
2023-06-03 12:00:00+02:00;19686
2023-06-03 13:00:00+02:00;18316
2023-06-03 14:00:00+02:00;17579
2023-06-03 15:00:00+02:00;16136
2023-06-03 16:00:00+02:00;15617
2023-06-03 17:00:00+02:00;14950
2023-06-03 18:00:00+02:00;15717
2023-06-03 19:00:00+02:00;16659
2023-06-03 20:00:00+02:00;17481
2023-06-03 21:00:00+02:00;18872
2023-06-03 22:00:00+02:00;19180
2023-06-03 23:00:00+02:00;17650
2023-06-04 00:00:00+02:00;13503
2023-06-04 01:00:00+02:00;8825
2023-06-04 02:00:00+02:00;5171
2023-06-04 03:00:00+02:00;5701
2023-06-04 04:00:00+02:00;5662
2023-06-04 05:00:00+02:00;6794
2023-06-04 06:00:00+02:00;10174
2023-06-04 07:00:00+02:00;17546
2023-06-04 08:00:00+02:00;22568
2023-06-04 09:00:00+02:00;21788
2023-06-04 10:00:00+02:00;18264
2023-06-04 11:00:00+02:00;17470
2023-06-04 12:00:00+02:00;15786
2023-06-04 13:00:00+02:00;14817
2023-06-04 14:00:00+02:00;14302
2023-06-04 15:00:00+02:00;12742
2023-06-04 16:00:00+02:00;12329
2023-06-04 17:00:00+02:00;11520
2023-06-04 18:00:00+02:00;12182
2023-06-04 19:00:00+02:00;13030
2023-06-04 20:00:00+02:00;13540
2023-06-04 21:00:00+02:00;14650
2023-06-04 22:00:00+02:00;15129
2023-06-04 23:00:00+02:00;13793
2023-06-05 00:00:00+02:00;10587
2023-06-05 01:00:00+02:00;6826
2023-06-05 02:00:00+02:00;3940
2023-06-05 03:00:00+02:00;4386
2023-06-05 04:00:00+02:00;4286
2023-06-05 05:00:00+02:00;4992
2023-06-05 06:00:00+02:00;7727
2023-06-05 07:00:00+02:00;14144
2023-06-05 08:00:00+02:00;18236
2023-06-05 09:00:00+02:00;17844
2023-06-05 10:00:00+02:00;14672
2023-06-05 11:00:00+02:00;14019
2023-06-05 12:00:00+02:00;12857
2023-06-05 13:00:00+02:00;12192
2023-06-05 14:00:00+02:00;11753
2023-06-05 15:00:00+02:00;10295
2023-06-05 16:00:00+02:00;9871
2023-06-05 17:00:00+02:00;9247
2023-06-05 18:00:00+02:00;9717
2023-06-05 19:00:00+02:00;10617
2023-06-05 20:00:00+02:00;10937
2023-06-05 21:00:00+02:00;11798
2023-06-05 22:00:00+02:00;12173
2023-06-05 23:00:00+02:00;11051
2023-06-06 00:00:00+02:00;8349
2023-06-06 01:00:00+02:00;5296
2023-06-06 02:00:00+02:00;4865
2023-06-06 03:00:00+02:00;5063
2023-06-06 04:00:00+02:00;5282
2023-06-06 05:00:00+02:00;5969
2023-06-06 06:00:00+02:00;9130
2023-06-06 07:00:00+02:00;15954
2023-06-06 08:00:00+02:00;20431
2023-06-06 09:00:00+02:00;19700
2023-06-06 10:00:00+02:00;17179
2023-06-06 11:00:00+02:00;16252
2023-06-06 12:00:00+02:00;14631
2023-06-06 13:00:00+02:00;13834
2023-06-06 14:00:00+02:00;13366
2023-06-06 15:00:00+02:00;11975
2023-06-06 16:00:00+02:00;11246
2023-06-06 17:00:00+02:00;10641
2023-06-06 18:00:00+02:00;11445
2023-06-06 19:00:00+02:00;12492
2023-06-06 20:00:00+02:00;12665
2023-06-06 21:00:00+02:00;13762
2023-06-06 22:00:00+02:00;13991
2023-06-06 23:00:00+02:00;12892
2023-06-07 00:00:00+02:00;9822
2023-06-07 01:00:00+02:00;6454
2023-06-07 02:00:00+02:00;5861
2023-06-07 03:00:00+02:00;6306
2023-06-07 04:00:00+02:00;6674
2023-06-07 05:00:00+02:00;7884
2023-06-07 06:00:00+02:00;12057
2023-06-07 07:00:00+02:00;20248
2023-06-07 08:00:00+02:00;22584
2023-06-07 09:00:00+02:00;21870
2023-06-07 10:00:00+02:00;18201
2023-06-07 11:00:00+02:00;17406
2023-06-07 12:00:00+02:00;15852
2023-06-07 13:00:00+02:00;15090
2023-06-07 14:00:00+02:00;14454
2023-06-07 15:00:00+02:00;13206
2023-06-07 16:00:00+02:00;12919
2023-06-07 17:00:00+02:00;12398
2023-06-07 18:00:00+02:00;13141
2023-06-07 19:00:00+02:00;14285
2023-06-07 20:00:00+02:00;14775
2023-06-07 21:00:00+02:00;15677
2023-06-07 22:00:00+02:00;16355
2023-06-07 23:00:00+02:00;15167
2023-06-08 00:00:00+02:00;11509
2023-06-08 01:00:00+02:00;7612
2023-06-08 02:00:00+02:00;7032
2023-06-08 03:00:00+02:00;7535
2023-06-08 04:00:00+02:00;7580
2023-06-08 05:00:00+02:00;8970
2023-06-08 06:00:00+02:00;12894
2023-06-08 07:00:00+02:00;21191
2023-06-08 08:00:00+02:00;26902
2023-06-08 09:00:00+02:00;26142
2023-06-08 10:00:00+02:00;22261
2023-06-08 11:00:00+02:00;21120
2023-06-08 12:00:00+02:00;19078
2023-06-08 13:00:00+02:00;17826
2023-06-08 14:00:00+02:00;17062
2023-06-08 15:00:00+02:00;15659
2023-06-08 16:00:00+02:00;15291
2023-06-08 17:00:00+02:00;14651
2023-06-08 18:00:00+02:00;15344
2023-06-08 19:00:00+02:00;16439
2023-06-08 20:00:00+02:00;17247
2023-06-08 21:00:00+02:00;18576
2023-06-08 22:00:00+02:00;18913
2023-06-08 23:00:00+02:00;17370
2023-06-09 00:00:00+02:00;13279
2023-06-09 01:00:00+02:00;8778
2023-06-09 02:00:00+02:00;8367
2023-06-09 03:00:00+02:00;8964
2023-06-09 04:00:00+02:00;9214
2023-06-09 05:00:00+02:00;10745
2023-06-09 06:00:00+02:00;15121
2023-06-09 07:00:00+02:00;24172
2023-06-09 08:00:00+02:00;30791
2023-06-09 09:00:00+02:00;30040
2023-06-09 10:00:00+02:00;26289
2023-06-09 11:00:00+02:00;24664
2023-06-09 12:00:00+02:00;22282
2023-06-09 13:00:00+02:00;20716
2023-06-09 14:00:00+02:00;19775
2023-06-09 15:00:00+02:00;18458
2023-06-09 16:00:00+02:00;17892
2023-06-09 17:00:00+02:00;17428
2023-06-09 18:00:00+02:00;18277
2023-06-09 19:00:00+02:00;19313
2023-06-09 20:00:00+02:00;20270
2023-06-09 21:00:00+02:00;21770
2023-06-09 22:00:00+02:00;21911
2023-06-09 23:00:00+02:00;20244
2023-06-10 00:00:00+02:00;15390
2023-06-10 01:00:00+02:00;10193
2023-06-10 02:00:00+02:00;7456
2023-06-10 03:00:00+02:00;8053
2023-06-10 04:00:00+02:00;8172
2023-06-10 05:00:00+02:00;9713
2023-06-10 06:00:00+02:00;13986
2023-06-10 07:00:00+02:00;22862
2023-06-10 08:00:00+02:00;29142
2023-06-10 09:00:00+02:00;28295
2023-06-10 10:00:00+02:00;24441
2023-06-10 11:00:00+02:00;23115
2023-06-10 12:00:00+02:00;20797
2023-06-10 13:00:00+02:00;19340
2023-06-10 14:00:00+02:00;18549
2023-06-10 15:00:00+02:00;17060
2023-06-10 16:00:00+02:00;16509
2023-06-10 17:00:00+02:00;15839
2023-06-10 18:00:00+02:00;16636
2023-06-10 19:00:00+02:00;17618
2023-06-10 20:00:00+02:00;18501
2023-06-10 21:00:00+02:00;19970
2023-06-10 22:00:00+02:00;20271
2023-06-10 23:00:00+02:00;18662
2023-06-11 00:00:00+02:00;14287
2023-06-11 01:00:00+02:00;9357
2023-06-11 02:00:00+02:00;4894
2023-06-11 03:00:00+02:00;5382
2023-06-11 04:00:00+02:00;5339
2023-06-11 05:00:00+02:00;6470
2023-06-11 06:00:00+02:00;9647
2023-06-11 07:00:00+02:00;16544
2023-06-11 08:00:00+02:00;21246
2023-06-11 09:00:00+02:00;20530
2023-06-11 10:00:00+02:00;17288
2023-06-11 11:00:00+02:00;16539
2023-06-11 12:00:00+02:00;14886
2023-06-11 13:00:00+02:00;13925
2023-06-11 14:00:00+02:00;13463
2023-06-11 15:00:00+02:00;12037
2023-06-11 16:00:00+02:00;11654
2023-06-11 17:00:00+02:00;10873
2023-06-11 18:00:00+02:00;11521
2023-06-11 19:00:00+02:00;12287
2023-06-11 20:00:00+02:00;12796
2023-06-11 21:00:00+02:00;13838
2023-06-11 22:00:00+02:00;14288
2023-06-11 23:00:00+02:00;13044
2023-06-12 00:00:00+02:00;10011
2023-06-12 01:00:00+02:00;6465
2023-06-12 02:00:00+02:00;4608
2023-06-12 03:00:00+02:00;5088
2023-06-12 04:00:00+02:00;4992
2023-06-12 05:00:00+02:00;5979
2023-06-12 06:00:00+02:00;9101
2023-06-12 07:00:00+02:00;15955
2023-06-12 08:00:00+02:00;20401
2023-06-12 09:00:00+02:00;20038
2023-06-12 10:00:00+02:00;16802
2023-06-12 11:00:00+02:00;16016
2023-06-12 12:00:00+02:00;14506
2023-06-12 13:00:00+02:00;13548
2023-06-12 14:00:00+02:00;13059
2023-06-12 15:00:00+02:00;11644
2023-06-12 16:00:00+02:00;11171
2023-06-12 17:00:00+02:00;10534
2023-06-12 18:00:00+02:00;11064
2023-06-12 19:00:00+02:00;11893
2023-06-12 20:00:00+02:00;12461
2023-06-12 21:00:00+02:00;13443
2023-06-12 22:00:00+02:00;13795
2023-06-12 23:00:00+02:00;12608
2023-06-13 00:00:00+02:00;9610
2023-06-13 01:00:00+02:00;6135
2023-06-13 02:00:00+02:00;4726
2023-06-13 03:00:00+02:00;4964
2023-06-13 04:00:00+02:00;5260
2023-06-13 05:00:00+02:00;6022
2023-06-13 06:00:00+02:00;9291
2023-06-13 07:00:00+02:00;16231
2023-06-13 08:00:00+02:00;20483
2023-06-13 09:00:00+02:00;19664
2023-06-13 10:00:00+02:00;17250
2023-06-13 11:00:00+02:00;16467
2023-06-13 12:00:00+02:00;14639
2023-06-13 13:00:00+02:00;13925
2023-06-13 14:00:00+02:00;13368
2023-06-13 15:00:00+02:00;11980
2023-06-13 16:00:00+02:00;11081
2023-06-13 17:00:00+02:00;10519
2023-06-13 18:00:00+02:00;11380
2023-06-13 19:00:00+02:00;12409
2023-06-13 20:00:00+02:00;12622
2023-06-13 21:00:00+02:00;13766
2023-06-13 22:00:00+02:00;13998
2023-06-13 23:00:00+02:00;12875
2023-06-14 00:00:00+02:00;9895
2023-06-14 01:00:00+02:00;6502
2023-06-14 02:00:00+02:00;5574
2023-06-14 03:00:00+02:00;5929
2023-06-14 04:00:00+02:00;6386
2023-06-14 05:00:00+02:00;7413
2023-06-14 06:00:00+02:00;11567
2023-06-14 07:00:00+02:00;20018
2023-06-14 08:00:00+02:00;22163
2023-06-14 09:00:00+02:00;21132
2023-06-14 10:00:00+02:00;17600
2023-06-14 11:00:00+02:00;17093
2023-06-14 12:00:00+02:00;15370
2023-06-14 13:00:00+02:00;14539
2023-06-14 14:00:00+02:00;13825
2023-06-14 15:00:00+02:00;12715
2023-06-14 16:00:00+02:00;12391
2023-06-14 17:00:00+02:00;11780
2023-06-14 18:00:00+02:00;12541
2023-06-14 19:00:00+02:00;13606
2023-06-14 20:00:00+02:00;14072
2023-06-14 21:00:00+02:00;14931
2023-06-14 22:00:00+02:00;15815
2023-06-14 23:00:00+02:00;14670
2023-06-15 00:00:00+02:00;11179
2023-06-15 01:00:00+02:00;7355
2023-06-15 02:00:00+02:00;6440
2023-06-15 03:00:00+02:00;6869
2023-06-15 04:00:00+02:00;6785
2023-06-15 05:00:00+02:00;8238
2023-06-15 06:00:00+02:00;12111
2023-06-15 07:00:00+02:00;19984
2023-06-15 08:00:00+02:00;25439
2023-06-15 09:00:00+02:00;24657
2023-06-15 10:00:00+02:00;20883
2023-06-15 11:00:00+02:00;19970
2023-06-15 12:00:00+02:00;17846
2023-06-15 13:00:00+02:00;16620
2023-06-15 14:00:00+02:00;15956
2023-06-15 15:00:00+02:00;14535
2023-06-15 16:00:00+02:00;14217
2023-06-15 17:00:00+02:00;13317
2023-06-15 18:00:00+02:00;14063
2023-06-15 19:00:00+02:00;14992
2023-06-15 20:00:00+02:00;15826
2023-06-15 21:00:00+02:00;17114
2023-06-15 22:00:00+02:00;17556
2023-06-15 23:00:00+02:00;16102
2023-06-16 00:00:00+02:00;12411
2023-06-16 01:00:00+02:00;8175
2023-06-16 02:00:00+02:00;6983
2023-06-16 03:00:00+02:00;7546
2023-06-16 04:00:00+02:00;7627
2023-06-16 05:00:00+02:00;9162
2023-06-16 06:00:00+02:00;13240
2023-06-16 07:00:00+02:00;21493
2023-06-16 08:00:00+02:00;27498
2023-06-16 09:00:00+02:00;26708
2023-06-16 10:00:00+02:00;23068
2023-06-16 11:00:00+02:00;21888
2023-06-16 12:00:00+02:00;19609
2023-06-16 13:00:00+02:00;18175
2023-06-16 14:00:00+02:00;17476
2023-06-16 15:00:00+02:00;16054
2023-06-16 16:00:00+02:00;15542
2023-06-16 17:00:00+02:00;14818
2023-06-16 18:00:00+02:00;15621
2023-06-16 19:00:00+02:00;16481
2023-06-16 20:00:00+02:00;17349
2023-06-16 21:00:00+02:00;18732
2023-06-16 22:00:00+02:00;19082
2023-06-16 23:00:00+02:00;17566
2023-06-17 00:00:00+02:00;13491
2023-06-17 01:00:00+02:00;8844
2023-06-17 02:00:00+02:00;6501
2023-06-17 03:00:00+02:00;7066
2023-06-17 04:00:00+02:00;7084
2023-06-17 05:00:00+02:00;8600
2023-06-17 06:00:00+02:00;12610
2023-06-17 07:00:00+02:00;20792
2023-06-17 08:00:00+02:00;26603
2023-06-17 09:00:00+02:00;25761
2023-06-17 10:00:00+02:00;22059
2023-06-17 11:00:00+02:00;21020
2023-06-17 12:00:00+02:00;18801
2023-06-17 13:00:00+02:00;17447
2023-06-17 14:00:00+02:00;16818
2023-06-17 15:00:00+02:00;15300
2023-06-17 16:00:00+02:00;14790
2023-06-17 17:00:00+02:00;13982
2023-06-17 18:00:00+02:00;14731
2023-06-17 19:00:00+02:00;15588
2023-06-17 20:00:00+02:00;16404
2023-06-17 21:00:00+02:00;17772
2023-06-17 22:00:00+02:00;18189
2023-06-17 23:00:00+02:00;16713
2023-06-18 00:00:00+02:00;12886
2023-06-18 01:00:00+02:00;8385
2023-06-18 02:00:00+02:00;6322
2023-06-18 03:00:00+02:00;6897
2023-06-18 04:00:00+02:00;6896
2023-06-18 05:00:00+02:00;8391
2023-06-18 06:00:00+02:00;12379
2023-06-18 07:00:00+02:00;20549
2023-06-18 08:00:00+02:00;26300
2023-06-18 09:00:00+02:00;25464
2023-06-18 10:00:00+02:00;21696
2023-06-18 11:00:00+02:00;20723
2023-06-18 12:00:00+02:00;18533
2023-06-18 13:00:00+02:00;17196
2023-06-18 14:00:00+02:00;16588
2023-06-18 15:00:00+02:00;15020
2023-06-18 16:00:00+02:00;14517
2023-06-18 17:00:00+02:00;13652
2023-06-18 18:00:00+02:00;14421
2023-06-18 19:00:00+02:00;15246
2023-06-18 20:00:00+02:00;16041
2023-06-18 21:00:00+02:00;17393
2023-06-18 22:00:00+02:00;17866
2023-06-18 23:00:00+02:00;16389
2023-06-19 00:00:00+02:00;12659
2023-06-19 01:00:00+02:00;8219
2023-06-19 02:00:00+02:00;6893
2023-06-19 03:00:00+02:00;7500
2023-06-19 04:00:00+02:00;7458
2023-06-19 05:00:00+02:00;8966
2023-06-19 06:00:00+02:00;13172
2023-06-19 07:00:00+02:00;21616
2023-06-19 08:00:00+02:00;27534
2023-06-19 09:00:00+02:00;27106
2023-06-19 10:00:00+02:00;23414
2023-06-19 11:00:00+02:00;22150
2023-06-19 12:00:00+02:00;19877
2023-06-19 13:00:00+02:00;18288
2023-06-19 14:00:00+02:00;17615
2023-06-19 15:00:00+02:00;16138
2023-06-19 16:00:00+02:00;15509
2023-06-19 17:00:00+02:00;14906
2023-06-19 18:00:00+02:00;15603
2023-06-19 19:00:00+02:00;16476
2023-06-19 20:00:00+02:00;17537
2023-06-19 21:00:00+02:00;18943
2023-06-19 22:00:00+02:00;19181
2023-06-19 23:00:00+02:00;17703
2023-06-20 00:00:00+02:00;13595
2023-06-20 01:00:00+02:00;8814
2023-06-20 02:00:00+02:00;6901
2023-06-20 03:00:00+02:00;7085
2023-06-20 04:00:00+02:00;7518
2023-06-20 05:00:00+02:00;8615
2023-06-20 06:00:00+02:00;12925
2023-06-20 07:00:00+02:00;21742
2023-06-20 08:00:00+02:00;26955
2023-06-20 09:00:00+02:00;26002
2023-06-20 10:00:00+02:00;23038
2023-06-20 11:00:00+02:00;21887
2023-06-20 12:00:00+02:00;19513
2023-06-20 13:00:00+02:00;18476
2023-06-20 14:00:00+02:00;17627
2023-06-20 15:00:00+02:00;15941
2023-06-20 16:00:00+02:00;14949
2023-06-20 17:00:00+02:00;14429
2023-06-20 18:00:00+02:00;15392
2023-06-20 19:00:00+02:00;16610
2023-06-20 20:00:00+02:00;17257
2023-06-20 21:00:00+02:00;18723
2023-06-20 22:00:00+02:00;18868
2023-06-20 23:00:00+02:00;17458
2023-06-21 00:00:00+02:00;13487
2023-06-21 01:00:00+02:00;9002
2023-06-21 02:00:00+02:00;6322
2023-06-21 03:00:00+02:00;6753
2023-06-21 04:00:00+02:00;7227
2023-06-21 05:00:00+02:00;8414
2023-06-21 06:00:00+02:00;13063
2023-06-21 07:00:00+02:00;22232
2023-06-21 08:00:00+02:00;24524
2023-06-21 09:00:00+02:00;23511
2023-06-21 10:00:00+02:00;19628
2023-06-21 11:00:00+02:00;18957
2023-06-21 12:00:00+02:00;17110
2023-06-21 13:00:00+02:00;16184
2023-06-21 14:00:00+02:00;15411
2023-06-21 15:00:00+02:00;14184
2023-06-21 16:00:00+02:00;13841
2023-06-21 17:00:00+02:00;13224
2023-06-21 18:00:00+02:00;14047
2023-06-21 19:00:00+02:00;15203
2023-06-21 20:00:00+02:00;15773
2023-06-21 21:00:00+02:00;16760
2023-06-21 22:00:00+02:00;17636
2023-06-21 23:00:00+02:00;16370
2023-06-22 00:00:00+02:00;12498
2023-06-22 01:00:00+02:00;8262
2023-06-22 02:00:00+02:00;7578
2023-06-22 03:00:00+02:00;8096
2023-06-22 04:00:00+02:00;8167
2023-06-22 05:00:00+02:00;9681
2023-06-22 06:00:00+02:00;13836
2023-06-22 07:00:00+02:00;22478
2023-06-22 08:00:00+02:00;28521
2023-06-22 09:00:00+02:00;27739
2023-06-22 10:00:00+02:00;23765
2023-06-22 11:00:00+02:00;22523
2023-06-22 12:00:00+02:00;20312
2023-06-22 13:00:00+02:00;18935
2023-06-22 14:00:00+02:00;18109
2023-06-22 15:00:00+02:00;16712
2023-06-22 16:00:00+02:00;16318
2023-06-22 17:00:00+02:00;15689
2023-06-22 18:00:00+02:00;16419
2023-06-22 19:00:00+02:00;17548
2023-06-22 20:00:00+02:00;18458
2023-06-22 21:00:00+02:00;19875
2023-06-22 22:00:00+02:00;20186
2023-06-22 23:00:00+02:00;18566
2023-06-23 00:00:00+02:00;14198
2023-06-23 01:00:00+02:00;9413
2023-06-23 02:00:00+02:00;8677
2023-06-23 03:00:00+02:00;9249
2023-06-23 04:00:00+02:00;9541
2023-06-23 05:00:00+02:00;11120
2023-06-23 06:00:00+02:00;15514
2023-06-23 07:00:00+02:00;24487
2023-06-23 08:00:00+02:00;31169
2023-06-23 09:00:00+02:00;30454
2023-06-23 10:00:00+02:00;26868
2023-06-23 11:00:00+02:00;25145
2023-06-23 12:00:00+02:00;22686
2023-06-23 13:00:00+02:00;21047
2023-06-23 14:00:00+02:00;20069
2023-06-23 15:00:00+02:00;18884
2023-06-23 16:00:00+02:00;18320
2023-06-23 17:00:00+02:00;17936
2023-06-23 18:00:00+02:00;18811
2023-06-23 19:00:00+02:00;19830
2023-06-23 20:00:00+02:00;20848
2023-06-23 21:00:00+02:00;22361
2023-06-23 22:00:00+02:00;22428
2023-06-23 23:00:00+02:00;20766
2023-06-24 00:00:00+02:00;15757
2023-06-24 01:00:00+02:00;10476
2023-06-24 02:00:00+02:00;7291
2023-06-24 03:00:00+02:00;7879
2023-06-24 04:00:00+02:00;7984
2023-06-24 05:00:00+02:00;9512
2023-06-24 06:00:00+02:00;13729
2023-06-24 07:00:00+02:00;22453
2023-06-24 08:00:00+02:00;28662
2023-06-24 09:00:00+02:00;27817
2023-06-24 10:00:00+02:00;24005
2023-06-24 11:00:00+02:00;22724
2023-06-24 12:00:00+02:00;20431
2023-06-24 13:00:00+02:00;18998
2023-06-24 14:00:00+02:00;18231
2023-06-24 15:00:00+02:00;16747
2023-06-24 16:00:00+02:00;16205
2023-06-24 17:00:00+02:00;15521
2023-06-24 18:00:00+02:00;16311
2023-06-24 19:00:00+02:00;17273
2023-06-24 20:00:00+02:00;18141
2023-06-24 21:00:00+02:00;19589
2023-06-24 22:00:00+02:00;19903
2023-06-24 23:00:00+02:00;18319
2023-06-25 00:00:00+02:00;14033
2023-06-25 01:00:00+02:00;9181
2023-06-25 02:00:00+02:00;5163
2023-06-25 03:00:00+02:00;5667
2023-06-25 04:00:00+02:00;5626
2023-06-25 05:00:00+02:00;6862
2023-06-25 06:00:00+02:00;10220
2023-06-25 07:00:00+02:00;17364
2023-06-25 08:00:00+02:00;22272
2023-06-25 09:00:00+02:00;21532
2023-06-25 10:00:00+02:00;18187
2023-06-25 11:00:00+02:00;17410
2023-06-25 12:00:00+02:00;15611
2023-06-25 13:00:00+02:00;14550
2023-06-25 14:00:00+02:00;14068
2023-06-25 15:00:00+02:00;12616
2023-06-25 16:00:00+02:00;12206
2023-06-25 17:00:00+02:00;11388
2023-06-25 18:00:00+02:00;12065
2023-06-25 19:00:00+02:00;12822
2023-06-25 20:00:00+02:00;13409
2023-06-25 21:00:00+02:00;14524
2023-06-25 22:00:00+02:00;14990
2023-06-25 23:00:00+02:00;13703
2023-06-26 00:00:00+02:00;10549
2023-06-26 01:00:00+02:00;6813
2023-06-26 02:00:00+02:00;3973
2023-06-26 03:00:00+02:00;4425
2023-06-26 04:00:00+02:00;4317
2023-06-26 05:00:00+02:00;5087
2023-06-26 06:00:00+02:00;7886
2023-06-26 07:00:00+02:00;14351
2023-06-26 08:00:00+02:00;18470
2023-06-26 09:00:00+02:00;18099
2023-06-26 10:00:00+02:00;14908
2023-06-26 11:00:00+02:00;14259
2023-06-26 12:00:00+02:00;13029
2023-06-26 13:00:00+02:00;12309
2023-06-26 14:00:00+02:00;11864
2023-06-26 15:00:00+02:00;10411
2023-06-26 16:00:00+02:00;9980
2023-06-26 17:00:00+02:00;9335
2023-06-26 18:00:00+02:00;9812
2023-06-26 19:00:00+02:00;10684
2023-06-26 20:00:00+02:00;11052
2023-06-26 21:00:00+02:00;11924
2023-06-26 22:00:00+02:00;12313
2023-06-26 23:00:00+02:00;11186
2023-06-27 00:00:00+02:00;8476
2023-06-27 01:00:00+02:00;5372
2023-06-27 02:00:00+02:00;3855
2023-06-27 03:00:00+02:00;4126
2023-06-27 04:00:00+02:00;4243
2023-06-27 05:00:00+02:00;4758
2023-06-27 06:00:00+02:00;7451
2023-06-27 07:00:00+02:00;13501
2023-06-27 08:00:00+02:00;17696
2023-06-27 09:00:00+02:00;17056
2023-06-27 10:00:00+02:00;14683
2023-06-27 11:00:00+02:00;13891
2023-06-27 12:00:00+02:00;12569
2023-06-27 13:00:00+02:00;11886
2023-06-27 14:00:00+02:00;11590
2023-06-27 15:00:00+02:00;10290
2023-06-27 16:00:00+02:00;9597
2023-06-27 17:00:00+02:00;8940
2023-06-27 18:00:00+02:00;9725
2023-06-27 19:00:00+02:00;10710
2023-06-27 20:00:00+02:00;10625
2023-06-27 21:00:00+02:00;11577
2023-06-27 22:00:00+02:00;11874
2023-06-27 23:00:00+02:00;10892
2023-06-28 00:00:00+02:00;8225
2023-06-28 01:00:00+02:00;5321
2023-06-28 02:00:00+02:00;3872
2023-06-28 03:00:00+02:00;4239
2023-06-28 04:00:00+02:00;4492
2023-06-28 05:00:00+02:00;5324
2023-06-28 06:00:00+02:00;8257
2023-06-28 07:00:00+02:00;14528
2023-06-28 08:00:00+02:00;16835
2023-06-28 09:00:00+02:00;16309
2023-06-28 10:00:00+02:00;13044
2023-06-28 11:00:00+02:00;12638
2023-06-28 12:00:00+02:00;11558
2023-06-28 13:00:00+02:00;11171
2023-06-28 14:00:00+02:00;10816
2023-06-28 15:00:00+02:00;9565
2023-06-28 16:00:00+02:00;9293
2023-06-28 17:00:00+02:00;8720
2023-06-28 18:00:00+02:00;9274
2023-06-28 19:00:00+02:00;10339
2023-06-28 20:00:00+02:00;10442
2023-06-28 21:00:00+02:00;10996
2023-06-28 22:00:00+02:00;11674
2023-06-28 23:00:00+02:00;10839
2023-06-29 00:00:00+02:00;8092
2023-06-29 01:00:00+02:00;5245
2023-06-29 02:00:00+02:00;3694
2023-06-29 03:00:00+02:00;4104
2023-06-29 04:00:00+02:00;3932
2023-06-29 05:00:00+02:00;4546
2023-06-29 06:00:00+02:00;7130
2023-06-29 07:00:00+02:00;13489
2023-06-29 08:00:00+02:00;17400
2023-06-29 09:00:00+02:00;16721
2023-06-29 10:00:00+02:00;13247
2023-06-29 11:00:00+02:00;12782
2023-06-29 12:00:00+02:00;11811
2023-06-29 13:00:00+02:00;11387
2023-06-29 14:00:00+02:00;11033
2023-06-29 15:00:00+02:00;9461
2023-06-29 16:00:00+02:00;9277
2023-06-29 17:00:00+02:00;8472
2023-06-29 18:00:00+02:00;8999
2023-06-29 19:00:00+02:00;9952
2023-06-29 20:00:00+02:00;10060
2023-06-29 21:00:00+02:00;10822
2023-06-29 22:00:00+02:00;11376
2023-06-29 23:00:00+02:00;10215
2023-06-30 00:00:00+02:00;7764
2023-06-30 01:00:00+02:00;4965
2023-06-30 02:00:00+02:00;3007
2023-06-30 03:00:00+02:00;3458
2023-06-30 04:00:00+02:00;3354
2023-06-30 05:00:00+02:00;3794
2023-06-30 06:00:00+02:00;6059
2023-06-30 07:00:00+02:00;11931
2023-06-30 08:00:00+02:00;15517
2023-06-30 09:00:00+02:00;14820
2023-06-30 10:00:00+02:00;11738
2023-06-30 11:00:00+02:00;11291
2023-06-30 12:00:00+02:00;10561
2023-06-30 13:00:00+02:00;10287
2023-06-30 14:00:00+02:00;9945
2023-06-30 15:00:00+02:00;8384
2023-06-30 16:00:00+02:00;8124
2023-06-30 17:00:00+02:00;7430
2023-06-30 18:00:00+02:00;7860
2023-06-30 19:00:00+02:00;8739
2023-06-30 20:00:00+02:00;8733
2023-06-30 21:00:00+02:00;9390
2023-06-30 22:00:00+02:00;9875
2023-06-30 23:00:00+02:00;8818
2023-07-01 00:00:00+02:00;6657
2023-07-01 01:00:00+02:00;4189
2023-07-01 02:00:00+02:00;2685
2023-07-01 03:00:00+02:00;3106
2023-07-01 04:00:00+02:00;3027
2023-07-01 05:00:00+02:00;3395
2023-07-01 06:00:00+02:00;5499
2023-07-01 07:00:00+02:00;10995
2023-07-01 08:00:00+02:00;14190
2023-07-01 09:00:00+02:00;13500
2023-07-01 10:00:00+02:00;10621
2023-07-01 11:00:00+02:00;10201
2023-07-01 12:00:00+02:00;9550
2023-07-01 13:00:00+02:00;9326
2023-07-01 14:00:00+02:00;9013
2023-07-01 15:00:00+02:00;7542
2023-07-01 16:00:00+02:00;7261
2023-07-01 17:00:00+02:00;6638
2023-07-01 18:00:00+02:00;6987
2023-07-01 19:00:00+02:00;7821
2023-07-01 20:00:00+02:00;7822
2023-07-01 21:00:00+02:00;8407
2023-07-01 22:00:00+02:00;8832
2023-07-01 23:00:00+02:00;7893
2023-07-02 00:00:00+02:00;5963
2023-07-02 01:00:00+02:00;3712
2023-07-02 02:00:00+02:00;2746
2023-07-02 03:00:00+02:00;3177
2023-07-02 04:00:00+02:00;3099
2023-07-02 05:00:00+02:00;3483
2023-07-02 06:00:00+02:00;5628
2023-07-02 07:00:00+02:00;11187
2023-07-02 08:00:00+02:00;14439
2023-07-02 09:00:00+02:00;13751
2023-07-02 10:00:00+02:00;10826
2023-07-02 11:00:00+02:00;10398
2023-07-02 12:00:00+02:00;9723
2023-07-02 13:00:00+02:00;9485
2023-07-02 14:00:00+02:00;9169
2023-07-02 15:00:00+02:00;7675
2023-07-02 16:00:00+02:00;7387
2023-07-02 17:00:00+02:00;6756
2023-07-02 18:00:00+02:00;7113
2023-07-02 19:00:00+02:00;7950
2023-07-02 20:00:00+02:00;7969
2023-07-02 21:00:00+02:00;8563
2023-07-02 22:00:00+02:00;8991
2023-07-02 23:00:00+02:00;8044
2023-07-03 00:00:00+02:00;6080
2023-07-03 01:00:00+02:00;3791
2023-07-03 02:00:00+02:00;2740
2023-07-03 03:00:00+02:00;3077
2023-07-03 04:00:00+02:00;2992
2023-07-03 05:00:00+02:00;3323
2023-07-03 06:00:00+02:00;5337
2023-07-03 07:00:00+02:00;10683
2023-07-03 08:00:00+02:00;13720
2023-07-03 09:00:00+02:00;13322
2023-07-03 10:00:00+02:00;10586
2023-07-03 11:00:00+02:00;10151
2023-07-03 12:00:00+02:00;9391
2023-07-03 13:00:00+02:00;9121
2023-07-03 14:00:00+02:00;8817
2023-07-03 15:00:00+02:00;7484
2023-07-03 16:00:00+02:00;7073
2023-07-03 17:00:00+02:00;6499
2023-07-03 18:00:00+02:00;6807
2023-07-03 19:00:00+02:00;7706
2023-07-03 20:00:00+02:00;7781
2023-07-03 21:00:00+02:00;8429
2023-07-03 22:00:00+02:00;8755
2023-07-03 23:00:00+02:00;7908
2023-07-04 00:00:00+02:00;5891
2023-07-04 01:00:00+02:00;3653
2023-07-04 02:00:00+02:00;2970
2023-07-04 03:00:00+02:00;3098
2023-07-04 04:00:00+02:00;2787
2023-07-04 05:00:00+02:00;3262
2023-07-04 06:00:00+02:00;5164
2023-07-04 07:00:00+02:00;9696
2023-07-04 08:00:00+02:00;13430
2023-07-04 09:00:00+02:00;12959
2023-07-04 10:00:00+02:00;10430
2023-07-04 11:00:00+02:00;9798
2023-07-04 12:00:00+02:00;9360
2023-07-04 13:00:00+02:00;8673
2023-07-04 14:00:00+02:00;8515
2023-07-04 15:00:00+02:00;7261
2023-07-04 16:00:00+02:00;7458
2023-07-04 17:00:00+02:00;6747
2023-07-04 18:00:00+02:00;7113
2023-07-04 19:00:00+02:00;7660
2023-07-04 20:00:00+02:00;7592
2023-07-04 21:00:00+02:00;8085
2023-07-04 22:00:00+02:00;8363
2023-07-04 23:00:00+02:00;7746
2023-07-05 00:00:00+02:00;5728
2023-07-05 01:00:00+02:00;3555
2023-07-05 02:00:00+02:00;3131
2023-07-05 03:00:00+02:00;3531
2023-07-05 04:00:00+02:00;3704
2023-07-05 05:00:00+02:00;4651
2023-07-05 06:00:00+02:00;7039
2023-07-05 07:00:00+02:00;12028
2023-07-05 08:00:00+02:00;13911
2023-07-05 09:00:00+02:00;13612
2023-07-05 10:00:00+02:00;10666
2023-07-05 11:00:00+02:00;10258
2023-07-05 12:00:00+02:00;9504
2023-07-05 13:00:00+02:00;9218
2023-07-05 14:00:00+02:00;8990
2023-07-05 15:00:00+02:00;7810
2023-07-05 16:00:00+02:00;7574
2023-07-05 17:00:00+02:00;7050
2023-07-05 18:00:00+02:00;7510
2023-07-05 19:00:00+02:00;8424
2023-07-05 20:00:00+02:00;8506
2023-07-05 21:00:00+02:00;8973
2023-07-05 22:00:00+02:00;9465
2023-07-05 23:00:00+02:00;8832
2023-07-06 00:00:00+02:00;6545
2023-07-06 01:00:00+02:00;4231
2023-07-06 02:00:00+02:00;3202
2023-07-06 03:00:00+02:00;3598
2023-07-06 04:00:00+02:00;3468
2023-07-06 05:00:00+02:00;3976
2023-07-06 06:00:00+02:00;6277
2023-07-06 07:00:00+02:00;12076
2023-07-06 08:00:00+02:00;15473
2023-07-06 09:00:00+02:00;14828
2023-07-06 10:00:00+02:00;11657
2023-07-06 11:00:00+02:00;11227
2023-07-06 12:00:00+02:00;10393
2023-07-06 13:00:00+02:00;10057
2023-07-06 14:00:00+02:00;9740
2023-07-06 15:00:00+02:00;8291
2023-07-06 16:00:00+02:00;8103
2023-07-06 17:00:00+02:00;7408
2023-07-06 18:00:00+02:00;7859
2023-07-06 19:00:00+02:00;8714
2023-07-06 20:00:00+02:00;8798
2023-07-06 21:00:00+02:00;9468
2023-07-06 22:00:00+02:00;9966
2023-07-06 23:00:00+02:00;8947
2023-07-07 00:00:00+02:00;6801
2023-07-07 01:00:00+02:00;4316
2023-07-07 02:00:00+02:00;3254
2023-07-07 03:00:00+02:00;3700
2023-07-07 04:00:00+02:00;3620
2023-07-07 05:00:00+02:00;4196
2023-07-07 06:00:00+02:00;6590
2023-07-07 07:00:00+02:00;12466
2023-07-07 08:00:00+02:00;16107
2023-07-07 09:00:00+02:00;15421
2023-07-07 10:00:00+02:00;12409
2023-07-07 11:00:00+02:00;11914
2023-07-07 12:00:00+02:00;10996
2023-07-07 13:00:00+02:00;10580
2023-07-07 14:00:00+02:00;10234
2023-07-07 15:00:00+02:00;8747
2023-07-07 16:00:00+02:00;8445
2023-07-07 17:00:00+02:00;7758
2023-07-07 18:00:00+02:00;8196
2023-07-07 19:00:00+02:00;9014
2023-07-07 20:00:00+02:00;9144
2023-07-07 21:00:00+02:00;9851
2023-07-07 22:00:00+02:00;10300
2023-07-07 23:00:00+02:00;9272
2023-07-08 00:00:00+02:00;7046
2023-07-08 01:00:00+02:00;4448
2023-07-08 02:00:00+02:00;4082
2023-07-08 03:00:00+02:00;4545
2023-07-08 04:00:00+02:00;4473
2023-07-08 05:00:00+02:00;5363
2023-07-08 06:00:00+02:00;8191
2023-07-08 07:00:00+02:00;14640
2023-07-08 08:00:00+02:00;18835
2023-07-08 09:00:00+02:00;18110
2023-07-08 10:00:00+02:00;14971
2023-07-08 11:00:00+02:00;14357
2023-07-08 12:00:00+02:00;13028
2023-07-08 13:00:00+02:00;12321
2023-07-08 14:00:00+02:00;11923
2023-07-08 15:00:00+02:00;10460
2023-07-08 16:00:00+02:00;10106
2023-07-08 17:00:00+02:00;9355
2023-07-08 18:00:00+02:00;9889
2023-07-08 19:00:00+02:00;10686
2023-07-08 20:00:00+02:00;11020
2023-07-08 21:00:00+02:00;11922
2023-07-08 22:00:00+02:00;12378
2023-07-08 23:00:00+02:00;11242
2023-07-09 00:00:00+02:00;8609
2023-07-09 01:00:00+02:00;5494
2023-07-09 02:00:00+02:00;4696
2023-07-09 03:00:00+02:00;5196
2023-07-09 04:00:00+02:00;5135
2023-07-09 05:00:00+02:00;6221
2023-07-09 06:00:00+02:00;9396
2023-07-09 07:00:00+02:00;16306
2023-07-09 08:00:00+02:00;20998
2023-07-09 09:00:00+02:00;20247
2023-07-09 10:00:00+02:00;16902
2023-07-09 11:00:00+02:00;16210
2023-07-09 12:00:00+02:00;14610
2023-07-09 13:00:00+02:00;13703
2023-07-09 14:00:00+02:00;13256
2023-07-09 15:00:00+02:00;11748
2023-07-09 16:00:00+02:00;11356
2023-07-09 17:00:00+02:00;10539
2023-07-09 18:00:00+02:00;11162
2023-07-09 19:00:00+02:00;11944
2023-07-09 20:00:00+02:00;12421
2023-07-09 21:00:00+02:00;13455
2023-07-09 22:00:00+02:00;13941
2023-07-09 23:00:00+02:00;12701
2023-07-10 00:00:00+02:00;9768
2023-07-10 01:00:00+02:00;6270
2023-07-10 02:00:00+02:00;4134
2023-07-10 03:00:00+02:00;4577
2023-07-10 04:00:00+02:00;4476
2023-07-10 05:00:00+02:00;5394
2023-07-10 06:00:00+02:00;8285
2023-07-10 07:00:00+02:00;14619
2023-07-10 08:00:00+02:00;18711
2023-07-10 09:00:00+02:00;18381
2023-07-10 10:00:00+02:00;15342
2023-07-10 11:00:00+02:00;14654
2023-07-10 12:00:00+02:00;13250
2023-07-10 13:00:00+02:00;12373
2023-07-10 14:00:00+02:00;11927
2023-07-10 15:00:00+02:00;10595
2023-07-10 16:00:00+02:00;10145
2023-07-10 17:00:00+02:00;9521
2023-07-10 18:00:00+02:00;10001
2023-07-10 19:00:00+02:00;10766
2023-07-10 20:00:00+02:00;11291
2023-07-10 21:00:00+02:00;12196
2023-07-10 22:00:00+02:00;12549
2023-07-10 23:00:00+02:00;11464
2023-07-11 00:00:00+02:00;8747
2023-07-11 01:00:00+02:00;5557
2023-07-11 02:00:00+02:00;3745
2023-07-11 03:00:00+02:00;3979
2023-07-11 04:00:00+02:00;4080
2023-07-11 05:00:00+02:00;4612
2023-07-11 06:00:00+02:00;7233
2023-07-11 07:00:00+02:00;13093
2023-07-11 08:00:00+02:00;17125
2023-07-11 09:00:00+02:00;16471
2023-07-11 10:00:00+02:00;14148
2023-07-11 11:00:00+02:00;13415
2023-07-11 12:00:00+02:00;12132
2023-07-11 13:00:00+02:00;11477
2023-07-11 14:00:00+02:00;11164
2023-07-11 15:00:00+02:00;9892
2023-07-11 16:00:00+02:00;9276
2023-07-11 17:00:00+02:00;8630
2023-07-11 18:00:00+02:00;9362
2023-07-11 19:00:00+02:00;10284
2023-07-11 20:00:00+02:00;10232
2023-07-11 21:00:00+02:00;11143
2023-07-11 22:00:00+02:00;11426
2023-07-11 23:00:00+02:00;10487
2023-07-12 00:00:00+02:00;7937
2023-07-12 01:00:00+02:00;5129
2023-07-12 02:00:00+02:00;4137
2023-07-12 03:00:00+02:00;4481
2023-07-12 04:00:00+02:00;4803
2023-07-12 05:00:00+02:00;5679
2023-07-12 06:00:00+02:00;8854
2023-07-12 07:00:00+02:00;15517
2023-07-12 08:00:00+02:00;17589
2023-07-12 09:00:00+02:00;16886
2023-07-12 10:00:00+02:00;13677
2023-07-12 11:00:00+02:00;13308
2023-07-12 12:00:00+02:00;12069
2023-07-12 13:00:00+02:00;11549
2023-07-12 14:00:00+02:00;11092
2023-07-12 15:00:00+02:00;9950
2023-07-12 16:00:00+02:00;9663
2023-07-12 17:00:00+02:00;9074
2023-07-12 18:00:00+02:00;9669
2023-07-12 19:00:00+02:00;10668
2023-07-12 20:00:00+02:00;10877
2023-07-12 21:00:00+02:00;11494
2023-07-12 22:00:00+02:00;12239
2023-07-12 23:00:00+02:00;11374
2023-07-13 00:00:00+02:00;8563
2023-07-13 01:00:00+02:00;5572
2023-07-13 02:00:00+02:00;4039
2023-07-13 03:00:00+02:00;4427
2023-07-13 04:00:00+02:00;4268
2023-07-13 05:00:00+02:00;5052
2023-07-13 06:00:00+02:00;7797
2023-07-13 07:00:00+02:00;14234
2023-07-13 08:00:00+02:00;18214
2023-07-13 09:00:00+02:00;17535
2023-07-13 10:00:00+02:00;14159
2023-07-13 11:00:00+02:00;13637
2023-07-13 12:00:00+02:00;12436
2023-07-13 13:00:00+02:00;11859
2023-07-13 14:00:00+02:00;11467
2023-07-13 15:00:00+02:00;9991
2023-07-13 16:00:00+02:00;9787
2023-07-13 17:00:00+02:00;8958
2023-07-13 18:00:00+02:00;9518
2023-07-13 19:00:00+02:00;10403
2023-07-13 20:00:00+02:00;10672
2023-07-13 21:00:00+02:00;11508
2023-07-13 22:00:00+02:00;12026
2023-07-13 23:00:00+02:00;10874
2023-07-14 00:00:00+02:00;8308
2023-07-14 01:00:00+02:00;5350
2023-07-14 02:00:00+02:00;3734
2023-07-14 03:00:00+02:00;4205
2023-07-14 04:00:00+02:00;4116
2023-07-14 05:00:00+02:00;4847
2023-07-14 06:00:00+02:00;7498
2023-07-14 07:00:00+02:00;13852
2023-07-14 08:00:00+02:00;17891
2023-07-14 09:00:00+02:00;17182
2023-07-14 10:00:00+02:00;13994
2023-07-14 11:00:00+02:00;13437
2023-07-14 12:00:00+02:00;12321
2023-07-14 13:00:00+02:00;11768
2023-07-14 14:00:00+02:00;11389
2023-07-14 15:00:00+02:00;9853
2023-07-14 16:00:00+02:00;9538
2023-07-14 17:00:00+02:00;8780
2023-07-14 18:00:00+02:00;9303
2023-07-14 19:00:00+02:00;10142
2023-07-14 20:00:00+02:00;10342
2023-07-14 21:00:00+02:00;11155
2023-07-14 22:00:00+02:00;11643
2023-07-14 23:00:00+02:00;10510
2023-07-15 00:00:00+02:00;8002
2023-07-15 01:00:00+02:00;5088
2023-07-15 02:00:00+02:00;3351
2023-07-15 03:00:00+02:00;3811
2023-07-15 04:00:00+02:00;3710
2023-07-15 05:00:00+02:00;4284
2023-07-15 06:00:00+02:00;6742
2023-07-15 07:00:00+02:00;12871
2023-07-15 08:00:00+02:00;16725
2023-07-15 09:00:00+02:00;16005
2023-07-15 10:00:00+02:00;12859
2023-07-15 11:00:00+02:00;12353
2023-07-15 12:00:00+02:00;11445
2023-07-15 13:00:00+02:00;11050
2023-07-15 14:00:00+02:00;10687
2023-07-15 15:00:00+02:00;9129
2023-07-15 16:00:00+02:00;8837
2023-07-15 17:00:00+02:00;8113
2023-07-15 18:00:00+02:00;8575
2023-07-15 19:00:00+02:00;9459
2023-07-15 20:00:00+02:00;9531
2023-07-15 21:00:00+02:00;10272
2023-07-15 22:00:00+02:00;10758
2023-07-15 23:00:00+02:00;9654
2023-07-16 00:00:00+02:00;7320
2023-07-16 01:00:00+02:00;4622
2023-07-16 02:00:00+02:00;2894
2023-07-16 03:00:00+02:00;3332
2023-07-16 04:00:00+02:00;3236
2023-07-16 05:00:00+02:00;3659
2023-07-16 06:00:00+02:00;5856
2023-07-16 07:00:00+02:00;11585
2023-07-16 08:00:00+02:00;14990
2023-07-16 09:00:00+02:00;14302
2023-07-16 10:00:00+02:00;11317
2023-07-16 11:00:00+02:00;10882
2023-07-16 12:00:00+02:00;10174
2023-07-16 13:00:00+02:00;9910
2023-07-16 14:00:00+02:00;9580
2023-07-16 15:00:00+02:00;8067
2023-07-16 16:00:00+02:00;7805
2023-07-16 17:00:00+02:00;7138
2023-07-16 18:00:00+02:00;7543
2023-07-16 19:00:00+02:00;8392
2023-07-16 20:00:00+02:00;8396
2023-07-16 21:00:00+02:00;9027
2023-07-16 22:00:00+02:00;9490
2023-07-16 23:00:00+02:00;8480
2023-07-17 00:00:00+02:00;6405
2023-07-17 01:00:00+02:00;4024
2023-07-17 02:00:00+02:00;2916
2023-07-17 03:00:00+02:00;3284
2023-07-17 04:00:00+02:00;3186
2023-07-17 05:00:00+02:00;3575
2023-07-17 06:00:00+02:00;5725
2023-07-17 07:00:00+02:00;11322
2023-07-17 08:00:00+02:00;14585
2023-07-17 09:00:00+02:00;14193
2023-07-17 10:00:00+02:00;11319
2023-07-17 11:00:00+02:00;10865
2023-07-17 12:00:00+02:00;10078
2023-07-17 13:00:00+02:00;9752
2023-07-17 14:00:00+02:00;9413
2023-07-17 15:00:00+02:00;8021
2023-07-17 16:00:00+02:00;7634
2023-07-17 17:00:00+02:00;7039
2023-07-17 18:00:00+02:00;7390
2023-07-17 19:00:00+02:00;8295
2023-07-17 20:00:00+02:00;8378
2023-07-17 21:00:00+02:00;9055
2023-07-17 22:00:00+02:00;9422
2023-07-17 23:00:00+02:00;8489
2023-07-18 00:00:00+02:00;6342
2023-07-18 01:00:00+02:00;3958
2023-07-18 02:00:00+02:00;3244
2023-07-18 03:00:00+02:00;3416
2023-07-18 04:00:00+02:00;3323
2023-07-18 05:00:00+02:00;3722
2023-07-18 06:00:00+02:00;5885
2023-07-18 07:00:00+02:00;10978
2023-07-18 08:00:00+02:00;14930
2023-07-18 09:00:00+02:00;14383
2023-07-18 10:00:00+02:00;12019
2023-07-18 11:00:00+02:00;11285
2023-07-18 12:00:00+02:00;10472
2023-07-18 13:00:00+02:00;9808
2023-07-18 14:00:00+02:00;9661
2023-07-18 15:00:00+02:00;8451
2023-07-18 16:00:00+02:00;8212
2023-07-18 17:00:00+02:00;7492
2023-07-18 18:00:00+02:00;8056
2023-07-18 19:00:00+02:00;8856
2023-07-18 20:00:00+02:00;8677
2023-07-18 21:00:00+02:00;9388
2023-07-18 22:00:00+02:00;9690
2023-07-18 23:00:00+02:00;8902
2023-07-19 00:00:00+02:00;6622
2023-07-19 01:00:00+02:00;4206
2023-07-19 02:00:00+02:00;3409
2023-07-19 03:00:00+02:00;3796
2023-07-19 04:00:00+02:00;3995
2023-07-19 05:00:00+02:00;4898
2023-07-19 06:00:00+02:00;7504
2023-07-19 07:00:00+02:00;12981
2023-07-19 08:00:00+02:00;15071
2023-07-19 09:00:00+02:00;14693
2023-07-19 10:00:00+02:00;11599
2023-07-19 11:00:00+02:00;11195
2023-07-19 12:00:00+02:00;10317
2023-07-19 13:00:00+02:00;10006
2023-07-19 14:00:00+02:00;9736
2023-07-19 15:00:00+02:00;8511
2023-07-19 16:00:00+02:00;8259
2023-07-19 17:00:00+02:00;7715
2023-07-19 18:00:00+02:00;8208
2023-07-19 19:00:00+02:00;9197
2023-07-19 20:00:00+02:00;9271
2023-07-19 21:00:00+02:00;9767
2023-07-19 22:00:00+02:00;10336
2023-07-19 23:00:00+02:00;9620
2023-07-20 00:00:00+02:00;7147
2023-07-20 01:00:00+02:00;4621
2023-07-20 02:00:00+02:00;3338
2023-07-20 03:00:00+02:00;3741
2023-07-20 04:00:00+02:00;3590
2023-07-20 05:00:00+02:00;4117
2023-07-20 06:00:00+02:00;6502
2023-07-20 07:00:00+02:00;12504
2023-07-20 08:00:00+02:00;16083
2023-07-20 09:00:00+02:00;15428
2023-07-20 10:00:00+02:00;12131
2023-07-20 11:00:00+02:00;11698
2023-07-20 12:00:00+02:00;10843
2023-07-20 13:00:00+02:00;10495
2023-07-20 14:00:00+02:00;10170
2023-07-20 15:00:00+02:00;8662
2023-07-20 16:00:00+02:00;8479
2023-07-20 17:00:00+02:00;7742
2023-07-20 18:00:00+02:00;8219
2023-07-20 19:00:00+02:00;9121
2023-07-20 20:00:00+02:00;9191
2023-07-20 21:00:00+02:00;9885
2023-07-20 22:00:00+02:00;10411
2023-07-20 23:00:00+02:00;9335
2023-07-21 00:00:00+02:00;7089
2023-07-21 01:00:00+02:00;4508
2023-07-21 02:00:00+02:00;3058
2023-07-21 03:00:00+02:00;3508
2023-07-21 04:00:00+02:00;3414
2023-07-21 05:00:00+02:00;3889
2023-07-21 06:00:00+02:00;6190
2023-07-21 07:00:00+02:00;12053
2023-07-21 08:00:00+02:00;15631
2023-07-21 09:00:00+02:00;14938
2023-07-21 10:00:00+02:00;11877
2023-07-21 11:00:00+02:00;11416
2023-07-21 12:00:00+02:00;10633
2023-07-21 13:00:00+02:00;10321
2023-07-21 14:00:00+02:00;9980
2023-07-21 15:00:00+02:00;8438
2023-07-21 16:00:00+02:00;8158
2023-07-21 17:00:00+02:00;7470
2023-07-21 18:00:00+02:00;7894
2023-07-21 19:00:00+02:00;8756
2023-07-21 20:00:00+02:00;8794
2023-07-21 21:00:00+02:00;9460
2023-07-21 22:00:00+02:00;9929
2023-07-21 23:00:00+02:00;8891
2023-07-22 00:00:00+02:00;6727
2023-07-22 01:00:00+02:00;4230
2023-07-22 02:00:00+02:00;3215
2023-07-22 03:00:00+02:00;3660
2023-07-22 04:00:00+02:00;3568
2023-07-22 05:00:00+02:00;4114
2023-07-22 06:00:00+02:00;6487
2023-07-22 07:00:00+02:00;12438
2023-07-22 08:00:00+02:00;16100
2023-07-22 09:00:00+02:00;15397
2023-07-22 10:00:00+02:00;12356
2023-07-22 11:00:00+02:00;11866
2023-07-22 12:00:00+02:00;10993
2023-07-22 13:00:00+02:00;10617
2023-07-22 14:00:00+02:00;10267
2023-07-22 15:00:00+02:00;8758
2023-07-22 16:00:00+02:00;8466
2023-07-22 17:00:00+02:00;7773
2023-07-22 18:00:00+02:00;8210
2023-07-22 19:00:00+02:00;9064
2023-07-22 20:00:00+02:00;9141
2023-07-22 21:00:00+02:00;9849
2023-07-22 22:00:00+02:00;10310
2023-07-22 23:00:00+02:00;9257
2023-07-23 00:00:00+02:00;7018
2023-07-23 01:00:00+02:00;4423
2023-07-23 02:00:00+02:00;3531
2023-07-23 03:00:00+02:00;3999
2023-07-23 04:00:00+02:00;3906
2023-07-23 05:00:00+02:00;4547
2023-07-23 06:00:00+02:00;7098
2023-07-23 07:00:00+02:00;13312
2023-07-23 08:00:00+02:00;17260
2023-07-23 09:00:00+02:00;16548
2023-07-23 10:00:00+02:00;13370
2023-07-23 11:00:00+02:00;12844
2023-07-23 12:00:00+02:00;11844
2023-07-23 13:00:00+02:00;11378
2023-07-23 14:00:00+02:00;11005
2023-07-23 15:00:00+02:00;9449
2023-07-23 16:00:00+02:00;9147
2023-07-23 17:00:00+02:00;8408
2023-07-23 18:00:00+02:00;8901
2023-07-23 19:00:00+02:00;9758
2023-07-23 20:00:00+02:00;9898
2023-07-23 21:00:00+02:00;10668
2023-07-23 22:00:00+02:00;11156
2023-07-23 23:00:00+02:00;10041
2023-07-24 00:00:00+02:00;7630
2023-07-24 01:00:00+02:00;4837
2023-07-24 02:00:00+02:00;3573
2023-07-24 03:00:00+02:00;3995
2023-07-24 04:00:00+02:00;3888
2023-07-24 05:00:00+02:00;4518
2023-07-24 06:00:00+02:00;7092
2023-07-24 07:00:00+02:00;13269
2023-07-24 08:00:00+02:00;17092
2023-07-24 09:00:00+02:00;16711
2023-07-24 10:00:00+02:00;13607
2023-07-24 11:00:00+02:00;13036
2023-07-24 12:00:00+02:00;11965
2023-07-24 13:00:00+02:00;11393
2023-07-24 14:00:00+02:00;10986
2023-07-24 15:00:00+02:00;9540
2023-07-24 16:00:00+02:00;9119
2023-07-24 17:00:00+02:00;8482
2023-07-24 18:00:00+02:00;8912
2023-07-24 19:00:00+02:00;9803
2023-07-24 20:00:00+02:00;10065
2023-07-24 21:00:00+02:00;10870
2023-07-24 22:00:00+02:00;11259
2023-07-24 23:00:00+02:00;10200
2023-07-25 00:00:00+02:00;7696
2023-07-25 01:00:00+02:00;4848
2023-07-25 02:00:00+02:00;4318
2023-07-25 03:00:00+02:00;4539
2023-07-25 04:00:00+02:00;4741
2023-07-25 05:00:00+02:00;5462
2023-07-25 06:00:00+02:00;8509
2023-07-25 07:00:00+02:00;15048
2023-07-25 08:00:00+02:00;19148
2023-07-25 09:00:00+02:00;18354
2023-07-25 10:00:00+02:00;15942
2023-07-25 11:00:00+02:00;15239
2023-07-25 12:00:00+02:00;13607
2023-07-25 13:00:00+02:00;12916
2023-07-25 14:00:00+02:00;12418
2023-07-25 15:00:00+02:00;11059
2023-07-25 16:00:00+02:00;10313
2023-07-25 17:00:00+02:00;9709
2023-07-25 18:00:00+02:00;10496
2023-07-25 19:00:00+02:00;11429
2023-07-25 20:00:00+02:00;11580
2023-07-25 21:00:00+02:00;12631
2023-07-25 22:00:00+02:00;12886
2023-07-25 23:00:00+02:00;11852
2023-07-26 00:00:00+02:00;9096
2023-07-26 01:00:00+02:00;5926
2023-07-26 02:00:00+02:00;5921
2023-07-26 03:00:00+02:00;6348
2023-07-26 04:00:00+02:00;6832
2023-07-26 05:00:00+02:00;7998
2023-07-26 06:00:00+02:00;12506
2023-07-26 07:00:00+02:00;21509
2023-07-26 08:00:00+02:00;23770
2023-07-26 09:00:00+02:00;22749
2023-07-26 10:00:00+02:00;18785
2023-07-26 11:00:00+02:00;18249
2023-07-26 12:00:00+02:00;16443
2023-07-26 13:00:00+02:00;15557
2023-07-26 14:00:00+02:00;14822
2023-07-26 15:00:00+02:00;13551
2023-07-26 16:00:00+02:00;13175
2023-07-26 17:00:00+02:00;12494
2023-07-26 18:00:00+02:00;13287
2023-07-26 19:00:00+02:00;14432
2023-07-26 20:00:00+02:00;14940
2023-07-26 21:00:00+02:00;15890
2023-07-26 22:00:00+02:00;16824
2023-07-26 23:00:00+02:00;15645
2023-07-27 00:00:00+02:00;11928
2023-07-27 01:00:00+02:00;7832
2023-07-27 02:00:00+02:00;5551
2023-07-27 03:00:00+02:00;5969
2023-07-27 04:00:00+02:00;5821
2023-07-27 05:00:00+02:00;7067
2023-07-27 06:00:00+02:00;10654
2023-07-27 07:00:00+02:00;18182
2023-07-27 08:00:00+02:00;23185
2023-07-27 09:00:00+02:00;22391
2023-07-27 10:00:00+02:00;18605
2023-07-27 11:00:00+02:00;17884
2023-07-27 12:00:00+02:00;16028
2023-07-27 13:00:00+02:00;15025
2023-07-27 14:00:00+02:00;14462
2023-07-27 15:00:00+02:00;12940
2023-07-27 16:00:00+02:00;12657
2023-07-27 17:00:00+02:00;11683
2023-07-27 18:00:00+02:00;12383
2023-07-27 19:00:00+02:00;13278
2023-07-27 20:00:00+02:00;13932
2023-07-27 21:00:00+02:00;15100
2023-07-27 22:00:00+02:00;15632
2023-07-27 23:00:00+02:00;14271
2023-07-28 00:00:00+02:00;11024
2023-07-28 01:00:00+02:00;7190
2023-07-28 02:00:00+02:00;6241
2023-07-28 03:00:00+02:00;6836
2023-07-28 04:00:00+02:00;6834
2023-07-28 05:00:00+02:00;8244
2023-07-28 06:00:00+02:00;12242
2023-07-28 07:00:00+02:00;20640
2023-07-28 08:00:00+02:00;26400
2023-07-28 09:00:00+02:00;25519
2023-07-28 10:00:00+02:00;21592
2023-07-28 11:00:00+02:00;20630
2023-07-28 12:00:00+02:00;18531
2023-07-28 13:00:00+02:00;17276
2023-07-28 14:00:00+02:00;16647
2023-07-28 15:00:00+02:00;14982
2023-07-28 16:00:00+02:00;14472
2023-07-28 17:00:00+02:00;13602
2023-07-28 18:00:00+02:00;14354
2023-07-28 19:00:00+02:00;15244
2023-07-28 20:00:00+02:00;15976
2023-07-28 21:00:00+02:00;17322
2023-07-28 22:00:00+02:00;17812
2023-07-28 23:00:00+02:00;16301
2023-07-29 00:00:00+02:00;12571
2023-07-29 01:00:00+02:00;8133
2023-07-29 02:00:00+02:00;6927
2023-07-29 03:00:00+02:00;7529
2023-07-29 04:00:00+02:00;7583
2023-07-29 05:00:00+02:00;9105
2023-07-29 06:00:00+02:00;13334
2023-07-29 07:00:00+02:00;22133
2023-07-29 08:00:00+02:00;28227
2023-07-29 09:00:00+02:00;27326
2023-07-29 10:00:00+02:00;23366
2023-07-29 11:00:00+02:00;22220
2023-07-29 12:00:00+02:00;19946
2023-07-29 13:00:00+02:00;18559
2023-07-29 14:00:00+02:00;17842
2023-07-29 15:00:00+02:00;16235
2023-07-29 16:00:00+02:00;15684
2023-07-29 17:00:00+02:00;14895
2023-07-29 18:00:00+02:00;15666
2023-07-29 19:00:00+02:00;16612
2023-07-29 20:00:00+02:00;17452
2023-07-29 21:00:00+02:00;18902
2023-07-29 22:00:00+02:00;19304
2023-07-29 23:00:00+02:00;17729
2023-07-30 00:00:00+02:00;13639
2023-07-30 01:00:00+02:00;8864
2023-07-30 02:00:00+02:00;7682
2023-07-30 03:00:00+02:00;8286
2023-07-30 04:00:00+02:00;8422
2023-07-30 05:00:00+02:00;10032
2023-07-30 06:00:00+02:00;14431
2023-07-30 07:00:00+02:00;23441
2023-07-30 08:00:00+02:00;29856
2023-07-30 09:00:00+02:00;29013
2023-07-30 10:00:00+02:00;25109
2023-07-30 11:00:00+02:00;23764
2023-07-30 12:00:00+02:00;21328
2023-07-30 13:00:00+02:00;19781
2023-07-30 14:00:00+02:00;18964
2023-07-30 15:00:00+02:00;17484
2023-07-30 16:00:00+02:00;16915
2023-07-30 17:00:00+02:00;16226
2023-07-30 18:00:00+02:00;17071
2023-07-30 19:00:00+02:00;18014
2023-07-30 20:00:00+02:00;18968
2023-07-30 21:00:00+02:00;20481
2023-07-30 22:00:00+02:00;20796
2023-07-30 23:00:00+02:00;19160
2023-07-31 00:00:00+02:00;14689
2023-07-31 01:00:00+02:00;9631
2023-07-31 02:00:00+02:00;7266
2023-07-31 03:00:00+02:00;7897
2023-07-31 04:00:00+02:00;7865
2023-07-31 05:00:00+02:00;9425
2023-07-31 06:00:00+02:00;13798
2023-07-31 07:00:00+02:00;22560
2023-07-31 08:00:00+02:00;28746
2023-07-31 09:00:00+02:00;28295
2023-07-31 10:00:00+02:00;24486
2023-07-31 11:00:00+02:00;23141
2023-07-31 12:00:00+02:00;20773
2023-07-31 13:00:00+02:00;19111
2023-07-31 14:00:00+02:00;18406
2023-07-31 15:00:00+02:00;16888
2023-07-31 16:00:00+02:00;16232
2023-07-31 17:00:00+02:00;15633
2023-07-31 18:00:00+02:00;16357
2023-07-31 19:00:00+02:00;17266
2023-07-31 20:00:00+02:00;18376
2023-07-31 21:00:00+02:00;19855
2023-07-31 22:00:00+02:00;20075
2023-07-31 23:00:00+02:00;18540
2023-08-01 00:00:00+02:00;14234
2023-08-01 01:00:00+02:00;9240
2023-08-01 02:00:00+02:00;5839
2023-08-01 03:00:00+02:00;6041
2023-08-01 04:00:00+02:00;6423
2023-08-01 05:00:00+02:00;7438
2023-08-01 06:00:00+02:00;11384
2023-08-01 07:00:00+02:00;19502
2023-08-01 08:00:00+02:00;24192
2023-08-01 09:00:00+02:00;23198
2023-08-01 10:00:00+02:00;20453
2023-08-01 11:00:00+02:00;19588
2023-08-01 12:00:00+02:00;17342
2023-08-01 13:00:00+02:00;16466
2023-08-01 14:00:00+02:00;15691
2023-08-01 15:00:00+02:00;14117
2023-08-01 16:00:00+02:00;13136
2023-08-01 17:00:00+02:00;12564
2023-08-01 18:00:00+02:00;13486
2023-08-01 19:00:00+02:00;14569
2023-08-01 20:00:00+02:00;15040
2023-08-01 21:00:00+02:00;16408
2023-08-01 22:00:00+02:00;16615
2023-08-01 23:00:00+02:00;15332
2023-08-02 00:00:00+02:00;11898
2023-08-02 01:00:00+02:00;7866
2023-08-02 02:00:00+02:00;4537
2023-08-02 03:00:00+02:00;4866
2023-08-02 04:00:00+02:00;5234
2023-08-02 05:00:00+02:00;6118
2023-08-02 06:00:00+02:00;9558
2023-08-02 07:00:00+02:00;16802
2023-08-02 08:00:00+02:00;18948
2023-08-02 09:00:00+02:00;18125
2023-08-02 10:00:00+02:00;14826
2023-08-02 11:00:00+02:00;14443
2023-08-02 12:00:00+02:00;13041
2023-08-02 13:00:00+02:00;12440
2023-08-02 14:00:00+02:00;11905
2023-08-02 15:00:00+02:00;10773
2023-08-02 16:00:00+02:00;10474
2023-08-02 17:00:00+02:00;9873
2023-08-02 18:00:00+02:00;10517
2023-08-02 19:00:00+02:00;11550
2023-08-02 20:00:00+02:00;11811
2023-08-02 21:00:00+02:00;12485
2023-08-02 22:00:00+02:00;13301
2023-08-02 23:00:00+02:00;12345
2023-08-03 00:00:00+02:00;9329
2023-08-03 01:00:00+02:00;6088
2023-08-03 02:00:00+02:00;3526
2023-08-03 03:00:00+02:00;3922
2023-08-03 04:00:00+02:00;3749
2023-08-03 05:00:00+02:00;4317
2023-08-03 06:00:00+02:00;6782
2023-08-03 07:00:00+02:00;12937
2023-08-03 08:00:00+02:00;16677
2023-08-03 09:00:00+02:00;16031
2023-08-03 10:00:00+02:00;12667
2023-08-03 11:00:00+02:00;12229
2023-08-03 12:00:00+02:00;11331
2023-08-03 13:00:00+02:00;10943
2023-08-03 14:00:00+02:00;10608
2023-08-03 15:00:00+02:00;9079
2023-08-03 16:00:00+02:00;8908
2023-08-03 17:00:00+02:00;8131
2023-08-03 18:00:00+02:00;8637
2023-08-03 19:00:00+02:00;9574
2023-08-03 20:00:00+02:00;9647
2023-08-03 21:00:00+02:00;10371
2023-08-03 22:00:00+02:00;10912
2023-08-03 23:00:00+02:00;9784
2023-08-04 00:00:00+02:00;7428
2023-08-04 01:00:00+02:00;4750
2023-08-04 02:00:00+02:00;3581
2023-08-04 03:00:00+02:00;4054
2023-08-04 04:00:00+02:00;3955
2023-08-04 05:00:00+02:00;4602
2023-08-04 06:00:00+02:00;7173
2023-08-04 07:00:00+02:00;13474
2023-08-04 08:00:00+02:00;17494
2023-08-04 09:00:00+02:00;16780
2023-08-04 10:00:00+02:00;13561
2023-08-04 11:00:00+02:00;13030
2023-08-04 12:00:00+02:00;12027
2023-08-04 13:00:00+02:00;11560
2023-08-04 14:00:00+02:00;11181
2023-08-04 15:00:00+02:00;9606
2023-08-04 16:00:00+02:00;9312
2023-08-04 17:00:00+02:00;8560
2023-08-04 18:00:00+02:00;9071
2023-08-04 19:00:00+02:00;9943
2023-08-04 20:00:00+02:00;10069
2023-08-04 21:00:00+02:00;10850
2023-08-04 22:00:00+02:00;11351
2023-08-04 23:00:00+02:00;10208
2023-08-05 00:00:00+02:00;7747
2023-08-05 01:00:00+02:00;4917
2023-08-05 02:00:00+02:00;3372
2023-08-05 03:00:00+02:00;3826
2023-08-05 04:00:00+02:00;3728
2023-08-05 05:00:00+02:00;4321
2023-08-05 06:00:00+02:00;6777
2023-08-05 07:00:00+02:00;12882
2023-08-05 08:00:00+02:00;16700
2023-08-05 09:00:00+02:00;15987
2023-08-05 10:00:00+02:00;12883
2023-08-05 11:00:00+02:00;12373
2023-08-05 12:00:00+02:00;11442
2023-08-05 13:00:00+02:00;11027
2023-08-05 14:00:00+02:00;10665
2023-08-05 15:00:00+02:00;9136
2023-08-05 16:00:00+02:00;8845
2023-08-05 17:00:00+02:00;8128
2023-08-05 18:00:00+02:00;8593
2023-08-05 19:00:00+02:00;9460
2023-08-05 20:00:00+02:00;9550
2023-08-05 21:00:00+02:00;10295
2023-08-05 22:00:00+02:00;10772
2023-08-05 23:00:00+02:00;9677
2023-08-06 00:00:00+02:00;7340
2023-08-06 01:00:00+02:00;4640
2023-08-06 02:00:00+02:00;3236
2023-08-06 03:00:00+02:00;3686
2023-08-06 04:00:00+02:00;3594
2023-08-06 05:00:00+02:00;4145
2023-08-06 06:00:00+02:00;6528
2023-08-06 07:00:00+02:00;12471
2023-08-06 08:00:00+02:00;16147
2023-08-06 09:00:00+02:00;15456
2023-08-06 10:00:00+02:00;12397
2023-08-06 11:00:00+02:00;11914
2023-08-06 12:00:00+02:00;11035
2023-08-06 13:00:00+02:00;10649
2023-08-06 14:00:00+02:00;10299
2023-08-06 15:00:00+02:00;8783
2023-08-06 16:00:00+02:00;8498
2023-08-06 17:00:00+02:00;7798
2023-08-06 18:00:00+02:00;8249
2023-08-06 19:00:00+02:00;9090
2023-08-06 20:00:00+02:00;9179
2023-08-06 21:00:00+02:00;9886
2023-08-06 22:00:00+02:00;10356
2023-08-06 23:00:00+02:00;9298
2023-08-07 00:00:00+02:00;7052
2023-08-07 01:00:00+02:00;4454
2023-08-07 02:00:00+02:00;3242
2023-08-07 03:00:00+02:00;3632
2023-08-07 04:00:00+02:00;3532
2023-08-07 05:00:00+02:00;4053
2023-08-07 06:00:00+02:00;6409
2023-08-07 07:00:00+02:00;12233
2023-08-07 08:00:00+02:00;15750
2023-08-07 09:00:00+02:00;15368
2023-08-07 10:00:00+02:00;12419
2023-08-07 11:00:00+02:00;11905
2023-08-07 12:00:00+02:00;10958
2023-08-07 13:00:00+02:00;10496
2023-08-07 14:00:00+02:00;10127
2023-08-07 15:00:00+02:00;8733
2023-08-07 16:00:00+02:00;8325
2023-08-07 17:00:00+02:00;7716
2023-08-07 18:00:00+02:00;8102
2023-08-07 19:00:00+02:00;8983
2023-08-07 20:00:00+02:00;9175
2023-08-07 21:00:00+02:00;9916
2023-08-07 22:00:00+02:00;10284
2023-08-07 23:00:00+02:00;9304
2023-08-08 00:00:00+02:00;6995
2023-08-08 01:00:00+02:00;4388
2023-08-08 02:00:00+02:00;3476
2023-08-08 03:00:00+02:00;3693
2023-08-08 04:00:00+02:00;3685
2023-08-08 05:00:00+02:00;4147
2023-08-08 06:00:00+02:00;6529
2023-08-08 07:00:00+02:00;12005
2023-08-08 08:00:00+02:00;16022
2023-08-08 09:00:00+02:00;15440
2023-08-08 10:00:00+02:00;13077
2023-08-08 11:00:00+02:00;12336
2023-08-08 12:00:00+02:00;11311
2023-08-08 13:00:00+02:00;10644
2023-08-08 14:00:00+02:00;10422
2023-08-08 15:00:00+02:00;9169
2023-08-08 16:00:00+02:00;8741
2023-08-08 17:00:00+02:00;8054
2023-08-08 18:00:00+02:00;8713
2023-08-08 19:00:00+02:00;9573
2023-08-08 20:00:00+02:00;9449
2023-08-08 21:00:00+02:00;10253
2023-08-08 22:00:00+02:00;10550
2023-08-08 23:00:00+02:00;9688
2023-08-09 00:00:00+02:00;7265
2023-08-09 01:00:00+02:00;4650
2023-08-09 02:00:00+02:00;3914
2023-08-09 03:00:00+02:00;4269
2023-08-09 04:00:00+02:00;4544
2023-08-09 05:00:00+02:00;5397
2023-08-09 06:00:00+02:00;8369
2023-08-09 07:00:00+02:00;14693
2023-08-09 08:00:00+02:00;16880
2023-08-09 09:00:00+02:00;16298
2023-08-09 10:00:00+02:00;13098
2023-08-09 11:00:00+02:00;12708
2023-08-09 12:00:00+02:00;11586
2023-08-09 13:00:00+02:00;11156
2023-08-09 14:00:00+02:00;10768
2023-08-09 15:00:00+02:00;9574
2023-08-09 16:00:00+02:00;9302
2023-08-09 17:00:00+02:00;8731
2023-08-09 18:00:00+02:00;9295
2023-08-09 19:00:00+02:00;10321
2023-08-09 20:00:00+02:00;10462
2023-08-09 21:00:00+02:00;11031
2023-08-09 22:00:00+02:00;11721
2023-08-09 23:00:00+02:00;10884
2023-08-10 00:00:00+02:00;8149
2023-08-10 01:00:00+02:00;5289
2023-08-10 02:00:00+02:00;4028
2023-08-10 03:00:00+02:00;4420
2023-08-10 04:00:00+02:00;4253
2023-08-10 05:00:00+02:00;5012
2023-08-10 06:00:00+02:00;7744
2023-08-10 07:00:00+02:00;14254
2023-08-10 08:00:00+02:00;18252
2023-08-10 09:00:00+02:00;17574
2023-08-10 10:00:00+02:00;14154
2023-08-10 11:00:00+02:00;13638
2023-08-10 12:00:00+02:00;12475
2023-08-10 13:00:00+02:00;11921
2023-08-10 14:00:00+02:00;11532
2023-08-10 15:00:00+02:00;10030
2023-08-10 16:00:00+02:00;9834
2023-08-10 17:00:00+02:00;9001
2023-08-10 18:00:00+02:00;9564
2023-08-10 19:00:00+02:00;10482
2023-08-10 20:00:00+02:00;10713
2023-08-10 21:00:00+02:00;11540
2023-08-10 22:00:00+02:00;12068
2023-08-10 23:00:00+02:00;10894
2023-08-11 00:00:00+02:00;8305
2023-08-11 01:00:00+02:00;5347
2023-08-11 02:00:00+02:00;3512
2023-08-11 03:00:00+02:00;3984
2023-08-11 04:00:00+02:00;3882
2023-08-11 05:00:00+02:00;4501
2023-08-11 06:00:00+02:00;7035
2023-08-11 07:00:00+02:00;13288
2023-08-11 08:00:00+02:00;17273
2023-08-11 09:00:00+02:00;16563
2023-08-11 10:00:00+02:00;13352
2023-08-11 11:00:00+02:00;12831
2023-08-11 12:00:00+02:00;11866
2023-08-11 13:00:00+02:00;11426
2023-08-11 14:00:00+02:00;11050
2023-08-11 15:00:00+02:00;9472
2023-08-11 16:00:00+02:00;9185
2023-08-11 17:00:00+02:00;8437
2023-08-11 18:00:00+02:00;8942
2023-08-11 19:00:00+02:00;9819
2023-08-11 20:00:00+02:00;9923
2023-08-11 21:00:00+02:00;10689
2023-08-11 22:00:00+02:00;11191
2023-08-11 23:00:00+02:00;10053
2023-08-12 00:00:00+02:00;7623
2023-08-12 01:00:00+02:00;4834
2023-08-12 02:00:00+02:00;3023
2023-08-12 03:00:00+02:00;3462
2023-08-12 04:00:00+02:00;3359
2023-08-12 05:00:00+02:00;3818
2023-08-12 06:00:00+02:00;6069
2023-08-12 07:00:00+02:00;11917
2023-08-12 08:00:00+02:00;15451
2023-08-12 09:00:00+02:00;14752
2023-08-12 10:00:00+02:00;11743
2023-08-12 11:00:00+02:00;11288
2023-08-12 12:00:00+02:00;10539
2023-08-12 13:00:00+02:00;10246
2023-08-12 14:00:00+02:00;9904
2023-08-12 15:00:00+02:00;8392
2023-08-12 16:00:00+02:00;8131
2023-08-12 17:00:00+02:00;7451
2023-08-12 18:00:00+02:00;7873
2023-08-12 19:00:00+02:00;8740
2023-08-12 20:00:00+02:00;8736
2023-08-12 21:00:00+02:00;9406
2023-08-12 22:00:00+02:00;9879
2023-08-12 23:00:00+02:00;8827
2023-08-13 00:00:00+02:00;6673
2023-08-13 01:00:00+02:00;4203
2023-08-13 02:00:00+02:00;3094
2023-08-13 03:00:00+02:00;3548
2023-08-13 04:00:00+02:00;3440
2023-08-13 05:00:00+02:00;3909
2023-08-13 06:00:00+02:00;6206
2023-08-13 07:00:00+02:00;12146
2023-08-13 08:00:00+02:00;15788
2023-08-13 09:00:00+02:00;15093
2023-08-13 10:00:00+02:00;11999
2023-08-13 11:00:00+02:00;11543
2023-08-13 12:00:00+02:00;10781
2023-08-13 13:00:00+02:00;10482
2023-08-13 14:00:00+02:00;10133
2023-08-13 15:00:00+02:00;8575
2023-08-13 16:00:00+02:00;8320
2023-08-13 17:00:00+02:00;7617
2023-08-13 18:00:00+02:00;8066
2023-08-13 19:00:00+02:00;8942
2023-08-13 20:00:00+02:00;8945
2023-08-13 21:00:00+02:00;9622
2023-08-13 22:00:00+02:00;10114
2023-08-13 23:00:00+02:00;9037
2023-08-14 00:00:00+02:00;6826
2023-08-14 01:00:00+02:00;4308
2023-08-14 02:00:00+02:00;3705
2023-08-14 03:00:00+02:00;4145
2023-08-14 04:00:00+02:00;4033
2023-08-14 05:00:00+02:00;4694
2023-08-14 06:00:00+02:00;7347
2023-08-14 07:00:00+02:00;13701
2023-08-14 08:00:00+02:00;17647
2023-08-14 09:00:00+02:00;17264
2023-08-14 10:00:00+02:00;14085
2023-08-14 11:00:00+02:00;13490
2023-08-14 12:00:00+02:00;12396
2023-08-14 13:00:00+02:00;11793
2023-08-14 14:00:00+02:00;11368
2023-08-14 15:00:00+02:00;9890
2023-08-14 16:00:00+02:00;9477
2023-08-14 17:00:00+02:00;8831
2023-08-14 18:00:00+02:00;9286
2023-08-14 19:00:00+02:00;10189
2023-08-14 20:00:00+02:00;10458
2023-08-14 21:00:00+02:00;11281
2023-08-14 22:00:00+02:00;11684
2023-08-14 23:00:00+02:00;10579
2023-08-15 00:00:00+02:00;7983
2023-08-15 01:00:00+02:00;5042
2023-08-15 02:00:00+02:00;4837
2023-08-15 03:00:00+02:00;5039
2023-08-15 04:00:00+02:00;5396
2023-08-15 05:00:00+02:00;6234
2023-08-15 06:00:00+02:00;9605
2023-08-15 07:00:00+02:00;16623
2023-08-15 08:00:00+02:00;20715
2023-08-15 09:00:00+02:00;19826
2023-08-15 10:00:00+02:00;17491
2023-08-15 11:00:00+02:00;16776
2023-08-15 12:00:00+02:00;14800
2023-08-15 13:00:00+02:00;14115
2023-08-15 14:00:00+02:00;13470
2023-08-15 15:00:00+02:00;12098
2023-08-15 16:00:00+02:00;11157
2023-08-15 17:00:00+02:00;10634
2023-08-15 18:00:00+02:00;11486
2023-08-15 19:00:00+02:00;12483
2023-08-15 20:00:00+02:00;12793
2023-08-15 21:00:00+02:00;13969
2023-08-15 22:00:00+02:00;14174
2023-08-15 23:00:00+02:00;13044
2023-08-16 00:00:00+02:00;10098
2023-08-16 01:00:00+02:00;6662
2023-08-16 02:00:00+02:00;6292
2023-08-16 03:00:00+02:00;6699
2023-08-16 04:00:00+02:00;7195
2023-08-16 05:00:00+02:00;8324
2023-08-16 06:00:00+02:00;13000
2023-08-16 07:00:00+02:00;22207
2023-08-16 08:00:00+02:00;24411
2023-08-16 09:00:00+02:00;23312
2023-08-16 10:00:00+02:00;19501
2023-08-16 11:00:00+02:00;18897
2023-08-16 12:00:00+02:00;17005
2023-08-16 13:00:00+02:00;16055
2023-08-16 14:00:00+02:00;15258
2023-08-16 15:00:00+02:00;14083
2023-08-16 16:00:00+02:00;13736
2023-08-16 17:00:00+02:00;13103
2023-08-16 18:00:00+02:00;13930
2023-08-16 19:00:00+02:00;15057
2023-08-16 20:00:00+02:00;15632
2023-08-16 21:00:00+02:00;16607
2023-08-16 22:00:00+02:00;17531
2023-08-16 23:00:00+02:00;16279
2023-08-17 00:00:00+02:00;12453
2023-08-17 01:00:00+02:00;8238
2023-08-17 02:00:00+02:00;6943
2023-08-17 03:00:00+02:00;7412
2023-08-17 04:00:00+02:00;7333
2023-08-17 05:00:00+02:00;8879
2023-08-17 06:00:00+02:00;13048
2023-08-17 07:00:00+02:00;21472
2023-08-17 08:00:00+02:00;27290
2023-08-17 09:00:00+02:00;26447
2023-08-17 10:00:00+02:00;22400
2023-08-17 11:00:00+02:00;21421
2023-08-17 12:00:00+02:00;19153
2023-08-17 13:00:00+02:00;17836
2023-08-17 14:00:00+02:00;17115
2023-08-17 15:00:00+02:00;15597
2023-08-17 16:00:00+02:00;15249
2023-08-17 17:00:00+02:00;14312
2023-08-17 18:00:00+02:00;15096
2023-08-17 19:00:00+02:00;16080
2023-08-17 20:00:00+02:00;16984
2023-08-17 21:00:00+02:00;18376
2023-08-17 22:00:00+02:00;18846
2023-08-17 23:00:00+02:00;17289
2023-08-18 00:00:00+02:00;13351
2023-08-18 01:00:00+02:00;8804
2023-08-18 02:00:00+02:00;6975
2023-08-18 03:00:00+02:00;7578
2023-08-18 04:00:00+02:00;7622
2023-08-18 05:00:00+02:00;9202
2023-08-18 06:00:00+02:00;13438
2023-08-18 07:00:00+02:00;22068
2023-08-18 08:00:00+02:00;28194
2023-08-18 09:00:00+02:00;27335
2023-08-18 10:00:00+02:00;23434
2023-08-18 11:00:00+02:00;22315
2023-08-18 12:00:00+02:00;19981
2023-08-18 13:00:00+02:00;18534
2023-08-18 14:00:00+02:00;17843
2023-08-18 15:00:00+02:00;16266
2023-08-18 16:00:00+02:00;15729
2023-08-18 17:00:00+02:00;14901
2023-08-18 18:00:00+02:00;15712
2023-08-18 19:00:00+02:00;16593
2023-08-18 20:00:00+02:00;17463
2023-08-18 21:00:00+02:00;18901
2023-08-18 22:00:00+02:00;19332
2023-08-18 23:00:00+02:00;17758
2023-08-19 00:00:00+02:00;13693
2023-08-19 01:00:00+02:00;8938
2023-08-19 02:00:00+02:00;6174
2023-08-19 03:00:00+02:00;6717
2023-08-19 04:00:00+02:00;6724
2023-08-19 05:00:00+02:00;8179
2023-08-19 06:00:00+02:00;11999
2023-08-19 07:00:00+02:00;19840
2023-08-19 08:00:00+02:00;25389
2023-08-19 09:00:00+02:00;24582
2023-08-19 10:00:00+02:00;21032
2023-08-19 11:00:00+02:00;20051
2023-08-19 12:00:00+02:00;17932
2023-08-19 13:00:00+02:00;16647
2023-08-19 14:00:00+02:00;16060
2023-08-19 15:00:00+02:00;14590
2023-08-19 16:00:00+02:00;14108
2023-08-19 17:00:00+02:00;13313
2023-08-19 18:00:00+02:00;14037
2023-08-19 19:00:00+02:00;14861
2023-08-19 20:00:00+02:00;15623
2023-08-19 21:00:00+02:00;16920
2023-08-19 22:00:00+02:00;17331
2023-08-19 23:00:00+02:00;15915
2023-08-20 00:00:00+02:00;12268
2023-08-20 01:00:00+02:00;7982
2023-08-20 02:00:00+02:00;5322
2023-08-20 03:00:00+02:00;5824
2023-08-20 04:00:00+02:00;5795
2023-08-20 05:00:00+02:00;7079
2023-08-20 06:00:00+02:00;10461
2023-08-20 07:00:00+02:00;17555
2023-08-20 08:00:00+02:00;22492
2023-08-20 09:00:00+02:00;21773
2023-08-20 10:00:00+02:00;18499
2023-08-20 11:00:00+02:00;17685
2023-08-20 12:00:00+02:00;15829
2023-08-20 13:00:00+02:00;14713
2023-08-20 14:00:00+02:00;14227
2023-08-20 15:00:00+02:00;12828
2023-08-20 16:00:00+02:00;12415
2023-08-20 17:00:00+02:00;11615
2023-08-20 18:00:00+02:00;12301
2023-08-20 19:00:00+02:00;13036
2023-08-20 20:00:00+02:00;13662
2023-08-20 21:00:00+02:00;14787
2023-08-20 22:00:00+02:00;15229
2023-08-20 23:00:00+02:00;13947
2023-08-21 00:00:00+02:00;10745
2023-08-21 01:00:00+02:00;6973
2023-08-21 02:00:00+02:00;4149
2023-08-21 03:00:00+02:00;4609
2023-08-21 04:00:00+02:00;4505
2023-08-21 05:00:00+02:00;5338
2023-08-21 06:00:00+02:00;8213
2023-08-21 07:00:00+02:00;14783
2023-08-21 08:00:00+02:00;18944
2023-08-21 09:00:00+02:00;18582
2023-08-21 10:00:00+02:00;15404
2023-08-21 11:00:00+02:00;14713
2023-08-21 12:00:00+02:00;13406
2023-08-21 13:00:00+02:00;12617
2023-08-21 14:00:00+02:00;12163
2023-08-21 15:00:00+02:00;10733
2023-08-21 16:00:00+02:00;10293
2023-08-21 17:00:00+02:00;9655
2023-08-21 18:00:00+02:00;10145
2023-08-21 19:00:00+02:00;10999
2023-08-21 20:00:00+02:00;11424
2023-08-21 21:00:00+02:00;12318
2023-08-21 22:00:00+02:00;12692
2023-08-21 23:00:00+02:00;11553
2023-08-22 00:00:00+02:00;8769
2023-08-22 01:00:00+02:00;5577
2023-08-22 02:00:00+02:00;3612
2023-08-22 03:00:00+02:00;3875
2023-08-22 04:00:00+02:00;3917
2023-08-22 05:00:00+02:00;4287
2023-08-22 06:00:00+02:00;6721
2023-08-22 07:00:00+02:00;12402
2023-08-22 08:00:00+02:00;16681
2023-08-22 09:00:00+02:00;16146
2023-08-22 10:00:00+02:00;13792
2023-08-22 11:00:00+02:00;12921
2023-08-22 12:00:00+02:00;11846
2023-08-22 13:00:00+02:00;11147
2023-08-22 14:00:00+02:00;10999
2023-08-22 15:00:00+02:00;9746
2023-08-22 16:00:00+02:00;9157
2023-08-22 17:00:00+02:00;8434
2023-08-22 18:00:00+02:00;9199
2023-08-22 19:00:00+02:00;10204
2023-08-22 20:00:00+02:00;9964
2023-08-22 21:00:00+02:00;10842
2023-08-22 22:00:00+02:00;11165
2023-08-22 23:00:00+02:00;10227
2023-08-23 00:00:00+02:00;7623
2023-08-23 01:00:00+02:00;4908
2023-08-23 02:00:00+02:00;4229
2023-08-23 03:00:00+02:00;4592
2023-08-23 04:00:00+02:00;4883
2023-08-23 05:00:00+02:00;5747
2023-08-23 06:00:00+02:00;8895
2023-08-23 07:00:00+02:00;15628
2023-08-23 08:00:00+02:00;17952
2023-08-23 09:00:00+02:00;17322
2023-08-23 10:00:00+02:00;14000
2023-08-23 11:00:00+02:00;13574
2023-08-23 12:00:00+02:00;12363
2023-08-23 13:00:00+02:00;11896
2023-08-23 14:00:00+02:00;11472
2023-08-23 15:00:00+02:00;10243
2023-08-23 16:00:00+02:00;9965
2023-08-23 17:00:00+02:00;9383
2023-08-23 18:00:00+02:00;9983
2023-08-23 19:00:00+02:00;11062
2023-08-23 20:00:00+02:00;11224
2023-08-23 21:00:00+02:00;11829
2023-08-23 22:00:00+02:00;12554
2023-08-23 23:00:00+02:00;11646
2023-08-24 00:00:00+02:00;8736
2023-08-24 01:00:00+02:00;5688
2023-08-24 02:00:00+02:00;5367
2023-08-24 03:00:00+02:00;5736
2023-08-24 04:00:00+02:00;5601
2023-08-24 05:00:00+02:00;6844
2023-08-24 06:00:00+02:00;10200
2023-08-24 07:00:00+02:00;17181
2023-08-24 08:00:00+02:00;21922
2023-08-24 09:00:00+02:00;21218
2023-08-24 10:00:00+02:00;17801
2023-08-24 11:00:00+02:00;17081
2023-08-24 12:00:00+02:00;15264
2023-08-24 13:00:00+02:00;14260
2023-08-24 14:00:00+02:00;13726
2023-08-24 15:00:00+02:00;12380
2023-08-24 16:00:00+02:00;12125
2023-08-24 17:00:00+02:00;11215
2023-08-24 18:00:00+02:00;11897
2023-08-24 19:00:00+02:00;12727
2023-08-24 20:00:00+02:00;13384
2023-08-24 21:00:00+02:00;14474
2023-08-24 22:00:00+02:00;14932
2023-08-24 23:00:00+02:00;13657
2023-08-25 00:00:00+02:00;10520
2023-08-25 01:00:00+02:00;6896
2023-08-25 02:00:00+02:00;5916
2023-08-25 03:00:00+02:00;6467
2023-08-25 04:00:00+02:00;6444
2023-08-25 05:00:00+02:00;7858
2023-08-25 06:00:00+02:00;11634
2023-08-25 07:00:00+02:00;19387
2023-08-25 08:00:00+02:00;24877
2023-08-25 09:00:00+02:00;24073
2023-08-25 10:00:00+02:00;20456
2023-08-25 11:00:00+02:00;19563
2023-08-25 12:00:00+02:00;17504
2023-08-25 13:00:00+02:00;16259
2023-08-25 14:00:00+02:00;15706
2023-08-25 15:00:00+02:00;14172
2023-08-25 16:00:00+02:00;13702
2023-08-25 17:00:00+02:00;12839
2023-08-25 18:00:00+02:00;13576
2023-08-25 19:00:00+02:00;14371
2023-08-25 20:00:00+02:00;15095
2023-08-25 21:00:00+02:00;16362
2023-08-25 22:00:00+02:00;16842
2023-08-25 23:00:00+02:00;15437
2023-08-26 00:00:00+02:00;11925
2023-08-26 01:00:00+02:00;7738
2023-08-26 02:00:00+02:00;4754
2023-08-26 03:00:00+02:00;5219
2023-08-26 04:00:00+02:00;5172
2023-08-26 05:00:00+02:00;6319
2023-08-26 06:00:00+02:00;9412
2023-08-26 07:00:00+02:00;16173
2023-08-26 08:00:00+02:00;20664
2023-08-26 09:00:00+02:00;19963
2023-08-26 10:00:00+02:00;16859
2023-08-26 11:00:00+02:00;16125
2023-08-26 12:00:00+02:00;14466
2023-08-26 13:00:00+02:00;13506
2023-08-26 14:00:00+02:00;13069
2023-08-26 15:00:00+02:00;11709
2023-08-26 16:00:00+02:00;11327
2023-08-26 17:00:00+02:00;10567
2023-08-26 18:00:00+02:00;11182
2023-08-26 19:00:00+02:00;11925
2023-08-26 20:00:00+02:00;12442
2023-08-26 21:00:00+02:00;13471
2023-08-26 22:00:00+02:00;13894
2023-08-26 23:00:00+02:00;12704
2023-08-27 00:00:00+02:00;9755
2023-08-27 01:00:00+02:00;6288
2023-08-27 02:00:00+02:00;5097
2023-08-27 03:00:00+02:00;5629
2023-08-27 04:00:00+02:00;5572
2023-08-27 05:00:00+02:00;6713
2023-08-27 06:00:00+02:00;10107
2023-08-27 07:00:00+02:00;17454
2023-08-27 08:00:00+02:00;22487
2023-08-27 09:00:00+02:00;21696
2023-08-27 10:00:00+02:00;18141
2023-08-27 11:00:00+02:00;17384
2023-08-27 12:00:00+02:00;15695
2023-08-27 13:00:00+02:00;14731
2023-08-27 14:00:00+02:00;14234
2023-08-27 15:00:00+02:00;12642
2023-08-27 16:00:00+02:00;12228
2023-08-27 17:00:00+02:00;11384
2023-08-27 18:00:00+02:00;12044
2023-08-27 19:00:00+02:00;12883
2023-08-27 20:00:00+02:00;13391
2023-08-27 21:00:00+02:00;14503
2023-08-27 22:00:00+02:00;15010
2023-08-27 23:00:00+02:00;13679
2023-08-28 00:00:00+02:00;10522
2023-08-28 01:00:00+02:00;6775
2023-08-28 02:00:00+02:00;4931
2023-08-28 03:00:00+02:00;5437
2023-08-28 04:00:00+02:00;5338
2023-08-28 05:00:00+02:00;6404
2023-08-28 06:00:00+02:00;9790
2023-08-28 07:00:00+02:00;17046
2023-08-28 08:00:00+02:00;21785
2023-08-28 09:00:00+02:00;21394
2023-08-28 10:00:00+02:00;17926
2023-08-28 11:00:00+02:00;17118
2023-08-28 12:00:00+02:00;15464
2023-08-28 13:00:00+02:00;14418
2023-08-28 14:00:00+02:00;13883
2023-08-28 15:00:00+02:00;12384
2023-08-28 16:00:00+02:00;11851
2023-08-28 17:00:00+02:00;11169
2023-08-28 18:00:00+02:00;11708
2023-08-28 19:00:00+02:00;12568
2023-08-28 20:00:00+02:00;13220
2023-08-28 21:00:00+02:00;14310
2023-08-28 22:00:00+02:00;14692
2023-08-28 23:00:00+02:00;13441
2023-08-29 00:00:00+02:00;10295
2023-08-29 01:00:00+02:00;6566
2023-08-29 02:00:00+02:00;3809
2023-08-29 03:00:00+02:00;4024
2023-08-29 04:00:00+02:00;4126
2023-08-29 05:00:00+02:00;4651
2023-08-29 06:00:00+02:00;7295
2023-08-29 07:00:00+02:00;13209
2023-08-29 08:00:00+02:00;17291
2023-08-29 09:00:00+02:00;16616
2023-08-29 10:00:00+02:00;14274
2023-08-29 11:00:00+02:00;13525
2023-08-29 12:00:00+02:00;12233
2023-08-29 13:00:00+02:00;11564
2023-08-29 14:00:00+02:00;11259
2023-08-29 15:00:00+02:00;9988
2023-08-29 16:00:00+02:00;9388
2023-08-29 17:00:00+02:00;8722
2023-08-29 18:00:00+02:00;9447
2023-08-29 19:00:00+02:00;10379
2023-08-29 20:00:00+02:00;10320
2023-08-29 21:00:00+02:00;11246
2023-08-29 22:00:00+02:00;11534
2023-08-29 23:00:00+02:00;10586
2023-08-30 00:00:00+02:00;8013
2023-08-30 01:00:00+02:00;5182
2023-08-30 02:00:00+02:00;3326
2023-08-30 03:00:00+02:00;3702
2023-08-30 04:00:00+02:00;3883
2023-08-30 05:00:00+02:00;4806
2023-08-30 06:00:00+02:00;7329
2023-08-30 07:00:00+02:00;12657
2023-08-30 08:00:00+02:00;14796
2023-08-30 09:00:00+02:00;14455
2023-08-30 10:00:00+02:00;11388
2023-08-30 11:00:00+02:00;10990
2023-08-30 12:00:00+02:00;10141
2023-08-30 13:00:00+02:00;9871
2023-08-30 14:00:00+02:00;9626
2023-08-30 15:00:00+02:00;8390
2023-08-30 16:00:00+02:00;8146
2023-08-30 17:00:00+02:00;7616
2023-08-30 18:00:00+02:00;8094
2023-08-30 19:00:00+02:00;9101
2023-08-30 20:00:00+02:00;9134
2023-08-30 21:00:00+02:00;9604
2023-08-30 22:00:00+02:00;10166
2023-08-30 23:00:00+02:00;9450
2023-08-31 00:00:00+02:00;7005
2023-08-31 01:00:00+02:00;4524
2023-08-31 02:00:00+02:00;3383
2023-08-31 03:00:00+02:00;3778
2023-08-31 04:00:00+02:00;3616
2023-08-31 05:00:00+02:00;4150
2023-08-31 06:00:00+02:00;6545
2023-08-31 07:00:00+02:00;12570
2023-08-31 08:00:00+02:00;16181
2023-08-31 09:00:00+02:00;15529
2023-08-31 10:00:00+02:00;12227
2023-08-31 11:00:00+02:00;11802
2023-08-31 12:00:00+02:00;10946
2023-08-31 13:00:00+02:00;10587
2023-08-31 14:00:00+02:00;10263
2023-08-31 15:00:00+02:00;8755
2023-08-31 16:00:00+02:00;8582
2023-08-31 17:00:00+02:00;7833
2023-08-31 18:00:00+02:00;8318
2023-08-31 19:00:00+02:00;9230
2023-08-31 20:00:00+02:00;9293
2023-08-31 21:00:00+02:00;9993
2023-08-31 22:00:00+02:00;10524
2023-08-31 23:00:00+02:00;9432
2023-09-01 00:00:00+02:00;7162
2023-09-01 01:00:00+02:00;4567
2023-09-01 02:00:00+02:00;4099
2023-09-01 03:00:00+02:00;4579
2023-09-01 04:00:00+02:00;4495
2023-09-01 05:00:00+02:00;5352
2023-09-01 06:00:00+02:00;8178
2023-09-01 07:00:00+02:00;14762
2023-09-01 08:00:00+02:00;19044
2023-09-01 09:00:00+02:00;18327
2023-09-01 10:00:00+02:00;15087
2023-09-01 11:00:00+02:00;14477
2023-09-01 12:00:00+02:00;13196
2023-09-01 13:00:00+02:00;12522
2023-09-01 14:00:00+02:00;12115
2023-09-01 15:00:00+02:00;10592
2023-09-01 16:00:00+02:00;10263
2023-09-01 17:00:00+02:00;9482
2023-09-01 18:00:00+02:00;10055
2023-09-01 19:00:00+02:00;10880
2023-09-01 20:00:00+02:00;11163
2023-09-01 21:00:00+02:00;12055
2023-09-01 22:00:00+02:00;12547
2023-09-01 23:00:00+02:00;11361
2023-09-02 00:00:00+02:00;8672
2023-09-02 01:00:00+02:00;5544
2023-09-02 02:00:00+02:00;5892
2023-09-02 03:00:00+02:00;6434
2023-09-02 04:00:00+02:00;6420
2023-09-02 05:00:00+02:00;7809
2023-09-02 06:00:00+02:00;11566
2023-09-02 07:00:00+02:00;19410
2023-09-02 08:00:00+02:00;24843
2023-09-02 09:00:00+02:00;24017
2023-09-02 10:00:00+02:00;20408
2023-09-02 11:00:00+02:00;19491
2023-09-02 12:00:00+02:00;17456
2023-09-02 13:00:00+02:00;16243
2023-09-02 14:00:00+02:00;15673
2023-09-02 15:00:00+02:00;14148
2023-09-02 16:00:00+02:00;13670
2023-09-02 17:00:00+02:00;12848
2023-09-02 18:00:00+02:00;13552
2023-09-02 19:00:00+02:00;14388
2023-09-02 20:00:00+02:00;15099
2023-09-02 21:00:00+02:00;16376
2023-09-02 22:00:00+02:00;16823
2023-09-02 23:00:00+02:00;15424
2023-09-03 00:00:00+02:00;11889
2023-09-03 01:00:00+02:00;7691
2023-09-03 02:00:00+02:00;8739
2023-09-03 03:00:00+02:00;9348
2023-09-03 04:00:00+02:00;9598
2023-09-03 05:00:00+02:00;11296
2023-09-03 06:00:00+02:00;15917
2023-09-03 07:00:00+02:00;25259
2023-09-03 08:00:00+02:00;32144
2023-09-03 09:00:00+02:00;31356
2023-09-03 10:00:00+02:00;27516
2023-09-03 11:00:00+02:00;25859
2023-09-03 12:00:00+02:00;23251
2023-09-03 13:00:00+02:00;21534
2023-09-03 14:00:00+02:00;20571
2023-09-03 15:00:00+02:00;19248
2023-09-03 16:00:00+02:00;18648
2023-09-03 17:00:00+02:00;18134
2023-09-03 18:00:00+02:00;19035
2023-09-03 19:00:00+02:00;20042
2023-09-03 20:00:00+02:00;21120
2023-09-03 21:00:00+02:00;22720
2023-09-03 22:00:00+02:00;22877
2023-09-03 23:00:00+02:00;21158
2023-09-04 00:00:00+02:00;16136
2023-09-04 01:00:00+02:00;10681
2023-09-04 02:00:00+02:00;10887
2023-09-04 03:00:00+02:00;11683
2023-09-04 04:00:00+02:00;11839
2023-09-04 05:00:00+02:00;13662
2023-09-04 06:00:00+02:00;18749
2023-09-04 07:00:00+02:00;28761
2023-09-04 08:00:00+02:00;37032
2023-09-04 09:00:00+02:00;36477
2023-09-04 10:00:00+02:00;32767
2023-09-04 11:00:00+02:00;30372
2023-09-04 12:00:00+02:00;27552
2023-09-04 13:00:00+02:00;25320
2023-09-04 14:00:00+02:00;24462
2023-09-04 15:00:00+02:00;23064
2023-09-04 16:00:00+02:00;22420
2023-09-04 17:00:00+02:00;22266
2023-09-04 18:00:00+02:00;23263
2023-09-04 19:00:00+02:00;24404
2023-09-04 20:00:00+02:00;25784
2023-09-04 21:00:00+02:00;27603
2023-09-04 22:00:00+02:00;27329
2023-09-04 23:00:00+02:00;25437
2023-09-05 00:00:00+02:00;19304
2023-09-05 01:00:00+02:00;12931
2023-09-05 02:00:00+02:00;12070
2023-09-05 03:00:00+02:00;12046
2023-09-05 04:00:00+02:00;12940
2023-09-05 05:00:00+02:00;14340
2023-09-05 06:00:00+02:00;19981
2023-09-05 07:00:00+02:00;30976
2023-09-05 08:00:00+02:00;37876
2023-09-05 09:00:00+02:00;37361
2023-09-05 10:00:00+02:00;34168
2023-09-05 11:00:00+02:00;31563
2023-09-05 12:00:00+02:00;28609
2023-09-05 13:00:00+02:00;26992
2023-09-05 14:00:00+02:00;25734
2023-09-05 15:00:00+02:00;23814
2023-09-05 16:00:00+02:00;22705
2023-09-05 17:00:00+02:00;22784
2023-09-05 18:00:00+02:00;23824
2023-09-05 19:00:00+02:00;25679
2023-09-05 20:00:00+02:00;27401
2023-09-05 21:00:00+02:00;29153
2023-09-05 22:00:00+02:00;28784
2023-09-05 23:00:00+02:00;26904
2023-09-06 00:00:00+02:00;20538
2023-09-06 01:00:00+02:00;14313
2023-09-06 02:00:00+02:00;12727
2023-09-06 03:00:00+02:00;13597
2023-09-06 04:00:00+02:00;14050
2023-09-06 05:00:00+02:00;16575
2023-09-06 06:00:00+02:00;24017
2023-09-06 07:00:00+02:00;36908
2023-09-06 08:00:00+02:00;39690
2023-09-06 09:00:00+02:00;39180
2023-09-06 10:00:00+02:00;34648
2023-09-06 11:00:00+02:00;31853
2023-09-06 12:00:00+02:00;29371
2023-09-06 13:00:00+02:00;27688
2023-09-06 14:00:00+02:00;26385
2023-09-06 15:00:00+02:00;25096
2023-09-06 16:00:00+02:00;24995
2023-09-06 17:00:00+02:00;25006
2023-09-06 18:00:00+02:00;26297
2023-09-06 19:00:00+02:00;27809
2023-09-06 20:00:00+02:00;29482
2023-09-06 21:00:00+02:00;31376
2023-09-06 22:00:00+02:00;31432
2023-09-06 23:00:00+02:00;29017
2023-09-07 00:00:00+02:00;22316
2023-09-07 01:00:00+02:00;15355
2023-09-07 02:00:00+02:00;13047
2023-09-07 03:00:00+02:00;13833
2023-09-07 04:00:00+02:00;14465
2023-09-07 05:00:00+02:00;16769
2023-09-07 06:00:00+02:00;22445
2023-09-07 07:00:00+02:00;33723
2023-09-07 08:00:00+02:00;42417
2023-09-07 09:00:00+02:00;41706
2023-09-07 10:00:00+02:00;37361
2023-09-07 11:00:00+02:00;34749
2023-09-07 12:00:00+02:00;31508
2023-09-07 13:00:00+02:00;29075
2023-09-07 14:00:00+02:00;27591
2023-09-07 15:00:00+02:00;26573
2023-09-07 16:00:00+02:00;25902
2023-09-07 17:00:00+02:00;26120
2023-09-07 18:00:00+02:00;26934
2023-09-07 19:00:00+02:00;28573
2023-09-07 20:00:00+02:00;30239
2023-09-07 21:00:00+02:00;32292
2023-09-07 22:00:00+02:00;32019
2023-09-07 23:00:00+02:00;29775
2023-09-08 00:00:00+02:00;22577
2023-09-08 01:00:00+02:00;15375
2023-09-08 02:00:00+02:00;11627
2023-09-08 03:00:00+02:00;12294
2023-09-08 04:00:00+02:00;12818
2023-09-08 05:00:00+02:00;14798
2023-09-08 06:00:00+02:00;20179
2023-09-08 07:00:00+02:00;30848
2023-09-08 08:00:00+02:00;39039
2023-09-08 09:00:00+02:00;38323
2023-09-08 10:00:00+02:00;34406
2023-09-08 11:00:00+02:00;31965
2023-09-08 12:00:00+02:00;28843
2023-09-08 13:00:00+02:00;26653
2023-09-08 14:00:00+02:00;25311
2023-09-08 15:00:00+02:00;24254
2023-09-08 16:00:00+02:00;23550
2023-09-08 17:00:00+02:00;23409
2023-09-08 18:00:00+02:00;24461
2023-09-08 19:00:00+02:00;25662
2023-09-08 20:00:00+02:00;27073
2023-09-08 21:00:00+02:00;28949
2023-09-08 22:00:00+02:00;28758
2023-09-08 23:00:00+02:00;26750
2023-09-09 00:00:00+02:00;20259
2023-09-09 01:00:00+02:00;13644
2023-09-09 02:00:00+02:00;9216
2023-09-09 03:00:00+02:00;9854
2023-09-09 04:00:00+02:00;10111
2023-09-09 05:00:00+02:00;11929
2023-09-09 06:00:00+02:00;16785
2023-09-09 07:00:00+02:00;26564
2023-09-09 08:00:00+02:00;33730
2023-09-09 09:00:00+02:00;32884
2023-09-09 10:00:00+02:00;28916
2023-09-09 11:00:00+02:00;27164
2023-09-09 12:00:00+02:00;24409
2023-09-09 13:00:00+02:00;22592
2023-09-09 14:00:00+02:00;21591
2023-09-09 15:00:00+02:00;20228
2023-09-09 16:00:00+02:00;19600
2023-09-09 17:00:00+02:00;19078
2023-09-09 18:00:00+02:00;19991
2023-09-09 19:00:00+02:00;21049
2023-09-09 20:00:00+02:00;22200
2023-09-09 21:00:00+02:00;23892
2023-09-09 22:00:00+02:00;24027
2023-09-09 23:00:00+02:00;22231
2023-09-10 00:00:00+02:00;16977
2023-09-10 01:00:00+02:00;11247
2023-09-10 02:00:00+02:00;8163
2023-09-10 03:00:00+02:00;8790
2023-09-10 04:00:00+02:00;8942
2023-09-10 05:00:00+02:00;10667
2023-09-10 06:00:00+02:00;15254
2023-09-10 07:00:00+02:00;24517
2023-09-10 08:00:00+02:00;31178
2023-09-10 09:00:00+02:00;30334
2023-09-10 10:00:00+02:00;26375
2023-09-10 11:00:00+02:00;24944
2023-09-10 12:00:00+02:00;22359
2023-09-10 13:00:00+02:00;20696
2023-09-10 14:00:00+02:00;19849
2023-09-10 15:00:00+02:00;18373
2023-09-10 16:00:00+02:00;17785
2023-09-10 17:00:00+02:00;17090
2023-09-10 18:00:00+02:00;17973
2023-09-10 19:00:00+02:00;18923
2023-09-10 20:00:00+02:00;19951
2023-09-10 21:00:00+02:00;21523
2023-09-10 22:00:00+02:00;21823
2023-09-10 23:00:00+02:00;20125
2023-09-11 00:00:00+02:00;15450
2023-09-11 01:00:00+02:00;10181
2023-09-11 02:00:00+02:00;7323
2023-09-11 03:00:00+02:00;7967
2023-09-11 04:00:00+02:00;7927
2023-09-11 05:00:00+02:00;9517
2023-09-11 06:00:00+02:00;13948
2023-09-11 07:00:00+02:00;22826
2023-09-11 08:00:00+02:00;29023
2023-09-11 09:00:00+02:00;28586
2023-09-11 10:00:00+02:00;24712
2023-09-11 11:00:00+02:00;23379
2023-09-11 12:00:00+02:00;20979
2023-09-11 13:00:00+02:00;19302
2023-09-11 14:00:00+02:00;18590
2023-09-11 15:00:00+02:00;17042
2023-09-11 16:00:00+02:00;16376
2023-09-11 17:00:00+02:00;15746
2023-09-11 18:00:00+02:00;16468
2023-09-11 19:00:00+02:00;17384
2023-09-11 20:00:00+02:00;18504
2023-09-11 21:00:00+02:00;19982
2023-09-11 22:00:00+02:00;20224
2023-09-11 23:00:00+02:00;18663
2023-09-12 00:00:00+02:00;14352
2023-09-12 01:00:00+02:00;9334
2023-09-12 02:00:00+02:00;6535
2023-09-12 03:00:00+02:00;6772
2023-09-12 04:00:00+02:00;7143
2023-09-12 05:00:00+02:00;8308
2023-09-12 06:00:00+02:00;12707
2023-09-12 07:00:00+02:00;21739
2023-09-12 08:00:00+02:00;26949
2023-09-12 09:00:00+02:00;25849
2023-09-12 10:00:00+02:00;22722
2023-09-12 11:00:00+02:00;21774
2023-09-12 12:00:00+02:00;19322
2023-09-12 13:00:00+02:00;18296
2023-09-12 14:00:00+02:00;17429
2023-09-12 15:00:00+02:00;15669
2023-09-12 16:00:00+02:00;14653
2023-09-12 17:00:00+02:00;14010
2023-09-12 18:00:00+02:00;15012
2023-09-12 19:00:00+02:00;16153
2023-09-12 20:00:00+02:00;16697
2023-09-12 21:00:00+02:00;18210
2023-09-12 22:00:00+02:00;18445
2023-09-12 23:00:00+02:00;17027
2023-09-13 00:00:00+02:00;13239
2023-09-13 01:00:00+02:00;8743
2023-09-13 02:00:00+02:00;7875
2023-09-13 03:00:00+02:00;8399
2023-09-13 04:00:00+02:00;8903
2023-09-13 05:00:00+02:00;10412
2023-09-13 06:00:00+02:00;15858
2023-09-13 07:00:00+02:00;26237
2023-09-13 08:00:00+02:00;28684
2023-09-13 09:00:00+02:00;27700
2023-09-13 10:00:00+02:00;23539
2023-09-13 11:00:00+02:00;22420
2023-09-13 12:00:00+02:00;20332
2023-09-13 13:00:00+02:00;19185
2023-09-13 14:00:00+02:00;18249
2023-09-13 15:00:00+02:00;16981
2023-09-13 16:00:00+02:00;16664
2023-09-13 17:00:00+02:00;16148
2023-09-13 18:00:00+02:00;17102
2023-09-13 19:00:00+02:00;18350
2023-09-13 20:00:00+02:00;19202
2023-09-13 21:00:00+02:00;20444
2023-09-13 22:00:00+02:00;21193
2023-09-13 23:00:00+02:00;19640
2023-09-14 00:00:00+02:00;15038
2023-09-14 01:00:00+02:00;10044
2023-09-14 02:00:00+02:00;9142
2023-09-14 03:00:00+02:00;9724
2023-09-14 04:00:00+02:00;9905
2023-09-14 05:00:00+02:00;11733
2023-09-14 06:00:00+02:00;16498
2023-09-14 07:00:00+02:00;26100
2023-09-14 08:00:00+02:00;33035
2023-09-14 09:00:00+02:00;32208
2023-09-14 10:00:00+02:00;27977
2023-09-14 11:00:00+02:00;26409
2023-09-14 12:00:00+02:00;23763
2023-09-14 13:00:00+02:00;22038
2023-09-14 14:00:00+02:00;21021
2023-09-14 15:00:00+02:00;19660
2023-09-14 16:00:00+02:00;19179
2023-09-14 17:00:00+02:00;18652
2023-09-14 18:00:00+02:00;19453
2023-09-14 19:00:00+02:00;20689
2023-09-14 20:00:00+02:00;21878
2023-09-14 21:00:00+02:00;23543
2023-09-14 22:00:00+02:00;23757
2023-09-14 23:00:00+02:00;21936
2023-09-15 00:00:00+02:00;16777
2023-09-15 01:00:00+02:00;11198
2023-09-15 02:00:00+02:00;10262
2023-09-15 03:00:00+02:00;10860
2023-09-15 04:00:00+02:00;11289
2023-09-15 05:00:00+02:00;13085
2023-09-15 06:00:00+02:00;17976
2023-09-15 07:00:00+02:00;27726
2023-09-15 08:00:00+02:00;35217
2023-09-15 09:00:00+02:00;34512
2023-09-15 10:00:00+02:00;30847
2023-09-15 11:00:00+02:00;28721
2023-09-15 12:00:00+02:00;25896
2023-09-15 13:00:00+02:00;23953
2023-09-15 14:00:00+02:00;22770
2023-09-15 15:00:00+02:00;21721
2023-09-15 16:00:00+02:00;21086
2023-09-15 17:00:00+02:00;20868
2023-09-15 18:00:00+02:00;21845
2023-09-15 19:00:00+02:00;22948
2023-09-15 20:00:00+02:00;24196
2023-09-15 21:00:00+02:00;25900
2023-09-15 22:00:00+02:00;25800
2023-09-15 23:00:00+02:00;23975
2023-09-16 00:00:00+02:00;18148
2023-09-16 01:00:00+02:00;12155
2023-09-16 02:00:00+02:00;7647
2023-09-16 03:00:00+02:00;8264
2023-09-16 04:00:00+02:00;8380
2023-09-16 05:00:00+02:00;9982
2023-09-16 06:00:00+02:00;14404
2023-09-16 07:00:00+02:00;23541
2023-09-16 08:00:00+02:00;30004
2023-09-16 09:00:00+02:00;29121
2023-09-16 10:00:00+02:00;25133
2023-09-16 11:00:00+02:00;23794
2023-09-16 12:00:00+02:00;21387
2023-09-16 13:00:00+02:00;19878
2023-09-16 14:00:00+02:00;19069
2023-09-16 15:00:00+02:00;17522
2023-09-16 16:00:00+02:00;16950
2023-09-16 17:00:00+02:00;16242
2023-09-16 18:00:00+02:00;17061
2023-09-16 19:00:00+02:00;18057
2023-09-16 20:00:00+02:00;18977
2023-09-16 21:00:00+02:00;20501
2023-09-16 22:00:00+02:00;20824
2023-09-16 23:00:00+02:00;19167
2023-09-17 00:00:00+02:00;14696
2023-09-17 01:00:00+02:00;9618
2023-09-17 02:00:00+02:00;8477
2023-09-17 03:00:00+02:00;9113
2023-09-17 04:00:00+02:00;9304
2023-09-17 05:00:00+02:00;11025
2023-09-17 06:00:00+02:00;15706
2023-09-17 07:00:00+02:00;25198
2023-09-17 08:00:00+02:00;32074
2023-09-17 09:00:00+02:00;31225
2023-09-17 10:00:00+02:00;27192
2023-09-17 11:00:00+02:00;25660
2023-09-17 12:00:00+02:00;23047
2023-09-17 13:00:00+02:00;21356
2023-09-17 14:00:00+02:00;20442
2023-09-17 15:00:00+02:00;18971
2023-09-17 16:00:00+02:00;18363
2023-09-17 17:00:00+02:00;17724
2023-09-17 18:00:00+02:00;18620
2023-09-17 19:00:00+02:00;19621
2023-09-17 20:00:00+02:00;20673
2023-09-17 21:00:00+02:00;22288
2023-09-17 22:00:00+02:00;22546
2023-09-17 23:00:00+02:00;20804
2023-09-18 00:00:00+02:00;15930
2023-09-18 01:00:00+02:00;10500
2023-09-18 02:00:00+02:00;10132
2023-09-18 03:00:00+02:00;10886
2023-09-18 04:00:00+02:00;11003
2023-09-18 05:00:00+02:00;12783
2023-09-18 06:00:00+02:00;17713
2023-09-18 07:00:00+02:00;27416
2023-09-18 08:00:00+02:00;35233
2023-09-18 09:00:00+02:00;34690
2023-09-18 10:00:00+02:00;31008
2023-09-18 11:00:00+02:00;28833
2023-09-18 12:00:00+02:00;26102
2023-09-18 13:00:00+02:00;23984
2023-09-18 14:00:00+02:00;23160
2023-09-18 15:00:00+02:00;21760
2023-09-18 16:00:00+02:00;21125
2023-09-18 17:00:00+02:00;20885
2023-09-18 18:00:00+02:00;21832
2023-09-18 19:00:00+02:00;22910
2023-09-18 20:00:00+02:00;24240
2023-09-18 21:00:00+02:00;25977
2023-09-18 22:00:00+02:00;25801
2023-09-18 23:00:00+02:00;23985
2023-09-19 00:00:00+02:00;18237
2023-09-19 01:00:00+02:00;12162
2023-09-19 02:00:00+02:00;11153
2023-09-19 03:00:00+02:00;11163
2023-09-19 04:00:00+02:00;11993
2023-09-19 05:00:00+02:00;13354
2023-09-19 06:00:00+02:00;18774
2023-09-19 07:00:00+02:00;29399
2023-09-19 08:00:00+02:00;35927
2023-09-19 09:00:00+02:00;35308
2023-09-19 10:00:00+02:00;32197
2023-09-19 11:00:00+02:00;29876
2023-09-19 12:00:00+02:00;26983
2023-09-19 13:00:00+02:00;25498
2023-09-19 14:00:00+02:00;24291
2023-09-19 15:00:00+02:00;22426
2023-09-19 16:00:00+02:00;21314
2023-09-19 17:00:00+02:00;21307
2023-09-19 18:00:00+02:00;22343
2023-09-19 19:00:00+02:00;24086
2023-09-19 20:00:00+02:00;25642
2023-09-19 21:00:00+02:00;27344
2023-09-19 22:00:00+02:00;27061
2023-09-19 23:00:00+02:00;25252
2023-09-20 00:00:00+02:00;19317
2023-09-20 01:00:00+02:00;13397
2023-09-20 02:00:00+02:00;12581
2023-09-20 03:00:00+02:00;13434
2023-09-20 04:00:00+02:00;13892
2023-09-20 05:00:00+02:00;16387
2023-09-20 06:00:00+02:00;23789
2023-09-20 07:00:00+02:00;36649
2023-09-20 08:00:00+02:00;39415
2023-09-20 09:00:00+02:00;38864
2023-09-20 10:00:00+02:00;34354
2023-09-20 11:00:00+02:00;31618
2023-09-20 12:00:00+02:00;29127
2023-09-20 13:00:00+02:00;27449
2023-09-20 14:00:00+02:00;26145
2023-09-20 15:00:00+02:00;24868
2023-09-20 16:00:00+02:00;24759
2023-09-20 17:00:00+02:00;24752
2023-09-20 18:00:00+02:00;26038
2023-09-20 19:00:00+02:00;27533
2023-09-20 20:00:00+02:00;29192
2023-09-20 21:00:00+02:00;31075
2023-09-20 22:00:00+02:00;31160
2023-09-20 23:00:00+02:00;28764
2023-09-21 00:00:00+02:00;22123
2023-09-21 01:00:00+02:00;15204
2023-09-21 02:00:00+02:00;13268
2023-09-21 03:00:00+02:00;14065
2023-09-21 04:00:00+02:00;14718
2023-09-21 05:00:00+02:00;17067
2023-09-21 06:00:00+02:00;22838
2023-09-21 07:00:00+02:00;34286
2023-09-21 08:00:00+02:00;43117
2023-09-21 09:00:00+02:00;42404
2023-09-21 10:00:00+02:00;38000
2023-09-21 11:00:00+02:00;35333
2023-09-21 12:00:00+02:00;32024
2023-09-21 13:00:00+02:00;29535
2023-09-21 14:00:00+02:00;28016
2023-09-21 15:00:00+02:00;27003
2023-09-21 16:00:00+02:00;26312
2023-09-21 17:00:00+02:00;26550
2023-09-21 18:00:00+02:00;27367
2023-09-21 19:00:00+02:00;29025
2023-09-21 20:00:00+02:00;30737
2023-09-21 21:00:00+02:00;32840
2023-09-21 22:00:00+02:00;32555
2023-09-21 23:00:00+02:00;30287
2023-09-22 00:00:00+02:00;22965
2023-09-22 01:00:00+02:00;15630
2023-09-22 02:00:00+02:00;13873
2023-09-22 03:00:00+02:00;14624
2023-09-22 04:00:00+02:00;15341
2023-09-22 05:00:00+02:00;17561
2023-09-22 06:00:00+02:00;23633
2023-09-22 07:00:00+02:00;35579
2023-09-22 08:00:00+02:00;44886
2023-09-22 09:00:00+02:00;44206
2023-09-22 10:00:00+02:00;40025
2023-09-22 11:00:00+02:00;36997
2023-09-22 12:00:00+02:00;33452
2023-09-22 13:00:00+02:00;30877
2023-09-22 14:00:00+02:00;29245
2023-09-22 15:00:00+02:00;28282
2023-09-22 16:00:00+02:00;27474
2023-09-22 17:00:00+02:00;27555
2023-09-22 18:00:00+02:00;28717
2023-09-22 19:00:00+02:00;30086
2023-09-22 20:00:00+02:00;31759
2023-09-22 21:00:00+02:00;33892
2023-09-22 22:00:00+02:00;33484
2023-09-22 23:00:00+02:00;31219
2023-09-23 00:00:00+02:00;23596
2023-09-23 01:00:00+02:00;16006
2023-09-23 02:00:00+02:00;15385
2023-09-23 03:00:00+02:00;16232
2023-09-23 04:00:00+02:00;17001
2023-09-23 05:00:00+02:00;19435
2023-09-23 06:00:00+02:00;25954
2023-09-23 07:00:00+02:00;38779
2023-09-23 08:00:00+02:00;48752
2023-09-23 09:00:00+02:00;48019
2023-09-23 10:00:00+02:00;43672
2023-09-23 11:00:00+02:00;40321
2023-09-23 12:00:00+02:00;36549
2023-09-23 13:00:00+02:00;33763
2023-09-23 14:00:00+02:00;32024
2023-09-23 15:00:00+02:00;31034
2023-09-23 16:00:00+02:00;30218
2023-09-23 17:00:00+02:00;30364
2023-09-23 18:00:00+02:00;31596
2023-09-23 19:00:00+02:00;33096
2023-09-23 20:00:00+02:00;34868
2023-09-23 21:00:00+02:00;37107
2023-09-23 22:00:00+02:00;36587
2023-09-23 23:00:00+02:00;34076
2023-09-24 00:00:00+02:00;25790
2023-09-24 01:00:00+02:00;17645
2023-09-24 02:00:00+02:00;15136
2023-09-24 03:00:00+02:00;15943
2023-09-24 04:00:00+02:00;16730
2023-09-24 05:00:00+02:00;19078
2023-09-24 06:00:00+02:00;25456
2023-09-24 07:00:00+02:00;37960
2023-09-24 08:00:00+02:00;47752
2023-09-24 09:00:00+02:00;47069
2023-09-24 10:00:00+02:00;42846
2023-09-24 11:00:00+02:00;39563
2023-09-24 12:00:00+02:00;35846
2023-09-24 13:00:00+02:00;33122
2023-09-24 14:00:00+02:00;31385
2023-09-24 15:00:00+02:00;30458
2023-09-24 16:00:00+02:00;29645
2023-09-24 17:00:00+02:00;29825
2023-09-24 18:00:00+02:00;31059
2023-09-24 19:00:00+02:00;32516
2023-09-24 20:00:00+02:00;34251
2023-09-24 21:00:00+02:00;36425
2023-09-24 22:00:00+02:00;35911
2023-09-24 23:00:00+02:00;33458
2023-09-25 00:00:00+02:00;25298
2023-09-25 01:00:00+02:00;17330
2023-09-25 02:00:00+02:00;13987
2023-09-25 03:00:00+02:00;14970
2023-09-25 04:00:00+02:00;15239
2023-09-25 05:00:00+02:00;17423
2023-09-25 06:00:00+02:00;23436
2023-09-25 07:00:00+02:00;35155
2023-09-25 08:00:00+02:00;45152
2023-09-25 09:00:00+02:00;44554
2023-09-25 10:00:00+02:00;40494
2023-09-25 11:00:00+02:00;37365
2023-09-25 12:00:00+02:00;33984
2023-09-25 13:00:00+02:00;31207
2023-09-25 14:00:00+02:00;30165
2023-09-25 15:00:00+02:00;28692
2023-09-25 16:00:00+02:00;27967
2023-09-25 17:00:00+02:00;27997
2023-09-25 18:00:00+02:00;29189
2023-09-25 19:00:00+02:00;30538
2023-09-25 20:00:00+02:00;32222
2023-09-25 21:00:00+02:00;34376
2023-09-25 22:00:00+02:00;33837
2023-09-25 23:00:00+02:00;31541
2023-09-26 00:00:00+02:00;23945
2023-09-26 01:00:00+02:00;16279
2023-09-26 02:00:00+02:00;14401
2023-09-26 03:00:00+02:00;14347
2023-09-26 04:00:00+02:00;15367
2023-09-26 05:00:00+02:00;17027
2023-09-26 06:00:00+02:00;23490
2023-09-26 07:00:00+02:00;35936
2023-09-26 08:00:00+02:00;43857
2023-09-26 09:00:00+02:00;43389
2023-09-26 10:00:00+02:00;39775
2023-09-26 11:00:00+02:00;36651
2023-09-26 12:00:00+02:00;33327
2023-09-26 13:00:00+02:00;31370
2023-09-26 14:00:00+02:00;29893
2023-09-26 15:00:00+02:00;27719
2023-09-26 16:00:00+02:00;26569
2023-09-26 17:00:00+02:00;26760
2023-09-26 18:00:00+02:00;27881
2023-09-26 19:00:00+02:00;29955
2023-09-26 20:00:00+02:00;32057
2023-09-26 21:00:00+02:00;34017
2023-09-26 22:00:00+02:00;33505
2023-09-26 23:00:00+02:00;31371
2023-09-27 00:00:00+02:00;23985
2023-09-27 01:00:00+02:00;16823
2023-09-27 02:00:00+02:00;13520
2023-09-27 03:00:00+02:00;14452
2023-09-27 04:00:00+02:00;14927
2023-09-27 05:00:00+02:00;17626
2023-09-27 06:00:00+02:00;25467
2023-09-27 07:00:00+02:00;38955
2023-09-27 08:00:00+02:00;41774
2023-09-27 09:00:00+02:00;41281
2023-09-27 10:00:00+02:00;36577
2023-09-27 11:00:00+02:00;33578
2023-09-27 12:00:00+02:00;30978
2023-09-27 13:00:00+02:00;29182
2023-09-27 14:00:00+02:00;27802
2023-09-27 15:00:00+02:00;26488
2023-09-27 16:00:00+02:00;26397
2023-09-27 17:00:00+02:00;26448
2023-09-27 18:00:00+02:00;27803
2023-09-27 19:00:00+02:00;29368
2023-09-27 20:00:00+02:00;31168
2023-09-27 21:00:00+02:00;33176
2023-09-27 22:00:00+02:00;33189
2023-09-27 23:00:00+02:00;30644
2023-09-28 00:00:00+02:00;23588
2023-09-28 01:00:00+02:00;16262
2023-09-28 02:00:00+02:00;13912
2023-09-28 03:00:00+02:00;14759
2023-09-28 04:00:00+02:00;15446
2023-09-28 05:00:00+02:00;17886
2023-09-28 06:00:00+02:00;23874
2023-09-28 07:00:00+02:00;35734
2023-09-28 08:00:00+02:00;44877
2023-09-28 09:00:00+02:00;44154
2023-09-28 10:00:00+02:00;39607
2023-09-28 11:00:00+02:00;36816
2023-09-28 12:00:00+02:00;33395
2023-09-28 13:00:00+02:00;30802
2023-09-28 14:00:00+02:00;29228
2023-09-28 15:00:00+02:00;28186
2023-09-28 16:00:00+02:00;27477
2023-09-28 17:00:00+02:00;27749
2023-09-28 18:00:00+02:00;28597
2023-09-28 19:00:00+02:00;30316
2023-09-28 20:00:00+02:00;32091
2023-09-28 21:00:00+02:00;34255
2023-09-28 22:00:00+02:00;33940
2023-09-28 23:00:00+02:00;31564
2023-09-29 00:00:00+02:00;23952
2023-09-29 01:00:00+02:00;16352
2023-09-29 02:00:00+02:00;14546
2023-09-29 03:00:00+02:00;15343
2023-09-29 04:00:00+02:00;16074
2023-09-29 05:00:00+02:00;18387
2023-09-29 06:00:00+02:00;24655
2023-09-29 07:00:00+02:00;36959
2023-09-29 08:00:00+02:00;46520
2023-09-29 09:00:00+02:00;45815
2023-09-29 10:00:00+02:00;41569
2023-09-29 11:00:00+02:00;38442
2023-09-29 12:00:00+02:00;34793
2023-09-29 13:00:00+02:00;32141
2023-09-29 14:00:00+02:00;30475
2023-09-29 15:00:00+02:00;29485
2023-09-29 16:00:00+02:00;28681
2023-09-29 17:00:00+02:00;28772
2023-09-29 18:00:00+02:00;29978
2023-09-29 19:00:00+02:00;31392
2023-09-29 20:00:00+02:00;33085
2023-09-29 21:00:00+02:00;35231
2023-09-29 22:00:00+02:00;34797
2023-09-29 23:00:00+02:00;32405
2023-09-30 00:00:00+02:00;24528
2023-09-30 01:00:00+02:00;16746
2023-09-30 02:00:00+02:00;14875
2023-09-30 03:00:00+02:00;15708
2023-09-30 04:00:00+02:00;16431
2023-09-30 05:00:00+02:00;18825
2023-09-30 06:00:00+02:00;25221
2023-09-30 07:00:00+02:00;37802
2023-09-30 08:00:00+02:00;47544
2023-09-30 09:00:00+02:00;46801
2023-09-30 10:00:00+02:00;42477
2023-09-30 11:00:00+02:00;39262
2023-09-30 12:00:00+02:00;35563
2023-09-30 13:00:00+02:00;32851
2023-09-30 14:00:00+02:00;31178
2023-09-30 15:00:00+02:00;30149
2023-09-30 16:00:00+02:00;29348
2023-09-30 17:00:00+02:00;29429
2023-09-30 18:00:00+02:00;30636
2023-09-30 19:00:00+02:00;32096
2023-09-30 20:00:00+02:00;33821
2023-09-30 21:00:00+02:00;36018
2023-09-30 22:00:00+02:00;35559
2023-09-30 23:00:00+02:00;33105
2023-10-01 00:00:00+02:00;25075
2023-10-01 01:00:00+02:00;17126
2023-10-01 02:00:00+02:00;16980
2023-10-01 03:00:00+02:00;17937
2023-10-01 04:00:00+02:00;18780
2023-10-01 05:00:00+02:00;21393
2023-10-01 06:00:00+02:00;28455
2023-10-01 07:00:00+02:00;42253
2023-10-01 08:00:00+02:00;52952
2023-10-01 09:00:00+02:00;52202
2023-10-01 10:00:00+02:00;47554
2023-10-01 11:00:00+02:00;43941
2023-10-01 12:00:00+02:00;39882
2023-10-01 13:00:00+02:00;36893
2023-10-01 14:00:00+02:00;35017
2023-10-01 15:00:00+02:00;33934
2023-10-01 16:00:00+02:00;33074
2023-10-01 17:00:00+02:00;33255
2023-10-01 18:00:00+02:00;34595
2023-10-01 19:00:00+02:00;36211
2023-10-01 20:00:00+02:00;38061
2023-10-01 21:00:00+02:00;40385
2023-10-01 22:00:00+02:00;39824
2023-10-01 23:00:00+02:00;37026
2023-10-02 00:00:00+02:00;28087
2023-10-02 01:00:00+02:00;19403
2023-10-02 02:00:00+02:00;17093
2023-10-02 03:00:00+02:00;18292
2023-10-02 04:00:00+02:00;18654
2023-10-02 05:00:00+02:00;21201
2023-10-02 06:00:00+02:00;28235
2023-10-02 07:00:00+02:00;41908
2023-10-02 08:00:00+02:00;53652
2023-10-02 09:00:00+02:00;53024
2023-10-02 10:00:00+02:00;48409
2023-10-02 11:00:00+02:00;44601
2023-10-02 12:00:00+02:00;40654
2023-10-02 13:00:00+02:00;37367
2023-10-02 14:00:00+02:00;36124
2023-10-02 15:00:00+02:00;34464
2023-10-02 16:00:00+02:00;33634
2023-10-02 17:00:00+02:00;33773
2023-10-02 18:00:00+02:00;35138
2023-10-02 19:00:00+02:00;36749
2023-10-02 20:00:00+02:00;38709
2023-10-02 21:00:00+02:00;41194
2023-10-02 22:00:00+02:00;40454
2023-10-02 23:00:00+02:00;37691
2023-10-03 00:00:00+02:00;28659
2023-10-03 01:00:00+02:00;19697
2023-10-03 02:00:00+02:00;16429
2023-10-03 03:00:00+02:00;16358
2023-10-03 04:00:00+02:00;17488
2023-10-03 05:00:00+02:00;19333
2023-10-03 06:00:00+02:00;26387
2023-10-03 07:00:00+02:00;39871
2023-10-03 08:00:00+02:00;48591
2023-10-03 09:00:00+02:00;48182
2023-10-03 10:00:00+02:00;44332
2023-10-03 11:00:00+02:00;40735
2023-10-03 12:00:00+02:00;37160
2023-10-03 13:00:00+02:00;34959
2023-10-03 14:00:00+02:00;33329
2023-10-03 15:00:00+02:00;30989
2023-10-03 16:00:00+02:00;29821
2023-10-03 17:00:00+02:00;30160
2023-10-03 18:00:00+02:00;31357
2023-10-03 19:00:00+02:00;33641
2023-10-03 20:00:00+02:00;36046
2023-10-03 21:00:00+02:00;38106
2023-10-03 22:00:00+02:00;37452
2023-10-03 23:00:00+02:00;35085
2023-10-04 00:00:00+02:00;26834
2023-10-04 01:00:00+02:00;18965
2023-10-04 02:00:00+02:00;16111
2023-10-04 03:00:00+02:00;17273
2023-10-04 04:00:00+02:00;17769
2023-10-04 05:00:00+02:00;21001
2023-10-04 06:00:00+02:00;29986
2023-10-04 07:00:00+02:00;45144
2023-10-04 08:00:00+02:00;48150
2023-10-04 09:00:00+02:00;47767
2023-10-04 10:00:00+02:00;42546
2023-10-04 11:00:00+02:00;38893
2023-10-04 12:00:00+02:00;36000
2023-10-04 13:00:00+02:00;33913
2023-10-04 14:00:00+02:00;32342
2023-10-04 15:00:00+02:00;30918
2023-10-04 16:00:00+02:00;30885
2023-10-04 17:00:00+02:00;31080
2023-10-04 18:00:00+02:00;32629
2023-10-04 19:00:00+02:00;34401
2023-10-04 20:00:00+02:00;36542
2023-10-04 21:00:00+02:00;38843
2023-10-04 22:00:00+02:00;38675
2023-10-04 23:00:00+02:00;35714
2023-10-05 00:00:00+02:00;27557
2023-10-05 01:00:00+02:00;19173
2023-10-05 02:00:00+02:00;12160
2023-10-05 03:00:00+02:00;12864
2023-10-05 04:00:00+02:00;13441
2023-10-05 05:00:00+02:00;15630
2023-10-05 06:00:00+02:00;20977
2023-10-05 07:00:00+02:00;31569
2023-10-05 08:00:00+02:00;39784
2023-10-05 09:00:00+02:00;39088
2023-10-05 10:00:00+02:00;35030
2023-10-05 11:00:00+02:00;32608
2023-10-05 12:00:00+02:00;29518
2023-10-05 13:00:00+02:00;27229
2023-10-05 14:00:00+02:00;25832
2023-10-05 15:00:00+02:00;24886
2023-10-05 16:00:00+02:00;24252
2023-10-05 17:00:00+02:00;24414
2023-10-05 18:00:00+02:00;25197
2023-10-05 19:00:00+02:00;26728
2023-10-05 20:00:00+02:00;28309
2023-10-05 21:00:00+02:00;30251
2023-10-05 22:00:00+02:00;30008
2023-10-05 23:00:00+02:00;27920
2023-10-06 00:00:00+02:00;21155
2023-10-06 01:00:00+02:00;14368
2023-10-06 02:00:00+02:00;8910
2023-10-06 03:00:00+02:00;9573
2023-10-06 04:00:00+02:00;9770
2023-10-06 05:00:00+02:00;11621
2023-10-06 06:00:00+02:00;16531
2023-10-06 07:00:00+02:00;26404
2023-10-06 08:00:00+02:00;33511
2023-10-06 09:00:00+02:00;32626
2023-10-06 10:00:00+02:00;28472
2023-10-06 11:00:00+02:00;26892
2023-10-06 12:00:00+02:00;24103
2023-10-06 13:00:00+02:00;22289
2023-10-06 14:00:00+02:00;21348
2023-10-06 15:00:00+02:00;19845
2023-10-06 16:00:00+02:00;19208
2023-10-06 17:00:00+02:00;18531
2023-10-06 18:00:00+02:00;19468
2023-10-06 19:00:00+02:00;20468
2023-10-06 20:00:00+02:00;21605
2023-10-06 21:00:00+02:00;23298
2023-10-06 22:00:00+02:00;23566
2023-10-06 23:00:00+02:00;21753
2023-10-07 00:00:00+02:00;16698
2023-10-07 01:00:00+02:00;11030
2023-10-07 02:00:00+02:00;11340
2023-10-07 03:00:00+02:00;11943
2023-10-07 04:00:00+02:00;12460
2023-10-07 05:00:00+02:00;14403
2023-10-07 06:00:00+02:00;19511
2023-10-07 07:00:00+02:00;29606
2023-10-07 08:00:00+02:00;37465
2023-10-07 09:00:00+02:00;36776
2023-10-07 10:00:00+02:00;33253
2023-10-07 11:00:00+02:00;30822
2023-10-07 12:00:00+02:00;27811
2023-10-07 13:00:00+02:00;25681
2023-10-07 14:00:00+02:00;24387
2023-10-07 15:00:00+02:00;23512
2023-10-07 16:00:00+02:00;22869
2023-10-07 17:00:00+02:00;22812
2023-10-07 18:00:00+02:00;23837
2023-10-07 19:00:00+02:00;24995
2023-10-07 20:00:00+02:00;26377
2023-10-07 21:00:00+02:00;28162
2023-10-07 22:00:00+02:00;27889
2023-10-07 23:00:00+02:00;25974
2023-10-08 00:00:00+02:00;19619
2023-10-08 01:00:00+02:00;13239
2023-10-08 02:00:00+02:00;14149
2023-10-08 03:00:00+02:00;14908
2023-10-08 04:00:00+02:00;15638
2023-10-08 05:00:00+02:00;17892
2023-10-08 06:00:00+02:00;24021
2023-10-08 07:00:00+02:00;36054
2023-10-08 08:00:00+02:00;45450
2023-10-08 09:00:00+02:00;44767
2023-10-08 10:00:00+02:00;40607
2023-10-08 11:00:00+02:00;37530
2023-10-08 12:00:00+02:00;33944
2023-10-08 13:00:00+02:00;31337
2023-10-08 14:00:00+02:00;29686
2023-10-08 15:00:00+02:00;28744
2023-10-08 16:00:00+02:00;27939
2023-10-08 17:00:00+02:00;28044
2023-10-08 18:00:00+02:00;29226
2023-10-08 19:00:00+02:00;30607
2023-10-08 20:00:00+02:00;32294
2023-10-08 21:00:00+02:00;34428
2023-10-08 22:00:00+02:00;33994
2023-10-08 23:00:00+02:00;31689
2023-10-09 00:00:00+02:00;23955
2023-10-09 01:00:00+02:00;16294
2023-10-09 02:00:00+02:00;16611
2023-10-09 03:00:00+02:00;17783
2023-10-09 04:00:00+02:00;18137
2023-10-09 05:00:00+02:00;20633
2023-10-09 06:00:00+02:00;27562
2023-10-09 07:00:00+02:00;41047
2023-10-09 08:00:00+02:00;52651
2023-10-09 09:00:00+02:00;52044
2023-10-09 10:00:00+02:00;47428
2023-10-09 11:00:00+02:00;43667
2023-10-09 12:00:00+02:00;39764
2023-10-09 13:00:00+02:00;36498
2023-10-09 14:00:00+02:00;35284
2023-10-09 15:00:00+02:00;33633
2023-10-09 16:00:00+02:00;32776
2023-10-09 17:00:00+02:00;32907
2023-10-09 18:00:00+02:00;34243
2023-10-09 19:00:00+02:00;35823
2023-10-09 20:00:00+02:00;37788
2023-10-09 21:00:00+02:00;40315
2023-10-09 22:00:00+02:00;39595
2023-10-09 23:00:00+02:00;36940
2023-10-10 00:00:00+02:00;28057
2023-10-10 01:00:00+02:00;19164
2023-10-10 02:00:00+02:00;18273
2023-10-10 03:00:00+02:00;18215
2023-10-10 04:00:00+02:00;19391
2023-10-10 05:00:00+02:00;21470
2023-10-10 06:00:00+02:00;29216
2023-10-10 07:00:00+02:00;43944
2023-10-10 08:00:00+02:00;53608
2023-10-10 09:00:00+02:00;53210
2023-10-10 10:00:00+02:00;48908
2023-10-10 11:00:00+02:00;44916
2023-10-10 12:00:00+02:00;41060
2023-10-10 13:00:00+02:00;38554
2023-10-10 14:00:00+02:00;36772
2023-10-10 15:00:00+02:00;34174
2023-10-10 16:00:00+02:00;33007
2023-10-10 17:00:00+02:00;33375
2023-10-10 18:00:00+02:00;34653
2023-10-10 19:00:00+02:00;37099
2023-10-10 20:00:00+02:00;39735
2023-10-10 21:00:00+02:00;41959
2023-10-10 22:00:00+02:00;41230
2023-10-10 23:00:00+02:00;38640
2023-10-11 00:00:00+02:00;29601
2023-10-11 01:00:00+02:00;20963
2023-10-11 02:00:00+02:00;18314
2023-10-11 03:00:00+02:00;19745
2023-10-11 04:00:00+02:00;20207
2023-10-11 05:00:00+02:00;23848
2023-10-11 06:00:00+02:00;33711
2023-10-11 07:00:00+02:00;50317
2023-10-11 08:00:00+02:00;53508
2023-10-11 09:00:00+02:00;53013
2023-10-11 10:00:00+02:00;47292
2023-10-11 11:00:00+02:00;43322
2023-10-11 12:00:00+02:00;40139
2023-10-11 13:00:00+02:00;37849
2023-10-11 14:00:00+02:00;36145
2023-10-11 15:00:00+02:00;34599
2023-10-11 16:00:00+02:00;34617
2023-10-11 17:00:00+02:00;34840
2023-10-11 18:00:00+02:00;36604
2023-10-11 19:00:00+02:00;38604
2023-10-11 20:00:00+02:00;40903
2023-10-11 21:00:00+02:00;43329
2023-10-11 22:00:00+02:00;43143
2023-10-11 23:00:00+02:00;39822
2023-10-12 00:00:00+02:00;30843
2023-10-12 01:00:00+02:00;21656
2023-10-12 02:00:00+02:00;20320
2023-10-12 03:00:00+02:00;21654
2023-10-12 04:00:00+02:00;22538
2023-10-12 05:00:00+02:00;25759
2023-10-12 06:00:00+02:00;33409
2023-10-12 07:00:00+02:00;48090
2023-10-12 08:00:00+02:00;59424
2023-10-12 09:00:00+02:00;58564
2023-10-12 10:00:00+02:00;53575
2023-10-12 11:00:00+02:00;49791
2023-10-12 12:00:00+02:00;45632
2023-10-12 13:00:00+02:00;42296
2023-10-12 14:00:00+02:00;40494
2023-10-12 15:00:00+02:00;39278
2023-10-12 16:00:00+02:00;38656
2023-10-12 17:00:00+02:00;39256
2023-10-12 18:00:00+02:00;40653
2023-10-12 19:00:00+02:00;42827
2023-10-12 20:00:00+02:00;44943
2023-10-12 21:00:00+02:00;47077
2023-10-12 22:00:00+02:00;46345
2023-10-12 23:00:00+02:00;42749
2023-10-13 00:00:00+02:00;32659
2023-10-13 01:00:00+02:00;23342
2023-10-13 02:00:00+02:00;24481
2023-10-13 03:00:00+02:00;25891
2023-10-13 04:00:00+02:00;26700
2023-10-13 05:00:00+02:00;30117
2023-10-13 06:00:00+02:00;38130
2023-10-13 07:00:00+02:00;52861
2023-10-13 08:00:00+02:00;64510
2023-10-13 09:00:00+02:00;63577
2023-10-13 10:00:00+02:00;60443
2023-10-13 11:00:00+02:00;55808
2023-10-13 12:00:00+02:00;51475
2023-10-13 13:00:00+02:00;48341
2023-10-13 14:00:00+02:00;46575
2023-10-13 15:00:00+02:00;45756
2023-10-13 16:00:00+02:00;45619
2023-10-13 17:00:00+02:00;46233
2023-10-13 18:00:00+02:00;48158
2023-10-13 19:00:00+02:00;50340
2023-10-13 20:00:00+02:00;51590
2023-10-13 21:00:00+02:00;52861
2023-10-13 22:00:00+02:00;51729
2023-10-13 23:00:00+02:00;47227
2023-10-14 00:00:00+02:00;36025
2023-10-14 01:00:00+02:00;27178
2023-10-14 02:00:00+02:00;30898
2023-10-14 03:00:00+02:00;32663
2023-10-14 04:00:00+02:00;33585
2023-10-14 05:00:00+02:00;37639
2023-10-14 06:00:00+02:00;46723
2023-10-14 07:00:00+02:00;63558
2023-10-14 08:00:00+02:00;76883
2023-10-14 09:00:00+02:00;75758
2023-10-14 10:00:00+02:00;72899
2023-10-14 11:00:00+02:00;67454
2023-10-14 12:00:00+02:00;62633
2023-10-14 13:00:00+02:00;59080
2023-10-14 14:00:00+02:00;57173
2023-10-14 15:00:00+02:00;56344
2023-10-14 16:00:00+02:00;56512
2023-10-14 17:00:00+02:00;57419
2023-10-14 18:00:00+02:00;59760
2023-10-14 19:00:00+02:00;62327
2023-10-14 20:00:00+02:00;63411
2023-10-14 21:00:00+02:00;64310
2023-10-14 22:00:00+02:00;62754
2023-10-14 23:00:00+02:00;57071
2023-10-15 00:00:00+02:00;43708
2023-10-15 01:00:00+02:00;33906
2023-10-15 02:00:00+02:00;35924
2023-10-15 03:00:00+02:00;37912
2023-10-15 04:00:00+02:00;38910
2023-10-15 05:00:00+02:00;43326
2023-10-15 06:00:00+02:00;53033
2023-10-15 07:00:00+02:00;71400
2023-10-15 08:00:00+02:00;85823
2023-10-15 09:00:00+02:00;84557
2023-10-15 10:00:00+02:00;81910
2023-10-15 11:00:00+02:00;76127
2023-10-15 12:00:00+02:00;71028
2023-10-15 13:00:00+02:00;67222
2023-10-15 14:00:00+02:00;65134
2023-10-15 15:00:00+02:00;64378
2023-10-15 16:00:00+02:00;64704
2023-10-15 17:00:00+02:00;65794
2023-10-15 18:00:00+02:00;68451
2023-10-15 19:00:00+02:00;71189
2023-10-15 20:00:00+02:00;72067
2023-10-15 21:00:00+02:00;72591
2023-10-15 22:00:00+02:00;70757
2023-10-15 23:00:00+02:00;64179
2023-10-16 00:00:00+02:00;49492
2023-10-16 01:00:00+02:00;39080
2023-10-16 02:00:00+02:00;36262
2023-10-16 03:00:00+02:00;38362
2023-10-16 04:00:00+02:00;39249
2023-10-16 05:00:00+02:00;43290
2023-10-16 06:00:00+02:00;52857
2023-10-16 07:00:00+02:00;71155
2023-10-16 08:00:00+02:00;87435
2023-10-16 09:00:00+02:00;86068
2023-10-16 10:00:00+02:00;83369
2023-10-16 11:00:00+02:00;77576
2023-10-16 12:00:00+02:00;72779
2023-10-16 13:00:00+02:00;68966
2023-10-16 14:00:00+02:00;66754
2023-10-16 15:00:00+02:00;65597
2023-10-16 16:00:00+02:00;66227
2023-10-16 17:00:00+02:00;67278
2023-10-16 18:00:00+02:00;69842
2023-10-16 19:00:00+02:00;72370
2023-10-16 20:00:00+02:00;73695
2023-10-16 21:00:00+02:00;73885
2023-10-16 22:00:00+02:00;71873
2023-10-16 23:00:00+02:00;65232
2023-10-17 00:00:00+02:00;50584
2023-10-17 01:00:00+02:00;40087
2023-10-17 02:00:00+02:00;32283
2023-10-17 03:00:00+02:00;33531
2023-10-17 04:00:00+02:00;34592
2023-10-17 05:00:00+02:00;38546
2023-10-17 06:00:00+02:00;48067
2023-10-17 07:00:00+02:00;66628
2023-10-17 08:00:00+02:00;79379
2023-10-17 09:00:00+02:00;77007
2023-10-17 10:00:00+02:00;73619
2023-10-17 11:00:00+02:00;68614
2023-10-17 12:00:00+02:00;63473
2023-10-17 13:00:00+02:00;61469
2023-10-17 14:00:00+02:00;59249
2023-10-17 15:00:00+02:00;56231
2023-10-17 16:00:00+02:00;55341
2023-10-17 17:00:00+02:00;57140
2023-10-17 18:00:00+02:00;60247
2023-10-17 19:00:00+02:00;63936
2023-10-17 20:00:00+02:00;66028
2023-10-17 21:00:00+02:00;66066
2023-10-17 22:00:00+02:00;64835
2023-10-17 23:00:00+02:00;59021
2023-10-18 00:00:00+02:00;46678
2023-10-18 01:00:00+02:00;36184
2023-10-18 02:00:00+02:00;29736
2023-10-18 03:00:00+02:00;32835
2023-10-18 04:00:00+02:00;31646
2023-10-18 05:00:00+02:00;35923
2023-10-18 06:00:00+02:00;46713
2023-10-18 07:00:00+02:00;66291
2023-10-18 08:00:00+02:00;71344
2023-10-18 09:00:00+02:00;68165
2023-10-18 10:00:00+02:00;63624
2023-10-18 11:00:00+02:00;59780
2023-10-18 12:00:00+02:00;55695
2023-10-18 13:00:00+02:00;53618
2023-10-18 14:00:00+02:00;51770
2023-10-18 15:00:00+02:00;50448
2023-10-18 16:00:00+02:00;51529
2023-10-18 17:00:00+02:00;52061
2023-10-18 18:00:00+02:00;55320
2023-10-18 19:00:00+02:00;58564
2023-10-18 20:00:00+02:00;60183
2023-10-18 21:00:00+02:00;61243
2023-10-18 22:00:00+02:00;60852
2023-10-18 23:00:00+02:00;55151
2023-10-19 00:00:00+02:00;44021
2023-10-19 01:00:00+02:00;33512
2023-10-19 02:00:00+02:00;27376
2023-10-19 03:00:00+02:00;29203
2023-10-19 04:00:00+02:00;30089
2023-10-19 05:00:00+02:00;33967
2023-10-19 06:00:00+02:00;42537
2023-10-19 07:00:00+02:00;58028
2023-10-19 08:00:00+02:00;70256
2023-10-19 09:00:00+02:00;69214
2023-10-19 10:00:00+02:00;65490
2023-10-19 11:00:00+02:00;60983
2023-10-19 12:00:00+02:00;56655
2023-10-19 13:00:00+02:00;52968
2023-10-19 14:00:00+02:00;51428
2023-10-19 15:00:00+02:00;50289
2023-10-19 16:00:00+02:00;50206
2023-10-19 17:00:00+02:00;51177
2023-10-19 18:00:00+02:00;53547
2023-10-19 19:00:00+02:00;55973
2023-10-19 20:00:00+02:00;57996
2023-10-19 21:00:00+02:00;59037
2023-10-19 22:00:00+02:00;57612
2023-10-19 23:00:00+02:00;52458
2023-10-20 00:00:00+02:00;40329
2023-10-20 01:00:00+02:00;30689
2023-10-20 02:00:00+02:00;26353
2023-10-20 03:00:00+02:00;27850
2023-10-20 04:00:00+02:00;28748
2023-10-20 05:00:00+02:00;32342
2023-10-20 06:00:00+02:00;40792
2023-10-20 07:00:00+02:00;56421
2023-10-20 08:00:00+02:00;68799
2023-10-20 09:00:00+02:00;67835
2023-10-20 10:00:00+02:00;64568
2023-10-20 11:00:00+02:00;59628
2023-10-20 12:00:00+02:00;55059
2023-10-20 13:00:00+02:00;51715
2023-10-20 14:00:00+02:00;49801
2023-10-20 15:00:00+02:00;48991
2023-10-20 16:00:00+02:00;48842
2023-10-20 17:00:00+02:00;49565
2023-10-20 18:00:00+02:00;51596
2023-10-20 19:00:00+02:00;53891
2023-10-20 20:00:00+02:00;55213
2023-10-20 21:00:00+02:00;56535
2023-10-20 22:00:00+02:00;55273
2023-10-20 23:00:00+02:00;50488
2023-10-21 00:00:00+02:00;38545
2023-10-21 01:00:00+02:00;29151
2023-10-21 02:00:00+02:00;26761
2023-10-21 03:00:00+02:00;28289
2023-10-21 04:00:00+02:00;29164
2023-10-21 05:00:00+02:00;32816
2023-10-21 06:00:00+02:00;41223
2023-10-21 07:00:00+02:00;56750
2023-10-21 08:00:00+02:00;69085
2023-10-21 09:00:00+02:00;68097
2023-10-21 10:00:00+02:00;65054
2023-10-21 11:00:00+02:00;60050
2023-10-21 12:00:00+02:00;55517
2023-10-21 13:00:00+02:00;52193
2023-10-21 14:00:00+02:00;50358
2023-10-21 15:00:00+02:00;49559
2023-10-21 16:00:00+02:00;49528
2023-10-21 17:00:00+02:00;50292
2023-10-21 18:00:00+02:00;52355
2023-10-21 19:00:00+02:00;54690
2023-10-21 20:00:00+02:00;55936
2023-10-21 21:00:00+02:00;57136
2023-10-21 22:00:00+02:00;55811
2023-10-21 23:00:00+02:00;50931
2023-10-22 00:00:00+02:00;38843
2023-10-22 01:00:00+02:00;29561
2023-10-22 02:00:00+02:00;23193
2023-10-22 03:00:00+02:00;24491
2023-10-22 04:00:00+02:00;25516
2023-10-22 05:00:00+02:00;28785
2023-10-22 06:00:00+02:00;37152
2023-10-22 07:00:00+02:00;53121
2023-10-22 08:00:00+02:00;65672
2023-10-22 09:00:00+02:00;64825
2023-10-22 10:00:00+02:00;60380
2023-10-22 11:00:00+02:00;55697
2023-10-22 12:00:00+02:00;51019
2023-10-22 13:00:00+02:00;47525
2023-10-22 14:00:00+02:00;45371
2023-10-22 15:00:00+02:00;44396
2023-10-22 16:00:00+02:00;43738
2023-10-22 17:00:00+02:00;44301
2023-10-22 18:00:00+02:00;46044
2023-10-22 19:00:00+02:00;48121
2023-10-22 20:00:00+02:00;49963
2023-10-22 21:00:00+02:00;52099
2023-10-22 22:00:00+02:00;51077
2023-10-22 23:00:00+02:00;47138
2023-10-23 00:00:00+02:00;35862
2023-10-23 01:00:00+02:00;25933
2023-10-23 02:00:00+02:00;20314
2023-10-23 03:00:00+02:00;21704
2023-10-23 04:00:00+02:00;22164
2023-10-23 05:00:00+02:00;25026
2023-10-23 06:00:00+02:00;32788
2023-10-23 07:00:00+02:00;47725
2023-10-23 08:00:00+02:00;60757
2023-10-23 09:00:00+02:00;60050
2023-10-23 10:00:00+02:00;55421
2023-10-23 11:00:00+02:00;51023
2023-10-23 12:00:00+02:00;46730
2023-10-23 13:00:00+02:00;43148
2023-10-23 14:00:00+02:00;41728
2023-10-23 15:00:00+02:00;40055
2023-10-23 16:00:00+02:00;39333
2023-10-23 17:00:00+02:00;39645
2023-10-23 18:00:00+02:00;41210
2023-10-23 19:00:00+02:00;43053
2023-10-23 20:00:00+02:00;45095
2023-10-23 21:00:00+02:00;47530
2023-10-23 22:00:00+02:00;46552
2023-10-23 23:00:00+02:00;43208
2023-10-24 00:00:00+02:00;32906
2023-10-24 01:00:00+02:00;23177
2023-10-24 02:00:00+02:00;19178
2023-10-24 03:00:00+02:00;19160
2023-10-24 04:00:00+02:00;20363
2023-10-24 05:00:00+02:00;22539
2023-10-24 06:00:00+02:00;30463
2023-10-24 07:00:00+02:00;45501
2023-10-24 08:00:00+02:00;55409
2023-10-24 09:00:00+02:00;54975
2023-10-24 10:00:00+02:00;50689
2023-10-24 11:00:00+02:00;46534
2023-10-24 12:00:00+02:00;42583
2023-10-24 13:00:00+02:00;40053
2023-10-24 14:00:00+02:00;38230
2023-10-24 15:00:00+02:00;35594
2023-10-24 16:00:00+02:00;34428
2023-10-24 17:00:00+02:00;34905
2023-10-24 18:00:00+02:00;36260
2023-10-24 19:00:00+02:00;38810
2023-10-24 20:00:00+02:00;41516
2023-10-24 21:00:00+02:00;43678
2023-10-24 22:00:00+02:00;42894
2023-10-24 23:00:00+02:00;40137
2023-10-25 00:00:00+02:00;30782
2023-10-25 01:00:00+02:00;21932
2023-10-25 02:00:00+02:00;18183
2023-10-25 03:00:00+02:00;19561
2023-10-25 04:00:00+02:00;20091
2023-10-25 05:00:00+02:00;23778
2023-10-25 06:00:00+02:00;33762
2023-10-25 07:00:00+02:00;50425
2023-10-25 08:00:00+02:00;53572
2023-10-25 09:00:00+02:00;53247
2023-10-25 10:00:00+02:00;47451
2023-10-25 11:00:00+02:00;43327
2023-10-25 12:00:00+02:00;40158
2023-10-25 13:00:00+02:00;37819
2023-10-25 14:00:00+02:00;36092
2023-10-25 15:00:00+02:00;34534
2023-10-25 16:00:00+02:00;34523
2023-10-25 17:00:00+02:00;34780
2023-10-25 18:00:00+02:00;36501
2023-10-25 19:00:00+02:00;38465
2023-10-25 20:00:00+02:00;40866
2023-10-25 21:00:00+02:00;43411
2023-10-25 22:00:00+02:00;43167
2023-10-25 23:00:00+02:00;39882
2023-10-26 00:00:00+02:00;30827
2023-10-26 01:00:00+02:00;21539
2023-10-26 02:00:00+02:00;18006
2023-10-26 03:00:00+02:00;19168
2023-10-26 04:00:00+02:00;20111
2023-10-26 05:00:00+02:00;23133
2023-10-26 06:00:00+02:00;30577
2023-10-26 07:00:00+02:00;45264
2023-10-26 08:00:00+02:00;56560
2023-10-26 09:00:00+02:00;55769
2023-10-26 10:00:00+02:00;50162
2023-10-26 11:00:00+02:00;46539
2023-10-26 12:00:00+02:00;42348
2023-10-26 13:00:00+02:00;39054
2023-10-26 14:00:00+02:00;37067
2023-10-26 15:00:00+02:00;35834
2023-10-26 16:00:00+02:00;34955
2023-10-26 17:00:00+02:00;35482
2023-10-26 18:00:00+02:00;36480
2023-10-26 19:00:00+02:00;38615
2023-10-26 20:00:00+02:00;40836
2023-10-26 21:00:00+02:00;43496
2023-10-26 22:00:00+02:00;42999
2023-10-26 23:00:00+02:00;39975
2023-10-27 00:00:00+02:00;30423
2023-10-27 01:00:00+02:00;20967
2023-10-27 02:00:00+02:00;15925
2023-10-27 03:00:00+02:00;16806
2023-10-27 04:00:00+02:00;17586
2023-10-27 05:00:00+02:00;20062
2023-10-27 06:00:00+02:00;26711
2023-10-27 07:00:00+02:00;39662
2023-10-27 08:00:00+02:00;49767
2023-10-27 09:00:00+02:00;49034
2023-10-27 10:00:00+02:00;44702
2023-10-27 11:00:00+02:00;41315
2023-10-27 12:00:00+02:00;37479
2023-10-27 13:00:00+02:00;34678
2023-10-27 14:00:00+02:00;32925
2023-10-27 15:00:00+02:00;31919
2023-10-27 16:00:00+02:00;31125
2023-10-27 17:00:00+02:00;31282
2023-10-27 18:00:00+02:00;32575
2023-10-27 19:00:00+02:00;34102
2023-10-27 20:00:00+02:00;35837
2023-10-27 21:00:00+02:00;38011
2023-10-27 22:00:00+02:00;37492
2023-10-27 23:00:00+02:00;34850
2023-10-28 00:00:00+02:00;26407
2023-10-28 01:00:00+02:00;18231
2023-10-28 02:00:00+02:00;17239
2023-10-28 03:00:00+02:00;18189
2023-10-28 04:00:00+02:00;19051
2023-10-28 05:00:00+02:00;21703
2023-10-28 06:00:00+02:00;28762
2023-10-28 07:00:00+02:00;42532
2023-10-28 08:00:00+02:00;53309
2023-10-28 09:00:00+02:00;52556
2023-10-28 10:00:00+02:00;48052
2023-10-28 11:00:00+02:00;44304
2023-10-28 12:00:00+02:00;40246
2023-10-28 13:00:00+02:00;37219
2023-10-28 14:00:00+02:00;35326
2023-10-28 15:00:00+02:00;34338
2023-10-28 16:00:00+02:00;33508
2023-10-28 17:00:00+02:00;33769
2023-10-28 18:00:00+02:00;35111
2023-10-28 19:00:00+02:00;36761
2023-10-28 20:00:00+02:00;38642
2023-10-28 21:00:00+02:00;40977
2023-10-28 22:00:00+02:00;40324
2023-10-28 23:00:00+02:00;37514
2023-10-29 00:00:00+02:00;28403
2023-10-29 01:00:00+02:00;19634
2023-10-29 02:00:00+02:00;19299
2023-10-29 02:00:00+01:00;20359
2023-10-29 03:00:00+01:00;21319
2023-10-29 04:00:00+01:00;24162
2023-10-29 05:00:00+01:00;31740
2023-10-29 06:00:00+01:00;46375
2023-10-29 07:00:00+01:00;57873
2023-10-29 08:00:00+01:00;57121
2023-10-29 09:00:00+01:00;52538
2023-10-29 10:00:00+01:00;48436
2023-10-29 11:00:00+01:00;44106
2023-10-29 12:00:00+01:00;40882
2023-10-29 13:00:00+01:00;38841
2023-10-29 14:00:00+01:00;37864
2023-10-29 15:00:00+01:00;37040
2023-10-29 16:00:00+01:00;37428
2023-10-29 17:00:00+01:00;38911
2023-10-29 18:00:00+01:00;40706
2023-10-29 19:00:00+01:00;42626
2023-10-29 20:00:00+01:00;44956
2023-10-29 21:00:00+01:00;44180
2023-10-29 22:00:00+01:00;41009
2023-10-29 23:00:00+01:00;31089
2023-10-30 00:00:00+01:00;21814
2023-10-30 01:00:00+01:00;19198
2023-10-30 02:00:00+01:00;20503
2023-10-30 03:00:00+01:00;20920
2023-10-30 04:00:00+01:00;23654
2023-10-30 05:00:00+01:00;30959
2023-10-30 06:00:00+01:00;44926
2023-10-30 07:00:00+01:00;57093
2023-10-30 08:00:00+01:00;56376
2023-10-30 09:00:00+01:00;52154
2023-10-30 10:00:00+01:00;48066
2023-10-30 11:00:00+01:00;44051
2023-10-30 12:00:00+01:00;40753
2023-10-30 13:00:00+01:00;39413
2023-10-30 14:00:00+01:00;37863
2023-10-30 15:00:00+01:00;37271
2023-10-30 16:00:00+01:00;37544
2023-10-30 17:00:00+01:00;39052
2023-10-30 18:00:00+01:00;40790
2023-10-30 19:00:00+01:00;42656
2023-10-30 20:00:00+01:00;44796
2023-10-30 21:00:00+01:00;43900
2023-10-30 22:00:00+01:00;40656
2023-10-30 23:00:00+01:00;30977
2023-10-31 00:00:00+01:00;21958
2023-10-31 01:00:00+01:00;19524
2023-10-31 02:00:00+01:00;19713
2023-10-31 03:00:00+01:00;20796
2023-10-31 04:00:00+01:00;23142
2023-10-31 05:00:00+01:00;31016
2023-10-31 06:00:00+01:00;46009
2023-10-31 07:00:00+01:00;55846
2023-10-31 08:00:00+01:00;55093
2023-10-31 09:00:00+01:00;50965
2023-10-31 10:00:00+01:00;47011
2023-10-31 11:00:00+01:00;43006
2023-10-31 12:00:00+01:00;40672
2023-10-31 13:00:00+01:00;38890
2023-10-31 14:00:00+01:00;36241
2023-10-31 15:00:00+01:00;35120
2023-10-31 16:00:00+01:00;35644
2023-10-31 17:00:00+01:00;37194
2023-10-31 18:00:00+01:00;39755
2023-10-31 19:00:00+01:00;42192
2023-10-31 20:00:00+01:00;44052
2023-10-31 21:00:00+01:00;43339
2023-10-31 22:00:00+01:00;40303
2023-10-31 23:00:00+01:00;31112
2023-11-01 00:00:00+01:00;22414
2023-11-01 01:00:00+01:00;20209
2023-11-01 02:00:00+01:00;21971
2023-11-01 03:00:00+01:00;22041
2023-11-01 04:00:00+01:00;25654
2023-11-01 05:00:00+01:00;35410
2023-11-01 06:00:00+01:00;52307
2023-11-01 07:00:00+01:00;55902
2023-11-01 08:00:00+01:00;54685
2023-11-01 09:00:00+01:00;49339
2023-11-01 10:00:00+01:00;45663
2023-11-01 11:00:00+01:00;42326
2023-11-01 12:00:00+01:00;40175
2023-11-01 13:00:00+01:00;38492
2023-11-01 14:00:00+01:00;37011
2023-11-01 15:00:00+01:00;37250
2023-11-01 16:00:00+01:00;37468
2023-11-01 17:00:00+01:00;39536
2023-11-01 18:00:00+01:00;41778
2023-11-01 19:00:00+01:00;43792
2023-11-01 20:00:00+01:00;45797
2023-11-01 21:00:00+01:00;45663
2023-11-01 22:00:00+01:00;41908
2023-11-01 23:00:00+01:00;32765
2023-11-02 00:00:00+01:00;23577
2023-11-02 01:00:00+01:00;23248
2023-11-02 02:00:00+01:00;24776
2023-11-02 03:00:00+01:00;25497
2023-11-02 04:00:00+01:00;28898
2023-11-02 05:00:00+01:00;36498
2023-11-02 06:00:00+01:00;50374
2023-11-02 07:00:00+01:00;61236
2023-11-02 08:00:00+01:00;60252
2023-11-02 09:00:00+01:00;56656
2023-11-02 10:00:00+01:00;52832
2023-11-02 11:00:00+01:00;48936
2023-11-02 12:00:00+01:00;45724
2023-11-02 13:00:00+01:00;44342
2023-11-02 14:00:00+01:00;43227
2023-11-02 15:00:00+01:00;43090
2023-11-02 16:00:00+01:00;43758
2023-11-02 17:00:00+01:00;45802
2023-11-02 18:00:00+01:00;47930
2023-11-02 19:00:00+01:00;49738
2023-11-02 20:00:00+01:00;50825
2023-11-02 21:00:00+01:00;49723
2023-11-02 22:00:00+01:00;45321
2023-11-02 23:00:00+01:00;34814
2023-11-03 00:00:00+01:00;26234
2023-11-03 01:00:00+01:00;20433
2023-11-03 02:00:00+01:00;21607
2023-11-03 03:00:00+01:00;22466
2023-11-03 04:00:00+01:00;25468
2023-11-03 05:00:00+01:00;33151
2023-11-03 06:00:00+01:00;47836
2023-11-03 07:00:00+01:00;59285
2023-11-03 08:00:00+01:00;58435
2023-11-03 09:00:00+01:00;54129
2023-11-03 10:00:00+01:00;50028
2023-11-03 11:00:00+01:00;45728
2023-11-03 12:00:00+01:00;42575
2023-11-03 13:00:00+01:00;40672
2023-11-03 14:00:00+01:00;39615
2023-11-03 15:00:00+01:00;38986
2023-11-03 16:00:00+01:00;39320
2023-11-03 17:00:00+01:00;40913
2023-11-03 18:00:00+01:00;42791
2023-11-03 19:00:00+01:00;44478
2023-11-03 20:00:00+01:00;46497
2023-11-03 21:00:00+01:00;45714
2023-11-03 22:00:00+01:00;42172
2023-11-03 23:00:00+01:00;32101
2023-11-04 00:00:00+01:00;23047
2023-11-04 01:00:00+01:00;17267
2023-11-04 02:00:00+01:00;18241
2023-11-04 03:00:00+01:00;19011
2023-11-04 04:00:00+01:00;21672
2023-11-04 05:00:00+01:00;28578
2023-11-04 06:00:00+01:00;41984
2023-11-04 07:00:00+01:00;52424
2023-11-04 08:00:00+01:00;51618
2023-11-04 09:00:00+01:00;47379
2023-11-04 10:00:00+01:00;43785
2023-11-04 11:00:00+01:00;39854
2023-11-04 12:00:00+01:00;36968
2023-11-04 13:00:00+01:00;35219
2023-11-04 14:00:00+01:00;34195
2023-11-04 15:00:00+01:00;33497
2023-11-04 16:00:00+01:00;33697
2023-11-04 17:00:00+01:00;35071
2023-11-04 18:00:00+01:00;36714
2023-11-04 19:00:00+01:00;38406
2023-11-04 20:00:00+01:00;40498
2023-11-04 21:00:00+01:00;39882
2023-11-04 22:00:00+01:00;36956
2023-11-04 23:00:00+01:00;28049
2023-11-05 00:00:00+01:00;19666
2023-11-05 01:00:00+01:00;15804
2023-11-05 02:00:00+01:00;16659
2023-11-05 03:00:00+01:00;17416
2023-11-05 04:00:00+01:00;19851
2023-11-05 05:00:00+01:00;26320
2023-11-05 06:00:00+01:00;38898
2023-11-05 07:00:00+01:00;48760
2023-11-05 08:00:00+01:00;48029
2023-11-05 09:00:00+01:00;43941
2023-11-05 10:00:00+01:00;40619
2023-11-05 11:00:00+01:00;36883
2023-11-05 12:00:00+01:00;34164
2023-11-05 13:00:00+01:00;32464
2023-11-05 14:00:00+01:00;31528
2023-11-05 15:00:00+01:00;30797
2023-11-05 16:00:00+01:00;30979
2023-11-05 17:00:00+01:00;32276
2023-11-05 18:00:00+01:00;33778
2023-11-05 19:00:00+01:00;35433
2023-11-05 20:00:00+01:00;37483
2023-11-05 21:00:00+01:00;36944
2023-11-05 22:00:00+01:00;34309
2023-11-05 23:00:00+01:00;25992
2023-11-06 00:00:00+01:00;18050
2023-11-06 01:00:00+01:00;12078
2023-11-06 02:00:00+01:00;12981
2023-11-06 03:00:00+01:00;13128
2023-11-06 04:00:00+01:00;15236
2023-11-06 05:00:00+01:00;21019
2023-11-06 06:00:00+01:00;32344
2023-11-06 07:00:00+01:00;41254
2023-11-06 08:00:00+01:00;40676
2023-11-06 09:00:00+01:00;36403
2023-11-06 10:00:00+01:00;33917
2023-11-06 11:00:00+01:00;30701
2023-11-06 12:00:00+01:00;28222
2023-11-06 13:00:00+01:00;27233
2023-11-06 14:00:00+01:00;25624
2023-11-06 15:00:00+01:00;24873
2023-11-06 16:00:00+01:00;24584
2023-11-06 17:00:00+01:00;25638
2023-11-06 18:00:00+01:00;26870
2023-11-06 19:00:00+01:00;28434
2023-11-06 20:00:00+01:00;30412
2023-11-06 21:00:00+01:00;30206
2023-11-06 22:00:00+01:00;28036
2023-11-06 23:00:00+01:00;21429
2023-11-07 00:00:00+01:00;14438
2023-11-07 01:00:00+01:00;9891
2023-11-07 02:00:00+01:00;10057
2023-11-07 03:00:00+01:00;10671
2023-11-07 04:00:00+01:00;12165
2023-11-07 05:00:00+01:00;17650
2023-11-07 06:00:00+01:00;28574
2023-11-07 07:00:00+01:00;34997
2023-11-07 08:00:00+01:00;33960
2023-11-07 09:00:00+01:00;30465
2023-11-07 10:00:00+01:00;28753
2023-11-07 11:00:00+01:00;25770
2023-11-07 12:00:00+01:00;24364
2023-11-07 13:00:00+01:00;23181
2023-11-07 14:00:00+01:00;21162
2023-11-07 15:00:00+01:00;20051
2023-11-07 16:00:00+01:00;19688
2023-11-07 17:00:00+01:00;20812
2023-11-07 18:00:00+01:00;22319
2023-11-07 19:00:00+01:00;23482
2023-11-07 20:00:00+01:00;25230
2023-11-07 21:00:00+01:00;25216
2023-11-07 22:00:00+01:00;23406
2023-11-07 23:00:00+01:00;18123
2023-11-08 00:00:00+01:00;12356
2023-11-08 01:00:00+01:00;10300
2023-11-08 02:00:00+01:00;11029
2023-11-08 03:00:00+01:00;11619
2023-11-08 04:00:00+01:00;13611
2023-11-08 05:00:00+01:00;20421
2023-11-08 06:00:00+01:00;33085
2023-11-08 07:00:00+01:00;35784
2023-11-08 08:00:00+01:00;34633
2023-11-08 09:00:00+01:00;29678
2023-11-08 10:00:00+01:00;28167
2023-11-08 11:00:00+01:00;25591
2023-11-08 12:00:00+01:00;24090
2023-11-08 13:00:00+01:00;22903
2023-11-08 14:00:00+01:00;21462
2023-11-08 15:00:00+01:00;21118
2023-11-08 16:00:00+01:00;20592
2023-11-08 17:00:00+01:00;21780
2023-11-08 18:00:00+01:00;23246
2023-11-08 19:00:00+01:00;24422
2023-11-08 20:00:00+01:00;25994
2023-11-08 21:00:00+01:00;26781
2023-11-08 22:00:00+01:00;24821
2023-11-08 23:00:00+01:00;19117
2023-11-09 00:00:00+01:00;12923
2023-11-09 01:00:00+01:00;11607
2023-11-09 02:00:00+01:00;12323
2023-11-09 03:00:00+01:00;12704
2023-11-09 04:00:00+01:00;14907
2023-11-09 05:00:00+01:00;20448
2023-11-09 06:00:00+01:00;31425
2023-11-09 07:00:00+01:00;39558
2023-11-09 08:00:00+01:00;38702
2023-11-09 09:00:00+01:00;34182
2023-11-09 10:00:00+01:00;32068
2023-11-09 11:00:00+01:00;28935
2023-11-09 12:00:00+01:00;26758
2023-11-09 13:00:00+01:00;25475
2023-11-09 14:00:00+01:00;24183
2023-11-09 15:00:00+01:00;23597
2023-11-09 16:00:00+01:00;23343
2023-11-09 17:00:00+01:00;24233
2023-11-09 18:00:00+01:00;25689
2023-11-09 19:00:00+01:00;27199
2023-11-09 20:00:00+01:00;29137
2023-11-09 21:00:00+01:00;29146
2023-11-09 22:00:00+01:00;26985
2023-11-09 23:00:00+01:00;20600
2023-11-10 00:00:00+01:00;13935
2023-11-10 01:00:00+01:00;15195
2023-11-10 02:00:00+01:00;15984
2023-11-10 03:00:00+01:00;16813
2023-11-10 04:00:00+01:00;19165
2023-11-10 05:00:00+01:00;25605
2023-11-10 06:00:00+01:00;38184
2023-11-10 07:00:00+01:00;48121
2023-11-10 08:00:00+01:00;47457
2023-11-10 09:00:00+01:00;43203
2023-11-10 10:00:00+01:00;39834
2023-11-10 11:00:00+01:00;36060
2023-11-10 12:00:00+01:00;33282
2023-11-10 13:00:00+01:00;31486
2023-11-10 14:00:00+01:00;30608
2023-11-10 15:00:00+01:00;29757
2023-11-10 16:00:00+01:00;29987
2023-11-10 17:00:00+01:00;31221
2023-11-10 18:00:00+01:00;32687
2023-11-10 19:00:00+01:00;34496
2023-11-10 20:00:00+01:00;36749
2023-11-10 21:00:00+01:00;36200
2023-11-10 22:00:00+01:00;33781
2023-11-10 23:00:00+01:00;25498
2023-11-11 00:00:00+01:00;17382
2023-11-11 01:00:00+01:00;18754
2023-11-11 02:00:00+01:00;19782
2023-11-11 03:00:00+01:00;20658
2023-11-11 04:00:00+01:00;23460
2023-11-11 05:00:00+01:00;30693
2023-11-11 06:00:00+01:00;44590
2023-11-11 07:00:00+01:00;55564
2023-11-11 08:00:00+01:00;54795
2023-11-11 09:00:00+01:00;50650
2023-11-11 10:00:00+01:00;46654
2023-11-11 11:00:00+01:00;42538
2023-11-11 12:00:00+01:00;39475
2023-11-11 13:00:00+01:00;37589
2023-11-11 14:00:00+01:00;36698
2023-11-11 15:00:00+01:00;36017
2023-11-11 16:00:00+01:00;36407
2023-11-11 17:00:00+01:00;37869
2023-11-11 18:00:00+01:00;39637
2023-11-11 19:00:00+01:00;41414
2023-11-11 20:00:00+01:00;43542
2023-11-11 21:00:00+01:00;42745
2023-11-11 22:00:00+01:00;39612
2023-11-11 23:00:00+01:00;29993
2023-11-12 00:00:00+01:00;21181
2023-11-12 01:00:00+01:00;20432
2023-11-12 02:00:00+01:00;21557
2023-11-12 03:00:00+01:00;22497
2023-11-12 04:00:00+01:00;25462
2023-11-12 05:00:00+01:00;33126
2023-11-12 06:00:00+01:00;47716
2023-11-12 07:00:00+01:00;59246
2023-11-12 08:00:00+01:00;58467
2023-11-12 09:00:00+01:00;54257
2023-11-12 10:00:00+01:00;49998
2023-11-12 11:00:00+01:00;45668
2023-11-12 12:00:00+01:00;42461
2023-11-12 13:00:00+01:00;40471
2023-11-12 14:00:00+01:00;39569
2023-11-12 15:00:00+01:00;38900
2023-11-12 16:00:00+01:00;39370
2023-11-12 17:00:00+01:00;40951
2023-11-12 18:00:00+01:00;42838
2023-11-12 19:00:00+01:00;44622
2023-11-12 20:00:00+01:00;46721
2023-11-12 21:00:00+01:00;45844
2023-11-12 22:00:00+01:00;42391
2023-11-12 23:00:00+01:00;32153
2023-11-13 00:00:00+01:00;22969
2023-11-13 01:00:00+01:00;20903
2023-11-13 02:00:00+01:00;22307
2023-11-13 03:00:00+01:00;22777
2023-11-13 04:00:00+01:00;25682
2023-11-13 05:00:00+01:00;33350
2023-11-13 06:00:00+01:00;47875
2023-11-13 07:00:00+01:00;60687
2023-11-13 08:00:00+01:00;59925
2023-11-13 09:00:00+01:00;55782
2023-11-13 10:00:00+01:00;51357
2023-11-13 11:00:00+01:00;47178
2023-11-13 12:00:00+01:00;43744
2023-11-13 13:00:00+01:00;42316
2023-11-13 14:00:00+01:00;40788
2023-11-13 15:00:00+01:00;40284
2023-11-13 16:00:00+01:00;40666
2023-11-13 17:00:00+01:00;42282
2023-11-13 18:00:00+01:00;44148
2023-11-13 19:00:00+01:00;46046
2023-11-13 20:00:00+01:00;48118
2023-11-13 21:00:00+01:00;47085
2023-11-13 22:00:00+01:00;43519
2023-11-13 23:00:00+01:00;33165
2023-11-14 00:00:00+01:00;23798
2023-11-14 01:00:00+01:00;23205
2023-11-14 02:00:00+01:00;23563
2023-11-14 03:00:00+01:00;24716
2023-11-14 04:00:00+01:00;27507
2023-11-14 05:00:00+01:00;36238
2023-11-14 06:00:00+01:00;52707
2023-11-14 07:00:00+01:00;63743
2023-11-14 08:00:00+01:00;62848
2023-11-14 09:00:00+01:00;58573
2023-11-14 10:00:00+01:00;53963
2023-11-14 11:00:00+01:00;49534
2023-11-14 12:00:00+01:00;47002
2023-11-14 13:00:00+01:00;45037
2023-11-14 14:00:00+01:00;42135
2023-11-14 15:00:00+01:00;41042
2023-11-14 16:00:00+01:00;41910
2023-11-14 17:00:00+01:00;43760
2023-11-14 18:00:00+01:00;46709
2023-11-14 19:00:00+01:00;49410
2023-11-14 20:00:00+01:00;51101
2023-11-14 21:00:00+01:00;50201
2023-11-14 22:00:00+01:00;46511
2023-11-14 23:00:00+01:00;36034
2023-11-15 00:00:00+01:00;26366
2023-11-15 01:00:00+01:00;21527
2023-11-15 02:00:00+01:00;23442
2023-11-15 03:00:00+01:00;23350
2023-11-15 04:00:00+01:00;27102
2023-11-15 05:00:00+01:00;37062
2023-11-15 06:00:00+01:00;54253
2023-11-15 07:00:00+01:00;58023
2023-11-15 08:00:00+01:00;56708
2023-11-15 09:00:00+01:00;51547
2023-11-15 10:00:00+01:00;47632
2023-11-15 11:00:00+01:00;44235
2023-11-15 12:00:00+01:00;42063
2023-11-15 13:00:00+01:00;40342
2023-11-15 14:00:00+01:00;38915
2023-11-15 15:00:00+01:00;39283
2023-11-15 16:00:00+01:00;39631
2023-11-15 17:00:00+01:00;41840
2023-11-15 18:00:00+01:00;44185
2023-11-15 19:00:00+01:00;46250
2023-11-15 20:00:00+01:00;48219
2023-11-15 21:00:00+01:00;47928
2023-11-15 22:00:00+01:00;43892
2023-11-15 23:00:00+01:00;34388
2023-11-16 00:00:00+01:00;24936
2023-11-16 01:00:00+01:00;21282
2023-11-16 02:00:00+01:00;22647
2023-11-16 03:00:00+01:00;23554
2023-11-16 04:00:00+01:00;26805
2023-11-16 05:00:00+01:00;34314
2023-11-16 06:00:00+01:00;48494
2023-11-16 07:00:00+01:00;59674
2023-11-16 08:00:00+01:00;58821
2023-11-16 09:00:00+01:00;54501
2023-11-16 10:00:00+01:00;50616
2023-11-16 11:00:00+01:00;46575
2023-11-16 12:00:00+01:00;43259
2023-11-16 13:00:00+01:00;41545
2023-11-16 14:00:00+01:00;40519
2023-11-16 15:00:00+01:00;40028
2023-11-16 16:00:00+01:00;40816
2023-11-16 17:00:00+01:00;42366
2023-11-16 18:00:00+01:00;44544
2023-11-16 19:00:00+01:00;46583
2023-11-16 20:00:00+01:00;48386
2023-11-16 21:00:00+01:00;47439
2023-11-16 22:00:00+01:00;43649
2023-11-16 23:00:00+01:00;33328
2023-11-17 00:00:00+01:00;24234
2023-11-17 01:00:00+01:00;18218
2023-11-17 02:00:00+01:00;19179
2023-11-17 03:00:00+01:00;20027
2023-11-17 04:00:00+01:00;22693
2023-11-17 05:00:00+01:00;29572
2023-11-17 06:00:00+01:00;42735
2023-11-17 07:00:00+01:00;53201
2023-11-17 08:00:00+01:00;52470
2023-11-17 09:00:00+01:00;48673
2023-11-17 10:00:00+01:00;44876
2023-11-17 11:00:00+01:00;40940
2023-11-17 12:00:00+01:00;38049
2023-11-17 13:00:00+01:00;36240
2023-11-17 14:00:00+01:00;35458
2023-11-17 15:00:00+01:00;34838
2023-11-17 16:00:00+01:00;35248
2023-11-17 17:00:00+01:00;36705
2023-11-17 18:00:00+01:00;38389
2023-11-17 19:00:00+01:00;40028
2023-11-17 20:00:00+01:00;41955
2023-11-17 21:00:00+01:00;41175
2023-11-17 22:00:00+01:00;38115
2023-11-17 23:00:00+01:00;28863
2023-11-18 00:00:00+01:00;20522
2023-11-18 01:00:00+01:00;15755
2023-11-18 02:00:00+01:00;16575
2023-11-18 03:00:00+01:00;17380
2023-11-18 04:00:00+01:00;19811
2023-11-18 05:00:00+01:00;26255
2023-11-18 06:00:00+01:00;38831
2023-11-18 07:00:00+01:00;48780
2023-11-18 08:00:00+01:00;48076
2023-11-18 09:00:00+01:00;44030
2023-11-18 10:00:00+01:00;40577
2023-11-18 11:00:00+01:00;36829
2023-11-18 12:00:00+01:00;34050
2023-11-18 13:00:00+01:00;32292
2023-11-18 14:00:00+01:00;31460
2023-11-18 15:00:00+01:00;30700
2023-11-18 16:00:00+01:00;30967
2023-11-18 17:00:00+01:00;32234
2023-11-18 18:00:00+01:00;33745
2023-11-18 19:00:00+01:00;35496
2023-11-18 20:00:00+01:00;37649
2023-11-18 21:00:00+01:00;37025
2023-11-18 22:00:00+01:00;34480
2023-11-18 23:00:00+01:00;26042
2023-11-19 00:00:00+01:00;17947
2023-11-19 01:00:00+01:00;14797
2023-11-19 02:00:00+01:00;15566
2023-11-19 03:00:00+01:00;16326
2023-11-19 04:00:00+01:00;18624
2023-11-19 05:00:00+01:00;24818
2023-11-19 06:00:00+01:00;36927
2023-11-19 07:00:00+01:00;46476
2023-11-19 08:00:00+01:00;45790
2023-11-19 09:00:00+01:00;41761
2023-11-19 10:00:00+01:00;38573
2023-11-19 11:00:00+01:00;34949
2023-11-19 12:00:00+01:00;32307
2023-11-19 13:00:00+01:00;30622
2023-11-19 14:00:00+01:00;29753
2023-11-19 15:00:00+01:00;28982
2023-11-19 16:00:00+01:00;29167
2023-11-19 17:00:00+01:00;30394
2023-11-19 18:00:00+01:00;31811
2023-11-19 19:00:00+01:00;33489
2023-11-19 20:00:00+01:00;35576
2023-11-19 21:00:00+01:00;35064
2023-11-19 22:00:00+01:00;32659
2023-11-19 23:00:00+01:00;24682
2023-11-20 00:00:00+01:00;16937
2023-11-20 01:00:00+01:00;16428
2023-11-20 02:00:00+01:00;17590
2023-11-20 03:00:00+01:00;17925
2023-11-20 04:00:00+01:00;20413
2023-11-20 05:00:00+01:00;27296
2023-11-20 06:00:00+01:00;40687
2023-11-20 07:00:00+01:00;52098
2023-11-20 08:00:00+01:00;51478
2023-11-20 09:00:00+01:00;46882
2023-11-20 10:00:00+01:00;43237
2023-11-20 11:00:00+01:00;39376
2023-11-20 12:00:00+01:00;36181
2023-11-20 13:00:00+01:00;34971
2023-11-20 14:00:00+01:00;33312
2023-11-20 15:00:00+01:00;32480
2023-11-20 16:00:00+01:00;32564
2023-11-20 17:00:00+01:00;33889
2023-11-20 18:00:00+01:00;35451
2023-11-20 19:00:00+01:00;37370
2023-11-20 20:00:00+01:00;39814
2023-11-20 21:00:00+01:00;39143
2023-11-20 22:00:00+01:00;36469
2023-11-20 23:00:00+01:00;27737
2023-11-21 00:00:00+01:00;18999
2023-11-21 01:00:00+01:00;28544
2023-11-21 02:00:00+01:00;29701
2023-11-21 03:00:00+01:00;30647
2023-11-21 04:00:00+01:00;34322
2023-11-21 05:00:00+01:00;43414
2023-11-21 06:00:00+01:00;60601
2023-11-21 07:00:00+01:00;72289
2023-11-21 08:00:00+01:00;70306
2023-11-21 09:00:00+01:00;66936
2023-11-21 10:00:00+01:00;62182
2023-11-21 11:00:00+01:00;57278
2023-11-21 12:00:00+01:00;55350
2023-11-21 13:00:00+01:00;53362
2023-11-21 14:00:00+01:00;50397
2023-11-21 15:00:00+01:00;49473
2023-11-21 16:00:00+01:00;51094
2023-11-21 17:00:00+01:00;53883
2023-11-21 18:00:00+01:00;57351
2023-11-21 19:00:00+01:00;59506
2023-11-21 20:00:00+01:00;59818
2023-11-21 21:00:00+01:00;58811
2023-11-21 22:00:00+01:00;53517
2023-11-21 23:00:00+01:00;42181
2023-11-22 00:00:00+01:00;32281
2023-11-22 01:00:00+01:00;41611
2023-11-22 02:00:00+01:00;45081
2023-11-22 03:00:00+01:00;43623
2023-11-22 04:00:00+01:00;48651
2023-11-22 05:00:00+01:00;60954
2023-11-22 06:00:00+01:00;84349
2023-11-22 07:00:00+01:00;91114
2023-11-22 08:00:00+01:00;86332
2023-11-22 09:00:00+01:00;82380
2023-11-22 10:00:00+01:00;78276
2023-11-22 11:00:00+01:00;73544
2023-11-22 12:00:00+01:00;71343
2023-11-22 13:00:00+01:00;69050
2023-11-22 14:00:00+01:00;67800
2023-11-22 15:00:00+01:00;69431
2023-11-22 16:00:00+01:00;70428
2023-11-22 17:00:00+01:00;74196
2023-11-22 18:00:00+01:00;78357
2023-11-22 19:00:00+01:00;79709
2023-11-22 20:00:00+01:00;79899
2023-11-22 21:00:00+01:00;78976
2023-11-22 22:00:00+01:00;71657
2023-11-22 23:00:00+01:00;57621
2023-11-23 00:00:00+01:00;45965
2023-11-23 01:00:00+01:00;50981
2023-11-23 02:00:00+01:00;52836
2023-11-23 03:00:00+01:00;54195
2023-11-23 04:00:00+01:00;59049
2023-11-23 05:00:00+01:00;68300
2023-11-23 06:00:00+01:00;91131
2023-11-23 07:00:00+01:00;108085
2023-11-23 08:00:00+01:00;105439
2023-11-23 09:00:00+01:00;103109
2023-11-23 10:00:00+01:00;98730
2023-11-23 11:00:00+01:00;94063
2023-11-23 12:00:00+01:00;89681
2023-11-23 13:00:00+01:00;86883
2023-11-23 14:00:00+01:00;86416
2023-11-23 15:00:00+01:00;86798
2023-11-23 16:00:00+01:00;88159
2023-11-23 17:00:00+01:00;91419
2023-11-23 18:00:00+01:00;94468
2023-11-23 19:00:00+01:00;95173
2023-11-23 20:00:00+01:00;94196
2023-11-23 21:00:00+01:00;90450
2023-11-23 22:00:00+01:00;82649
2023-11-23 23:00:00+01:00;65816
2023-11-24 00:00:00+01:00;54238
2023-11-24 01:00:00+01:00;53025
2023-11-24 02:00:00+01:00;55234
2023-11-24 03:00:00+01:00;56562
2023-11-24 04:00:00+01:00;61173
2023-11-24 05:00:00+01:00;70513
2023-11-24 06:00:00+01:00;93906
2023-11-24 07:00:00+01:00;111539
2023-11-24 08:00:00+01:00;109461
2023-11-24 09:00:00+01:00;107176
2023-11-24 10:00:00+01:00;102308
2023-11-24 11:00:00+01:00;97103
2023-11-24 12:00:00+01:00;92712
2023-11-24 13:00:00+01:00;89990
2023-11-24 14:00:00+01:00;89247
2023-11-24 15:00:00+01:00;89831
2023-11-24 16:00:00+01:00;91312
2023-11-24 17:00:00+01:00;94746
2023-11-24 18:00:00+01:00;96959
2023-11-24 19:00:00+01:00;96868
2023-11-24 20:00:00+01:00;95965
2023-11-24 21:00:00+01:00;93217
2023-11-24 22:00:00+01:00;84676
2023-11-24 23:00:00+01:00;67561
2023-11-25 00:00:00+01:00;55941
2023-11-25 01:00:00+01:00;43872
2023-11-25 02:00:00+01:00;46041
2023-11-25 03:00:00+01:00;47213
2023-11-25 04:00:00+01:00;51928
2023-11-25 05:00:00+01:00;61878
2023-11-25 06:00:00+01:00;82663
2023-11-25 07:00:00+01:00;98807
2023-11-25 08:00:00+01:00;97151
2023-11-25 09:00:00+01:00;94699
2023-11-25 10:00:00+01:00;88915
2023-11-25 11:00:00+01:00;83635
2023-11-25 12:00:00+01:00;79481
2023-11-25 13:00:00+01:00;77186
2023-11-25 14:00:00+01:00;76386
2023-11-25 15:00:00+01:00;76892
2023-11-25 16:00:00+01:00;78219
2023-11-25 17:00:00+01:00;81309
2023-11-25 18:00:00+01:00;83986
2023-11-25 19:00:00+01:00;84494
2023-11-25 20:00:00+01:00;84408
2023-11-25 21:00:00+01:00;82126
2023-11-25 22:00:00+01:00;74483
2023-11-25 23:00:00+01:00;58221
2023-11-26 00:00:00+01:00;47077
2023-11-26 01:00:00+01:00;42091
2023-11-26 02:00:00+01:00;44186
2023-11-26 03:00:00+01:00;45301
2023-11-26 04:00:00+01:00;49832
2023-11-26 05:00:00+01:00;59502
2023-11-26 06:00:00+01:00;79705
2023-11-26 07:00:00+01:00;95329
2023-11-26 08:00:00+01:00;93779
2023-11-26 09:00:00+01:00;91248
2023-11-26 10:00:00+01:00;85716
2023-11-26 11:00:00+01:00;80549
2023-11-26 12:00:00+01:00;76514
2023-11-26 13:00:00+01:00;74200
2023-11-26 14:00:00+01:00;73473
2023-11-26 15:00:00+01:00;73905
2023-11-26 16:00:00+01:00;75163
2023-11-26 17:00:00+01:00;78124
2023-11-26 18:00:00+01:00;80720
2023-11-26 19:00:00+01:00;81254
2023-11-26 20:00:00+01:00;81265
2023-11-26 21:00:00+01:00;79106
2023-11-26 22:00:00+01:00;71782
2023-11-26 23:00:00+01:00;56095
2023-11-27 00:00:00+01:00;45197
2023-11-27 01:00:00+01:00;44089
2023-11-27 02:00:00+01:00;46175
2023-11-27 03:00:00+01:00;47371
2023-11-27 04:00:00+01:00;51204
2023-11-27 05:00:00+01:00;60329
2023-11-27 06:00:00+01:00;81113
2023-11-27 07:00:00+01:00;98861
2023-11-27 08:00:00+01:00;96999
2023-11-27 09:00:00+01:00;94148
2023-11-27 10:00:00+01:00;89126
2023-11-27 11:00:00+01:00;84490
2023-11-27 12:00:00+01:00;80461
2023-11-27 13:00:00+01:00;77832
2023-11-27 14:00:00+01:00;76704
2023-11-27 15:00:00+01:00;77319
2023-11-27 16:00:00+01:00;78516
2023-11-27 17:00:00+01:00;81522
2023-11-27 18:00:00+01:00;83658
2023-11-27 19:00:00+01:00;84421
2023-11-27 20:00:00+01:00;84051
2023-11-27 21:00:00+01:00;81565
2023-11-27 22:00:00+01:00;74223
2023-11-27 23:00:00+01:00;58723
2023-11-28 00:00:00+01:00;47559
2023-11-28 01:00:00+01:00;40836
2023-11-28 02:00:00+01:00;42097
2023-11-28 03:00:00+01:00;43489
2023-11-28 04:00:00+01:00;47802
2023-11-28 05:00:00+01:00;57910
2023-11-28 06:00:00+01:00;79511
2023-11-28 07:00:00+01:00;94693
2023-11-28 08:00:00+01:00;91365
2023-11-28 09:00:00+01:00;87916
2023-11-28 10:00:00+01:00;82638
2023-11-28 11:00:00+01:00;77154
2023-11-28 12:00:00+01:00;74951
2023-11-28 13:00:00+01:00;72168
2023-11-28 14:00:00+01:00;69191
2023-11-28 15:00:00+01:00;68359
2023-11-28 16:00:00+01:00;70328
2023-11-28 17:00:00+01:00;74037
2023-11-28 18:00:00+01:00;78020
2023-11-28 19:00:00+01:00;79799
2023-11-28 20:00:00+01:00;79349
2023-11-28 21:00:00+01:00;77563
2023-11-28 22:00:00+01:00;70843
2023-11-28 23:00:00+01:00;56504
2023-11-29 00:00:00+01:00;44912
2023-11-29 01:00:00+01:00;35282
2023-11-29 02:00:00+01:00;38151
2023-11-29 03:00:00+01:00;37096
2023-11-29 04:00:00+01:00;41515
2023-11-29 05:00:00+01:00;52610
2023-11-29 06:00:00+01:00;73537
2023-11-29 07:00:00+01:00;79501
2023-11-29 08:00:00+01:00;75677
2023-11-29 09:00:00+01:00;71727
2023-11-29 10:00:00+01:00;67861
2023-11-29 11:00:00+01:00;63665
2023-11-29 12:00:00+01:00;61597
2023-11-29 13:00:00+01:00;59521
2023-11-29 14:00:00+01:00;58300
2023-11-29 15:00:00+01:00;59551
2023-11-29 16:00:00+01:00;60380
2023-11-29 17:00:00+01:00;63617
2023-11-29 18:00:00+01:00;67147
2023-11-29 19:00:00+01:00;68570
2023-11-29 20:00:00+01:00;69147
2023-11-29 21:00:00+01:00;68381
2023-11-29 22:00:00+01:00;62147
2023-11-29 23:00:00+01:00;49800
2023-11-30 00:00:00+01:00;39197
2023-11-30 01:00:00+01:00;28369
2023-11-30 02:00:00+01:00;30156
2023-11-30 03:00:00+01:00;31255
2023-11-30 04:00:00+01:00;35236
2023-11-30 05:00:00+01:00;44264
2023-11-30 06:00:00+01:00;61530
2023-11-30 07:00:00+01:00;75019
2023-11-30 08:00:00+01:00;73921
2023-11-30 09:00:00+01:00;69131
2023-11-30 10:00:00+01:00;64421
2023-11-30 11:00:00+01:00;59686
2023-11-30 12:00:00+01:00;55675
2023-11-30 13:00:00+01:00;53669
2023-11-30 14:00:00+01:00;52455
2023-11-30 15:00:00+01:00;52038
2023-11-30 16:00:00+01:00;53072
2023-11-30 17:00:00+01:00;55131
2023-11-30 18:00:00+01:00;57745
2023-11-30 19:00:00+01:00;59992
2023-11-30 20:00:00+01:00;61701
2023-11-30 21:00:00+01:00;60291
2023-11-30 22:00:00+01:00;55294
2023-11-30 23:00:00+01:00;42597
2023-12-01 00:00:00+01:00;31835
2023-12-01 01:00:00+01:00;26208
2023-12-01 02:00:00+01:00;27653
2023-12-01 03:00:00+01:00;28706
2023-12-01 04:00:00+01:00;32245
2023-12-01 05:00:00+01:00;40998
2023-12-01 06:00:00+01:00;57691
2023-12-01 07:00:00+01:00;70864
2023-12-01 08:00:00+01:00;69918
2023-12-01 09:00:00+01:00;65780
2023-12-01 10:00:00+01:00;60761
2023-12-01 11:00:00+01:00;55919
2023-12-01 12:00:00+01:00;52297
2023-12-01 13:00:00+01:00;50102
2023-12-01 14:00:00+01:00;49159
2023-12-01 15:00:00+01:00;48675
2023-12-01 16:00:00+01:00;49373
2023-12-01 17:00:00+01:00;51311
2023-12-01 18:00:00+01:00;53554
2023-12-01 19:00:00+01:00;55246
2023-12-01 20:00:00+01:00;57119
2023-12-01 21:00:00+01:00;55893
2023-12-01 22:00:00+01:00;51380
2023-12-01 23:00:00+01:00;39258
2023-12-02 00:00:00+01:00;29053
2023-12-02 01:00:00+01:00;29819
2023-12-02 02:00:00+01:00;31452
2023-12-02 03:00:00+01:00;32527
2023-12-02 04:00:00+01:00;36387
2023-12-02 05:00:00+01:00;45543
2023-12-02 06:00:00+01:00;63298
2023-12-02 07:00:00+01:00;77217
2023-12-02 08:00:00+01:00;76124
2023-12-02 09:00:00+01:00;72222
2023-12-02 10:00:00+01:00;66930
2023-12-02 11:00:00+01:00;61931
2023-12-02 12:00:00+01:00;58136
2023-12-02 13:00:00+01:00;55929
2023-12-02 14:00:00+01:00;54961
2023-12-02 15:00:00+01:00;54686
2023-12-02 16:00:00+01:00;55499
2023-12-02 17:00:00+01:00;57668
2023-12-02 18:00:00+01:00;60056
2023-12-02 19:00:00+01:00;61570
2023-12-02 20:00:00+01:00;63124
2023-12-02 21:00:00+01:00;61675
2023-12-02 22:00:00+01:00;56498
2023-12-02 23:00:00+01:00;43356
2023-12-03 00:00:00+01:00;32800
2023-12-03 01:00:00+01:00;34933
2023-12-03 02:00:00+01:00;36785
2023-12-03 03:00:00+01:00;37769
2023-12-03 04:00:00+01:00;41940
2023-12-03 05:00:00+01:00;51095
2023-12-03 06:00:00+01:00;68885
2023-12-03 07:00:00+01:00;82860
2023-12-03 08:00:00+01:00;81596
2023-12-03 09:00:00+01:00;79031
2023-12-03 10:00:00+01:00;73624
2023-12-03 11:00:00+01:00;68752
2023-12-03 12:00:00+01:00;65085
2023-12-03 13:00:00+01:00;63026
2023-12-03 14:00:00+01:00;62324
2023-12-03 15:00:00+01:00;62599
2023-12-03 16:00:00+01:00;63659
2023-12-03 17:00:00+01:00;66228
2023-12-03 18:00:00+01:00;68770
2023-12-03 19:00:00+01:00;69600
2023-12-03 20:00:00+01:00;70092
2023-12-03 21:00:00+01:00;68301
2023-12-03 22:00:00+01:00;62026
2023-12-03 23:00:00+01:00;47965
2023-12-04 00:00:00+01:00;37912
2023-12-04 01:00:00+01:00;33540
2023-12-04 02:00:00+01:00;35487
2023-12-04 03:00:00+01:00;36296
2023-12-04 04:00:00+01:00;40112
2023-12-04 05:00:00+01:00;49131
2023-12-04 06:00:00+01:00;66219
2023-12-04 07:00:00+01:00;81533
2023-12-04 08:00:00+01:00;80237
2023-12-04 09:00:00+01:00;77696
2023-12-04 10:00:00+01:00;72198
2023-12-04 11:00:00+01:00;67654
2023-12-04 12:00:00+01:00;64063
2023-12-04 13:00:00+01:00;62018
2023-12-04 14:00:00+01:00;60907
2023-12-04 15:00:00+01:00;61489
2023-12-04 16:00:00+01:00;62459
2023-12-04 17:00:00+01:00;64863
2023-12-04 18:00:00+01:00;67248
2023-12-04 19:00:00+01:00;68557
2023-12-04 20:00:00+01:00;68819
2023-12-04 21:00:00+01:00;66956
2023-12-04 22:00:00+01:00;60790
2023-12-04 23:00:00+01:00;47075
2023-12-05 00:00:00+01:00;37168
2023-12-05 01:00:00+01:00;35468
2023-12-05 02:00:00+01:00;36891
2023-12-05 03:00:00+01:00;37973
2023-12-05 04:00:00+01:00;42322
2023-12-05 05:00:00+01:00;52505
2023-12-05 06:00:00+01:00;72392
2023-12-05 07:00:00+01:00;86192
2023-12-05 08:00:00+01:00;83532
2023-12-05 09:00:00+01:00;79987
2023-12-05 10:00:00+01:00;74617
2023-12-05 11:00:00+01:00;69130
2023-12-05 12:00:00+01:00;67002
2023-12-05 13:00:00+01:00;64621
2023-12-05 14:00:00+01:00;61390
2023-12-05 15:00:00+01:00;60539
2023-12-05 16:00:00+01:00;62537
2023-12-05 17:00:00+01:00;65945
2023-12-05 18:00:00+01:00;69893
2023-12-05 19:00:00+01:00;72037
2023-12-05 20:00:00+01:00;71875
2023-12-05 21:00:00+01:00;70520
2023-12-05 22:00:00+01:00;64128
2023-12-05 23:00:00+01:00;50837
2023-12-06 00:00:00+01:00;39619
2023-12-06 01:00:00+01:00;32022
2023-12-06 02:00:00+01:00;35338
2023-12-06 03:00:00+01:00;33981
2023-12-06 04:00:00+01:00;38440
2023-12-06 05:00:00+01:00;49558
2023-12-06 06:00:00+01:00;69908
2023-12-06 07:00:00+01:00;75296
2023-12-06 08:00:00+01:00;71765
2023-12-06 09:00:00+01:00;67293
2023-12-06 10:00:00+01:00;63356
2023-12-06 11:00:00+01:00;59104
2023-12-06 12:00:00+01:00;56998
2023-12-06 13:00:00+01:00;55080
2023-12-06 14:00:00+01:00;53764
2023-12-06 15:00:00+01:00;54984
2023-12-06 16:00:00+01:00;55594
2023-12-06 17:00:00+01:00;59063
2023-12-06 18:00:00+01:00;62509
2023-12-06 19:00:00+01:00;64084
2023-12-06 20:00:00+01:00;64997
2023-12-06 21:00:00+01:00;64530
2023-12-06 22:00:00+01:00;58443
2023-12-06 23:00:00+01:00;46775
2023-12-07 00:00:00+01:00;35911
2023-12-07 01:00:00+01:00;29205
2023-12-07 02:00:00+01:00;31094
2023-12-07 03:00:00+01:00;32024
2023-12-07 04:00:00+01:00;36024
2023-12-07 05:00:00+01:00;44757
2023-12-07 06:00:00+01:00;60695
2023-12-07 07:00:00+01:00;73305
2023-12-07 08:00:00+01:00;72192
2023-12-07 09:00:00+01:00;68634
2023-12-07 10:00:00+01:00;63996
2023-12-07 11:00:00+01:00;59602
2023-12-07 12:00:00+01:00;55811
2023-12-07 13:00:00+01:00;54228
2023-12-07 14:00:00+01:00;53131
2023-12-07 15:00:00+01:00;53102
2023-12-07 16:00:00+01:00;54166
2023-12-07 17:00:00+01:00;56667
2023-12-07 18:00:00+01:00;59166
2023-12-07 19:00:00+01:00;61157
2023-12-07 20:00:00+01:00;62044
2023-12-07 21:00:00+01:00;60436
2023-12-07 22:00:00+01:00;55007
2023-12-07 23:00:00+01:00;42405
2023-12-08 00:00:00+01:00;32559
2023-12-08 01:00:00+01:00;29281
2023-12-08 02:00:00+01:00;30916
2023-12-08 03:00:00+01:00;31828
2023-12-08 04:00:00+01:00;35674
2023-12-08 05:00:00+01:00;44413
2023-12-08 06:00:00+01:00;60524
2023-12-08 07:00:00+01:00;73348
2023-12-08 08:00:00+01:00;72302
2023-12-08 09:00:00+01:00;69511
2023-12-08 10:00:00+01:00;64257
2023-12-08 11:00:00+01:00;59586
2023-12-08 12:00:00+01:00;56164
2023-12-08 13:00:00+01:00;54245
2023-12-08 14:00:00+01:00;53525
2023-12-08 15:00:00+01:00;53597
2023-12-08 16:00:00+01:00;54480
2023-12-08 17:00:00+01:00;56714
2023-12-08 18:00:00+01:00;59169
2023-12-08 19:00:00+01:00;60293
2023-12-08 20:00:00+01:00;61268
2023-12-08 21:00:00+01:00;59785
2023-12-08 22:00:00+01:00;54418
2023-12-08 23:00:00+01:00;41674
2023-12-09 00:00:00+01:00;32149
2023-12-09 01:00:00+01:00;32879
2023-12-09 02:00:00+01:00;34771
2023-12-09 03:00:00+01:00;35703
2023-12-09 04:00:00+01:00;40004
2023-12-09 05:00:00+01:00;49463
2023-12-09 06:00:00+01:00;66665
2023-12-09 07:00:00+01:00;80398
2023-12-09 08:00:00+01:00;79232
2023-12-09 09:00:00+01:00;76695
2023-12-09 10:00:00+01:00;70859
2023-12-09 11:00:00+01:00;65888
2023-12-09 12:00:00+01:00;62250
2023-12-09 13:00:00+01:00;60345
2023-12-09 14:00:00+01:00;59553
2023-12-09 15:00:00+01:00;59891
2023-12-09 16:00:00+01:00;60923
2023-12-09 17:00:00+01:00;63408
2023-12-09 18:00:00+01:00;66170
2023-12-09 19:00:00+01:00;67156
2023-12-09 20:00:00+01:00;67867
2023-12-09 21:00:00+01:00;66152
2023-12-09 22:00:00+01:00;60026
2023-12-09 23:00:00+01:00;45965
2023-12-10 00:00:00+01:00;35992
2023-12-10 01:00:00+01:00;42167
2023-12-10 02:00:00+01:00;44188
2023-12-10 03:00:00+01:00;45289
2023-12-10 04:00:00+01:00;49623
2023-12-10 05:00:00+01:00;58762
2023-12-10 06:00:00+01:00;78674
2023-12-10 07:00:00+01:00;93895
2023-12-10 08:00:00+01:00;92332
2023-12-10 09:00:00+01:00;89963
2023-12-10 10:00:00+01:00;84901
2023-12-10 11:00:00+01:00;79981
2023-12-10 12:00:00+01:00;76068
2023-12-10 13:00:00+01:00;73787
2023-12-10 14:00:00+01:00;73154
2023-12-10 15:00:00+01:00;73609
2023-12-10 16:00:00+01:00;74862
2023-12-10 17:00:00+01:00;77823
2023-12-10 18:00:00+01:00;80204
2023-12-10 19:00:00+01:00;80580
2023-12-10 20:00:00+01:00;80364
2023-12-10 21:00:00+01:00;78206
2023-12-10 22:00:00+01:00;70976
2023-12-10 23:00:00+01:00;55647
2023-12-11 00:00:00+01:00;45106
2023-12-11 01:00:00+01:00;39463
2023-12-11 02:00:00+01:00;41643
2023-12-11 03:00:00+01:00;42632
2023-12-11 04:00:00+01:00;46787
2023-12-11 05:00:00+01:00;56601
2023-12-11 06:00:00+01:00;76025
2023-12-11 07:00:00+01:00;93212
2023-12-11 08:00:00+01:00;91683
2023-12-11 09:00:00+01:00;88928
2023-12-11 10:00:00+01:00;83046
2023-12-11 11:00:00+01:00;78118
2023-12-11 12:00:00+01:00;74140
2023-12-11 13:00:00+01:00;71749
2023-12-11 14:00:00+01:00;70577
2023-12-11 15:00:00+01:00;71260
2023-12-11 16:00:00+01:00;72403
2023-12-11 17:00:00+01:00;75147
2023-12-11 18:00:00+01:00;77705
2023-12-11 19:00:00+01:00;78935
2023-12-11 20:00:00+01:00;78956
2023-12-11 21:00:00+01:00;76755
2023-12-11 22:00:00+01:00;69678
2023-12-11 23:00:00+01:00;54306
2023-12-12 00:00:00+01:00;43349
2023-12-12 01:00:00+01:00;36504
2023-12-12 02:00:00+01:00;37858
2023-12-12 03:00:00+01:00;39024
2023-12-12 04:00:00+01:00;43276
2023-12-12 05:00:00+01:00;53215
2023-12-12 06:00:00+01:00;73260
2023-12-12 07:00:00+01:00;87223
2023-12-12 08:00:00+01:00;84356
2023-12-12 09:00:00+01:00;80955
2023-12-12 10:00:00+01:00;75727
2023-12-12 11:00:00+01:00;70330
2023-12-12 12:00:00+01:00;68259
2023-12-12 13:00:00+01:00;65795
2023-12-12 14:00:00+01:00;62721
2023-12-12 15:00:00+01:00;61870
2023-12-12 16:00:00+01:00;63845
2023-12-12 17:00:00+01:00;67308
2023-12-12 18:00:00+01:00;71215
2023-12-12 19:00:00+01:00;73181
2023-12-12 20:00:00+01:00;72908
2023-12-12 21:00:00+01:00;71447
2023-12-12 22:00:00+01:00;65053
2023-12-12 23:00:00+01:00;51691
2023-12-13 00:00:00+01:00;40580
2023-12-13 01:00:00+01:00;39585
2023-12-13 02:00:00+01:00;43058
2023-12-13 03:00:00+01:00;41561
2023-12-13 04:00:00+01:00;46432
2023-12-13 05:00:00+01:00;58390
2023-12-13 06:00:00+01:00;81044
2023-12-13 07:00:00+01:00;87570
2023-12-13 08:00:00+01:00;82975
2023-12-13 09:00:00+01:00;78976
2023-12-13 10:00:00+01:00;74952
2023-12-13 11:00:00+01:00;70324
2023-12-13 12:00:00+01:00;68175
2023-12-13 13:00:00+01:00;65977
2023-12-13 14:00:00+01:00;64730
2023-12-13 15:00:00+01:00;66294
2023-12-13 16:00:00+01:00;67208
2023-12-13 17:00:00+01:00;70951
2023-12-13 18:00:00+01:00;74969
2023-12-13 19:00:00+01:00;76326
2023-12-13 20:00:00+01:00;76626
2023-12-13 21:00:00+01:00;75814
2023-12-13 22:00:00+01:00;68735
2023-12-13 23:00:00+01:00;55267
2023-12-14 00:00:00+01:00;43819
2023-12-14 01:00:00+01:00;39160
2023-12-14 02:00:00+01:00;41477
2023-12-14 03:00:00+01:00;42540
2023-12-14 04:00:00+01:00;47343
2023-12-14 05:00:00+01:00;57392
2023-12-14 06:00:00+01:00;76450
2023-12-14 07:00:00+01:00;91317
2023-12-14 08:00:00+01:00;89727
2023-12-14 09:00:00+01:00;86533
2023-12-14 10:00:00+01:00;81247
2023-12-14 11:00:00+01:00;76368
2023-12-14 12:00:00+01:00;71991
2023-12-14 13:00:00+01:00;70196
2023-12-14 14:00:00+01:00;69063
2023-12-14 15:00:00+01:00;69376
2023-12-14 16:00:00+01:00;70692
2023-12-14 17:00:00+01:00;74003
2023-12-14 18:00:00+01:00;76911
2023-12-14 19:00:00+01:00;78759
2023-12-14 20:00:00+01:00;78846
2023-12-14 21:00:00+01:00;76425
2023-12-14 22:00:00+01:00;69325
2023-12-14 23:00:00+01:00;54011
2023-12-15 00:00:00+01:00;42912
2023-12-15 01:00:00+01:00;34259
2023-12-15 02:00:00+01:00;36153
2023-12-15 03:00:00+01:00;37103
2023-12-15 04:00:00+01:00;41395
2023-12-15 05:00:00+01:00;50810
2023-12-15 06:00:00+01:00;68322
2023-12-15 07:00:00+01:00;82241
2023-12-15 08:00:00+01:00;81013
2023-12-15 09:00:00+01:00;78546
2023-12-15 10:00:00+01:00;72826
2023-12-15 11:00:00+01:00;67872
2023-12-15 12:00:00+01:00;64217
2023-12-15 13:00:00+01:00;62221
2023-12-15 14:00:00+01:00;61504
2023-12-15 15:00:00+01:00;61830
2023-12-15 16:00:00+01:00;62895
2023-12-15 17:00:00+01:00;65455
2023-12-15 18:00:00+01:00;68160
2023-12-15 19:00:00+01:00;69041
2023-12-15 20:00:00+01:00;69603
2023-12-15 21:00:00+01:00;67832
2023-12-15 22:00:00+01:00;61521
2023-12-15 23:00:00+01:00;47375
2023-12-16 00:00:00+01:00;37332
2023-12-16 01:00:00+01:00;26825
2023-12-16 02:00:00+01:00;28335
2023-12-16 03:00:00+01:00;29313
2023-12-16 04:00:00+01:00;32960
2023-12-16 05:00:00+01:00;41631
2023-12-16 06:00:00+01:00;57978
2023-12-16 07:00:00+01:00;70895
2023-12-16 08:00:00+01:00;69916
2023-12-16 09:00:00+01:00;66272
2023-12-16 10:00:00+01:00;61188
2023-12-16 11:00:00+01:00;56453
2023-12-16 12:00:00+01:00;52922
2023-12-16 13:00:00+01:00;50891
2023-12-16 14:00:00+01:00;49998
2023-12-16 15:00:00+01:00;49745
2023-12-16 16:00:00+01:00;50486
2023-12-16 17:00:00+01:00;52500
2023-12-16 18:00:00+01:00;54814
2023-12-16 19:00:00+01:00;56316
2023-12-16 20:00:00+01:00;57886
2023-12-16 21:00:00+01:00;56578
2023-12-16 22:00:00+01:00;51835
2023-12-16 23:00:00+01:00;39560
2023-12-17 00:00:00+01:00;29676
2023-12-17 01:00:00+01:00;22944
2023-12-17 02:00:00+01:00;24191
2023-12-17 03:00:00+01:00;25242
2023-12-17 04:00:00+01:00;28427
2023-12-17 05:00:00+01:00;36659
2023-12-17 06:00:00+01:00;52591
2023-12-17 07:00:00+01:00;65114
2023-12-17 08:00:00+01:00;64278
2023-12-17 09:00:00+01:00;59772
2023-12-17 10:00:00+01:00;55183
2023-12-17 11:00:00+01:00;50537
2023-12-17 12:00:00+01:00;47044
2023-12-17 13:00:00+01:00;44855
2023-12-17 14:00:00+01:00;43895
2023-12-17 15:00:00+01:00;43180
2023-12-17 16:00:00+01:00;43742
2023-12-17 17:00:00+01:00;45447
2023-12-17 18:00:00+01:00;47455
2023-12-17 19:00:00+01:00;49335
2023-12-17 20:00:00+01:00;51528
2023-12-17 21:00:00+01:00;50508
2023-12-17 22:00:00+01:00;46692
2023-12-17 23:00:00+01:00;35556
2023-12-18 00:00:00+01:00;25624
2023-12-18 01:00:00+01:00;21919
2023-12-18 02:00:00+01:00;23365
2023-12-18 03:00:00+01:00;23875
2023-12-18 04:00:00+01:00;26835
2023-12-18 05:00:00+01:00;34727
2023-12-18 06:00:00+01:00;49938
2023-12-18 07:00:00+01:00;63304
2023-12-18 08:00:00+01:00;62521
2023-12-18 09:00:00+01:00;58131
2023-12-18 10:00:00+01:00;53588
2023-12-18 11:00:00+01:00;49260
2023-12-18 12:00:00+01:00;45655
2023-12-18 13:00:00+01:00;44163
2023-12-18 14:00:00+01:00;42556
2023-12-18 15:00:00+01:00;41969
2023-12-18 16:00:00+01:00;42373
2023-12-18 17:00:00+01:00;44039
2023-12-18 18:00:00+01:00;45935
2023-12-18 19:00:00+01:00;47905
2023-12-18 20:00:00+01:00;50123
2023-12-18 21:00:00+01:00;49021
2023-12-18 22:00:00+01:00;45371
2023-12-18 23:00:00+01:00;34647
2023-12-19 00:00:00+01:00;24845
2023-12-19 01:00:00+01:00;22353
2023-12-19 02:00:00+01:00;22598
2023-12-19 03:00:00+01:00;23794
2023-12-19 04:00:00+01:00;26365
2023-12-19 05:00:00+01:00;34694
2023-12-19 06:00:00+01:00;50604
2023-12-19 07:00:00+01:00;61223
2023-12-19 08:00:00+01:00;60395
2023-12-19 09:00:00+01:00;56299
2023-12-19 10:00:00+01:00;51883
2023-12-19 11:00:00+01:00;47652
2023-12-19 12:00:00+01:00;45204
2023-12-19 13:00:00+01:00;43279
2023-12-19 14:00:00+01:00;40553
2023-12-19 15:00:00+01:00;39446
2023-12-19 16:00:00+01:00;40238
2023-12-19 17:00:00+01:00;41977
2023-12-19 18:00:00+01:00;44805
2023-12-19 19:00:00+01:00;47430
2023-12-19 20:00:00+01:00;49142
2023-12-19 21:00:00+01:00;48230
2023-12-19 22:00:00+01:00;44778
2023-12-19 23:00:00+01:00;34646
2023-12-20 00:00:00+01:00;25354
2023-12-20 01:00:00+01:00;21678
2023-12-20 02:00:00+01:00;23468
2023-12-20 03:00:00+01:00;23591
2023-12-20 04:00:00+01:00;27488
2023-12-20 05:00:00+01:00;37789
2023-12-20 06:00:00+01:00;55375
2023-12-20 07:00:00+01:00;59079
2023-12-20 08:00:00+01:00;58066
2023-12-20 09:00:00+01:00;52623
2023-12-20 10:00:00+01:00;48444
2023-12-20 11:00:00+01:00;45036
2023-12-20 12:00:00+01:00;42729
2023-12-20 13:00:00+01:00;40936
2023-12-20 14:00:00+01:00;39446
2023-12-20 15:00:00+01:00;39725
2023-12-20 16:00:00+01:00;40115
2023-12-20 17:00:00+01:00;42222
2023-12-20 18:00:00+01:00;44523
2023-12-20 19:00:00+01:00;46774
2023-12-20 20:00:00+01:00;48968
2023-12-20 21:00:00+01:00;48598
2023-12-20 22:00:00+01:00;44637
2023-12-20 23:00:00+01:00;34865
2023-12-21 00:00:00+01:00;25159
2023-12-21 01:00:00+01:00;22546
2023-12-21 02:00:00+01:00;23990
2023-12-21 03:00:00+01:00;25080
2023-12-21 04:00:00+01:00;28548
2023-12-21 05:00:00+01:00;36769
2023-12-21 06:00:00+01:00;52726
2023-12-21 07:00:00+01:00;65169
2023-12-21 08:00:00+01:00;64301
2023-12-21 09:00:00+01:00;58968
2023-12-21 10:00:00+01:00;54724
2023-12-21 11:00:00+01:00;50221
2023-12-21 12:00:00+01:00;46523
2023-12-21 13:00:00+01:00;44445
2023-12-21 14:00:00+01:00;43282
2023-12-21 15:00:00+01:00;42539
2023-12-21 16:00:00+01:00;43409
2023-12-21 17:00:00+01:00;44805
2023-12-21 18:00:00+01:00;47203
2023-12-21 19:00:00+01:00;49534
2023-12-21 20:00:00+01:00;51920
2023-12-21 21:00:00+01:00;50992
2023-12-21 22:00:00+01:00;47146
2023-12-21 23:00:00+01:00;36012
2023-12-22 00:00:00+01:00;25752
2023-12-22 01:00:00+01:00;23115
2023-12-22 02:00:00+01:00;24385
2023-12-22 03:00:00+01:00;25413
2023-12-22 04:00:00+01:00;28640
2023-12-22 05:00:00+01:00;36885
2023-12-22 06:00:00+01:00;52669
2023-12-22 07:00:00+01:00;65108
2023-12-22 08:00:00+01:00;64271
2023-12-22 09:00:00+01:00;59939
2023-12-22 10:00:00+01:00;55294
2023-12-22 11:00:00+01:00;50669
2023-12-22 12:00:00+01:00;47209
2023-12-22 13:00:00+01:00;45064
2023-12-22 14:00:00+01:00;44136
2023-12-22 15:00:00+01:00;43492
2023-12-22 16:00:00+01:00;44078
2023-12-22 17:00:00+01:00;45812
2023-12-22 18:00:00+01:00;47861
2023-12-22 19:00:00+01:00;49681
2023-12-22 20:00:00+01:00;51776
2023-12-22 21:00:00+01:00;50734
2023-12-22 22:00:00+01:00;46830
2023-12-22 23:00:00+01:00;35635
2023-12-23 00:00:00+01:00;25804
2023-12-23 01:00:00+01:00;24104
2023-12-23 02:00:00+01:00;25453
2023-12-23 03:00:00+01:00;26499
2023-12-23 04:00:00+01:00;29885
2023-12-23 05:00:00+01:00;38430
2023-12-23 06:00:00+01:00;54873
2023-12-23 07:00:00+01:00;67781
2023-12-23 08:00:00+01:00;66886
2023-12-23 09:00:00+01:00;62386
2023-12-23 10:00:00+01:00;57545
2023-12-23 11:00:00+01:00;52776
2023-12-23 12:00:00+01:00;49170
2023-12-23 13:00:00+01:00;46984
2023-12-23 14:00:00+01:00;45976
2023-12-23 15:00:00+01:00;45343
2023-12-23 16:00:00+01:00;45934
2023-12-23 17:00:00+01:00;47713
2023-12-23 18:00:00+01:00;49848
2023-12-23 19:00:00+01:00;51727
2023-12-23 20:00:00+01:00;53899
2023-12-23 21:00:00+01:00;52800
2023-12-23 22:00:00+01:00;48728
2023-12-23 23:00:00+01:00;37101
2023-12-24 00:00:00+01:00;26900
2023-12-24 01:00:00+01:00;24184
2023-12-24 02:00:00+01:00;25528
2023-12-24 03:00:00+01:00;26631
2023-12-24 04:00:00+01:00;29992
2023-12-24 05:00:00+01:00;38684
2023-12-24 06:00:00+01:00;55428
2023-12-24 07:00:00+01:00;68556
2023-12-24 08:00:00+01:00;67698
2023-12-24 09:00:00+01:00;62953
2023-12-24 10:00:00+01:00;58090
2023-12-24 11:00:00+01:00;53215
2023-12-24 12:00:00+01:00;49540
2023-12-24 13:00:00+01:00;47248
2023-12-24 14:00:00+01:00;46220
2023-12-24 15:00:00+01:00;45478
2023-12-24 16:00:00+01:00;46076
2023-12-24 17:00:00+01:00;47853
2023-12-24 18:00:00+01:00;49982
2023-12-24 19:00:00+01:00;51947
2023-12-24 20:00:00+01:00;54241
2023-12-24 21:00:00+01:00;53166
2023-12-24 22:00:00+01:00;49124
2023-12-24 23:00:00+01:00;37417
2023-12-25 00:00:00+01:00;27001
2023-12-25 01:00:00+01:00;23995
2023-12-25 02:00:00+01:00;25574
2023-12-25 03:00:00+01:00;26137
2023-12-25 04:00:00+01:00;29317
2023-12-25 05:00:00+01:00;37760
2023-12-25 06:00:00+01:00;54037
2023-12-25 07:00:00+01:00;68296
2023-12-25 08:00:00+01:00;67479
2023-12-25 09:00:00+01:00;62890
2023-12-25 10:00:00+01:00;58004
2023-12-25 11:00:00+01:00;53398
2023-12-25 12:00:00+01:00;49563
2023-12-25 13:00:00+01:00;47944
2023-12-25 14:00:00+01:00;46251
2023-12-25 15:00:00+01:00;45673
2023-12-25 16:00:00+01:00;46133
2023-12-25 17:00:00+01:00;47912
2023-12-25 18:00:00+01:00;49960
2023-12-25 19:00:00+01:00;52017
2023-12-25 20:00:00+01:00;54276
2023-12-25 21:00:00+01:00;53056
2023-12-25 22:00:00+01:00;49039
2023-12-25 23:00:00+01:00;37515
2023-12-26 00:00:00+01:00;27117
2023-12-26 01:00:00+01:00;26006
2023-12-26 02:00:00+01:00;26500
2023-12-26 03:00:00+01:00;27696
2023-12-26 04:00:00+01:00;30750
2023-12-26 05:00:00+01:00;39824
2023-12-26 06:00:00+01:00;57202
2023-12-26 07:00:00+01:00;68966
2023-12-26 08:00:00+01:00;67778
2023-12-26 09:00:00+01:00;63555
2023-12-26 10:00:00+01:00;58730
2023-12-26 11:00:00+01:00;54092
2023-12-26 12:00:00+01:00;51546
2023-12-26 13:00:00+01:00;49450
2023-12-26 14:00:00+01:00;46484
2023-12-26 15:00:00+01:00;45427
2023-12-26 16:00:00+01:00;46483
2023-12-26 17:00:00+01:00;48604
2023-12-26 18:00:00+01:00;51747
2023-12-26 19:00:00+01:00;54404
2023-12-26 20:00:00+01:00;55827
2023-12-26 21:00:00+01:00;54783
2023-12-26 22:00:00+01:00;50613
2023-12-26 23:00:00+01:00;39422
2023-12-27 00:00:00+01:00;29324
2023-12-27 01:00:00+01:00;29531
2023-12-27 02:00:00+01:00;32384
2023-12-27 03:00:00+01:00;31334
2023-12-27 04:00:00+01:00;35464
2023-12-27 05:00:00+01:00;45956
2023-12-27 06:00:00+01:00;65136
2023-12-27 07:00:00+01:00;70208
2023-12-27 08:00:00+01:00;67113
2023-12-27 09:00:00+01:00;62836
2023-12-27 10:00:00+01:00;59061
2023-12-27 11:00:00+01:00;55117
2023-12-27 12:00:00+01:00;53095
2023-12-27 13:00:00+01:00;51251
2023-12-27 14:00:00+01:00;49987
2023-12-27 15:00:00+01:00;51028
2023-12-27 16:00:00+01:00;51612
2023-12-27 17:00:00+01:00;54702
2023-12-27 18:00:00+01:00;57847
2023-12-27 19:00:00+01:00;59419
2023-12-27 20:00:00+01:00;60419
2023-12-27 21:00:00+01:00;59939
2023-12-27 22:00:00+01:00;54379
2023-12-27 23:00:00+01:00;43387
2023-12-28 00:00:00+01:00;33204
2023-12-28 01:00:00+01:00;30463
2023-12-28 02:00:00+01:00;32377
2023-12-28 03:00:00+01:00;33348
2023-12-28 04:00:00+01:00;37438
2023-12-28 05:00:00+01:00;46336
2023-12-28 06:00:00+01:00;62868
2023-12-28 07:00:00+01:00;75867
2023-12-28 08:00:00+01:00;74681
2023-12-28 09:00:00+01:00;71039
2023-12-28 10:00:00+01:00;66345
2023-12-28 11:00:00+01:00;61864
2023-12-28 12:00:00+01:00;57984
2023-12-28 13:00:00+01:00;56303
2023-12-28 14:00:00+01:00;55207
2023-12-28 15:00:00+01:00;55174
2023-12-28 16:00:00+01:00;56263
2023-12-28 17:00:00+01:00;58799
2023-12-28 18:00:00+01:00;61359
2023-12-28 19:00:00+01:00;63339
2023-12-28 20:00:00+01:00;64208
2023-12-28 21:00:00+01:00;62502
2023-12-28 22:00:00+01:00;56920
2023-12-28 23:00:00+01:00;43963
2023-12-29 00:00:00+01:00;33863
2023-12-29 01:00:00+01:00;30973
2023-12-29 02:00:00+01:00;32677
2023-12-29 03:00:00+01:00;33638
2023-12-29 04:00:00+01:00;37590
2023-12-29 05:00:00+01:00;46558
2023-12-29 06:00:00+01:00;63427
2023-12-29 07:00:00+01:00;76765
2023-12-29 08:00:00+01:00;75661
2023-12-29 09:00:00+01:00;72749
2023-12-29 10:00:00+01:00;67418
2023-12-29 11:00:00+01:00;62619
2023-12-29 12:00:00+01:00;59061
2023-12-29 13:00:00+01:00;57049
2023-12-29 14:00:00+01:00;56298
2023-12-29 15:00:00+01:00;56369
2023-12-29 16:00:00+01:00;57293
2023-12-29 17:00:00+01:00;59615
2023-12-29 18:00:00+01:00;62099
2023-12-29 19:00:00+01:00;63210
2023-12-29 20:00:00+01:00;64148
2023-12-29 21:00:00+01:00;62585
2023-12-29 22:00:00+01:00;56976
2023-12-29 23:00:00+01:00;43762
2023-12-30 00:00:00+01:00;33901
2023-12-30 01:00:00+01:00;32413
2023-12-30 02:00:00+01:00;34166
2023-12-30 03:00:00+01:00;35163
2023-12-30 04:00:00+01:00;39198
2023-12-30 05:00:00+01:00;48250
2023-12-30 06:00:00+01:00;65695
2023-12-30 07:00:00+01:00;79437
2023-12-30 08:00:00+01:00;78246
2023-12-30 09:00:00+01:00;75284
2023-12-30 10:00:00+01:00;69925
2023-12-30 11:00:00+01:00;65072
2023-12-30 12:00:00+01:00;61415
2023-12-30 13:00:00+01:00;59386
2023-12-30 14:00:00+01:00;58578
2023-12-30 15:00:00+01:00;58689
2023-12-30 16:00:00+01:00;59652
2023-12-30 17:00:00+01:00;62051
2023-12-30 18:00:00+01:00;64534
2023-12-30 19:00:00+01:00;65608
2023-12-30 20:00:00+01:00;66476
2023-12-30 21:00:00+01:00;64829
2023-12-30 22:00:00+01:00;59041
2023-12-30 23:00:00+01:00;45444
2023-12-31 00:00:00+01:00;35380
2023-12-31 01:00:00+01:00;32137
2023-12-31 02:00:00+01:00;33933
2023-12-31 03:00:00+01:00;34870
2023-12-31 04:00:00+01:00;38978
2023-12-31 05:00:00+01:00;48133
2023-12-31 06:00:00+01:00;65094
2023-12-31 07:00:00+01:00;78535
2023-12-31 08:00:00+01:00;77403
2023-12-31 09:00:00+01:00;74780
2023-12-31 10:00:00+01:00;69261
2023-12-31 11:00:00+01:00;64418
2023-12-31 12:00:00+01:00;60853
2023-12-31 13:00:00+01:00;58887
2023-12-31 14:00:00+01:00;58170
2023-12-31 15:00:00+01:00;58387
2023-12-31 16:00:00+01:00;59371
2023-12-31 17:00:00+01:00;61795
2023-12-31 18:00:00+01:00;64394
2023-12-31 19:00:00+01:00;65389
2023-12-31 20:00:00+01:00;66128
2023-12-31 21:00:00+01:00;64480
2023-12-31 22:00:00+01:00;58560
2023-12-31 23:00:00+01:00;44971
;
;
